case_id,pdf_url,model,feature,predicted,evidence,latency_ms,error
21-70493-2022-09-14,https://cdn.ca9.uscourts.gov/datastore/opinions/2022/09/14/21-70493.pdf,meta/llama-3.3-70b-instruct,asylum_requested,False,Not mentioned in the opinion.,512311,
21-70493-2022-09-14,https://cdn.ca9.uscourts.gov/datastore/opinions/2022/09/14/21-70493.pdf,meta/llama-3.3-70b-instruct,withholding_requested,False,Not mentioned in the opinion.,512311,
21-70493-2022-09-14,https://cdn.ca9.uscourts.gov/datastore/opinions/2022/09/14/21-70493.pdf,meta/llama-3.3-70b-instruct,CAT_requested,False,Not mentioned in the opinion.,512311,
21-70493-2022-09-14,https://cdn.ca9.uscourts.gov/datastore/opinions/2022/09/14/21-70493.pdf,meta/llama-3.3-70b-instruct,protected_ground_political_opinion,False,Not mentioned in the opinion.,512311,
21-70493-2022-09-14,https://cdn.ca9.uscourts.gov/datastore/opinions/2022/09/14/21-70493.pdf,meta/llama-3.3-70b-instruct,protected_ground_particular_social_group,False,Not mentioned in the opinion.,512311,
21-70493-2022-09-14,https://cdn.ca9.uscourts.gov/datastore/opinions/2022/09/14/21-70493.pdf,meta/llama-3.3-70b-instruct,past_persecution_physical_violence,False,Not mentioned in the opinion.,512311,
21-70493-2022-09-14,https://cdn.ca9.uscourts.gov/datastore/opinions/2022/09/14/21-70493.pdf,meta/llama-3.3-70b-instruct,past_persecution_death_threats,False,Not mentioned in the opinion.,512311,
21-70493-2022-09-14,https://cdn.ca9.uscourts.gov/datastore/opinions/2022/09/14/21-70493.pdf,meta/llama-3.3-70b-instruct,persecutor_nongovernmental_actor,False,Not mentioned in the opinion.,512311,
21-70493-2022-09-14,https://cdn.ca9.uscourts.gov/datastore/opinions/2022/09/14/21-70493.pdf,meta/llama-3.3-70b-instruct,credibility_finding,False,Not mentioned in the opinion.,512311,
21-70493-2022-09-14,https://cdn.ca9.uscourts.gov/datastore/opinions/2022/09/14/21-70493.pdf,meta/llama-3.3-70b-instruct,bars_one_year_deadline_missed,False,Not mentioned in the opinion.,512311,
21-70493-2022-09-14,https://cdn.ca9.uscourts.gov/datastore/opinions/2022/09/14/21-70493.pdf,meta/llama-3.3-70b-instruct,nexus_requirement_met,False,Not mentioned in the opinion.,512311,
21-70493-2022-09-14,https://cdn.ca9.uscourts.gov/datastore/opinions/2022/09/14/21-70493.pdf,mistralai/mistral-large-3-675b-instruct-2512,asylum_requested,True,Hernandez conceded removability and sought cancellation of removal under 8 U.S.C. § 1229b(a) (LPR cancellation) and asylum.,3644,
21-70493-2022-09-14,https://cdn.ca9.uscourts.gov/datastore/opinions/2022/09/14/21-70493.pdf,mistralai/mistral-large-3-675b-instruct-2512,withholding_requested,False,Not mentioned in the opinion.,3644,
21-70493-2022-09-14,https://cdn.ca9.uscourts.gov/datastore/opinions/2022/09/14/21-70493.pdf,mistralai/mistral-large-3-675b-instruct-2512,CAT_requested,False,Not mentioned in the opinion.,3644,
21-70493-2022-09-14,https://cdn.ca9.uscourts.gov/datastore/opinions/2022/09/14/21-70493.pdf,mistralai/mistral-large-3-675b-instruct-2512,protected_ground_political_opinion,False,Not mentioned in the opinion.,3644,
21-70493-2022-09-14,https://cdn.ca9.uscourts.gov/datastore/opinions/2022/09/14/21-70493.pdf,mistralai/mistral-large-3-675b-instruct-2512,protected_ground_particular_social_group,False,Not mentioned in the opinion.,3644,
21-70493-2022-09-14,https://cdn.ca9.uscourts.gov/datastore/opinions/2022/09/14/21-70493.pdf,mistralai/mistral-large-3-675b-instruct-2512,past_persecution_physical_violence,False,Not mentioned in the opinion.,3644,
21-70493-2022-09-14,https://cdn.ca9.uscourts.gov/datastore/opinions/2022/09/14/21-70493.pdf,mistralai/mistral-large-3-675b-instruct-2512,past_persecution_death_threats,False,Not mentioned in the opinion.,3644,
21-70493-2022-09-14,https://cdn.ca9.uscourts.gov/datastore/opinions/2022/09/14/21-70493.pdf,mistralai/mistral-large-3-675b-instruct-2512,persecutor_nongovernmental_actor,False,Not mentioned in the opinion.,3644,
21-70493-2022-09-14,https://cdn.ca9.uscourts.gov/datastore/opinions/2022/09/14/21-70493.pdf,mistralai/mistral-large-3-675b-instruct-2512,credibility_finding,False,Not mentioned in the opinion.,3644,
21-70493-2022-09-14,https://cdn.ca9.uscourts.gov/datastore/opinions/2022/09/14/21-70493.pdf,mistralai/mistral-large-3-675b-instruct-2512,bars_one_year_deadline_missed,False,Not mentioned in the opinion.,3644,
21-70493-2022-09-14,https://cdn.ca9.uscourts.gov/datastore/opinions/2022/09/14/21-70493.pdf,mistralai/mistral-large-3-675b-instruct-2512,nexus_requirement_met,False,Not mentioned in the opinion.,3644,
17-72197-2020-12-21,https://cdn.ca9.uscourts.gov/datastore/opinions/2020/12/21/17-72197.pdf,meta/llama-3.3-70b-instruct,asylum_requested,True,"Nguyen applied for asylum, withholding of removal, and relief pursuant to the Convention Against Torture (CAT).",151890,
17-72197-2020-12-21,https://cdn.ca9.uscourts.gov/datastore/opinions/2020/12/21/17-72197.pdf,meta/llama-3.3-70b-instruct,withholding_requested,True,"Nguyen applied for asylum, withholding of removal, and relief pursuant to the Convention Against Torture (CAT).",151890,
17-72197-2020-12-21,https://cdn.ca9.uscourts.gov/datastore/opinions/2020/12/21/17-72197.pdf,meta/llama-3.3-70b-instruct,CAT_requested,True,"Nguyen applied for asylum, withholding of removal, and relief pursuant to the Convention Against Torture (CAT).",151890,
17-72197-2020-12-21,https://cdn.ca9.uscourts.gov/datastore/opinions/2020/12/21/17-72197.pdf,meta/llama-3.3-70b-instruct,protected_ground_political_opinion,False,Not mentioned in the opinion.,151890,
17-72197-2020-12-21,https://cdn.ca9.uscourts.gov/datastore/opinions/2020/12/21/17-72197.pdf,meta/llama-3.3-70b-instruct,protected_ground_particular_social_group,True,"Nguyen insisted that he feared returning to Vietnam because he is a member of two proposed particular social groups, including ""known drug users"".",151890,
17-72197-2020-12-21,https://cdn.ca9.uscourts.gov/datastore/opinions/2020/12/21/17-72197.pdf,meta/llama-3.3-70b-instruct,past_persecution_physical_violence,False,Not mentioned in the opinion.,151890,
17-72197-2020-12-21,https://cdn.ca9.uscourts.gov/datastore/opinions/2020/12/21/17-72197.pdf,meta/llama-3.3-70b-instruct,past_persecution_death_threats,False,Not mentioned in the opinion.,151890,
17-72197-2020-12-21,https://cdn.ca9.uscourts.gov/datastore/opinions/2020/12/21/17-72197.pdf,meta/llama-3.3-70b-instruct,persecutor_nongovernmental_actor,False,Not mentioned in the opinion.,151890,
17-72197-2020-12-21,https://cdn.ca9.uscourts.gov/datastore/opinions/2020/12/21/17-72197.pdf,meta/llama-3.3-70b-instruct,credibility_finding,False,Not mentioned in the opinion.,151890,
17-72197-2020-12-21,https://cdn.ca9.uscourts.gov/datastore/opinions/2020/12/21/17-72197.pdf,meta/llama-3.3-70b-instruct,bars_one_year_deadline_missed,False,Not mentioned in the opinion.,151890,
17-72197-2020-12-21,https://cdn.ca9.uscourts.gov/datastore/opinions/2020/12/21/17-72197.pdf,meta/llama-3.3-70b-instruct,nexus_requirement_met,False,Not mentioned in the opinion.,151890,
17-72197-2020-12-21,https://cdn.ca9.uscourts.gov/datastore/opinions/2020/12/21/17-72197.pdf,mistralai/mistral-large-3-675b-instruct-2512,asylum_requested,True,"Nguyen applied for cancellation of removal for certain permanent residents, pursuant to 8 U.S.C. § 1229b(a), as well as asylum, withholding of removal, and relief pursuant to the Convention Against Torture (CAT).",4989,
17-72197-2020-12-21,https://cdn.ca9.uscourts.gov/datastore/opinions/2020/12/21/17-72197.pdf,mistralai/mistral-large-3-675b-instruct-2512,withholding_requested,True,"Nguyen applied for cancellation of removal for certain permanent residents, pursuant to 8 U.S.C. § 1229b(a), as well as asylum, withholding of removal, and relief pursuant to the Convention Against Torture (CAT).",4989,
17-72197-2020-12-21,https://cdn.ca9.uscourts.gov/datastore/opinions/2020/12/21/17-72197.pdf,mistralai/mistral-large-3-675b-instruct-2512,CAT_requested,True,"Nguyen applied for cancellation of removal for certain permanent residents, pursuant to 8 U.S.C. § 1229b(a), as well as asylum, withholding of removal, and relief pursuant to the Convention Against Torture (CAT).",4989,
17-72197-2020-12-21,https://cdn.ca9.uscourts.gov/datastore/opinions/2020/12/21/17-72197.pdf,mistralai/mistral-large-3-675b-instruct-2512,protected_ground_political_opinion,False,Not mentioned in the opinion.,4989,
17-72197-2020-12-21,https://cdn.ca9.uscourts.gov/datastore/opinions/2020/12/21/17-72197.pdf,mistralai/mistral-large-3-675b-instruct-2512,protected_ground_particular_social_group,True,"Nguyen insisted that he feared returning to Vietnam because he is a Buddhist and a member of two proposed particular social groups. The first proposed group is comprised of 'relatives of soldiers that directly opposed the communist government,' and the second is comprised of 'known drug users.'",4989,
17-72197-2020-12-21,https://cdn.ca9.uscourts.gov/datastore/opinions/2020/12/21/17-72197.pdf,mistralai/mistral-large-3-675b-instruct-2512,past_persecution_physical_violence,False,Not mentioned in the opinion.,4989,
17-72197-2020-12-21,https://cdn.ca9.uscourts.gov/datastore/opinions/2020/12/21/17-72197.pdf,mistralai/mistral-large-3-675b-instruct-2512,past_persecution_death_threats,False,Not mentioned in the opinion.,4989,
17-72197-2020-12-21,https://cdn.ca9.uscourts.gov/datastore/opinions/2020/12/21/17-72197.pdf,mistralai/mistral-large-3-675b-instruct-2512,persecutor_nongovernmental_actor,False,Not mentioned in the opinion.,4989,
17-72197-2020-12-21,https://cdn.ca9.uscourts.gov/datastore/opinions/2020/12/21/17-72197.pdf,mistralai/mistral-large-3-675b-instruct-2512,credibility_finding,False,Not mentioned in the opinion.,4989,
17-72197-2020-12-21,https://cdn.ca9.uscourts.gov/datastore/opinions/2020/12/21/17-72197.pdf,mistralai/mistral-large-3-675b-instruct-2512,bars_one_year_deadline_missed,False,Not mentioned in the opinion.,4989,
17-72197-2020-12-21,https://cdn.ca9.uscourts.gov/datastore/opinions/2020/12/21/17-72197.pdf,mistralai/mistral-large-3-675b-instruct-2512,nexus_requirement_met,False,Not mentioned in the opinion.,4989,
23-3858-2025-04-23,https://cdn.ca9.uscourts.gov/datastore/opinions/2025/04/23/23-3858.pdf,meta/llama-3.3-70b-instruct,asylum_requested,True,"Oscar applied for asylum, withholding of removal, and relief under the CAT.",579559,
23-3858-2025-04-23,https://cdn.ca9.uscourts.gov/datastore/opinions/2025/04/23/23-3858.pdf,meta/llama-3.3-70b-instruct,withholding_requested,True,"Oscar applied for asylum, withholding of removal, and relief under the CAT.",579559,
23-3858-2025-04-23,https://cdn.ca9.uscourts.gov/datastore/opinions/2025/04/23/23-3858.pdf,meta/llama-3.3-70b-instruct,CAT_requested,True,"Oscar applied for asylum, withholding of removal, and relief under the CAT.",579559,
23-3858-2025-04-23,https://cdn.ca9.uscourts.gov/datastore/opinions/2025/04/23/23-3858.pdf,meta/llama-3.3-70b-instruct,protected_ground_political_opinion,True,"According to Oscar, the PHTK members asked Oscar to join them, because his support might be influential in his community given his popularity.",579559,
23-3858-2025-04-23,https://cdn.ca9.uscourts.gov/datastore/opinions/2025/04/23/23-3858.pdf,meta/llama-3.3-70b-instruct,protected_ground_particular_social_group,False,Not mentioned in the opinion.,579559,
23-3858-2025-04-23,https://cdn.ca9.uscourts.gov/datastore/opinions/2025/04/23/23-3858.pdf,meta/llama-3.3-70b-instruct,past_persecution_physical_violence,True,"The men punched and kicked Oscar, pushed his then-girlfriend (now-wife) Fabienne Lorjuste, and left only when they heard the sound of a gunshot nearby, threatening to come back 'for real.'",579559,
23-3858-2025-04-23,https://cdn.ca9.uscourts.gov/datastore/opinions/2025/04/23/23-3858.pdf,meta/llama-3.3-70b-instruct,past_persecution_death_threats,True,The men... threatening to come back 'for real.',579559,
23-3858-2025-04-23,https://cdn.ca9.uscourts.gov/datastore/opinions/2025/04/23/23-3858.pdf,meta/llama-3.3-70b-instruct,persecutor_nongovernmental_actor,True,The PHTK is a violent gang.,579559,
23-3858-2025-04-23,https://cdn.ca9.uscourts.gov/datastore/opinions/2025/04/23/23-3858.pdf,meta/llama-3.3-70b-instruct,credibility_finding,True,The IJ found Oscar to be not credible.,579559,
23-3858-2025-04-23,https://cdn.ca9.uscourts.gov/datastore/opinions/2025/04/23/23-3858.pdf,meta/llama-3.3-70b-instruct,bars_one_year_deadline_missed,False,Not mentioned in the opinion.,579559,
23-3858-2025-04-23,https://cdn.ca9.uscourts.gov/datastore/opinions/2025/04/23/23-3858.pdf,meta/llama-3.3-70b-instruct,nexus_requirement_met,False,Not mentioned in the opinion.,579559,
23-3858-2025-04-23,https://cdn.ca9.uscourts.gov/datastore/opinions/2025/04/23/23-3858.pdf,mistralai/mistral-large-3-675b-instruct-2512,asylum_requested,True,"Oscar applied for asylum, withholding of removal, and relief under the CAT.",5687,
23-3858-2025-04-23,https://cdn.ca9.uscourts.gov/datastore/opinions/2025/04/23/23-3858.pdf,mistralai/mistral-large-3-675b-instruct-2512,withholding_requested,True,"Oscar applied for asylum, withholding of removal, and relief under the Convention Against Torture (CAT).",5687,
23-3858-2025-04-23,https://cdn.ca9.uscourts.gov/datastore/opinions/2025/04/23/23-3858.pdf,mistralai/mistral-large-3-675b-instruct-2512,CAT_requested,True,"Oscar applied for asylum, withholding of removal, and relief under the Convention Against Torture (CAT).",5687,
23-3858-2025-04-23,https://cdn.ca9.uscourts.gov/datastore/opinions/2025/04/23/23-3858.pdf,mistralai/mistral-large-3-675b-instruct-2512,protected_ground_political_opinion,True,"According to Oscar, [the PHTK] is also a violent gang. In 2014, while Oscar still lived in Haiti, PHTK members asked Oscar to join them, because his support might be influential in his community given his popularity. Oscar refused.",5687,
23-3858-2025-04-23,https://cdn.ca9.uscourts.gov/datastore/opinions/2025/04/23/23-3858.pdf,mistralai/mistral-large-3-675b-instruct-2512,protected_ground_particular_social_group,False,Not mentioned in the opinion.,5687,
23-3858-2025-04-23,https://cdn.ca9.uscourts.gov/datastore/opinions/2025/04/23/23-3858.pdf,mistralai/mistral-large-3-675b-instruct-2512,past_persecution_physical_violence,True,"The men punched and kicked Oscar, pushed his then-girlfriend (now-wife) Fabienne Lorjuste, and left only when they heard the sound of a gunshot nearby, threatening to come back 'for real.' Oscar testified that he was 'not really injured,' and suffered only scratches.",5687,
23-3858-2025-04-23,https://cdn.ca9.uscourts.gov/datastore/opinions/2025/04/23/23-3858.pdf,mistralai/mistral-large-3-675b-instruct-2512,past_persecution_death_threats,False,Not mentioned in the opinion.,5687,
23-3858-2025-04-23,https://cdn.ca9.uscourts.gov/datastore/opinions/2025/04/23/23-3858.pdf,mistralai/mistral-large-3-675b-instruct-2512,persecutor_nongovernmental_actor,True,"The men punched and kicked Oscar... Oscar testified that he knew the men belonged to the PHTK, because they 'identify themselves as members of PHTK.'",5687,
23-3858-2025-04-23,https://cdn.ca9.uscourts.gov/datastore/opinions/2025/04/23/23-3858.pdf,mistralai/mistral-large-3-675b-instruct-2512,credibility_finding,True,"As discussed in the concurrently filed memorandum disposition, the IJ found Oscar to be not credible.",5687,
23-3858-2025-04-23,https://cdn.ca9.uscourts.gov/datastore/opinions/2025/04/23/23-3858.pdf,mistralai/mistral-large-3-675b-instruct-2512,bars_one_year_deadline_missed,False,Not mentioned in the opinion.,5687,
23-3858-2025-04-23,https://cdn.ca9.uscourts.gov/datastore/opinions/2025/04/23/23-3858.pdf,mistralai/mistral-large-3-675b-instruct-2512,nexus_requirement_met,False,Not mentioned in the opinion.,5687,
16-72752-2022-04-26,https://cdn.ca9.uscourts.gov/datastore/opinions/2022/04/26/16-72752.pdf,mistralai/mistral-large-3-675b-instruct-2512,asylum_requested,True,"On July 10, 2013, petitioner, now represented by a third attorney, filed a motion to reopen his 1997 removal proceedings so that he could file applications for asylum, withholding of removal, and protection under the Convention Against Torture (CAT).",7036,
16-72752-2022-04-26,https://cdn.ca9.uscourts.gov/datastore/opinions/2022/04/26/16-72752.pdf,mistralai/mistral-large-3-675b-instruct-2512,withholding_requested,True,"On July 10, 2013, petitioner, now represented by a third attorney, filed a motion to reopen his 1997 removal proceedings so that he could file applications for asylum, withholding of removal, and protection under the Convention Against Torture (CAT).",7036,
16-72752-2022-04-26,https://cdn.ca9.uscourts.gov/datastore/opinions/2022/04/26/16-72752.pdf,mistralai/mistral-large-3-675b-instruct-2512,CAT_requested,True,"On July 10, 2013, petitioner, now represented by a third attorney, filed a motion to reopen his 1997 removal proceedings so that he could file applications for asylum, withholding of removal, and protection under the Convention Against Torture (CAT).",7036,
16-72752-2022-04-26,https://cdn.ca9.uscourts.gov/datastore/opinions/2022/04/26/16-72752.pdf,mistralai/mistral-large-3-675b-instruct-2512,protected_ground_political_opinion,False,Not mentioned in the opinion.,7036,
16-72752-2022-04-26,https://cdn.ca9.uscourts.gov/datastore/opinions/2022/04/26/16-72752.pdf,mistralai/mistral-large-3-675b-instruct-2512,protected_ground_particular_social_group,True,"He argues that if he is returned to Mexico, he will be persecuted on account of his membership in a particular social group, see 8 U.S.C. §§ 1101(a)(42)(A), 1231(b)(3), consisting of 'individuals who are associated with the police and law enforcement in Mexico and who are at war with criminal elements there.'",7036,
16-72752-2022-04-26,https://cdn.ca9.uscourts.gov/datastore/opinions/2022/04/26/16-72752.pdf,mistralai/mistral-large-3-675b-instruct-2512,past_persecution_physical_violence,False,Not mentioned in the opinion.,7036,
16-72752-2022-04-26,https://cdn.ca9.uscourts.gov/datastore/opinions/2022/04/26/16-72752.pdf,mistralai/mistral-large-3-675b-instruct-2512,past_persecution_death_threats,True,"Petitioner claims that during these ride-alongs, he witnessed law enforcement operations against cartel members and provided assistance to the police at his brother-in-law’s direction... members of drug cartels threatened and harassed him because he was involved in police activities with his brother-in-law.",7036,
16-72752-2022-04-26,https://cdn.ca9.uscourts.gov/datastore/opinions/2022/04/26/16-72752.pdf,mistralai/mistral-large-3-675b-instruct-2512,persecutor_nongovernmental_actor,True,Petitioner principally contended that he feared Mexican drug cartels would associate him with law enforcement and persecute him on that basis... members of drug cartels threatened and harassed him because he was involved in police activities with his brother-in-law.,7036,
16-72752-2022-04-26,https://cdn.ca9.uscourts.gov/datastore/opinions/2022/04/26/16-72752.pdf,mistralai/mistral-large-3-675b-instruct-2512,credibility_finding,False,Not mentioned in the opinion.,7036,
16-72752-2022-04-26,https://cdn.ca9.uscourts.gov/datastore/opinions/2022/04/26/16-72752.pdf,mistralai/mistral-large-3-675b-instruct-2512,bars_one_year_deadline_missed,True,"Petitioner’s motion to reopen was untimely by over sixteen years... He argues, however, that two exceptions to the 90-day deadline excuse the delay.",7036,
16-72752-2022-04-26,https://cdn.ca9.uscourts.gov/datastore/opinions/2022/04/26/16-72752.pdf,mistralai/mistral-large-3-675b-instruct-2512,nexus_requirement_met,False,Not mentioned in the opinion.,7036,
20-72806-2023-01-12,https://cdn.ca9.uscourts.gov/datastore/opinions/2023/01/12/20-72806.pdf,mistralai/mistral-large-3-675b-instruct-2512,asylum_requested,True,"Singh then filed the relevant application for asylum, withholding of removal, and protection under CAT.",6466,
20-72806-2023-01-12,https://cdn.ca9.uscourts.gov/datastore/opinions/2023/01/12/20-72806.pdf,mistralai/mistral-large-3-675b-instruct-2512,withholding_requested,True,"Singh then filed the relevant application for asylum, withholding of removal, and protection under CAT.",6466,
20-72806-2023-01-12,https://cdn.ca9.uscourts.gov/datastore/opinions/2023/01/12/20-72806.pdf,mistralai/mistral-large-3-675b-instruct-2512,CAT_requested,True,"Singh then filed the relevant application for asylum, withholding of removal, and protection under CAT.",6466,
20-72806-2023-01-12,https://cdn.ca9.uscourts.gov/datastore/opinions/2023/01/12/20-72806.pdf,mistralai/mistral-large-3-675b-instruct-2512,protected_ground_political_opinion,True,"Singh asserts that he suffered past persecution and has a well-founded fear of future persecution due to his familial association with his brother, who is a member of the Shiromani Akali Dal Party (Mann Party), and his own affiliation with that Party.",6466,
20-72806-2023-01-12,https://cdn.ca9.uscourts.gov/datastore/opinions/2023/01/12/20-72806.pdf,mistralai/mistral-large-3-675b-instruct-2512,protected_ground_particular_social_group,False,Not mentioned in the opinion.,6466,
20-72806-2023-01-12,https://cdn.ca9.uscourts.gov/datastore/opinions/2023/01/12/20-72806.pdf,mistralai/mistral-large-3-675b-instruct-2512,past_persecution_physical_violence,True,"The men then slapped Singh on his face, hit his stomach, threw him to the ground, and started kicking his stomach. [...] The men beat Singh with hockey sticks all over his back and arms.",6466,
20-72806-2023-01-12,https://cdn.ca9.uscourts.gov/datastore/opinions/2023/01/12/20-72806.pdf,mistralai/mistral-large-3-675b-instruct-2512,past_persecution_death_threats,True,They told Singh that they were going to kill him.,6466,
20-72806-2023-01-12,https://cdn.ca9.uscourts.gov/datastore/opinions/2023/01/12/20-72806.pdf,mistralai/mistral-large-3-675b-instruct-2512,persecutor_nongovernmental_actor,True,"The BIA also found significant the fact that Singh’s father continues to live in India without any interactions with the unknown assailants, and that Singh was able to freely depart the country using his passport. [...] The BIA also rejected Singh’s reliance on country reports that mention mass corruption and bribes in India with regard to police officers. It determined that these reports were indicative only of a generalized fear rather than an individual fear of persecution.",6466,
20-72806-2023-01-12,https://cdn.ca9.uscourts.gov/datastore/opinions/2023/01/12/20-72806.pdf,mistralai/mistral-large-3-675b-instruct-2512,credibility_finding,True,"The IJ found Singh to be a credible witness. [...] The BIA did not question this credibility determination, and there is no indication that 'the BIA implicitly found the presumption of credibility rebutted.'",6466,
20-72806-2023-01-12,https://cdn.ca9.uscourts.gov/datastore/opinions/2023/01/12/20-72806.pdf,mistralai/mistral-large-3-675b-instruct-2512,bars_one_year_deadline_missed,False,Not mentioned in the opinion.,6466,
20-72806-2023-01-12,https://cdn.ca9.uscourts.gov/datastore/opinions/2023/01/12/20-72806.pdf,mistralai/mistral-large-3-675b-instruct-2512,nexus_requirement_met,False,"The panel clarified that the BIA had not resolved other issues relevant to past persecution, including whether the Indian government was unwilling or unable to control Singh’s attackers, and whether the persecution was on account of a statutorily protected ground.",6466,
19-70961-2023-08-15,https://cdn.ca9.uscourts.gov/datastore/opinions/2023/08/15/19-70961.pdf,meta/llama-3.3-70b-instruct,asylum_requested,False,Not mentioned in the opinion.,582585,
19-70961-2023-08-15,https://cdn.ca9.uscourts.gov/datastore/opinions/2023/08/15/19-70961.pdf,meta/llama-3.3-70b-instruct,withholding_requested,True,"The panel denied a petition for panel rehearing and a sua sponte request for rehearing en banc in a case in which the panel... held that the Board of Immigration Appeals legally erred by failing to conduct cumulative-effect review in assessing petitioner’s evidence of past persecution, and remanded for the BIA to reassess the evidence under the correct legal framework.",582585,
19-70961-2023-08-15,https://cdn.ca9.uscourts.gov/datastore/opinions/2023/08/15/19-70961.pdf,meta/llama-3.3-70b-instruct,CAT_requested,False,Not mentioned in the opinion.,582585,
19-70961-2023-08-15,https://cdn.ca9.uscourts.gov/datastore/opinions/2023/08/15/19-70961.pdf,meta/llama-3.3-70b-instruct,protected_ground_political_opinion,False,Not mentioned in the opinion.,582585,
19-70961-2023-08-15,https://cdn.ca9.uscourts.gov/datastore/opinions/2023/08/15/19-70961.pdf,meta/llama-3.3-70b-instruct,protected_ground_particular_social_group,False,Not mentioned in the opinion.,582585,
19-70961-2023-08-15,https://cdn.ca9.uscourts.gov/datastore/opinions/2023/08/15/19-70961.pdf,meta/llama-3.3-70b-instruct,past_persecution_physical_violence,False,Not mentioned in the opinion.,582585,
19-70961-2023-08-15,https://cdn.ca9.uscourts.gov/datastore/opinions/2023/08/15/19-70961.pdf,meta/llama-3.3-70b-instruct,past_persecution_death_threats,False,Not mentioned in the opinion.,582585,
19-70961-2023-08-15,https://cdn.ca9.uscourts.gov/datastore/opinions/2023/08/15/19-70961.pdf,meta/llama-3.3-70b-instruct,persecutor_nongovernmental_actor,False,Not mentioned in the opinion.,582585,
19-70961-2023-08-15,https://cdn.ca9.uscourts.gov/datastore/opinions/2023/08/15/19-70961.pdf,meta/llama-3.3-70b-instruct,credibility_finding,False,Not mentioned in the opinion.,582585,
19-70961-2023-08-15,https://cdn.ca9.uscourts.gov/datastore/opinions/2023/08/15/19-70961.pdf,meta/llama-3.3-70b-instruct,bars_one_year_deadline_missed,False,Not mentioned in the opinion.,582585,
19-70961-2023-08-15,https://cdn.ca9.uscourts.gov/datastore/opinions/2023/08/15/19-70961.pdf,meta/llama-3.3-70b-instruct,nexus_requirement_met,False,Not mentioned in the opinion.,582585,
19-70961-2023-08-15,https://cdn.ca9.uscourts.gov/datastore/opinions/2023/08/15/19-70961.pdf,mistralai/mistral-large-3-675b-instruct-2512,asylum_requested,False,Not mentioned in the opinion.,3707,
19-70961-2023-08-15,https://cdn.ca9.uscourts.gov/datastore/opinions/2023/08/15/19-70961.pdf,mistralai/mistral-large-3-675b-instruct-2512,withholding_requested,False,Not mentioned in the opinion.,3707,
19-70961-2023-08-15,https://cdn.ca9.uscourts.gov/datastore/opinions/2023/08/15/19-70961.pdf,mistralai/mistral-large-3-675b-instruct-2512,CAT_requested,False,Not mentioned in the opinion.,3707,
19-70961-2023-08-15,https://cdn.ca9.uscourts.gov/datastore/opinions/2023/08/15/19-70961.pdf,mistralai/mistral-large-3-675b-instruct-2512,protected_ground_political_opinion,False,Not mentioned in the opinion.,3707,
19-70961-2023-08-15,https://cdn.ca9.uscourts.gov/datastore/opinions/2023/08/15/19-70961.pdf,mistralai/mistral-large-3-675b-instruct-2512,protected_ground_particular_social_group,False,Not mentioned in the opinion.,3707,
19-70961-2023-08-15,https://cdn.ca9.uscourts.gov/datastore/opinions/2023/08/15/19-70961.pdf,mistralai/mistral-large-3-675b-instruct-2512,past_persecution_physical_violence,False,Not mentioned in the opinion.,3707,
19-70961-2023-08-15,https://cdn.ca9.uscourts.gov/datastore/opinions/2023/08/15/19-70961.pdf,mistralai/mistral-large-3-675b-instruct-2512,past_persecution_death_threats,False,Not mentioned in the opinion.,3707,
19-70961-2023-08-15,https://cdn.ca9.uscourts.gov/datastore/opinions/2023/08/15/19-70961.pdf,mistralai/mistral-large-3-675b-instruct-2512,persecutor_nongovernmental_actor,False,Not mentioned in the opinion.,3707,
19-70961-2023-08-15,https://cdn.ca9.uscourts.gov/datastore/opinions/2023/08/15/19-70961.pdf,mistralai/mistral-large-3-675b-instruct-2512,credibility_finding,False,Not mentioned in the opinion.,3707,
19-70961-2023-08-15,https://cdn.ca9.uscourts.gov/datastore/opinions/2023/08/15/19-70961.pdf,mistralai/mistral-large-3-675b-instruct-2512,bars_one_year_deadline_missed,False,Not mentioned in the opinion.,3707,
19-70961-2023-08-15,https://cdn.ca9.uscourts.gov/datastore/opinions/2023/08/15/19-70961.pdf,mistralai/mistral-large-3-675b-instruct-2512,nexus_requirement_met,False,Not mentioned in the opinion.,3707,
15-71553-2021-12-14,https://cdn.ca9.uscourts.gov/datastore/opinions/2021/12/14/15-71553.pdf,meta/llama-3.3-70b-instruct,asylum_requested,True,"Alcaraz conceded inadmissibility, but applied for asylum, withholding of removal, and protection under CAT.",128927,
15-71553-2021-12-14,https://cdn.ca9.uscourts.gov/datastore/opinions/2021/12/14/15-71553.pdf,meta/llama-3.3-70b-instruct,withholding_requested,True,"Alcaraz conceded inadmissibility, but applied for asylum, withholding of removal, and protection under CAT.",128927,
15-71553-2021-12-14,https://cdn.ca9.uscourts.gov/datastore/opinions/2021/12/14/15-71553.pdf,meta/llama-3.3-70b-instruct,CAT_requested,True,"Alcaraz conceded inadmissibility, but applied for asylum, withholding of removal, and protection under CAT.",128927,
15-71553-2021-12-14,https://cdn.ca9.uscourts.gov/datastore/opinions/2021/12/14/15-71553.pdf,meta/llama-3.3-70b-instruct,protected_ground_political_opinion,False,Not mentioned in the opinion.,128927,
15-71553-2021-12-14,https://cdn.ca9.uscourts.gov/datastore/opinions/2021/12/14/15-71553.pdf,meta/llama-3.3-70b-instruct,protected_ground_particular_social_group,False,Not mentioned in the opinion.,128927,
15-71553-2021-12-14,https://cdn.ca9.uscourts.gov/datastore/opinions/2021/12/14/15-71553.pdf,meta/llama-3.3-70b-instruct,past_persecution_physical_violence,True,"Alcaraz claims that five policemen beat him ""all over"" with ""[t]heir clubs"" for ""about eight hours"" before taking him to jail.",128927,
15-71553-2021-12-14,https://cdn.ca9.uscourts.gov/datastore/opinions/2021/12/14/15-71553.pdf,meta/llama-3.3-70b-instruct,past_persecution_death_threats,False,Not mentioned in the opinion.,128927,
15-71553-2021-12-14,https://cdn.ca9.uscourts.gov/datastore/opinions/2021/12/14/15-71553.pdf,meta/llama-3.3-70b-instruct,persecutor_nongovernmental_actor,False,Not mentioned in the opinion.,128927,
15-71553-2021-12-14,https://cdn.ca9.uscourts.gov/datastore/opinions/2021/12/14/15-71553.pdf,meta/llama-3.3-70b-instruct,credibility_finding,False,The IJ did not make an adverse credibility determination.,128927,
15-71553-2021-12-14,https://cdn.ca9.uscourts.gov/datastore/opinions/2021/12/14/15-71553.pdf,meta/llama-3.3-70b-instruct,bars_one_year_deadline_missed,False,Not mentioned in the opinion.,128927,
15-71553-2021-12-14,https://cdn.ca9.uscourts.gov/datastore/opinions/2021/12/14/15-71553.pdf,meta/llama-3.3-70b-instruct,nexus_requirement_met,False,Not mentioned in the opinion.,128927,
15-71553-2021-12-14,https://cdn.ca9.uscourts.gov/datastore/opinions/2021/12/14/15-71553.pdf,mistralai/mistral-large-3-675b-instruct-2512,asylum_requested,False,Not mentioned in the opinion.,5987,
15-71553-2021-12-14,https://cdn.ca9.uscourts.gov/datastore/opinions/2021/12/14/15-71553.pdf,mistralai/mistral-large-3-675b-instruct-2512,withholding_requested,True,"Alcaraz conceded inadmissibility, but applied for asylum, withholding of removal, and protection under CAT.",5987,
15-71553-2021-12-14,https://cdn.ca9.uscourts.gov/datastore/opinions/2021/12/14/15-71553.pdf,mistralai/mistral-large-3-675b-instruct-2512,CAT_requested,True,"Alcaraz conceded inadmissibility, but applied for asylum, withholding of removal, and protection under CAT.",5987,
15-71553-2021-12-14,https://cdn.ca9.uscourts.gov/datastore/opinions/2021/12/14/15-71553.pdf,mistralai/mistral-large-3-675b-instruct-2512,protected_ground_political_opinion,False,Not mentioned in the opinion.,5987,
15-71553-2021-12-14,https://cdn.ca9.uscourts.gov/datastore/opinions/2021/12/14/15-71553.pdf,mistralai/mistral-large-3-675b-instruct-2512,protected_ground_particular_social_group,False,Not mentioned in the opinion.,5987,
15-71553-2021-12-14,https://cdn.ca9.uscourts.gov/datastore/opinions/2021/12/14/15-71553.pdf,mistralai/mistral-large-3-675b-instruct-2512,past_persecution_physical_violence,True,Alcaraz claims that five policemen beat him 'all over' with '[t]heir clubs' for 'about eight hours' before taking him to jail.,5987,
15-71553-2021-12-14,https://cdn.ca9.uscourts.gov/datastore/opinions/2021/12/14/15-71553.pdf,mistralai/mistral-large-3-675b-instruct-2512,past_persecution_death_threats,False,Not mentioned in the opinion.,5987,
15-71553-2021-12-14,https://cdn.ca9.uscourts.gov/datastore/opinions/2021/12/14/15-71553.pdf,mistralai/mistral-large-3-675b-instruct-2512,persecutor_nongovernmental_actor,False,"The record describes persecution by Mexican police, which are governmental actors.",5987,
15-71553-2021-12-14,https://cdn.ca9.uscourts.gov/datastore/opinions/2021/12/14/15-71553.pdf,mistralai/mistral-large-3-675b-instruct-2512,credibility_finding,False,The IJ did not make an adverse credibility determination.,5987,
15-71553-2021-12-14,https://cdn.ca9.uscourts.gov/datastore/opinions/2021/12/14/15-71553.pdf,mistralai/mistral-large-3-675b-instruct-2512,bars_one_year_deadline_missed,False,Not mentioned in the opinion.,5987,
15-71553-2021-12-14,https://cdn.ca9.uscourts.gov/datastore/opinions/2021/12/14/15-71553.pdf,mistralai/mistral-large-3-675b-instruct-2512,nexus_requirement_met,False,Not mentioned in the opinion.,5987,
23-4420-2026-01-20,https://cdn.ca9.uscourts.gov/datastore/opinions/2026/01/20/23-4420.pdf,mistralai/mistral-large-3-675b-instruct-2512,asylum_requested,True,Petitioner credibly testified that she suffered repeated beatings at the hands of her partner who was a gang member. [...] The panel therefore granted the petition for review as to asylum and withholding and remanded for further proceedings.,5563,
23-4420-2026-01-20,https://cdn.ca9.uscourts.gov/datastore/opinions/2026/01/20/23-4420.pdf,mistralai/mistral-large-3-675b-instruct-2512,withholding_requested,True,The panel therefore granted the petition for review as to asylum and withholding and remanded for further proceedings.,5563,
23-4420-2026-01-20,https://cdn.ca9.uscourts.gov/datastore/opinions/2026/01/20/23-4420.pdf,mistralai/mistral-large-3-675b-instruct-2512,CAT_requested,True,"Petitioners did not challenge the IJ’s denial of their CAT claim, so the BIA appropriately deemed it waived. Accordingly, we do not address Petitioners’ CAT claim because it is unexhausted.",5563,
23-4420-2026-01-20,https://cdn.ca9.uscourts.gov/datastore/opinions/2026/01/20/23-4420.pdf,mistralai/mistral-large-3-675b-instruct-2512,protected_ground_political_opinion,False,Not mentioned in the opinion.,5563,
23-4420-2026-01-20,https://cdn.ca9.uscourts.gov/datastore/opinions/2026/01/20/23-4420.pdf,mistralai/mistral-large-3-675b-instruct-2512,protected_ground_particular_social_group,False,Not mentioned in the opinion.,5563,
23-4420-2026-01-20,https://cdn.ca9.uscourts.gov/datastore/opinions/2026/01/20/23-4420.pdf,mistralai/mistral-large-3-675b-instruct-2512,past_persecution_physical_violence,True,"Petitioner credibly testified that she suffered repeated beatings at the hands of her partner, Oscar, who was a gang member. During a particularly intense beating when Oscar was intoxicated, he stabbed Petitioner in the stomach.",5563,
23-4420-2026-01-20,https://cdn.ca9.uscourts.gov/datastore/opinions/2026/01/20/23-4420.pdf,mistralai/mistral-large-3-675b-instruct-2512,past_persecution_death_threats,True,Petitioner testified further that [...] he threatened to kill her if she tried to file a police report.,5563,
23-4420-2026-01-20,https://cdn.ca9.uscourts.gov/datastore/opinions/2026/01/20/23-4420.pdf,mistralai/mistral-large-3-675b-instruct-2512,persecutor_nongovernmental_actor,True,"Petitioner credibly testified that she suffered repeated beatings at the hands of her partner, Oscar, who was a gang member.",5563,
23-4420-2026-01-20,https://cdn.ca9.uscourts.gov/datastore/opinions/2026/01/20/23-4420.pdf,mistralai/mistral-large-3-675b-instruct-2512,credibility_finding,True,"Petitioner credibly testified that she suffered repeated beatings at the hands of her partner, Oscar, who was a gang member.",5563,
23-4420-2026-01-20,https://cdn.ca9.uscourts.gov/datastore/opinions/2026/01/20/23-4420.pdf,mistralai/mistral-large-3-675b-instruct-2512,bars_one_year_deadline_missed,False,Not mentioned in the opinion.,5563,
23-4420-2026-01-20,https://cdn.ca9.uscourts.gov/datastore/opinions/2026/01/20/23-4420.pdf,mistralai/mistral-large-3-675b-instruct-2512,nexus_requirement_met,False,The IJ concluded that Guevara-Serrano’s religion was neither 'one central reason' nor 'a reason' for Oscar’s persecution of her. I interpret the BIA as having incorporated those conclusions into its decision.,5563,
24-631-2025-08-27,https://cdn.ca9.uscourts.gov/datastore/opinions/2025/08/27/24-631.pdf,mistralai/mistral-large-3-675b-instruct-2512,asylum_requested,True,"Ibarra-Perez filled out a pro se application for asylum, withholding of removal, and protection under the Convention Against Torture (“CAT”) on a Form I-589.",5981,
24-631-2025-08-27,https://cdn.ca9.uscourts.gov/datastore/opinions/2025/08/27/24-631.pdf,mistralai/mistral-large-3-675b-instruct-2512,withholding_requested,True,"Ibarra-Perez filled out a pro se application for asylum, withholding of removal, and protection under the Convention Against Torture (“CAT”) on a Form I-589.",5981,
24-631-2025-08-27,https://cdn.ca9.uscourts.gov/datastore/opinions/2025/08/27/24-631.pdf,mistralai/mistral-large-3-675b-instruct-2512,CAT_requested,True,"Ibarra-Perez filled out a pro se application for asylum, withholding of removal, and protection under the Convention Against Torture (“CAT”) on a Form I-589.",5981,
24-631-2025-08-27,https://cdn.ca9.uscourts.gov/datastore/opinions/2025/08/27/24-631.pdf,mistralai/mistral-large-3-675b-instruct-2512,protected_ground_political_opinion,True,The IJ found that Ibarra-Perez had suffered past persecution in Cuba on account of his political opinion and granted him withholding of removal to Cuba.,5981,
24-631-2025-08-27,https://cdn.ca9.uscourts.gov/datastore/opinions/2025/08/27/24-631.pdf,mistralai/mistral-large-3-675b-instruct-2512,protected_ground_particular_social_group,False,Not mentioned in the opinion.,5981,
24-631-2025-08-27,https://cdn.ca9.uscourts.gov/datastore/opinions/2025/08/27/24-631.pdf,mistralai/mistral-large-3-675b-instruct-2512,past_persecution_physical_violence,True,"Ibarra-Perez fled Cuba after two decades of beatings, surveillance, threats, and harassment because of his opposition to the Castro regime.",5981,
24-631-2025-08-27,https://cdn.ca9.uscourts.gov/datastore/opinions/2025/08/27/24-631.pdf,mistralai/mistral-large-3-675b-instruct-2512,past_persecution_death_threats,False,Not mentioned in the opinion.,5981,
24-631-2025-08-27,https://cdn.ca9.uscourts.gov/datastore/opinions/2025/08/27/24-631.pdf,mistralai/mistral-large-3-675b-instruct-2512,persecutor_nongovernmental_actor,False,Not mentioned in the opinion.,5981,
24-631-2025-08-27,https://cdn.ca9.uscourts.gov/datastore/opinions/2025/08/27/24-631.pdf,mistralai/mistral-large-3-675b-instruct-2512,credibility_finding,False,Not mentioned in the opinion.,5981,
24-631-2025-08-27,https://cdn.ca9.uscourts.gov/datastore/opinions/2025/08/27/24-631.pdf,mistralai/mistral-large-3-675b-instruct-2512,bars_one_year_deadline_missed,False,Not mentioned in the opinion.,5981,
24-631-2025-08-27,https://cdn.ca9.uscourts.gov/datastore/opinions/2025/08/27/24-631.pdf,mistralai/mistral-large-3-675b-instruct-2512,nexus_requirement_met,True,The IJ found that Ibarra-Perez had suffered past persecution in Cuba on account of his political opinion and granted him withholding of removal to Cuba.,5981,
19-16487-2020-07-06,https://cdn.ca9.uscourts.gov/datastore/opinions/2020/07/06/19-16487.pdf,meta/llama-3.3-70b-instruct,asylum_requested,True,"The Rule creates a bar to asylum, in addition to the asylum bars that already exist in § 1158.",144176,
19-16487-2020-07-06,https://cdn.ca9.uscourts.gov/datastore/opinions/2020/07/06/19-16487.pdf,meta/llama-3.3-70b-instruct,withholding_requested,False,Not mentioned in the opinion.,144176,
19-16487-2020-07-06,https://cdn.ca9.uscourts.gov/datastore/opinions/2020/07/06/19-16487.pdf,meta/llama-3.3-70b-instruct,CAT_requested,False,Not mentioned in the opinion.,144176,
19-16487-2020-07-06,https://cdn.ca9.uscourts.gov/datastore/opinions/2020/07/06/19-16487.pdf,meta/llama-3.3-70b-instruct,protected_ground_political_opinion,True,"The 1951 Convention and the 1967 Protocol defined a 'refugee' as someone who is 'unable' or 'unwilling' to return to his or her country of origin due to a 'well-founded fear of being persecuted for reasons of race, religion, nationality, membership of a particular social group or political opinion.'",144176,
19-16487-2020-07-06,https://cdn.ca9.uscourts.gov/datastore/opinions/2020/07/06/19-16487.pdf,meta/llama-3.3-70b-instruct,protected_ground_particular_social_group,True,"The 1951 Convention and the 1967 Protocol defined a 'refugee' as someone who is 'unable' or 'unwilling' to return to his or her country of origin due to a 'well-founded fear of being persecuted for reasons of race, religion, nationality, membership of a particular social group or political opinion.'",144176,
19-16487-2020-07-06,https://cdn.ca9.uscourts.gov/datastore/opinions/2020/07/06/19-16487.pdf,meta/llama-3.3-70b-instruct,past_persecution_physical_violence,False,Not mentioned in the opinion.,144176,
19-16487-2020-07-06,https://cdn.ca9.uscourts.gov/datastore/opinions/2020/07/06/19-16487.pdf,meta/llama-3.3-70b-instruct,past_persecution_death_threats,False,Not mentioned in the opinion.,144176,
19-16487-2020-07-06,https://cdn.ca9.uscourts.gov/datastore/opinions/2020/07/06/19-16487.pdf,meta/llama-3.3-70b-instruct,persecutor_nongovernmental_actor,False,Not mentioned in the opinion.,144176,
19-16487-2020-07-06,https://cdn.ca9.uscourts.gov/datastore/opinions/2020/07/06/19-16487.pdf,meta/llama-3.3-70b-instruct,credibility_finding,False,Not mentioned in the opinion.,144176,
19-16487-2020-07-06,https://cdn.ca9.uscourts.gov/datastore/opinions/2020/07/06/19-16487.pdf,meta/llama-3.3-70b-instruct,bars_one_year_deadline_missed,False,Not mentioned in the opinion.,144176,
19-16487-2020-07-06,https://cdn.ca9.uscourts.gov/datastore/opinions/2020/07/06/19-16487.pdf,meta/llama-3.3-70b-instruct,nexus_requirement_met,False,Not mentioned in the opinion.,144176,
19-16487-2020-07-06,https://cdn.ca9.uscourts.gov/datastore/opinions/2020/07/06/19-16487.pdf,mistralai/mistral-large-3-675b-instruct-2512,asylum_requested,False,Not mentioned in the opinion.,4358,
19-16487-2020-07-06,https://cdn.ca9.uscourts.gov/datastore/opinions/2020/07/06/19-16487.pdf,mistralai/mistral-large-3-675b-instruct-2512,withholding_requested,False,Not mentioned in the opinion.,4358,
19-16487-2020-07-06,https://cdn.ca9.uscourts.gov/datastore/opinions/2020/07/06/19-16487.pdf,mistralai/mistral-large-3-675b-instruct-2512,CAT_requested,False,Not mentioned in the opinion.,4358,
19-16487-2020-07-06,https://cdn.ca9.uscourts.gov/datastore/opinions/2020/07/06/19-16487.pdf,mistralai/mistral-large-3-675b-instruct-2512,protected_ground_political_opinion,False,Not mentioned in the opinion.,4358,
19-16487-2020-07-06,https://cdn.ca9.uscourts.gov/datastore/opinions/2020/07/06/19-16487.pdf,mistralai/mistral-large-3-675b-instruct-2512,protected_ground_particular_social_group,False,Not mentioned in the opinion.,4358,
19-16487-2020-07-06,https://cdn.ca9.uscourts.gov/datastore/opinions/2020/07/06/19-16487.pdf,mistralai/mistral-large-3-675b-instruct-2512,past_persecution_physical_violence,False,Not mentioned in the opinion.,4358,
19-16487-2020-07-06,https://cdn.ca9.uscourts.gov/datastore/opinions/2020/07/06/19-16487.pdf,mistralai/mistral-large-3-675b-instruct-2512,past_persecution_death_threats,False,Not mentioned in the opinion.,4358,
19-16487-2020-07-06,https://cdn.ca9.uscourts.gov/datastore/opinions/2020/07/06/19-16487.pdf,mistralai/mistral-large-3-675b-instruct-2512,persecutor_nongovernmental_actor,False,Not mentioned in the opinion.,4358,
19-16487-2020-07-06,https://cdn.ca9.uscourts.gov/datastore/opinions/2020/07/06/19-16487.pdf,mistralai/mistral-large-3-675b-instruct-2512,credibility_finding,False,Not mentioned in the opinion.,4358,
19-16487-2020-07-06,https://cdn.ca9.uscourts.gov/datastore/opinions/2020/07/06/19-16487.pdf,mistralai/mistral-large-3-675b-instruct-2512,bars_one_year_deadline_missed,False,Not mentioned in the opinion.,4358,
19-16487-2020-07-06,https://cdn.ca9.uscourts.gov/datastore/opinions/2020/07/06/19-16487.pdf,mistralai/mistral-large-3-675b-instruct-2512,nexus_requirement_met,False,Not mentioned in the opinion.,4358,
25-2581-2025-07-18,https://cdn.ca9.uscourts.gov/datastore/opinions/2025/07/18/25-2581.pdf,meta/llama-3.3-70b-instruct,asylum_requested,False,Not mentioned in the opinion.,201567,
25-2581-2025-07-18,https://cdn.ca9.uscourts.gov/datastore/opinions/2025/07/18/25-2581.pdf,meta/llama-3.3-70b-instruct,withholding_requested,False,Not mentioned in the opinion.,201567,
25-2581-2025-07-18,https://cdn.ca9.uscourts.gov/datastore/opinions/2025/07/18/25-2581.pdf,meta/llama-3.3-70b-instruct,CAT_requested,False,Not mentioned in the opinion.,201567,
25-2581-2025-07-18,https://cdn.ca9.uscourts.gov/datastore/opinions/2025/07/18/25-2581.pdf,meta/llama-3.3-70b-instruct,protected_ground_political_opinion,False,Not mentioned in the opinion.,201567,
25-2581-2025-07-18,https://cdn.ca9.uscourts.gov/datastore/opinions/2025/07/18/25-2581.pdf,meta/llama-3.3-70b-instruct,protected_ground_particular_social_group,False,Not mentioned in the opinion.,201567,
25-2581-2025-07-18,https://cdn.ca9.uscourts.gov/datastore/opinions/2025/07/18/25-2581.pdf,meta/llama-3.3-70b-instruct,past_persecution_physical_violence,False,Not mentioned in the opinion.,201567,
25-2581-2025-07-18,https://cdn.ca9.uscourts.gov/datastore/opinions/2025/07/18/25-2581.pdf,meta/llama-3.3-70b-instruct,past_persecution_death_threats,False,Not mentioned in the opinion.,201567,
25-2581-2025-07-18,https://cdn.ca9.uscourts.gov/datastore/opinions/2025/07/18/25-2581.pdf,meta/llama-3.3-70b-instruct,persecutor_nongovernmental_actor,False,Not mentioned in the opinion.,201567,
25-2581-2025-07-18,https://cdn.ca9.uscourts.gov/datastore/opinions/2025/07/18/25-2581.pdf,meta/llama-3.3-70b-instruct,credibility_finding,False,Not mentioned in the opinion.,201567,
25-2581-2025-07-18,https://cdn.ca9.uscourts.gov/datastore/opinions/2025/07/18/25-2581.pdf,meta/llama-3.3-70b-instruct,bars_one_year_deadline_missed,False,Not mentioned in the opinion.,201567,
25-2581-2025-07-18,https://cdn.ca9.uscourts.gov/datastore/opinions/2025/07/18/25-2581.pdf,meta/llama-3.3-70b-instruct,nexus_requirement_met,False,Not mentioned in the opinion.,201567,
25-2581-2025-07-18,https://cdn.ca9.uscourts.gov/datastore/opinions/2025/07/18/25-2581.pdf,mistralai/mistral-large-3-675b-instruct-2512,asylum_requested,False,Not mentioned in the opinion.,4837,
25-2581-2025-07-18,https://cdn.ca9.uscourts.gov/datastore/opinions/2025/07/18/25-2581.pdf,mistralai/mistral-large-3-675b-instruct-2512,withholding_requested,False,Not mentioned in the opinion.,4837,
25-2581-2025-07-18,https://cdn.ca9.uscourts.gov/datastore/opinions/2025/07/18/25-2581.pdf,mistralai/mistral-large-3-675b-instruct-2512,CAT_requested,False,Not mentioned in the opinion.,4837,
25-2581-2025-07-18,https://cdn.ca9.uscourts.gov/datastore/opinions/2025/07/18/25-2581.pdf,mistralai/mistral-large-3-675b-instruct-2512,protected_ground_political_opinion,False,Not mentioned in the opinion.,4837,
25-2581-2025-07-18,https://cdn.ca9.uscourts.gov/datastore/opinions/2025/07/18/25-2581.pdf,mistralai/mistral-large-3-675b-instruct-2512,protected_ground_particular_social_group,False,Not mentioned in the opinion.,4837,
25-2581-2025-07-18,https://cdn.ca9.uscourts.gov/datastore/opinions/2025/07/18/25-2581.pdf,mistralai/mistral-large-3-675b-instruct-2512,past_persecution_physical_violence,False,Not mentioned in the opinion.,4837,
25-2581-2025-07-18,https://cdn.ca9.uscourts.gov/datastore/opinions/2025/07/18/25-2581.pdf,mistralai/mistral-large-3-675b-instruct-2512,past_persecution_death_threats,False,Not mentioned in the opinion.,4837,
25-2581-2025-07-18,https://cdn.ca9.uscourts.gov/datastore/opinions/2025/07/18/25-2581.pdf,mistralai/mistral-large-3-675b-instruct-2512,persecutor_nongovernmental_actor,False,Not mentioned in the opinion.,4837,
25-2581-2025-07-18,https://cdn.ca9.uscourts.gov/datastore/opinions/2025/07/18/25-2581.pdf,mistralai/mistral-large-3-675b-instruct-2512,credibility_finding,False,Not mentioned in the opinion.,4837,
25-2581-2025-07-18,https://cdn.ca9.uscourts.gov/datastore/opinions/2025/07/18/25-2581.pdf,mistralai/mistral-large-3-675b-instruct-2512,bars_one_year_deadline_missed,False,Not mentioned in the opinion.,4837,
25-2581-2025-07-18,https://cdn.ca9.uscourts.gov/datastore/opinions/2025/07/18/25-2581.pdf,mistralai/mistral-large-3-675b-instruct-2512,nexus_requirement_met,False,Not mentioned in the opinion.,4837,
18-17274-2021-03-24,https://cdn.ca9.uscourts.gov/datastore/opinions/2021/03/24/18-17274.pdf,mistralai/mistral-large-3-675b-instruct-2512,asylum_requested,False,Not mentioned in the opinion.,10331,
18-17274-2021-03-24,https://cdn.ca9.uscourts.gov/datastore/opinions/2021/03/24/18-17274.pdf,mistralai/mistral-large-3-675b-instruct-2512,withholding_requested,False,Not mentioned in the opinion.,10331,
18-17274-2021-03-24,https://cdn.ca9.uscourts.gov/datastore/opinions/2021/03/24/18-17274.pdf,mistralai/mistral-large-3-675b-instruct-2512,CAT_requested,False,Not mentioned in the opinion.,10331,
18-17274-2021-03-24,https://cdn.ca9.uscourts.gov/datastore/opinions/2021/03/24/18-17274.pdf,mistralai/mistral-large-3-675b-instruct-2512,protected_ground_political_opinion,False,Not mentioned in the opinion.,10331,
18-17274-2021-03-24,https://cdn.ca9.uscourts.gov/datastore/opinions/2021/03/24/18-17274.pdf,mistralai/mistral-large-3-675b-instruct-2512,protected_ground_particular_social_group,False,Not mentioned in the opinion.,10331,
18-17274-2021-03-24,https://cdn.ca9.uscourts.gov/datastore/opinions/2021/03/24/18-17274.pdf,mistralai/mistral-large-3-675b-instruct-2512,past_persecution_physical_violence,False,Not mentioned in the opinion.,10331,
18-17274-2021-03-24,https://cdn.ca9.uscourts.gov/datastore/opinions/2021/03/24/18-17274.pdf,mistralai/mistral-large-3-675b-instruct-2512,past_persecution_death_threats,False,Not mentioned in the opinion.,10331,
18-17274-2021-03-24,https://cdn.ca9.uscourts.gov/datastore/opinions/2021/03/24/18-17274.pdf,mistralai/mistral-large-3-675b-instruct-2512,persecutor_nongovernmental_actor,False,Not mentioned in the opinion.,10331,
18-17274-2021-03-24,https://cdn.ca9.uscourts.gov/datastore/opinions/2021/03/24/18-17274.pdf,mistralai/mistral-large-3-675b-instruct-2512,credibility_finding,False,Not mentioned in the opinion.,10331,
18-17274-2021-03-24,https://cdn.ca9.uscourts.gov/datastore/opinions/2021/03/24/18-17274.pdf,mistralai/mistral-large-3-675b-instruct-2512,bars_one_year_deadline_missed,False,Not mentioned in the opinion.,10331,
18-17274-2021-03-24,https://cdn.ca9.uscourts.gov/datastore/opinions/2021/03/24/18-17274.pdf,mistralai/mistral-large-3-675b-instruct-2512,nexus_requirement_met,False,Not mentioned in the opinion.,10331,
20-70127-2021-08-25,https://cdn.ca9.uscourts.gov/datastore/opinions/2021/08/25/20-70127.pdf,meta/llama-3.3-70b-instruct,asylum_requested,False,Not mentioned in the opinion.,717845,
20-70127-2021-08-25,https://cdn.ca9.uscourts.gov/datastore/opinions/2021/08/25/20-70127.pdf,meta/llama-3.3-70b-instruct,withholding_requested,True,"On April 29, 2020, the asylum officer notified Gonzalez of his determination that Gonzalez did not have a reasonable fear of persecution or torture.  That same day, Gonzalez requested review by an IJ, the Notice of Referral to Immigration Judge was issued, and a list of free legal service providers was given to him.",717845,
20-70127-2021-08-25,https://cdn.ca9.uscourts.gov/datastore/opinions/2021/08/25/20-70127.pdf,meta/llama-3.3-70b-instruct,CAT_requested,True,"He testified that when he sought police assistance after his kidnapping, the police knew who his kidnappers were but refused to help and laughed instead.",717845,
20-70127-2021-08-25,https://cdn.ca9.uscourts.gov/datastore/opinions/2021/08/25/20-70127.pdf,meta/llama-3.3-70b-instruct,protected_ground_political_opinion,False,Not mentioned in the opinion.,717845,
20-70127-2021-08-25,https://cdn.ca9.uscourts.gov/datastore/opinions/2021/08/25/20-70127.pdf,meta/llama-3.3-70b-instruct,protected_ground_particular_social_group,False,Not mentioned in the opinion.,717845,
20-70127-2021-08-25,https://cdn.ca9.uscourts.gov/datastore/opinions/2021/08/25/20-70127.pdf,meta/llama-3.3-70b-instruct,past_persecution_physical_violence,True,"Gonzalez told the asylum officer that he was physically harmed twice in Mexico in 2013.  In the first incident, he went to pick up money that his family had sent him and was surrounded by several individuals who assaulted and robbed him.",717845,
20-70127-2021-08-25,https://cdn.ca9.uscourts.gov/datastore/opinions/2021/08/25/20-70127.pdf,meta/llama-3.3-70b-instruct,past_persecution_death_threats,False,Not mentioned in the opinion.,717845,
20-70127-2021-08-25,https://cdn.ca9.uscourts.gov/datastore/opinions/2021/08/25/20-70127.pdf,meta/llama-3.3-70b-instruct,persecutor_nongovernmental_actor,True,"Gonzalez told the asylum officer that he was physically harmed twice in Mexico in 2013.  In the first incident, he went to pick up money that his family had sent him and was surrounded by several individuals who assaulted and robbed him.",717845,
20-70127-2021-08-25,https://cdn.ca9.uscourts.gov/datastore/opinions/2021/08/25/20-70127.pdf,meta/llama-3.3-70b-instruct,credibility_finding,True,"The asylum officer found Gonzalez credible, but determined that he could not establish persecution or torture because he had not been targeted on account of any protected ground and was harmed only by criminals.",717845,
20-70127-2021-08-25,https://cdn.ca9.uscourts.gov/datastore/opinions/2021/08/25/20-70127.pdf,meta/llama-3.3-70b-instruct,bars_one_year_deadline_missed,False,Not mentioned in the opinion.,717845,
20-70127-2021-08-25,https://cdn.ca9.uscourts.gov/datastore/opinions/2021/08/25/20-70127.pdf,meta/llama-3.3-70b-instruct,nexus_requirement_met,False,Not mentioned in the opinion.,717845,
20-70127-2021-08-25,https://cdn.ca9.uscourts.gov/datastore/opinions/2021/08/25/20-70127.pdf,mistralai/mistral-large-3-675b-instruct-2512,asylum_requested,False,Not mentioned in the opinion.,5946,
20-70127-2021-08-25,https://cdn.ca9.uscourts.gov/datastore/opinions/2021/08/25/20-70127.pdf,mistralai/mistral-large-3-675b-instruct-2512,withholding_requested,True,"The panel observed that in Alvarado-Herrera v. Garland, 993 F.3d 1187 (9th Cir. 2021), '[a] non-citizen may be entitled to apply for withholding of removal or protection under the Convention Against Torture [(“CAT”)].'",5946,
20-70127-2021-08-25,https://cdn.ca9.uscourts.gov/datastore/opinions/2021/08/25/20-70127.pdf,mistralai/mistral-large-3-675b-instruct-2512,CAT_requested,True,"The panel observed that in Alvarado-Herrera v. Garland, 993 F.3d 1187 (9th Cir. 2021), '[a] non-citizen may be entitled to apply for withholding of removal or protection under the Convention Against Torture [(“CAT”)].'",5946,
20-70127-2021-08-25,https://cdn.ca9.uscourts.gov/datastore/opinions/2021/08/25/20-70127.pdf,mistralai/mistral-large-3-675b-instruct-2512,protected_ground_political_opinion,False,Not mentioned in the opinion.,5946,
20-70127-2021-08-25,https://cdn.ca9.uscourts.gov/datastore/opinions/2021/08/25/20-70127.pdf,mistralai/mistral-large-3-675b-instruct-2512,protected_ground_particular_social_group,False,Not mentioned in the opinion.,5946,
20-70127-2021-08-25,https://cdn.ca9.uscourts.gov/datastore/opinions/2021/08/25/20-70127.pdf,mistralai/mistral-large-3-675b-instruct-2512,past_persecution_physical_violence,True,"Gonzalez told the asylum officer that he was physically harmed twice in Mexico in 2013. In the first incident, he went to pick up money that his family had sent him and was surrounded by several individuals who assaulted and robbed him.",5946,
20-70127-2021-08-25,https://cdn.ca9.uscourts.gov/datastore/opinions/2021/08/25/20-70127.pdf,mistralai/mistral-large-3-675b-instruct-2512,past_persecution_death_threats,False,Not mentioned in the opinion.,5946,
20-70127-2021-08-25,https://cdn.ca9.uscourts.gov/datastore/opinions/2021/08/25/20-70127.pdf,mistralai/mistral-large-3-675b-instruct-2512,persecutor_nongovernmental_actor,True,"The asylum officer found Gonzalez credible, but determined that he could not establish persecution or torture because he had not been targeted on account of any protected ground and was harmed only by criminals.",5946,
20-70127-2021-08-25,https://cdn.ca9.uscourts.gov/datastore/opinions/2021/08/25/20-70127.pdf,mistralai/mistral-large-3-675b-instruct-2512,credibility_finding,True,The asylum officer found Orozco-Lopez credible but determined that he had not established a reasonable fear of persecution.,5946,
20-70127-2021-08-25,https://cdn.ca9.uscourts.gov/datastore/opinions/2021/08/25/20-70127.pdf,mistralai/mistral-large-3-675b-instruct-2512,bars_one_year_deadline_missed,False,Not mentioned in the opinion.,5946,
20-70127-2021-08-25,https://cdn.ca9.uscourts.gov/datastore/opinions/2021/08/25/20-70127.pdf,mistralai/mistral-large-3-675b-instruct-2512,nexus_requirement_met,False,"The IJ concluded that he had not shown past harm based on a protected ground, a reasonable fear of future harm on account of a protected ground, or fear of torture by the government or with the government’s acquiescence.",5946,
18-17274-2020-02-28,https://cdn.ca9.uscourts.gov/datastore/opinions/2020/02/28/18-17274.pdf,mistralai/mistral-large-3-675b-instruct-2512,asylum_requested,False,Not mentioned in the opinion.,4631,
18-17274-2020-02-28,https://cdn.ca9.uscourts.gov/datastore/opinions/2020/02/28/18-17274.pdf,mistralai/mistral-large-3-675b-instruct-2512,withholding_requested,False,Not mentioned in the opinion.,4631,
18-17274-2020-02-28,https://cdn.ca9.uscourts.gov/datastore/opinions/2020/02/28/18-17274.pdf,mistralai/mistral-large-3-675b-instruct-2512,CAT_requested,False,Not mentioned in the opinion.,4631,
18-17274-2020-02-28,https://cdn.ca9.uscourts.gov/datastore/opinions/2020/02/28/18-17274.pdf,mistralai/mistral-large-3-675b-instruct-2512,protected_ground_political_opinion,False,Not mentioned in the opinion.,4631,
18-17274-2020-02-28,https://cdn.ca9.uscourts.gov/datastore/opinions/2020/02/28/18-17274.pdf,mistralai/mistral-large-3-675b-instruct-2512,protected_ground_particular_social_group,False,Not mentioned in the opinion.,4631,
18-17274-2020-02-28,https://cdn.ca9.uscourts.gov/datastore/opinions/2020/02/28/18-17274.pdf,mistralai/mistral-large-3-675b-instruct-2512,past_persecution_physical_violence,False,Not mentioned in the opinion.,4631,
18-17274-2020-02-28,https://cdn.ca9.uscourts.gov/datastore/opinions/2020/02/28/18-17274.pdf,mistralai/mistral-large-3-675b-instruct-2512,past_persecution_death_threats,False,Not mentioned in the opinion.,4631,
18-17274-2020-02-28,https://cdn.ca9.uscourts.gov/datastore/opinions/2020/02/28/18-17274.pdf,mistralai/mistral-large-3-675b-instruct-2512,persecutor_nongovernmental_actor,False,Not mentioned in the opinion.,4631,
18-17274-2020-02-28,https://cdn.ca9.uscourts.gov/datastore/opinions/2020/02/28/18-17274.pdf,mistralai/mistral-large-3-675b-instruct-2512,credibility_finding,False,Not mentioned in the opinion.,4631,
18-17274-2020-02-28,https://cdn.ca9.uscourts.gov/datastore/opinions/2020/02/28/18-17274.pdf,mistralai/mistral-large-3-675b-instruct-2512,bars_one_year_deadline_missed,False,Not mentioned in the opinion.,4631,
18-17274-2020-02-28,https://cdn.ca9.uscourts.gov/datastore/opinions/2020/02/28/18-17274.pdf,mistralai/mistral-large-3-675b-instruct-2512,nexus_requirement_met,False,Not mentioned in the opinion.,4631,
16-73915-2020-05-04,https://cdn.ca9.uscourts.gov/datastore/opinions/2020/05/04/16-73915.pdf,meta/llama-3.3-70b-instruct,asylum_requested,False,Not mentioned in the opinion.,208472,
16-73915-2020-05-04,https://cdn.ca9.uscourts.gov/datastore/opinions/2020/05/04/16-73915.pdf,meta/llama-3.3-70b-instruct,withholding_requested,False,Not mentioned in the opinion.,208472,
16-73915-2020-05-04,https://cdn.ca9.uscourts.gov/datastore/opinions/2020/05/04/16-73915.pdf,meta/llama-3.3-70b-instruct,CAT_requested,False,Not mentioned in the opinion.,208472,
16-73915-2020-05-04,https://cdn.ca9.uscourts.gov/datastore/opinions/2020/05/04/16-73915.pdf,meta/llama-3.3-70b-instruct,protected_ground_political_opinion,False,Not mentioned in the opinion.,208472,
16-73915-2020-05-04,https://cdn.ca9.uscourts.gov/datastore/opinions/2020/05/04/16-73915.pdf,meta/llama-3.3-70b-instruct,protected_ground_particular_social_group,False,Not mentioned in the opinion.,208472,
16-73915-2020-05-04,https://cdn.ca9.uscourts.gov/datastore/opinions/2020/05/04/16-73915.pdf,meta/llama-3.3-70b-instruct,past_persecution_physical_violence,False,Not mentioned in the opinion.,208472,
16-73915-2020-05-04,https://cdn.ca9.uscourts.gov/datastore/opinions/2020/05/04/16-73915.pdf,meta/llama-3.3-70b-instruct,past_persecution_death_threats,False,Not mentioned in the opinion.,208472,
16-73915-2020-05-04,https://cdn.ca9.uscourts.gov/datastore/opinions/2020/05/04/16-73915.pdf,meta/llama-3.3-70b-instruct,persecutor_nongovernmental_actor,False,Not mentioned in the opinion.,208472,
16-73915-2020-05-04,https://cdn.ca9.uscourts.gov/datastore/opinions/2020/05/04/16-73915.pdf,meta/llama-3.3-70b-instruct,credibility_finding,False,Not mentioned in the opinion.,208472,
16-73915-2020-05-04,https://cdn.ca9.uscourts.gov/datastore/opinions/2020/05/04/16-73915.pdf,meta/llama-3.3-70b-instruct,bars_one_year_deadline_missed,False,Not mentioned in the opinion.,208472,
16-73915-2020-05-04,https://cdn.ca9.uscourts.gov/datastore/opinions/2020/05/04/16-73915.pdf,meta/llama-3.3-70b-instruct,nexus_requirement_met,False,Not mentioned in the opinion.,208472,
16-73915-2020-05-04,https://cdn.ca9.uscourts.gov/datastore/opinions/2020/05/04/16-73915.pdf,mistralai/mistral-large-3-675b-instruct-2512,asylum_requested,False,Not mentioned in the opinion.,3548,
16-73915-2020-05-04,https://cdn.ca9.uscourts.gov/datastore/opinions/2020/05/04/16-73915.pdf,mistralai/mistral-large-3-675b-instruct-2512,withholding_requested,False,Not mentioned in the opinion.,3548,
16-73915-2020-05-04,https://cdn.ca9.uscourts.gov/datastore/opinions/2020/05/04/16-73915.pdf,mistralai/mistral-large-3-675b-instruct-2512,CAT_requested,False,Not mentioned in the opinion.,3548,
16-73915-2020-05-04,https://cdn.ca9.uscourts.gov/datastore/opinions/2020/05/04/16-73915.pdf,mistralai/mistral-large-3-675b-instruct-2512,protected_ground_political_opinion,False,Not mentioned in the opinion.,3548,
16-73915-2020-05-04,https://cdn.ca9.uscourts.gov/datastore/opinions/2020/05/04/16-73915.pdf,mistralai/mistral-large-3-675b-instruct-2512,protected_ground_particular_social_group,False,Not mentioned in the opinion.,3548,
16-73915-2020-05-04,https://cdn.ca9.uscourts.gov/datastore/opinions/2020/05/04/16-73915.pdf,mistralai/mistral-large-3-675b-instruct-2512,past_persecution_physical_violence,False,Not mentioned in the opinion.,3548,
16-73915-2020-05-04,https://cdn.ca9.uscourts.gov/datastore/opinions/2020/05/04/16-73915.pdf,mistralai/mistral-large-3-675b-instruct-2512,past_persecution_death_threats,False,Not mentioned in the opinion.,3548,
16-73915-2020-05-04,https://cdn.ca9.uscourts.gov/datastore/opinions/2020/05/04/16-73915.pdf,mistralai/mistral-large-3-675b-instruct-2512,persecutor_nongovernmental_actor,False,Not mentioned in the opinion.,3548,
16-73915-2020-05-04,https://cdn.ca9.uscourts.gov/datastore/opinions/2020/05/04/16-73915.pdf,mistralai/mistral-large-3-675b-instruct-2512,credibility_finding,False,Not mentioned in the opinion.,3548,
16-73915-2020-05-04,https://cdn.ca9.uscourts.gov/datastore/opinions/2020/05/04/16-73915.pdf,mistralai/mistral-large-3-675b-instruct-2512,bars_one_year_deadline_missed,False,Not mentioned in the opinion.,3548,
16-73915-2020-05-04,https://cdn.ca9.uscourts.gov/datastore/opinions/2020/05/04/16-73915.pdf,mistralai/mistral-large-3-675b-instruct-2512,nexus_requirement_met,False,Not mentioned in the opinion.,3548,
20-70397-2022-08-12,https://cdn.ca9.uscourts.gov/datastore/memoranda/2022/08/12/20-70397.pdf,meta/llama-3.3-70b-instruct,asylum_requested,False,Not mentioned in the opinion.,816605,
20-70397-2022-08-12,https://cdn.ca9.uscourts.gov/datastore/memoranda/2022/08/12/20-70397.pdf,meta/llama-3.3-70b-instruct,withholding_requested,True,Judge (IJ) order denying withholding of removal and Convention Against Torture (CAT) relief.,816605,
20-70397-2022-08-12,https://cdn.ca9.uscourts.gov/datastore/memoranda/2022/08/12/20-70397.pdf,meta/llama-3.3-70b-instruct,CAT_requested,True,Judge (IJ) order denying withholding of removal and Convention Against Torture (CAT) relief.,816605,
20-70397-2022-08-12,https://cdn.ca9.uscourts.gov/datastore/memoranda/2022/08/12/20-70397.pdf,meta/llama-3.3-70b-instruct,protected_ground_political_opinion,False,Not mentioned in the opinion.,816605,
20-70397-2022-08-12,https://cdn.ca9.uscourts.gov/datastore/memoranda/2022/08/12/20-70397.pdf,meta/llama-3.3-70b-instruct,protected_ground_particular_social_group,True,"The IJ found that Ramirez-Cordova failed to establish a nexus between the harm she fears and her membership in a protected group (i.e., the family unit).",816605,
20-70397-2022-08-12,https://cdn.ca9.uscourts.gov/datastore/memoranda/2022/08/12/20-70397.pdf,meta/llama-3.3-70b-instruct,past_persecution_physical_violence,False,Not mentioned in the opinion.,816605,
20-70397-2022-08-12,https://cdn.ca9.uscourts.gov/datastore/memoranda/2022/08/12/20-70397.pdf,meta/llama-3.3-70b-instruct,past_persecution_death_threats,True,"She contends that she suffered past persecution based on her brother’s former bosses asking her 15 or 20 times where he was and threatening to kill her if he did not show up,",816605,
20-70397-2022-08-12,https://cdn.ca9.uscourts.gov/datastore/memoranda/2022/08/12/20-70397.pdf,meta/llama-3.3-70b-instruct,persecutor_nongovernmental_actor,True,"She contends that she suffered past persecution based on her brother’s former bosses asking her 15 or 20 times where he was and threatening to kill her if he did not show up,",816605,
20-70397-2022-08-12,https://cdn.ca9.uscourts.gov/datastore/memoranda/2022/08/12/20-70397.pdf,meta/llama-3.3-70b-instruct,credibility_finding,False,Not mentioned in the opinion.,816605,
20-70397-2022-08-12,https://cdn.ca9.uscourts.gov/datastore/memoranda/2022/08/12/20-70397.pdf,meta/llama-3.3-70b-instruct,bars_one_year_deadline_missed,False,Not mentioned in the opinion.,816605,
20-70397-2022-08-12,https://cdn.ca9.uscourts.gov/datastore/memoranda/2022/08/12/20-70397.pdf,meta/llama-3.3-70b-instruct,nexus_requirement_met,False,"The IJ found that Ramirez-Cordova failed to establish a nexus between the harm she fears and her membership in a protected group (i.e., the family unit).",816605,
20-70397-2022-08-12,https://cdn.ca9.uscourts.gov/datastore/memoranda/2022/08/12/20-70397.pdf,mistralai/mistral-large-3-675b-instruct-2512,asylum_requested,False,Not mentioned in the opinion.,9220,
20-70397-2022-08-12,https://cdn.ca9.uscourts.gov/datastore/memoranda/2022/08/12/20-70397.pdf,mistralai/mistral-large-3-675b-instruct-2512,withholding_requested,True,"Brenda Bernice Ramirez-Cordova, a citizen of Mexico, seeks review of a Board of Immigration Appeals decision dismissing an appeal from an Immigration Judge (IJ) order denying withholding of removal and Convention Against Torture (CAT) relief.",9220,
20-70397-2022-08-12,https://cdn.ca9.uscourts.gov/datastore/memoranda/2022/08/12/20-70397.pdf,mistralai/mistral-large-3-675b-instruct-2512,CAT_requested,True,"Brenda Bernice Ramirez-Cordova, a citizen of Mexico, seeks review of a Board of Immigration Appeals decision dismissing an appeal from an Immigration Judge (IJ) order denying withholding of removal and Convention Against Torture (CAT) relief.",9220,
20-70397-2022-08-12,https://cdn.ca9.uscourts.gov/datastore/memoranda/2022/08/12/20-70397.pdf,mistralai/mistral-large-3-675b-instruct-2512,protected_ground_political_opinion,False,Not mentioned in the opinion.,9220,
20-70397-2022-08-12,https://cdn.ca9.uscourts.gov/datastore/memoranda/2022/08/12/20-70397.pdf,mistralai/mistral-large-3-675b-instruct-2512,protected_ground_particular_social_group,True,"The IJ found that Ramirez-Cordova failed to establish a nexus between the harm she fears and her membership in a protected group (i.e., the family unit).",9220,
20-70397-2022-08-12,https://cdn.ca9.uscourts.gov/datastore/memoranda/2022/08/12/20-70397.pdf,mistralai/mistral-large-3-675b-instruct-2512,past_persecution_physical_violence,False,Not mentioned in the opinion.,9220,
20-70397-2022-08-12,https://cdn.ca9.uscourts.gov/datastore/memoranda/2022/08/12/20-70397.pdf,mistralai/mistral-large-3-675b-instruct-2512,past_persecution_death_threats,True,"Ramirez-Cordova contends that she suffered past persecution based on her brother’s former bosses asking her 15 or 20 times where he was and threatening to kill her if he did not show up, but she testified that she never suffered any physical harm in Mexico.",9220,
20-70397-2022-08-12,https://cdn.ca9.uscourts.gov/datastore/memoranda/2022/08/12/20-70397.pdf,mistralai/mistral-large-3-675b-instruct-2512,persecutor_nongovernmental_actor,True,Ramirez-Cordova contends that she suffered past persecution based on her brother’s former bosses asking her 15 or 20 times where he was and threatening to kill her if he did not show up...,9220,
20-70397-2022-08-12,https://cdn.ca9.uscourts.gov/datastore/memoranda/2022/08/12/20-70397.pdf,mistralai/mistral-large-3-675b-instruct-2512,credibility_finding,False,Not mentioned in the opinion.,9220,
20-70397-2022-08-12,https://cdn.ca9.uscourts.gov/datastore/memoranda/2022/08/12/20-70397.pdf,mistralai/mistral-large-3-675b-instruct-2512,bars_one_year_deadline_missed,False,Not mentioned in the opinion.,9220,
20-70397-2022-08-12,https://cdn.ca9.uscourts.gov/datastore/memoranda/2022/08/12/20-70397.pdf,mistralai/mistral-large-3-675b-instruct-2512,nexus_requirement_met,False,"The IJ found that Ramirez-Cordova failed to establish a nexus between the harm she fears and her membership in a protected group (i.e., the family unit).",9220,
17-73156-2023-01-17,https://cdn.ca9.uscourts.gov/datastore/memoranda/2023/01/17/17-73156.pdf,meta/llama-3.3-70b-instruct,asylum_requested,True,Petitioners... petition for review of a Board of Immigration Appeals (BIA) decision dismissing their appeal from an order of an immigration judge (IJ) denying their applications for asylum...,214097,
17-73156-2023-01-17,https://cdn.ca9.uscourts.gov/datastore/memoranda/2023/01/17/17-73156.pdf,meta/llama-3.3-70b-instruct,withholding_requested,True,Petitioners... petition for review of a Board of Immigration Appeals (BIA) decision dismissing their appeal from an order of an immigration judge (IJ) denying their applications for... withholding of removal...,214097,
17-73156-2023-01-17,https://cdn.ca9.uscourts.gov/datastore/memoranda/2023/01/17/17-73156.pdf,meta/llama-3.3-70b-instruct,CAT_requested,True,Petitioners... petition for review of a Board of Immigration Appeals (BIA) decision dismissing their appeal from an order of an immigration judge (IJ) denying their applications for... relief under the... Convention Against Torture (CAT),214097,
17-73156-2023-01-17,https://cdn.ca9.uscourts.gov/datastore/memoranda/2023/01/17/17-73156.pdf,meta/llama-3.3-70b-instruct,protected_ground_political_opinion,False,Not mentioned in the opinion,214097,
17-73156-2023-01-17,https://cdn.ca9.uscourts.gov/datastore/memoranda/2023/01/17/17-73156.pdf,meta/llama-3.3-70b-instruct,protected_ground_particular_social_group,False,Not mentioned in the opinion,214097,
17-73156-2023-01-17,https://cdn.ca9.uscourts.gov/datastore/memoranda/2023/01/17/17-73156.pdf,meta/llama-3.3-70b-instruct,past_persecution_physical_violence,False,Not mentioned in the opinion,214097,
17-73156-2023-01-17,https://cdn.ca9.uscourts.gov/datastore/memoranda/2023/01/17/17-73156.pdf,meta/llama-3.3-70b-instruct,past_persecution_death_threats,True,Guzman-Hernandez argues that she experienced past persecution because she was the victim of death threats by gang members,214097,
17-73156-2023-01-17,https://cdn.ca9.uscourts.gov/datastore/memoranda/2023/01/17/17-73156.pdf,meta/llama-3.3-70b-instruct,persecutor_nongovernmental_actor,True,Guzman-Hernandez argues that she experienced past persecution because she was the victim of death threats by gang members,214097,
17-73156-2023-01-17,https://cdn.ca9.uscourts.gov/datastore/memoranda/2023/01/17/17-73156.pdf,meta/llama-3.3-70b-instruct,credibility_finding,False,Not mentioned in the opinion,214097,
17-73156-2023-01-17,https://cdn.ca9.uscourts.gov/datastore/memoranda/2023/01/17/17-73156.pdf,meta/llama-3.3-70b-instruct,bars_one_year_deadline_missed,False,Not mentioned in the opinion,214097,
17-73156-2023-01-17,https://cdn.ca9.uscourts.gov/datastore/memoranda/2023/01/17/17-73156.pdf,meta/llama-3.3-70b-instruct,nexus_requirement_met,False,Not mentioned in the opinion,214097,
17-73156-2023-01-17,https://cdn.ca9.uscourts.gov/datastore/memoranda/2023/01/17/17-73156.pdf,mistralai/mistral-large-3-675b-instruct-2512,asylum_requested,True,"denying their applications for asylum, withholding of removal, and relief under the Immigration and Nationality Act and the Convention Against Torture (CAT).",3942,
17-73156-2023-01-17,https://cdn.ca9.uscourts.gov/datastore/memoranda/2023/01/17/17-73156.pdf,mistralai/mistral-large-3-675b-instruct-2512,withholding_requested,True,"denying their applications for asylum, withholding of removal, and relief under the Immigration and Nationality Act and the Convention Against Torture (CAT).",3942,
17-73156-2023-01-17,https://cdn.ca9.uscourts.gov/datastore/memoranda/2023/01/17/17-73156.pdf,mistralai/mistral-large-3-675b-instruct-2512,CAT_requested,True,"denying their applications for asylum, withholding of removal, and relief under the Immigration and Nationality Act and the Convention Against Torture (CAT).",3942,
17-73156-2023-01-17,https://cdn.ca9.uscourts.gov/datastore/memoranda/2023/01/17/17-73156.pdf,mistralai/mistral-large-3-675b-instruct-2512,protected_ground_political_opinion,False,Not mentioned in the opinion.,3942,
17-73156-2023-01-17,https://cdn.ca9.uscourts.gov/datastore/memoranda/2023/01/17/17-73156.pdf,mistralai/mistral-large-3-675b-instruct-2512,protected_ground_particular_social_group,False,Not mentioned in the opinion.,3942,
17-73156-2023-01-17,https://cdn.ca9.uscourts.gov/datastore/memoranda/2023/01/17/17-73156.pdf,mistralai/mistral-large-3-675b-instruct-2512,past_persecution_physical_violence,False,Not mentioned in the opinion.,3942,
17-73156-2023-01-17,https://cdn.ca9.uscourts.gov/datastore/memoranda/2023/01/17/17-73156.pdf,mistralai/mistral-large-3-675b-instruct-2512,past_persecution_death_threats,True,Guzman-Hernandez argues that she experienced past persecution because she was the victim of death threats by gang members.,3942,
17-73156-2023-01-17,https://cdn.ca9.uscourts.gov/datastore/memoranda/2023/01/17/17-73156.pdf,mistralai/mistral-large-3-675b-instruct-2512,persecutor_nongovernmental_actor,True,Guzman-Hernandez argues that she experienced past persecution because she was the victim of death threats by gang members.,3942,
17-73156-2023-01-17,https://cdn.ca9.uscourts.gov/datastore/memoranda/2023/01/17/17-73156.pdf,mistralai/mistral-large-3-675b-instruct-2512,credibility_finding,False,Not mentioned in the opinion.,3942,
17-73156-2023-01-17,https://cdn.ca9.uscourts.gov/datastore/memoranda/2023/01/17/17-73156.pdf,mistralai/mistral-large-3-675b-instruct-2512,bars_one_year_deadline_missed,False,Not mentioned in the opinion.,3942,
17-73156-2023-01-17,https://cdn.ca9.uscourts.gov/datastore/memoranda/2023/01/17/17-73156.pdf,mistralai/mistral-large-3-675b-instruct-2512,nexus_requirement_met,False,Not mentioned in the opinion.,3942,
24-5221-2026-05-04,https://cdn.ca9.uscourts.gov/datastore/memoranda/2026/05/04/24-5221.pdf,mistralai/mistral-large-3-675b-instruct-2512,asylum_requested,False,Not mentioned in the opinion.,27987,
24-5221-2026-05-04,https://cdn.ca9.uscourts.gov/datastore/memoranda/2026/05/04/24-5221.pdf,mistralai/mistral-large-3-675b-instruct-2512,withholding_requested,False,Not mentioned in the opinion.,27987,
24-5221-2026-05-04,https://cdn.ca9.uscourts.gov/datastore/memoranda/2026/05/04/24-5221.pdf,mistralai/mistral-large-3-675b-instruct-2512,CAT_requested,True,The BIA affirmed the decision of an Immigration Judge (“IJ”) denying deferral of removal under the Convention Against Torture (“CAT”) as part of a final order of removal.,27987,
24-5221-2026-05-04,https://cdn.ca9.uscourts.gov/datastore/memoranda/2026/05/04/24-5221.pdf,mistralai/mistral-large-3-675b-instruct-2512,protected_ground_political_opinion,False,Not mentioned in the opinion.,27987,
24-5221-2026-05-04,https://cdn.ca9.uscourts.gov/datastore/memoranda/2026/05/04/24-5221.pdf,mistralai/mistral-large-3-675b-instruct-2512,protected_ground_particular_social_group,False,Not mentioned in the opinion.,27987,
24-5221-2026-05-04,https://cdn.ca9.uscourts.gov/datastore/memoranda/2026/05/04/24-5221.pdf,mistralai/mistral-large-3-675b-instruct-2512,past_persecution_physical_violence,False,Not mentioned in the opinion.,27987,
24-5221-2026-05-04,https://cdn.ca9.uscourts.gov/datastore/memoranda/2026/05/04/24-5221.pdf,mistralai/mistral-large-3-675b-instruct-2512,past_persecution_death_threats,False,Not mentioned in the opinion.,27987,
24-5221-2026-05-04,https://cdn.ca9.uscourts.gov/datastore/memoranda/2026/05/04/24-5221.pdf,mistralai/mistral-large-3-675b-instruct-2512,persecutor_nongovernmental_actor,True,The BIA concluded that one link in the causal chain—that Otuya’s former criminal boss would learn of Otuya’s deportation and find Otuya if he was deported to Nigeria—was too speculative.,27987,
24-5221-2026-05-04,https://cdn.ca9.uscourts.gov/datastore/memoranda/2026/05/04/24-5221.pdf,mistralai/mistral-large-3-675b-instruct-2512,credibility_finding,False,Not mentioned in the opinion.,27987,
24-5221-2026-05-04,https://cdn.ca9.uscourts.gov/datastore/memoranda/2026/05/04/24-5221.pdf,mistralai/mistral-large-3-675b-instruct-2512,bars_one_year_deadline_missed,False,Not mentioned in the opinion.,27987,
24-5221-2026-05-04,https://cdn.ca9.uscourts.gov/datastore/memoranda/2026/05/04/24-5221.pdf,mistralai/mistral-large-3-675b-instruct-2512,nexus_requirement_met,False,Not mentioned in the opinion.,27987,
22-761-2023-04-20,https://cdn.ca9.uscourts.gov/datastore/memoranda/2023/04/20/22-761.pdf,mistralai/mistral-large-3-675b-instruct-2512,asylum_requested,True,"He moved for reopening to apply for cancellation of removal, asylum, and withholding of removal.",18344,
22-761-2023-04-20,https://cdn.ca9.uscourts.gov/datastore/memoranda/2023/04/20/22-761.pdf,mistralai/mistral-large-3-675b-instruct-2512,withholding_requested,True,"He moved for reopening to apply for cancellation of removal, asylum, and withholding of removal.",18344,
22-761-2023-04-20,https://cdn.ca9.uscourts.gov/datastore/memoranda/2023/04/20/22-761.pdf,mistralai/mistral-large-3-675b-instruct-2512,CAT_requested,False,Not mentioned in the opinion.,18344,
22-761-2023-04-20,https://cdn.ca9.uscourts.gov/datastore/memoranda/2023/04/20/22-761.pdf,mistralai/mistral-large-3-675b-instruct-2512,protected_ground_political_opinion,False,Not mentioned in the opinion.,18344,
22-761-2023-04-20,https://cdn.ca9.uscourts.gov/datastore/memoranda/2023/04/20/22-761.pdf,mistralai/mistral-large-3-675b-instruct-2512,protected_ground_particular_social_group,True,The BIA also denied Santiago Grande’s motion to reopen to apply for asylum and withholding of removal based on his membership in the proposed particular social group of 'deportees from the United States during the Covid-19 Pandemic.',18344,
22-761-2023-04-20,https://cdn.ca9.uscourts.gov/datastore/memoranda/2023/04/20/22-761.pdf,mistralai/mistral-large-3-675b-instruct-2512,past_persecution_physical_violence,False,Not mentioned in the opinion.,18344,
22-761-2023-04-20,https://cdn.ca9.uscourts.gov/datastore/memoranda/2023/04/20/22-761.pdf,mistralai/mistral-large-3-675b-instruct-2512,past_persecution_death_threats,False,Not mentioned in the opinion.,18344,
22-761-2023-04-20,https://cdn.ca9.uscourts.gov/datastore/memoranda/2023/04/20/22-761.pdf,mistralai/mistral-large-3-675b-instruct-2512,persecutor_nongovernmental_actor,False,Not mentioned in the opinion.,18344,
22-761-2023-04-20,https://cdn.ca9.uscourts.gov/datastore/memoranda/2023/04/20/22-761.pdf,mistralai/mistral-large-3-675b-instruct-2512,credibility_finding,False,Not mentioned in the opinion.,18344,
22-761-2023-04-20,https://cdn.ca9.uscourts.gov/datastore/memoranda/2023/04/20/22-761.pdf,mistralai/mistral-large-3-675b-instruct-2512,bars_one_year_deadline_missed,False,"In light of our resolution of these claims, we need not reach the parties’ arguments concerning the one-year bar to asylum.",18344,
22-761-2023-04-20,https://cdn.ca9.uscourts.gov/datastore/memoranda/2023/04/20/22-761.pdf,mistralai/mistral-large-3-675b-instruct-2512,nexus_requirement_met,False,Not mentioned in the opinion.,18344,
14-70905-2020-01-28,https://cdn.ca9.uscourts.gov/datastore/memoranda/2020/01/28/14-70905.pdf,meta/llama-3.3-70b-instruct,asylum_requested,True,"The IJ denied Margosyan’s application for asylum, withholding of removal, and protection under the United Nations Convention Against Torture (“CAT”)",169839,
14-70905-2020-01-28,https://cdn.ca9.uscourts.gov/datastore/memoranda/2020/01/28/14-70905.pdf,meta/llama-3.3-70b-instruct,withholding_requested,True,"The IJ denied Margosyan’s application for asylum, withholding of removal, and protection under the United Nations Convention Against Torture (“CAT”)",169839,
14-70905-2020-01-28,https://cdn.ca9.uscourts.gov/datastore/memoranda/2020/01/28/14-70905.pdf,meta/llama-3.3-70b-instruct,CAT_requested,True,"The IJ denied Margosyan’s application for asylum, withholding of removal, and protection under the United Nations Convention Against Torture (“CAT”)",169839,
14-70905-2020-01-28,https://cdn.ca9.uscourts.gov/datastore/memoranda/2020/01/28/14-70905.pdf,meta/llama-3.3-70b-instruct,protected_ground_political_opinion,True,The circumstantial evidence in the record raises an inference that the police officers sought to punish or retaliate against Margosyan for her husband’s political activities,169839,
14-70905-2020-01-28,https://cdn.ca9.uscourts.gov/datastore/memoranda/2020/01/28/14-70905.pdf,meta/llama-3.3-70b-instruct,protected_ground_particular_social_group,False,Not mentioned in the opinion.,169839,
14-70905-2020-01-28,https://cdn.ca9.uscourts.gov/datastore/memoranda/2020/01/28/14-70905.pdf,meta/llama-3.3-70b-instruct,past_persecution_physical_violence,True,raping her,169839,
14-70905-2020-01-28,https://cdn.ca9.uscourts.gov/datastore/memoranda/2020/01/28/14-70905.pdf,meta/llama-3.3-70b-instruct,past_persecution_death_threats,False,Not mentioned in the opinion.,169839,
14-70905-2020-01-28,https://cdn.ca9.uscourts.gov/datastore/memoranda/2020/01/28/14-70905.pdf,meta/llama-3.3-70b-instruct,persecutor_nongovernmental_actor,False,Not mentioned in the opinion.,169839,
14-70905-2020-01-28,https://cdn.ca9.uscourts.gov/datastore/memoranda/2020/01/28/14-70905.pdf,meta/llama-3.3-70b-instruct,credibility_finding,True,"The IJ denied Margosyan’s application for asylum, withholding of removal, and protection under the United Nations Convention Against Torture (“CAT”), because Margosayn was not credible based on inconsistencies between her testimony and the neighbors’ affidavit",169839,
14-70905-2020-01-28,https://cdn.ca9.uscourts.gov/datastore/memoranda/2020/01/28/14-70905.pdf,meta/llama-3.3-70b-instruct,bars_one_year_deadline_missed,False,Not mentioned in the opinion.,169839,
14-70905-2020-01-28,https://cdn.ca9.uscourts.gov/datastore/memoranda/2020/01/28/14-70905.pdf,meta/llama-3.3-70b-instruct,nexus_requirement_met,False,Not mentioned in the opinion.,169839,
14-70905-2020-01-28,https://cdn.ca9.uscourts.gov/datastore/memoranda/2020/01/28/14-70905.pdf,mistralai/mistral-large-3-675b-instruct-2512,asylum_requested,True,"The IJ denied Margosyan’s application for asylum, withholding of removal, and protection under the United Nations Convention Against Torture (“CAT”)",6373,
14-70905-2020-01-28,https://cdn.ca9.uscourts.gov/datastore/memoranda/2020/01/28/14-70905.pdf,mistralai/mistral-large-3-675b-instruct-2512,withholding_requested,True,"The IJ denied Margosyan’s application for asylum, withholding of removal, and protection under the United Nations Convention Against Torture (“CAT”)",6373,
14-70905-2020-01-28,https://cdn.ca9.uscourts.gov/datastore/memoranda/2020/01/28/14-70905.pdf,mistralai/mistral-large-3-675b-instruct-2512,CAT_requested,True,"The IJ denied Margosyan’s application for asylum, withholding of removal, and protection under the United Nations Convention Against Torture (“CAT”)",6373,
14-70905-2020-01-28,https://cdn.ca9.uscourts.gov/datastore/memoranda/2020/01/28/14-70905.pdf,mistralai/mistral-large-3-675b-instruct-2512,protected_ground_political_opinion,True,"Although Margosyan did not have any direct evidence that her persecutors targeted her on account of an imputed political opinion, the IJ did not properly consider Margosyan’s “‘association with, or relationship to, people who are known to hold a particular political opinion’ in order to raise the inference that the persecutors have imputed a political view to [her].”",6373,
14-70905-2020-01-28,https://cdn.ca9.uscourts.gov/datastore/memoranda/2020/01/28/14-70905.pdf,mistralai/mistral-large-3-675b-instruct-2512,protected_ground_particular_social_group,False,Not mentioned in the opinion.,6373,
14-70905-2020-01-28,https://cdn.ca9.uscourts.gov/datastore/memoranda/2020/01/28/14-70905.pdf,mistralai/mistral-large-3-675b-instruct-2512,past_persecution_physical_violence,True,"Armenian authorities targeted Margosyan on multiple occasions based on her association with her husband by threatening her, intervening in her employment, raping her, and arresting her.",6373,
14-70905-2020-01-28,https://cdn.ca9.uscourts.gov/datastore/memoranda/2020/01/28/14-70905.pdf,mistralai/mistral-large-3-675b-instruct-2512,past_persecution_death_threats,True,"Armenian authorities targeted Margosyan on multiple occasions based on her association with her husband by threatening her, intervening in her employment, raping her, and arresting her.",6373,
14-70905-2020-01-28,https://cdn.ca9.uscourts.gov/datastore/memoranda/2020/01/28/14-70905.pdf,mistralai/mistral-large-3-675b-instruct-2512,persecutor_nongovernmental_actor,False,Not mentioned in the opinion.,6373,
14-70905-2020-01-28,https://cdn.ca9.uscourts.gov/datastore/memoranda/2020/01/28/14-70905.pdf,mistralai/mistral-large-3-675b-instruct-2512,credibility_finding,True,the IJ stated that he had “considered the extent to which the respondent’s testimony [was] otherwise consistent with her written statement and the extent to which she was internally consistent in her own testimony.”,6373,
14-70905-2020-01-28,https://cdn.ca9.uscourts.gov/datastore/memoranda/2020/01/28/14-70905.pdf,mistralai/mistral-large-3-675b-instruct-2512,bars_one_year_deadline_missed,False,Not mentioned in the opinion.,6373,
14-70905-2020-01-28,https://cdn.ca9.uscourts.gov/datastore/memoranda/2020/01/28/14-70905.pdf,mistralai/mistral-large-3-675b-instruct-2512,nexus_requirement_met,False,Margosyan’s asylum and withholding of removal claims failed because she failed to show past or future persecution on account of a protected ground.,6373,
22-629-2024-02-20,https://cdn.ca9.uscourts.gov/datastore/memoranda/2024/02/20/22-629.pdf,meta/llama-3.3-70b-instruct,asylum_requested,False,Not mentioned in the opinion.,542551,
22-629-2024-02-20,https://cdn.ca9.uscourts.gov/datastore/memoranda/2024/02/20/22-629.pdf,meta/llama-3.3-70b-instruct,withholding_requested,True,"Juan Carlos Estrada-Hernandez, a native and citizen of Mexico, petitions for review of a Board of Immigration Appeals (""BIA"") dismissal of his appeal from an order of an Immigration Judge (""IJ"") denying his applications for withholding of removal under the Immigration and Naturalization Act and the Convention Against Torture (""CAT/>.""",542551,
22-629-2024-02-20,https://cdn.ca9.uscourts.gov/datastore/memoranda/2024/02/20/22-629.pdf,meta/llama-3.3-70b-instruct,CAT_requested,True,"Juan Carlos Estrada-Hernandez, a native and citizen of Mexico, petitions for review of a Board of Immigration Appeals (""BIA"") dismissal of his appeal from an order of an Immigration Judge (""IJ"") denying his applications for withholding of removal under the Immigration and Naturalization Act and the Convention Against Torture (""CAT/>.""",542551,
22-629-2024-02-20,https://cdn.ca9.uscourts.gov/datastore/memoranda/2024/02/20/22-629.pdf,meta/llama-3.3-70b-instruct,protected_ground_political_opinion,False,Not mentioned in the opinion.,542551,
22-629-2024-02-20,https://cdn.ca9.uscourts.gov/datastore/memoranda/2024/02/20/22-629.pdf,meta/llama-3.3-70b-instruct,protected_ground_particular_social_group,True,"Estrada-Hernandez presented testimony that he was assaulted in Mexico when he was eleven years old because he was gay, an incident which is evidence both that he has been singled out and that he was perceptibly gay as a child;",542551,
22-629-2024-02-20,https://cdn.ca9.uscourts.gov/datastore/memoranda/2024/02/20/22-629.pdf,meta/llama-3.3-70b-instruct,past_persecution_physical_violence,True,"Estrada-Hernandez presented testimony that he was assaulted in Mexico when he was eleven years old because he was gay, an incident which is evidence both that he has been singled out and that he was perceptibly gay as a child;",542551,
22-629-2024-02-20,https://cdn.ca9.uscourts.gov/datastore/memoranda/2024/02/20/22-629.pdf,meta/llama-3.3-70b-instruct,past_persecution_death_threats,False,Not mentioned in the opinion.,542551,
22-629-2024-02-20,https://cdn.ca9.uscourts.gov/datastore/memoranda/2024/02/20/22-629.pdf,meta/llama-3.3-70b-instruct,persecutor_nongovernmental_actor,False,Not mentioned in the opinion.,542551,
22-629-2024-02-20,https://cdn.ca9.uscourts.gov/datastore/memoranda/2024/02/20/22-629.pdf,meta/llama-3.3-70b-instruct,credibility_finding,False,Not mentioned in the opinion.,542551,
22-629-2024-02-20,https://cdn.ca9.uscourts.gov/datastore/memoranda/2024/02/20/22-629.pdf,meta/llama-3.3-70b-instruct,bars_one_year_deadline_missed,False,Not mentioned in the opinion.,542551,
22-629-2024-02-20,https://cdn.ca9.uscourts.gov/datastore/memoranda/2024/02/20/22-629.pdf,meta/llama-3.3-70b-instruct,nexus_requirement_met,False,Not mentioned in the opinion.,542551,
22-629-2024-02-20,https://cdn.ca9.uscourts.gov/datastore/memoranda/2024/02/20/22-629.pdf,mistralai/mistral-large-3-675b-instruct-2512,asylum_requested,False,Not mentioned in the opinion.,8514,
22-629-2024-02-20,https://cdn.ca9.uscourts.gov/datastore/memoranda/2024/02/20/22-629.pdf,mistralai/mistral-large-3-675b-instruct-2512,withholding_requested,True,"denying his applications for withholding of removal under the Immigration and Naturalization Act and the Convention Against Torture (""CAT"").",8514,
22-629-2024-02-20,https://cdn.ca9.uscourts.gov/datastore/memoranda/2024/02/20/22-629.pdf,mistralai/mistral-large-3-675b-instruct-2512,CAT_requested,True,"denying his applications for withholding of removal under the Immigration and Naturalization Act and the Convention Against Torture (""CAT"").",8514,
22-629-2024-02-20,https://cdn.ca9.uscourts.gov/datastore/memoranda/2024/02/20/22-629.pdf,mistralai/mistral-large-3-675b-instruct-2512,protected_ground_political_opinion,False,Not mentioned in the opinion.,8514,
22-629-2024-02-20,https://cdn.ca9.uscourts.gov/datastore/memoranda/2024/02/20/22-629.pdf,mistralai/mistral-large-3-675b-instruct-2512,protected_ground_particular_social_group,True,"Estrada-Hernandez presented testimony that he was assaulted in Mexico when he was eleven years old because he was gay, an incident which is evidence both that he has been singled out and that he was perceptibly gay as a child; that his mannerisms continue to make him perceptibly gay;",8514,
22-629-2024-02-20,https://cdn.ca9.uscourts.gov/datastore/memoranda/2024/02/20/22-629.pdf,mistralai/mistral-large-3-675b-instruct-2512,past_persecution_physical_violence,True,"Estrada-Hernandez presented testimony that he was assaulted in Mexico when he was eleven years old because he was gay,",8514,
22-629-2024-02-20,https://cdn.ca9.uscourts.gov/datastore/memoranda/2024/02/20/22-629.pdf,mistralai/mistral-large-3-675b-instruct-2512,past_persecution_death_threats,False,Not mentioned in the opinion.,8514,
22-629-2024-02-20,https://cdn.ca9.uscourts.gov/datastore/memoranda/2024/02/20/22-629.pdf,mistralai/mistral-large-3-675b-instruct-2512,persecutor_nongovernmental_actor,True,"Estrada-Hernandez presented testimony that he was assaulted in Mexico when he was eleven years old because he was gay,",8514,
22-629-2024-02-20,https://cdn.ca9.uscourts.gov/datastore/memoranda/2024/02/20/22-629.pdf,mistralai/mistral-large-3-675b-instruct-2512,credibility_finding,False,Not mentioned in the opinion.,8514,
22-629-2024-02-20,https://cdn.ca9.uscourts.gov/datastore/memoranda/2024/02/20/22-629.pdf,mistralai/mistral-large-3-675b-instruct-2512,bars_one_year_deadline_missed,False,Not mentioned in the opinion.,8514,
22-629-2024-02-20,https://cdn.ca9.uscourts.gov/datastore/memoranda/2024/02/20/22-629.pdf,mistralai/mistral-large-3-675b-instruct-2512,nexus_requirement_met,False,Not mentioned in the opinion.,8514,
17-71346-2020-06-17,https://cdn.ca9.uscourts.gov/datastore/memoranda/2020/06/17/17-71346.pdf,meta/llama-3.3-70b-instruct,asylum_requested,True,On Petition for Review of an Order of the Board of Immigration Appeals,171699,
17-71346-2020-06-17,https://cdn.ca9.uscourts.gov/datastore/memoranda/2020/06/17/17-71346.pdf,meta/llama-3.3-70b-instruct,withholding_requested,True,"immigration judge’s (IJ) denial of his applications for asylum, withholding of removal, and Convention Against Torture (CAT) protection",171699,
17-71346-2020-06-17,https://cdn.ca9.uscourts.gov/datastore/memoranda/2020/06/17/17-71346.pdf,meta/llama-3.3-70b-instruct,CAT_requested,True,"immigration judge’s (IJ) denial of his applications for asylum, withholding of removal, and Convention Against Torture (CAT) protection",171699,
17-71346-2020-06-17,https://cdn.ca9.uscourts.gov/datastore/memoranda/2020/06/17/17-71346.pdf,meta/llama-3.3-70b-instruct,protected_ground_political_opinion,False,Not mentioned in the opinion.,171699,
17-71346-2020-06-17,https://cdn.ca9.uscourts.gov/datastore/memoranda/2020/06/17/17-71346.pdf,meta/llama-3.3-70b-instruct,protected_ground_particular_social_group,True,the Board determined that the harm was not caused “on account of” his particular social group because “the interest of the gang was to extort money from [Cruz-Ramirez and his] family”,171699,
17-71346-2020-06-17,https://cdn.ca9.uscourts.gov/datastore/memoranda/2020/06/17/17-71346.pdf,meta/llama-3.3-70b-instruct,past_persecution_physical_violence,True,the gang’s threatening notes and phone calls and the eventual murder of his uncle were directed at Cruz-Ramirez’s family,171699,
17-71346-2020-06-17,https://cdn.ca9.uscourts.gov/datastore/memoranda/2020/06/17/17-71346.pdf,meta/llama-3.3-70b-instruct,past_persecution_death_threats,True,the gang’s threatening notes and phone calls,171699,
17-71346-2020-06-17,https://cdn.ca9.uscourts.gov/datastore/memoranda/2020/06/17/17-71346.pdf,meta/llama-3.3-70b-instruct,persecutor_nongovernmental_actor,True,the interest of the gang was to extort money from [Cruz-Ramirez and his] family,171699,
17-71346-2020-06-17,https://cdn.ca9.uscourts.gov/datastore/memoranda/2020/06/17/17-71346.pdf,meta/llama-3.3-70b-instruct,credibility_finding,False,Not mentioned in the opinion.,171699,
17-71346-2020-06-17,https://cdn.ca9.uscourts.gov/datastore/memoranda/2020/06/17/17-71346.pdf,meta/llama-3.3-70b-instruct,bars_one_year_deadline_missed,False,Not mentioned in the opinion.,171699,
17-71346-2020-06-17,https://cdn.ca9.uscourts.gov/datastore/memoranda/2020/06/17/17-71346.pdf,meta/llama-3.3-70b-instruct,nexus_requirement_met,False,Substantial evidence supports the Board’s factual determination that Cruz-Ramirez failed to establish a nexus between the persecution he suffered and his membership in his family,171699,
17-71346-2020-06-17,https://cdn.ca9.uscourts.gov/datastore/memoranda/2020/06/17/17-71346.pdf,mistralai/mistral-large-3-675b-instruct-2512,asylum_requested,True,"Carlos Cruz-Ramirez petitions for review of a Board of Immigration Appeals (Board) order dismissing his appeal, in which he challenged an immigration judge’s (IJ) denial of his applications for asylum, withholding of removal, and Convention Against Torture (CAT) protection.",13856,
17-71346-2020-06-17,https://cdn.ca9.uscourts.gov/datastore/memoranda/2020/06/17/17-71346.pdf,mistralai/mistral-large-3-675b-instruct-2512,withholding_requested,True,"Carlos Cruz-Ramirez petitions for review of a Board of Immigration Appeals (Board) order dismissing his appeal, in which he challenged an immigration judge’s (IJ) denial of his applications for asylum, withholding of removal, and Convention Against Torture (CAT) protection.",13856,
17-71346-2020-06-17,https://cdn.ca9.uscourts.gov/datastore/memoranda/2020/06/17/17-71346.pdf,mistralai/mistral-large-3-675b-instruct-2512,CAT_requested,True,"Carlos Cruz-Ramirez petitions for review of a Board of Immigration Appeals (Board) order dismissing his appeal, in which he challenged an immigration judge’s (IJ) denial of his applications for asylum, withholding of removal, and Convention Against Torture (CAT) protection.",13856,
17-71346-2020-06-17,https://cdn.ca9.uscourts.gov/datastore/memoranda/2020/06/17/17-71346.pdf,mistralai/mistral-large-3-675b-instruct-2512,protected_ground_political_opinion,False,Not mentioned in the opinion.,13856,
17-71346-2020-06-17,https://cdn.ca9.uscourts.gov/datastore/memoranda/2020/06/17/17-71346.pdf,mistralai/mistral-large-3-675b-instruct-2512,protected_ground_particular_social_group,True,"The Board determined that the harm was not caused 'on account of' his particular social group because 'the interest of the gang was to extort money from [Cruz-Ramirez and his] family,' and that the gang’s purpose for targeting Cruz-Ramirez was merely to further that interest.",13856,
17-71346-2020-06-17,https://cdn.ca9.uscourts.gov/datastore/memoranda/2020/06/17/17-71346.pdf,mistralai/mistral-large-3-675b-instruct-2512,past_persecution_physical_violence,False,Not mentioned in the opinion.,13856,
17-71346-2020-06-17,https://cdn.ca9.uscourts.gov/datastore/memoranda/2020/06/17/17-71346.pdf,mistralai/mistral-large-3-675b-instruct-2512,past_persecution_death_threats,True,While the gang’s threatening notes and phone calls and the eventual murder of his uncle were directed at Cruz-Ramirez’s family...,13856,
17-71346-2020-06-17,https://cdn.ca9.uscourts.gov/datastore/memoranda/2020/06/17/17-71346.pdf,mistralai/mistral-large-3-675b-instruct-2512,persecutor_nongovernmental_actor,True,"the Board’s determination on this point technically conflicts with our precedents, see Ayala v. Sessions, 855 F.3d 1012, 1020–21 (9th Cir. 2017), the Board’s error was harmless because this conclusion was independent from the Board’s dispositive factual findings.",13856,
17-71346-2020-06-17,https://cdn.ca9.uscourts.gov/datastore/memoranda/2020/06/17/17-71346.pdf,mistralai/mistral-large-3-675b-instruct-2512,credibility_finding,False,Not mentioned in the opinion.,13856,
17-71346-2020-06-17,https://cdn.ca9.uscourts.gov/datastore/memoranda/2020/06/17/17-71346.pdf,mistralai/mistral-large-3-675b-instruct-2512,bars_one_year_deadline_missed,False,Not mentioned in the opinion.,13856,
17-71346-2020-06-17,https://cdn.ca9.uscourts.gov/datastore/memoranda/2020/06/17/17-71346.pdf,mistralai/mistral-large-3-675b-instruct-2512,nexus_requirement_met,False,Substantial evidence supports the Board’s factual determination that Cruz-Ramirez failed to establish a nexus between the persecution he suffered and his membership in his family.,13856,
25-120-2025-12-16,https://cdn.ca9.uscourts.gov/datastore/memoranda/2025/12/16/25-120.pdf,meta/llama-3.3-70b-instruct,asylum_requested,True,"Banderas Duarte's applications for asylum, withholding of removal, and protection under the Convention Against Torture (""CATragistics"")",107172,
25-120-2025-12-16,https://cdn.ca9.uscourts.gov/datastore/memoranda/2025/12/16/25-120.pdf,meta/llama-3.3-70b-instruct,withholding_requested,True,"Banderas Duarte's applications for asylum, withholding of removal, and protection under the Convention Against Torture (""CATragistics"")",107172,
25-120-2025-12-16,https://cdn.ca9.uscourts.gov/datastore/memoranda/2025/12/16/25-120.pdf,meta/llama-3.3-70b-instruct,CAT_requested,True,"Banderas Duarte's applications for asylum, withholding of removal, and protection under the Convention Against Torture (""CATragistics"")",107172,
25-120-2025-12-16,https://cdn.ca9.uscourts.gov/datastore/memoranda/2025/12/16/25-120.pdf,meta/llama-3.3-70b-instruct,protected_ground_political_opinion,False,Not mentioned in the opinion.,107172,
25-120-2025-12-16,https://cdn.ca9.uscourts.gov/datastore/memoranda/2025/12/16/25-120.pdf,meta/llama-3.3-70b-instruct,protected_ground_particular_social_group,True,"Banderas Duarte's I-589 application stated that she was assaulted several times ""and I think it was because I am a woman,""",107172,
25-120-2025-12-16,https://cdn.ca9.uscourts.gov/datastore/memoranda/2025/12/16/25-120.pdf,meta/llama-3.3-70b-instruct,past_persecution_physical_violence,True,Banderas Duarte was assaulted several times,107172,
25-120-2025-12-16,https://cdn.ca9.uscourts.gov/datastore/memoranda/2025/12/16/25-120.pdf,meta/llama-3.3-70b-instruct,past_persecution_death_threats,False,Not mentioned in the opinion.,107172,
25-120-2025-12-16,https://cdn.ca9.uscourts.gov/datastore/memoranda/2025/12/16/25-120.pdf,meta/llama-3.3-70b-instruct,persecutor_nongovernmental_actor,True,Lead Petitioner alleged that she was robbed 3 or 4 times while selling food,107172,
25-120-2025-12-16,https://cdn.ca9.uscourts.gov/datastore/memoranda/2025/12/16/25-120.pdf,meta/llama-3.3-70b-instruct,credibility_finding,False,Not mentioned in the opinion.,107172,
25-120-2025-12-16,https://cdn.ca9.uscourts.gov/datastore/memoranda/2025/12/16/25-120.pdf,meta/llama-3.3-70b-instruct,bars_one_year_deadline_missed,False,Not mentioned in the opinion.,107172,
25-120-2025-12-16,https://cdn.ca9.uscourts.gov/datastore/memoranda/2025/12/16/25-120.pdf,meta/llama-3.3-70b-instruct,nexus_requirement_met,False,"The BIA ruled that lead Petitioner could not demonstrate a ""nexus"" to any protected ground",107172,
25-120-2025-12-16,https://cdn.ca9.uscourts.gov/datastore/memoranda/2025/12/16/25-120.pdf,mistralai/mistral-large-3-675b-instruct-2512,asylum_requested,True,"Valeria Banderas Duarte, a native and citizen of Mexico, and her children as derivative asylum applicants, petition for review of the Board of Immigration Appeals’ (“BIA”) decision dismissing their appeal of the immigration judge’s (“IJ”) order denying Banderas Duarte’s applications for asylum, withholding of removal, and protection under the Convention Against Torture (“CAT”).",25359,
25-120-2025-12-16,https://cdn.ca9.uscourts.gov/datastore/memoranda/2025/12/16/25-120.pdf,mistralai/mistral-large-3-675b-instruct-2512,withholding_requested,True,"Valeria Banderas Duarte, a native and citizen of Mexico, and her children as derivative asylum applicants, petition for review of the Board of Immigration Appeals’ (“BIA”) decision dismissing their appeal of the immigration judge’s (“IJ”) order denying Banderas Duarte’s applications for asylum, withholding of removal, and protection under the Convention Against Torture (“CAT”).",25359,
25-120-2025-12-16,https://cdn.ca9.uscourts.gov/datastore/memoranda/2025/12/16/25-120.pdf,mistralai/mistral-large-3-675b-instruct-2512,CAT_requested,True,"Valeria Banderas Duarte, a native and citizen of Mexico, and her children as derivative asylum applicants, petition for review of the Board of Immigration Appeals’ (“BIA”) decision dismissing their appeal of the immigration judge’s (“IJ”) order denying Banderas Duarte’s applications for asylum, withholding of removal, and protection under the Convention Against Torture (“CAT”).",25359,
25-120-2025-12-16,https://cdn.ca9.uscourts.gov/datastore/memoranda/2025/12/16/25-120.pdf,mistralai/mistral-large-3-675b-instruct-2512,protected_ground_political_opinion,False,Not mentioned in the opinion.,25359,
25-120-2025-12-16,https://cdn.ca9.uscourts.gov/datastore/memoranda/2025/12/16/25-120.pdf,mistralai/mistral-large-3-675b-instruct-2512,protected_ground_particular_social_group,True,"Banderas Duarte’s I-589 application stated that she was assaulted several times 'and I think it was because I am a woman,' that she was 'afraid that they will do something to me because I am a woman,' and that '[t]he government does nothing to protect women.'",25359,
25-120-2025-12-16,https://cdn.ca9.uscourts.gov/datastore/memoranda/2025/12/16/25-120.pdf,mistralai/mistral-large-3-675b-instruct-2512,past_persecution_physical_violence,True,Lead Petitioner alleged that she was sexually abused by her brother when she was a minor.,25359,
25-120-2025-12-16,https://cdn.ca9.uscourts.gov/datastore/memoranda/2025/12/16/25-120.pdf,mistralai/mistral-large-3-675b-instruct-2512,past_persecution_death_threats,False,Not mentioned in the opinion.,25359,
25-120-2025-12-16,https://cdn.ca9.uscourts.gov/datastore/memoranda/2025/12/16/25-120.pdf,mistralai/mistral-large-3-675b-instruct-2512,persecutor_nongovernmental_actor,True,Lead Petitioner alleged that she was robbed 3 or 4 times while selling food... Lead Petitioner testified that the 'only reason' the robber took her money was 'just to do drugs.',25359,
25-120-2025-12-16,https://cdn.ca9.uscourts.gov/datastore/memoranda/2025/12/16/25-120.pdf,mistralai/mistral-large-3-675b-instruct-2512,credibility_finding,False,Not mentioned in the opinion.,25359,
25-120-2025-12-16,https://cdn.ca9.uscourts.gov/datastore/memoranda/2025/12/16/25-120.pdf,mistralai/mistral-large-3-675b-instruct-2512,bars_one_year_deadline_missed,False,Not mentioned in the opinion.,25359,
25-120-2025-12-16,https://cdn.ca9.uscourts.gov/datastore/memoranda/2025/12/16/25-120.pdf,mistralai/mistral-large-3-675b-instruct-2512,nexus_requirement_met,False,"The BIA ruled that lead Petitioner could not demonstrate a 'nexus' to any protected ground, which is dispositive on her asylum and withholding of removal claims.",25359,
18-70505-2020-12-07,https://cdn.ca9.uscourts.gov/datastore/memoranda/2020/12/07/18-70505.pdf,meta/llama-3.3-70b-instruct,asylum_requested,False,Not mentioned in the opinion.,242157,
18-70505-2020-12-07,https://cdn.ca9.uscourts.gov/datastore/memoranda/2020/12/07/18-70505.pdf,meta/llama-3.3-70b-instruct,withholding_requested,False,Not mentioned in the opinion.,242157,
18-70505-2020-12-07,https://cdn.ca9.uscourts.gov/datastore/memoranda/2020/12/07/18-70505.pdf,meta/llama-3.3-70b-instruct,CAT_requested,False,Not mentioned in the opinion.,242157,
18-70505-2020-12-07,https://cdn.ca9.uscourts.gov/datastore/memoranda/2020/12/07/18-70505.pdf,meta/llama-3.3-70b-instruct,protected_ground_political_opinion,False,Not mentioned in the opinion.,242157,
18-70505-2020-12-07,https://cdn.ca9.uscourts.gov/datastore/memoranda/2020/12/07/18-70505.pdf,meta/llama-3.3-70b-instruct,protected_ground_particular_social_group,False,Not mentioned in the opinion.,242157,
18-70505-2020-12-07,https://cdn.ca9.uscourts.gov/datastore/memoranda/2020/12/07/18-70505.pdf,meta/llama-3.3-70b-instruct,past_persecution_physical_violence,False,Not mentioned in the opinion.,242157,
18-70505-2020-12-07,https://cdn.ca9.uscourts.gov/datastore/memoranda/2020/12/07/18-70505.pdf,meta/llama-3.3-70b-instruct,past_persecution_death_threats,False,Not mentioned in the opinion.,242157,
18-70505-2020-12-07,https://cdn.ca9.uscourts.gov/datastore/memoranda/2020/12/07/18-70505.pdf,meta/llama-3.3-70b-instruct,persecutor_nongovernmental_actor,False,Not mentioned in the opinion.,242157,
18-70505-2020-12-07,https://cdn.ca9.uscourts.gov/datastore/memoranda/2020/12/07/18-70505.pdf,meta/llama-3.3-70b-instruct,credibility_finding,True,The BIA and IJ's finding that Li's second affidavit was 'inherently unbelievable' is not supported by substantial evidence.,242157,
18-70505-2020-12-07,https://cdn.ca9.uscourts.gov/datastore/memoranda/2020/12/07/18-70505.pdf,meta/llama-3.3-70b-instruct,bars_one_year_deadline_missed,False,Not mentioned in the opinion.,242157,
18-70505-2020-12-07,https://cdn.ca9.uscourts.gov/datastore/memoranda/2020/12/07/18-70505.pdf,meta/llama-3.3-70b-instruct,nexus_requirement_met,False,Not mentioned in the opinion.,242157,
18-70505-2020-12-07,https://cdn.ca9.uscourts.gov/datastore/memoranda/2020/12/07/18-70505.pdf,mistralai/mistral-large-3-675b-instruct-2512,asylum_requested,False,Not mentioned in the opinion.,18775,
18-70505-2020-12-07,https://cdn.ca9.uscourts.gov/datastore/memoranda/2020/12/07/18-70505.pdf,mistralai/mistral-large-3-675b-instruct-2512,withholding_requested,False,Not mentioned in the opinion.,18775,
18-70505-2020-12-07,https://cdn.ca9.uscourts.gov/datastore/memoranda/2020/12/07/18-70505.pdf,mistralai/mistral-large-3-675b-instruct-2512,CAT_requested,False,Not mentioned in the opinion.,18775,
18-70505-2020-12-07,https://cdn.ca9.uscourts.gov/datastore/memoranda/2020/12/07/18-70505.pdf,mistralai/mistral-large-3-675b-instruct-2512,protected_ground_political_opinion,False,Not mentioned in the opinion.,18775,
18-70505-2020-12-07,https://cdn.ca9.uscourts.gov/datastore/memoranda/2020/12/07/18-70505.pdf,mistralai/mistral-large-3-675b-instruct-2512,protected_ground_particular_social_group,False,Not mentioned in the opinion.,18775,
18-70505-2020-12-07,https://cdn.ca9.uscourts.gov/datastore/memoranda/2020/12/07/18-70505.pdf,mistralai/mistral-large-3-675b-instruct-2512,past_persecution_physical_violence,False,Not mentioned in the opinion.,18775,
18-70505-2020-12-07,https://cdn.ca9.uscourts.gov/datastore/memoranda/2020/12/07/18-70505.pdf,mistralai/mistral-large-3-675b-instruct-2512,past_persecution_death_threats,False,Not mentioned in the opinion.,18775,
18-70505-2020-12-07,https://cdn.ca9.uscourts.gov/datastore/memoranda/2020/12/07/18-70505.pdf,mistralai/mistral-large-3-675b-instruct-2512,persecutor_nongovernmental_actor,False,Not mentioned in the opinion.,18775,
18-70505-2020-12-07,https://cdn.ca9.uscourts.gov/datastore/memoranda/2020/12/07/18-70505.pdf,mistralai/mistral-large-3-675b-instruct-2512,credibility_finding,True,The BIA and IJ’s finding that Li’s second affidavit was 'inherently unbelievable' is not supported by substantial evidence.,18775,
18-70505-2020-12-07,https://cdn.ca9.uscourts.gov/datastore/memoranda/2020/12/07/18-70505.pdf,mistralai/mistral-large-3-675b-instruct-2512,bars_one_year_deadline_missed,False,Not mentioned in the opinion.,18775,
18-70505-2020-12-07,https://cdn.ca9.uscourts.gov/datastore/memoranda/2020/12/07/18-70505.pdf,mistralai/mistral-large-3-675b-instruct-2512,nexus_requirement_met,False,Not mentioned in the opinion.,18775,
18-71905-2021-01-28,https://cdn.ca9.uscourts.gov/datastore/memoranda/2021/01/28/18-71905.pdf,meta/llama-3.3-70b-instruct,asylum_requested,True,denying his application for asylum,471619,
18-71905-2021-01-28,https://cdn.ca9.uscourts.gov/datastore/memoranda/2021/01/28/18-71905.pdf,meta/llama-3.3-70b-instruct,withholding_requested,True,"denying his application for asylum, withholding of removal",471619,
18-71905-2021-01-28,https://cdn.ca9.uscourts.gov/datastore/memoranda/2021/01/28/18-71905.pdf,meta/llama-3.3-70b-instruct,CAT_requested,True,relief under the Convention Against Torture,471619,
18-71905-2021-01-28,https://cdn.ca9.uscourts.gov/datastore/memoranda/2021/01/28/18-71905.pdf,meta/llama-3.3-70b-instruct,protected_ground_political_opinion,False,Not mentioned in the opinion.,471619,
18-71905-2021-01-28,https://cdn.ca9.uscourts.gov/datastore/memoranda/2021/01/28/18-71905.pdf,meta/llama-3.3-70b-instruct,protected_ground_particular_social_group,False,Not mentioned in the opinion.,471619,
18-71905-2021-01-28,https://cdn.ca9.uscourts.gov/datastore/memoranda/2021/01/28/18-71905.pdf,meta/llama-3.3-70b-instruct,past_persecution_physical_violence,False,Not mentioned in the opinion.,471619,
18-71905-2021-01-28,https://cdn.ca9.uscourts.gov/datastore/memoranda/2021/01/28/18-71905.pdf,meta/llama-3.3-70b-instruct,past_persecution_death_threats,False,Not mentioned in the opinion.,471619,
18-71905-2021-01-28,https://cdn.ca9.uscourts.gov/datastore/memoranda/2021/01/28/18-71905.pdf,meta/llama-3.3-70b-instruct,persecutor_nongovernmental_actor,False,Not mentioned in the opinion.,471619,
18-71905-2021-01-28,https://cdn.ca9.uscourts.gov/datastore/memoranda/2021/01/28/18-71905.pdf,meta/llama-3.3-70b-instruct,credibility_finding,False,Not mentioned in the opinion.,471619,
18-71905-2021-01-28,https://cdn.ca9.uscourts.gov/datastore/memoranda/2021/01/28/18-71905.pdf,meta/llama-3.3-70b-instruct,bars_one_year_deadline_missed,False,Not mentioned in the opinion.,471619,
18-71905-2021-01-28,https://cdn.ca9.uscourts.gov/datastore/memoranda/2021/01/28/18-71905.pdf,meta/llama-3.3-70b-instruct,nexus_requirement_met,False,Not mentioned in the opinion.,471619,
18-71905-2021-01-28,https://cdn.ca9.uscourts.gov/datastore/memoranda/2021/01/28/18-71905.pdf,mistralai/mistral-large-3-675b-instruct-2512,asylum_requested,True,"denying his application for asylum, withholding of removal, and relief under the Convention Against Torture.",3788,
18-71905-2021-01-28,https://cdn.ca9.uscourts.gov/datastore/memoranda/2021/01/28/18-71905.pdf,mistralai/mistral-large-3-675b-instruct-2512,withholding_requested,True,"denying his application for asylum, withholding of removal, and relief under the Convention Against Torture.",3788,
18-71905-2021-01-28,https://cdn.ca9.uscourts.gov/datastore/memoranda/2021/01/28/18-71905.pdf,mistralai/mistral-large-3-675b-instruct-2512,CAT_requested,True,"denying his application for asylum, withholding of removal, and relief under the Convention Against Torture.",3788,
18-71905-2021-01-28,https://cdn.ca9.uscourts.gov/datastore/memoranda/2021/01/28/18-71905.pdf,mistralai/mistral-large-3-675b-instruct-2512,protected_ground_political_opinion,False,Not mentioned in the opinion.,3788,
18-71905-2021-01-28,https://cdn.ca9.uscourts.gov/datastore/memoranda/2021/01/28/18-71905.pdf,mistralai/mistral-large-3-675b-instruct-2512,protected_ground_particular_social_group,False,Not mentioned in the opinion.,3788,
18-71905-2021-01-28,https://cdn.ca9.uscourts.gov/datastore/memoranda/2021/01/28/18-71905.pdf,mistralai/mistral-large-3-675b-instruct-2512,past_persecution_physical_violence,False,Not mentioned in the opinion.,3788,
18-71905-2021-01-28,https://cdn.ca9.uscourts.gov/datastore/memoranda/2021/01/28/18-71905.pdf,mistralai/mistral-large-3-675b-instruct-2512,past_persecution_death_threats,False,Not mentioned in the opinion.,3788,
18-71905-2021-01-28,https://cdn.ca9.uscourts.gov/datastore/memoranda/2021/01/28/18-71905.pdf,mistralai/mistral-large-3-675b-instruct-2512,persecutor_nongovernmental_actor,False,Not mentioned in the opinion.,3788,
18-71905-2021-01-28,https://cdn.ca9.uscourts.gov/datastore/memoranda/2021/01/28/18-71905.pdf,mistralai/mistral-large-3-675b-instruct-2512,credibility_finding,False,Not mentioned in the opinion.,3788,
18-71905-2021-01-28,https://cdn.ca9.uscourts.gov/datastore/memoranda/2021/01/28/18-71905.pdf,mistralai/mistral-large-3-675b-instruct-2512,bars_one_year_deadline_missed,False,Not mentioned in the opinion.,3788,
18-71905-2021-01-28,https://cdn.ca9.uscourts.gov/datastore/memoranda/2021/01/28/18-71905.pdf,mistralai/mistral-large-3-675b-instruct-2512,nexus_requirement_met,False,Not mentioned in the opinion.,3788,
18-70084-2020-07-17,https://cdn.ca9.uscourts.gov/datastore/memoranda/2020/07/17/18-70084.pdf,meta/llama-3.3-70b-instruct,asylum_requested,False,Not mentioned in the opinion.,527978,
18-70084-2020-07-17,https://cdn.ca9.uscourts.gov/datastore/memoranda/2020/07/17/18-70084.pdf,meta/llama-3.3-70b-instruct,withholding_requested,False,Not mentioned in the opinion.,527978,
18-70084-2020-07-17,https://cdn.ca9.uscourts.gov/datastore/memoranda/2020/07/17/18-70084.pdf,meta/llama-3.3-70b-instruct,CAT_requested,True,He petitions for review of the Board of Immigration Appeals’ (BIA) denial of relief under the Convention against Torture (CAT).,527978,
18-70084-2020-07-17,https://cdn.ca9.uscourts.gov/datastore/memoranda/2020/07/17/18-70084.pdf,meta/llama-3.3-70b-instruct,protected_ground_political_opinion,False,Not mentioned in the opinion.,527978,
18-70084-2020-07-17,https://cdn.ca9.uscourts.gov/datastore/memoranda/2020/07/17/18-70084.pdf,meta/llama-3.3-70b-instruct,protected_ground_particular_social_group,False,Not mentioned in the opinion.,527978,
18-70084-2020-07-17,https://cdn.ca9.uscourts.gov/datastore/memoranda/2020/07/17/18-70084.pdf,meta/llama-3.3-70b-instruct,past_persecution_physical_violence,True,"As many as seven members of his family in Honduras have suffered gang attacks, including rape, brutal beatings and shootings.",527978,
18-70084-2020-07-17,https://cdn.ca9.uscourts.gov/datastore/memoranda/2020/07/17/18-70084.pdf,meta/llama-3.3-70b-instruct,past_persecution_death_threats,False,Not mentioned in the opinion.,527978,
18-70084-2020-07-17,https://cdn.ca9.uscourts.gov/datastore/memoranda/2020/07/17/18-70084.pdf,meta/llama-3.3-70b-instruct,persecutor_nongovernmental_actor,True,"Because of his family membership, he would be a target for gangs.",527978,
18-70084-2020-07-17,https://cdn.ca9.uscourts.gov/datastore/memoranda/2020/07/17/18-70084.pdf,meta/llama-3.3-70b-instruct,credibility_finding,False,Not mentioned in the opinion.,527978,
18-70084-2020-07-17,https://cdn.ca9.uscourts.gov/datastore/memoranda/2020/07/17/18-70084.pdf,meta/llama-3.3-70b-instruct,bars_one_year_deadline_missed,False,Not mentioned in the opinion.,527978,
18-70084-2020-07-17,https://cdn.ca9.uscourts.gov/datastore/memoranda/2020/07/17/18-70084.pdf,meta/llama-3.3-70b-instruct,nexus_requirement_met,True,The evidence compels the conclusion that petitioner would more likely than not face severe pain and suffering if returned.,527978,
18-70084-2020-07-17,https://cdn.ca9.uscourts.gov/datastore/memoranda/2020/07/17/18-70084.pdf,mistralai/mistral-large-3-675b-instruct-2512,asylum_requested,False,Not mentioned in the opinion.,38992,
18-70084-2020-07-17,https://cdn.ca9.uscourts.gov/datastore/memoranda/2020/07/17/18-70084.pdf,mistralai/mistral-large-3-675b-instruct-2512,withholding_requested,False,Not mentioned in the opinion.,38992,
18-70084-2020-07-17,https://cdn.ca9.uscourts.gov/datastore/memoranda/2020/07/17/18-70084.pdf,mistralai/mistral-large-3-675b-instruct-2512,CAT_requested,True,He petitions for review of the Board of Immigration Appeals’ (BIA) denial of relief under the Convention against Torture (CAT).,38992,
18-70084-2020-07-17,https://cdn.ca9.uscourts.gov/datastore/memoranda/2020/07/17/18-70084.pdf,mistralai/mistral-large-3-675b-instruct-2512,protected_ground_political_opinion,False,Not mentioned in the opinion.,38992,
18-70084-2020-07-17,https://cdn.ca9.uscourts.gov/datastore/memoranda/2020/07/17/18-70084.pdf,mistralai/mistral-large-3-675b-instruct-2512,protected_ground_particular_social_group,True,"Because of his family membership, he would be a target for gangs.",38992,
18-70084-2020-07-17,https://cdn.ca9.uscourts.gov/datastore/memoranda/2020/07/17/18-70084.pdf,mistralai/mistral-large-3-675b-instruct-2512,past_persecution_physical_violence,True,"As many as seven members of his family in Honduras have suffered gang attacks, including rape, brutal beatings and shootings.",38992,
18-70084-2020-07-17,https://cdn.ca9.uscourts.gov/datastore/memoranda/2020/07/17/18-70084.pdf,mistralai/mistral-large-3-675b-instruct-2512,past_persecution_death_threats,False,Not mentioned in the opinion.,38992,
18-70084-2020-07-17,https://cdn.ca9.uscourts.gov/datastore/memoranda/2020/07/17/18-70084.pdf,mistralai/mistral-large-3-675b-instruct-2512,persecutor_nongovernmental_actor,True,"Because of his family membership, he would be a target for gangs.",38992,
18-70084-2020-07-17,https://cdn.ca9.uscourts.gov/datastore/memoranda/2020/07/17/18-70084.pdf,mistralai/mistral-large-3-675b-instruct-2512,credibility_finding,False,Not mentioned in the opinion.,38992,
18-70084-2020-07-17,https://cdn.ca9.uscourts.gov/datastore/memoranda/2020/07/17/18-70084.pdf,mistralai/mistral-large-3-675b-instruct-2512,bars_one_year_deadline_missed,False,Not mentioned in the opinion.,38992,
18-70084-2020-07-17,https://cdn.ca9.uscourts.gov/datastore/memoranda/2020/07/17/18-70084.pdf,mistralai/mistral-large-3-675b-instruct-2512,nexus_requirement_met,False,Not mentioned in the opinion.,38992,
24-2787-2025-05-16,https://cdn.ca9.uscourts.gov/datastore/memoranda/2025/05/16/24-2787.pdf,meta/llama-3.3-70b-instruct,asylum_requested,True,Petitioners petition for review of a decision by the Board of Immigration Appeals (BIA) dismissing their appeal of a ruling by an Immigration Judge (IJ) that denied their applications for asylum,456275,
24-2787-2025-05-16,https://cdn.ca9.uscourts.gov/datastore/memoranda/2025/05/16/24-2787.pdf,meta/llama-3.3-70b-instruct,withholding_requested,True,Petitioners petition for review of a decision by the Board of Immigration Appeals (BIA) dismissing their appeal of a ruling by an Immigration Judge (IJ) that denied their applications for withholding of removal,456275,
24-2787-2025-05-16,https://cdn.ca9.uscourts.gov/datastore/memoranda/2025/05/16/24-2787.pdf,meta/llama-3.3-70b-instruct,CAT_requested,True,Petitioners petition for review of a decision by the Board of Immigration Appeals (BIA) dismissing their appeal of a ruling by an Immigration Judge (IJ) that denied their applications for relief under the Convention Against Torture (CAT),456275,
24-2787-2025-05-16,https://cdn.ca9.uscourts.gov/datastore/memoranda/2025/05/16/24-2787.pdf,meta/llama-3.3-70b-instruct,protected_ground_political_opinion,True,"Alba testified that, after participating in an April 2018 antigovernment march, she received threatening text messages warning that if Petitioners 'kept supporting the protests, [they] [would] be imprisoned and tortured'",456275,
24-2787-2025-05-16,https://cdn.ca9.uscourts.gov/datastore/memoranda/2025/05/16/24-2787.pdf,meta/llama-3.3-70b-instruct,protected_ground_particular_social_group,False,Not mentioned in the opinion.,456275,
24-2787-2025-05-16,https://cdn.ca9.uscourts.gov/datastore/memoranda/2025/05/16/24-2787.pdf,meta/llama-3.3-70b-instruct,past_persecution_physical_violence,True,"paramilitary officers assaulted Lester with a large rock that dislocated his foot, telling Lester 'that [was] what [he got] for not supporting the Nicaraguan government and the [Nicaraguan Institute of Social Security']",456275,
24-2787-2025-05-16,https://cdn.ca9.uscourts.gov/datastore/memoranda/2025/05/16/24-2787.pdf,meta/llama-3.3-70b-instruct,past_persecution_death_threats,True,"The officers threatened that if he 'continued supporting the marches, they would kill him and his family'",456275,
24-2787-2025-05-16,https://cdn.ca9.uscourts.gov/datastore/memoranda/2025/05/16/24-2787.pdf,meta/llama-3.3-70b-instruct,persecutor_nongovernmental_actor,True,paramilitary officers assaulted Lester with a large rock that dislocated his foot,456275,
24-2787-2025-05-16,https://cdn.ca9.uscourts.gov/datastore/memoranda/2025/05/16/24-2787.pdf,meta/llama-3.3-70b-instruct,credibility_finding,True,The IJ found the testimony and declarations of Petitioners to be credible and gave the evidence full weight,456275,
24-2787-2025-05-16,https://cdn.ca9.uscourts.gov/datastore/memoranda/2025/05/16/24-2787.pdf,meta/llama-3.3-70b-instruct,bars_one_year_deadline_missed,False,Not mentioned in the opinion.,456275,
24-2787-2025-05-16,https://cdn.ca9.uscourts.gov/datastore/memoranda/2025/05/16/24-2787.pdf,meta/llama-3.3-70b-instruct,nexus_requirement_met,False,Not mentioned in the opinion.,456275,
24-2787-2025-05-16,https://cdn.ca9.uscourts.gov/datastore/memoranda/2025/05/16/24-2787.pdf,mistralai/mistral-large-3-675b-instruct-2512,asylum_requested,True,"denied their applications for asylum, withholding of removal, and relief under the Convention Against Torture (CAT).",6179,
24-2787-2025-05-16,https://cdn.ca9.uscourts.gov/datastore/memoranda/2025/05/16/24-2787.pdf,mistralai/mistral-large-3-675b-instruct-2512,withholding_requested,True,"denied their applications for asylum, withholding of removal, and relief under the Convention Against Torture (CAT).",6179,
24-2787-2025-05-16,https://cdn.ca9.uscourts.gov/datastore/memoranda/2025/05/16/24-2787.pdf,mistralai/mistral-large-3-675b-instruct-2512,CAT_requested,True,"denied their applications for asylum, withholding of removal, and relief under the Convention Against Torture (CAT).",6179,
24-2787-2025-05-16,https://cdn.ca9.uscourts.gov/datastore/memoranda/2025/05/16/24-2787.pdf,mistralai/mistral-large-3-675b-instruct-2512,protected_ground_political_opinion,True,"Alba testified that, after participating in an April 2018 antigovernment march, she received threatening text messages warning that if Petitioners 'kept supporting the protests, [they] [would] be imprisoned and tortured.'",6179,
24-2787-2025-05-16,https://cdn.ca9.uscourts.gov/datastore/memoranda/2025/05/16/24-2787.pdf,mistralai/mistral-large-3-675b-instruct-2512,protected_ground_particular_social_group,False,Not mentioned in the opinion.,6179,
24-2787-2025-05-16,https://cdn.ca9.uscourts.gov/datastore/memoranda/2025/05/16/24-2787.pdf,mistralai/mistral-large-3-675b-instruct-2512,past_persecution_physical_violence,True,"paramilitary officers assaulted Lester with a large rock that dislocated his foot, telling Lester 'that [was] what [he got] for not supporting the Nicaraguan government and the [Nicaraguan Institute of Social Security].'",6179,
24-2787-2025-05-16,https://cdn.ca9.uscourts.gov/datastore/memoranda/2025/05/16/24-2787.pdf,mistralai/mistral-large-3-675b-instruct-2512,past_persecution_death_threats,True,"Alba’s father was imprisoned for one week and was told by officers that he was 'incarcerated because he did not support the Nicaraguan government.' The officers threatened that if he 'continued supporting the marches, they would kill him and his family.'",6179,
24-2787-2025-05-16,https://cdn.ca9.uscourts.gov/datastore/memoranda/2025/05/16/24-2787.pdf,mistralai/mistral-large-3-675b-instruct-2512,persecutor_nongovernmental_actor,True,paramilitary officers assaulted Lester with a large rock...,6179,
24-2787-2025-05-16,https://cdn.ca9.uscourts.gov/datastore/memoranda/2025/05/16/24-2787.pdf,mistralai/mistral-large-3-675b-instruct-2512,credibility_finding,True,The IJ found the testimony and declarations of Petitioners to be credible and gave the evidence full weight.,6179,
24-2787-2025-05-16,https://cdn.ca9.uscourts.gov/datastore/memoranda/2025/05/16/24-2787.pdf,mistralai/mistral-large-3-675b-instruct-2512,bars_one_year_deadline_missed,False,Not mentioned in the opinion.,6179,
24-2787-2025-05-16,https://cdn.ca9.uscourts.gov/datastore/memoranda/2025/05/16/24-2787.pdf,mistralai/mistral-large-3-675b-instruct-2512,nexus_requirement_met,False,"We leave the remaining elements of past persecution (that 'the persecution was on account of one or more protected grounds' and that 'the persecution was committed by the government, or by forces that the government was unable or unwilling to control') to be addressed on remand.",6179,
17-70324-2020-08-10,https://cdn.ca9.uscourts.gov/datastore/memoranda/2020/08/10/17-70324.pdf,mistralai/mistral-large-3-675b-instruct-2512,asylum_requested,True,"Chengyong Weng, a native and citizen of China, petitions for review of the Board of Immigration Appeals’ (“BIA”) order dismissing his appeal from an immigration judge’s decision denying his application for asylum, withholding of removal, and relief under the Convention Against Torture (“CAT”).",45600,
17-70324-2020-08-10,https://cdn.ca9.uscourts.gov/datastore/memoranda/2020/08/10/17-70324.pdf,mistralai/mistral-large-3-675b-instruct-2512,withholding_requested,True,"Chengyong Weng, a native and citizen of China, petitions for review of the Board of Immigration Appeals’ (“BIA”) order dismissing his appeal from an immigration judge’s decision denying his application for asylum, withholding of removal, and relief under the Convention Against Torture (“CAT”).",45600,
17-70324-2020-08-10,https://cdn.ca9.uscourts.gov/datastore/memoranda/2020/08/10/17-70324.pdf,mistralai/mistral-large-3-675b-instruct-2512,CAT_requested,True,"Chengyong Weng, a native and citizen of China, petitions for review of the Board of Immigration Appeals’ (“BIA”) order dismissing his appeal from an immigration judge’s decision denying his application for asylum, withholding of removal, and relief under the Convention Against Torture (“CAT”).",45600,
17-70324-2020-08-10,https://cdn.ca9.uscourts.gov/datastore/memoranda/2020/08/10/17-70324.pdf,mistralai/mistral-large-3-675b-instruct-2512,protected_ground_political_opinion,False,Not mentioned in the opinion.,45600,
17-70324-2020-08-10,https://cdn.ca9.uscourts.gov/datastore/memoranda/2020/08/10/17-70324.pdf,mistralai/mistral-large-3-675b-instruct-2512,protected_ground_particular_social_group,False,Not mentioned in the opinion.,45600,
17-70324-2020-08-10,https://cdn.ca9.uscourts.gov/datastore/memoranda/2020/08/10/17-70324.pdf,mistralai/mistral-large-3-675b-instruct-2512,past_persecution_physical_violence,False,Not mentioned in the opinion.,45600,
17-70324-2020-08-10,https://cdn.ca9.uscourts.gov/datastore/memoranda/2020/08/10/17-70324.pdf,mistralai/mistral-large-3-675b-instruct-2512,past_persecution_death_threats,False,Not mentioned in the opinion.,45600,
17-70324-2020-08-10,https://cdn.ca9.uscourts.gov/datastore/memoranda/2020/08/10/17-70324.pdf,mistralai/mistral-large-3-675b-instruct-2512,persecutor_nongovernmental_actor,False,Not mentioned in the opinion.,45600,
17-70324-2020-08-10,https://cdn.ca9.uscourts.gov/datastore/memoranda/2020/08/10/17-70324.pdf,mistralai/mistral-large-3-675b-instruct-2512,credibility_finding,True,Substantial evidence supports the agency’s adverse credibility determination based on inconsistencies between Weng’s testimony and documentary evidence as to when he began planning to travel to the United States.,45600,
17-70324-2020-08-10,https://cdn.ca9.uscourts.gov/datastore/memoranda/2020/08/10/17-70324.pdf,mistralai/mistral-large-3-675b-instruct-2512,bars_one_year_deadline_missed,False,Not mentioned in the opinion.,45600,
17-70324-2020-08-10,https://cdn.ca9.uscourts.gov/datastore/memoranda/2020/08/10/17-70324.pdf,mistralai/mistral-large-3-675b-instruct-2512,nexus_requirement_met,False,Not mentioned in the opinion.,45600,
20-71340-2021-05-10,https://cdn.ca9.uscourts.gov/datastore/memoranda/2021/05/10/20-71340.pdf,meta/llama-3.3-70b-instruct,asylum_requested,False,Not mentioned in the opinion.,723112,
20-71340-2021-05-10,https://cdn.ca9.uscourts.gov/datastore/memoranda/2021/05/10/20-71340.pdf,meta/llama-3.3-70b-instruct,withholding_requested,False,Not mentioned in the opinion.,723112,
20-71340-2021-05-10,https://cdn.ca9.uscourts.gov/datastore/memoranda/2021/05/10/20-71340.pdf,meta/llama-3.3-70b-instruct,CAT_requested,True,"Petitioner Guillermo Avila-Arias (""Avila-Arias"") petitions for review of the Board of Immigration Appeals' (""BIA"" or ""Board"") decision denying his application for deferral of removal under the Convention Against Torture (""CAT/>.""",723112,
20-71340-2021-05-10,https://cdn.ca9.uscourts.gov/datastore/memoranda/2021/05/10/20-71340.pdf,meta/llama-3.3-70b-instruct,protected_ground_political_opinion,False,Not mentioned in the opinion.,723112,
20-71340-2021-05-10,https://cdn.ca9.uscourts.gov/datastore/memoranda/2021/05/10/20-71340.pdf,meta/llama-3.3-70b-instruct,protected_ground_particular_social_group,False,Not mentioned in the opinion.,723112,
20-71340-2021-05-10,https://cdn.ca9.uscourts.gov/datastore/memoranda/2021/05/10/20-71340.pdf,meta/llama-3.3-70b-instruct,past_persecution_physical_violence,False,Not mentioned in the opinion.,723112,
20-71340-2021-05-10,https://cdn.ca9.uscourts.gov/datastore/memoranda/2021/05/10/20-71340.pdf,meta/llama-3.3-70b-instruct,past_persecution_death_threats,True,"The BIA reviewed the record evidence, incorporated the IJ's analysis, and added its own reasoning that the circumstances surrounding the death threats and attempted abduction Avila-Arias suffered did not amount to the ""extreme and prolonged cruel and inhuman treatment"" that define torture.",723112,
20-71340-2021-05-10,https://cdn.ca9.uscourts.gov/datastore/memoranda/2021/05/10/20-71340.pdf,meta/llama-3.3-70b-instruct,persecutor_nongovernmental_actor,True,"Dr. Gonzales described why La Union cartel viewed Avila-Arias to be a high priority target, that it is ""highly likely"" that the cartel would seek to ""capture him, hurt him, most likely torture him,"" and that La Union holds immense influence in national criminal networks, which enables it to act effectively on its interests anywhere in the country.",723112,
20-71340-2021-05-10,https://cdn.ca9.uscourts.gov/datastore/memoranda/2021/05/10/20-71340.pdf,meta/llama-3.3-70b-instruct,credibility_finding,True,"The IJ found him entirely dishonest because ""the nature of [Avila-Arias's] testimony impact[ed] his credibility to such an extent that the court [found] that his entire testimony [was] incredible.""",723112,
20-71340-2021-05-10,https://cdn.ca9.uscourts.gov/datastore/memoranda/2021/05/10/20-71340.pdf,meta/llama-3.3-70b-instruct,bars_one_year_deadline_missed,False,Not mentioned in the opinion.,723112,
20-71340-2021-05-10,https://cdn.ca9.uscourts.gov/datastore/memoranda/2021/05/10/20-71340.pdf,meta/llama-3.3-70b-instruct,nexus_requirement_met,False,Not mentioned in the opinion.,723112,
20-71340-2021-05-10,https://cdn.ca9.uscourts.gov/datastore/memoranda/2021/05/10/20-71340.pdf,mistralai/mistral-large-3-675b-instruct-2512,asylum_requested,False,Not mentioned in the opinion.,7080,
20-71340-2021-05-10,https://cdn.ca9.uscourts.gov/datastore/memoranda/2021/05/10/20-71340.pdf,mistralai/mistral-large-3-675b-instruct-2512,withholding_requested,False,Not mentioned in the opinion.,7080,
20-71340-2021-05-10,https://cdn.ca9.uscourts.gov/datastore/memoranda/2021/05/10/20-71340.pdf,mistralai/mistral-large-3-675b-instruct-2512,CAT_requested,True,Petitioner Guillermo Avila-Arias (“Avila-Arias”) petitions for review of the Board of Immigration Appeals’ (“BIA” or “Board”) decision denying his application for deferral of removal under the Convention Against Torture (“CAT”).,7080,
20-71340-2021-05-10,https://cdn.ca9.uscourts.gov/datastore/memoranda/2021/05/10/20-71340.pdf,mistralai/mistral-large-3-675b-instruct-2512,protected_ground_political_opinion,False,Not mentioned in the opinion.,7080,
20-71340-2021-05-10,https://cdn.ca9.uscourts.gov/datastore/memoranda/2021/05/10/20-71340.pdf,mistralai/mistral-large-3-675b-instruct-2512,protected_ground_particular_social_group,False,Not mentioned in the opinion.,7080,
20-71340-2021-05-10,https://cdn.ca9.uscourts.gov/datastore/memoranda/2021/05/10/20-71340.pdf,mistralai/mistral-large-3-675b-instruct-2512,past_persecution_physical_violence,False,Not mentioned in the opinion.,7080,
20-71340-2021-05-10,https://cdn.ca9.uscourts.gov/datastore/memoranda/2021/05/10/20-71340.pdf,mistralai/mistral-large-3-675b-instruct-2512,past_persecution_death_threats,True,the circumstances surrounding the death threats and attempted abduction Avila-Arias suffered did not amount to the 'extreme and prolonged cruel and inhuman treatment' that define torture.,7080,
20-71340-2021-05-10,https://cdn.ca9.uscourts.gov/datastore/memoranda/2021/05/10/20-71340.pdf,mistralai/mistral-large-3-675b-instruct-2512,persecutor_nongovernmental_actor,True,"Dr. Gonzales described why La Union cartel viewed Avila-Arias to be a high priority target, that it is 'highly likely' that the cartel would seek to 'capture him, hurt him, most likely torture him,' and that La Union holds immense influence in national criminal networks, which enables it to act effectively on its interests anywhere in the country.",7080,
20-71340-2021-05-10,https://cdn.ca9.uscourts.gov/datastore/memoranda/2021/05/10/20-71340.pdf,mistralai/mistral-large-3-675b-instruct-2512,credibility_finding,True,the IJ found him entirely dishonest because 'the nature of [Avila-Arias’s] testimony impact[ed] his credibility to such an extent that the court [found] that his entire testimony [was] incredible.',7080,
20-71340-2021-05-10,https://cdn.ca9.uscourts.gov/datastore/memoranda/2021/05/10/20-71340.pdf,mistralai/mistral-large-3-675b-instruct-2512,bars_one_year_deadline_missed,False,Not mentioned in the opinion.,7080,
20-71340-2021-05-10,https://cdn.ca9.uscourts.gov/datastore/memoranda/2021/05/10/20-71340.pdf,mistralai/mistral-large-3-675b-instruct-2512,nexus_requirement_met,False,Not mentioned in the opinion.,7080,
19-71833-2021-03-23,https://cdn.ca9.uscourts.gov/datastore/memoranda/2021/03/23/19-71833.pdf,meta/llama-3.3-70b-instruct,asylum_requested,False,Not mentioned in the opinion.,160252,
19-71833-2021-03-23,https://cdn.ca9.uscourts.gov/datastore/memoranda/2021/03/23/19-71833.pdf,meta/llama-3.3-70b-instruct,withholding_requested,False,Not mentioned in the opinion.,160252,
19-71833-2021-03-23,https://cdn.ca9.uscourts.gov/datastore/memoranda/2021/03/23/19-71833.pdf,meta/llama-3.3-70b-instruct,CAT_requested,False,Not mentioned in the opinion.,160252,
19-71833-2021-03-23,https://cdn.ca9.uscourts.gov/datastore/memoranda/2021/03/23/19-71833.pdf,meta/llama-3.3-70b-instruct,protected_ground_political_opinion,False,Not mentioned in the opinion.,160252,
19-71833-2021-03-23,https://cdn.ca9.uscourts.gov/datastore/memoranda/2021/03/23/19-71833.pdf,meta/llama-3.3-70b-instruct,protected_ground_particular_social_group,False,Not mentioned in the opinion.,160252,
19-71833-2021-03-23,https://cdn.ca9.uscourts.gov/datastore/memoranda/2021/03/23/19-71833.pdf,meta/llama-3.3-70b-instruct,past_persecution_physical_violence,False,Not mentioned in the opinion.,160252,
19-71833-2021-03-23,https://cdn.ca9.uscourts.gov/datastore/memoranda/2021/03/23/19-71833.pdf,meta/llama-3.3-70b-instruct,past_persecution_death_threats,False,Not mentioned in the opinion.,160252,
19-71833-2021-03-23,https://cdn.ca9.uscourts.gov/datastore/memoranda/2021/03/23/19-71833.pdf,meta/llama-3.3-70b-instruct,persecutor_nongovernmental_actor,False,Not mentioned in the opinion.,160252,
19-71833-2021-03-23,https://cdn.ca9.uscourts.gov/datastore/memoranda/2021/03/23/19-71833.pdf,meta/llama-3.3-70b-instruct,credibility_finding,False,Not mentioned in the opinion.,160252,
19-71833-2021-03-23,https://cdn.ca9.uscourts.gov/datastore/memoranda/2021/03/23/19-71833.pdf,meta/llama-3.3-70b-instruct,bars_one_year_deadline_missed,True,"See Singh v. Lynch, 835 F.3d 880, 882 (9th Cir. 2016) (""A petition for review must be filed not later than 30 days after the date of the final order of removal.
The BIA did not abuse its discretion in denying petitioners’ motion to reconsider, where they did not allege factual or legal error in the underlying BIA decision denying their application for relief from removal.",160252,
19-71833-2021-03-23,https://cdn.ca9.uscourts.gov/datastore/memoranda/2021/03/23/19-71833.pdf,meta/llama-3.3-70b-instruct,nexus_requirement_met,False,Not mentioned in the opinion.,160252,
19-71833-2021-03-23,https://cdn.ca9.uscourts.gov/datastore/memoranda/2021/03/23/19-71833.pdf,mistralai/mistral-large-3-675b-instruct-2512,asylum_requested,False,Not mentioned in the opinion.,86292,
19-71833-2021-03-23,https://cdn.ca9.uscourts.gov/datastore/memoranda/2021/03/23/19-71833.pdf,mistralai/mistral-large-3-675b-instruct-2512,withholding_requested,False,Not mentioned in the opinion.,86292,
19-71833-2021-03-23,https://cdn.ca9.uscourts.gov/datastore/memoranda/2021/03/23/19-71833.pdf,mistralai/mistral-large-3-675b-instruct-2512,CAT_requested,False,Not mentioned in the opinion.,86292,
19-71833-2021-03-23,https://cdn.ca9.uscourts.gov/datastore/memoranda/2021/03/23/19-71833.pdf,mistralai/mistral-large-3-675b-instruct-2512,protected_ground_political_opinion,False,Not mentioned in the opinion.,86292,
19-71833-2021-03-23,https://cdn.ca9.uscourts.gov/datastore/memoranda/2021/03/23/19-71833.pdf,mistralai/mistral-large-3-675b-instruct-2512,protected_ground_particular_social_group,False,Not mentioned in the opinion.,86292,
19-71833-2021-03-23,https://cdn.ca9.uscourts.gov/datastore/memoranda/2021/03/23/19-71833.pdf,mistralai/mistral-large-3-675b-instruct-2512,past_persecution_physical_violence,False,Not mentioned in the opinion.,86292,
19-71833-2021-03-23,https://cdn.ca9.uscourts.gov/datastore/memoranda/2021/03/23/19-71833.pdf,mistralai/mistral-large-3-675b-instruct-2512,past_persecution_death_threats,False,Not mentioned in the opinion.,86292,
19-71833-2021-03-23,https://cdn.ca9.uscourts.gov/datastore/memoranda/2021/03/23/19-71833.pdf,mistralai/mistral-large-3-675b-instruct-2512,persecutor_nongovernmental_actor,False,Not mentioned in the opinion.,86292,
19-71833-2021-03-23,https://cdn.ca9.uscourts.gov/datastore/memoranda/2021/03/23/19-71833.pdf,mistralai/mistral-large-3-675b-instruct-2512,credibility_finding,False,Not mentioned in the opinion.,86292,
19-71833-2021-03-23,https://cdn.ca9.uscourts.gov/datastore/memoranda/2021/03/23/19-71833.pdf,mistralai/mistral-large-3-675b-instruct-2512,bars_one_year_deadline_missed,False,Not mentioned in the opinion.,86292,
19-71833-2021-03-23,https://cdn.ca9.uscourts.gov/datastore/memoranda/2021/03/23/19-71833.pdf,mistralai/mistral-large-3-675b-instruct-2512,nexus_requirement_met,False,Not mentioned in the opinion.,86292,
16-72752-2022-04-26,https://cdn.ca9.uscourts.gov/datastore/opinions/2022/04/26/16-72752.pdf,meta/llama-3.3-70b-instruct,asylum_requested,True,"He argues that if he is returned to Mexico, he will be persecuted on account of his membership in a particular social group, see 8 U.S.C. §§ 1101(a)(42)(A), 1231(b)(3), consisting of “individuals who are associated with the police and law enforcement in Mexico and who are at war with criminal elements there.”",136578,
16-72752-2022-04-26,https://cdn.ca9.uscourts.gov/datastore/opinions/2022/04/26/16-72752.pdf,meta/llama-3.3-70b-instruct,withholding_requested,True,"He filed a motion to reopen his 1997 removal proceedings so that he could file applications for asylum, withholding of removal, and protection under the Convention Against Torture (CAT).",136578,
16-72752-2022-04-26,https://cdn.ca9.uscourts.gov/datastore/opinions/2022/04/26/16-72752.pdf,meta/llama-3.3-70b-instruct,CAT_requested,True,"He filed a motion to reopen his 1997 removal proceedings so that he could file applications for asylum, withholding of removal, and protection under the Convention Against Torture (CAT).",136578,
16-72752-2022-04-26,https://cdn.ca9.uscourts.gov/datastore/opinions/2022/04/26/16-72752.pdf,meta/llama-3.3-70b-instruct,protected_ground_political_opinion,False,Not mentioned in the opinion.,136578,
16-72752-2022-04-26,https://cdn.ca9.uscourts.gov/datastore/opinions/2022/04/26/16-72752.pdf,meta/llama-3.3-70b-instruct,protected_ground_particular_social_group,True,"He argues that if he is returned to Mexico, he will be persecuted on account of his membership in a particular social group, see 8 U.S.C. §§ 1101(a)(42)(A), 1231(b)(3), consisting of “individuals who are associated with the police and law enforcement in Mexico and who are at war with criminal elements there.”",136578,
16-72752-2022-04-26,https://cdn.ca9.uscourts.gov/datastore/opinions/2022/04/26/16-72752.pdf,meta/llama-3.3-70b-instruct,past_persecution_physical_violence,False,Not mentioned in the opinion.,136578,
16-72752-2022-04-26,https://cdn.ca9.uscourts.gov/datastore/opinions/2022/04/26/16-72752.pdf,meta/llama-3.3-70b-instruct,past_persecution_death_threats,True,"Petitioner further alleges that, since his removal proceedings in 1997, there has been “an increase in violence” and “a high level of incompetence and corruption among the law enforcement in Mexico making the state unable or unwilling to help [him].”",136578,
16-72752-2022-04-26,https://cdn.ca9.uscourts.gov/datastore/opinions/2022/04/26/16-72752.pdf,meta/llama-3.3-70b-instruct,persecutor_nongovernmental_actor,True,"Petitioner further alleges that, since his removal proceedings in 1997, there has been “an increase in violence” and “a high level of incompetence and corruption among the law enforcement in Mexico making the state unable or unwilling to help [him].”",136578,
16-72752-2022-04-26,https://cdn.ca9.uscourts.gov/datastore/opinions/2022/04/26/16-72752.pdf,meta/llama-3.3-70b-instruct,credibility_finding,False,Not mentioned in the opinion.,136578,
16-72752-2022-04-26,https://cdn.ca9.uscourts.gov/datastore/opinions/2022/04/26/16-72752.pdf,meta/llama-3.3-70b-instruct,bars_one_year_deadline_missed,True,"Although his motion to reopen was untimely by over sixteen years, petitioner claimed that he was entitled to equitable tolling because he had received ineffective assistance of counsel.",136578,
16-72752-2022-04-26,https://cdn.ca9.uscourts.gov/datastore/opinions/2022/04/26/16-72752.pdf,meta/llama-3.3-70b-instruct,nexus_requirement_met,False,Not mentioned in the opinion.,136578,
20-72806-2023-01-12,https://cdn.ca9.uscourts.gov/datastore/opinions/2023/01/12/20-72806.pdf,meta/llama-3.3-70b-instruct,asylum_requested,True,Singh applied for asylum under INA § 208 / 8 U.S.C. § 1158,468660,
20-72806-2023-01-12,https://cdn.ca9.uscourts.gov/datastore/opinions/2023/01/12/20-72806.pdf,meta/llama-3.3-70b-instruct,withholding_requested,True,Singh sought withholding of removal under INA § 241(b)(3),468660,
20-72806-2023-01-12,https://cdn.ca9.uscourts.gov/datastore/opinions/2023/01/12/20-72806.pdf,meta/llama-3.3-70b-instruct,CAT_requested,True,Singh sought protection under the Convention Against Torture under 8 C.F.R. §§ 1208.16-1208.18,468660,
20-72806-2023-01-12,https://cdn.ca9.uscourts.gov/datastore/opinions/2023/01/12/20-72806.pdf,meta/llama-3.3-70b-instruct,protected_ground_political_opinion,True,"Singh argues that he was attacked for his own attributed political opinion and his association with his brother, a member of the Mann Party",468660,
20-72806-2023-01-12,https://cdn.ca9.uscourts.gov/datastore/opinions/2023/01/12/20-72806.pdf,meta/llama-3.3-70b-instruct,protected_ground_particular_social_group,False,Not mentioned in the opinion,468660,
20-72806-2023-01-12,https://cdn.ca9.uscourts.gov/datastore/opinions/2023/01/12/20-72806.pdf,meta/llama-3.3-70b-instruct,past_persecution_physical_violence,True,"Singh was physically attacked twice, once with hockey sticks, and suffered 'small bruises, scratches, blue marks and some part of swollen body'",468660,
20-72806-2023-01-12,https://cdn.ca9.uscourts.gov/datastore/opinions/2023/01/12/20-72806.pdf,meta/llama-3.3-70b-instruct,past_persecution_death_threats,True,"One of the physical attacks involved a death threat, with the attackers telling Singh that they were going to kill him",468660,
20-72806-2023-01-12,https://cdn.ca9.uscourts.gov/datastore/opinions/2023/01/12/20-72806.pdf,meta/llama-3.3-70b-instruct,persecutor_nongovernmental_actor,True,"The attackers were members of the Congress Party, a non-governmental entity",468660,
20-72806-2023-01-12,https://cdn.ca9.uscourts.gov/datastore/opinions/2023/01/12/20-72806.pdf,meta/llama-3.3-70b-instruct,credibility_finding,True,"The IJ found Singh to be a credible witness, with only two minor concerns regarding his credibility that were not sufficient for an adverse credibility determination",468660,
20-72806-2023-01-12,https://cdn.ca9.uscourts.gov/datastore/opinions/2023/01/12/20-72806.pdf,meta/llama-3.3-70b-instruct,bars_one_year_deadline_missed,False,Not mentioned in the opinion,468660,
20-72806-2023-01-12,https://cdn.ca9.uscourts.gov/datastore/opinions/2023/01/12/20-72806.pdf,meta/llama-3.3-70b-instruct,nexus_requirement_met,False,"The BIA did not address the question of whether the government was unable or unwilling to control the attackers, and this prong of the past-persecution analysis has not yet been resolved",468660,
23-4420-2026-01-20,https://cdn.ca9.uscourts.gov/datastore/opinions/2026/01/20/23-4420.pdf,meta/llama-3.3-70b-instruct,asylum_requested,True,Petitioner credibly testified that she suffered repeated beatings at the hands of her partner who was a gang member.,152462,
23-4420-2026-01-20,https://cdn.ca9.uscourts.gov/datastore/opinions/2026/01/20/23-4420.pdf,meta/llama-3.3-70b-instruct,withholding_requested,True,"The panel granted in part and denied in part a petition for review of the Board of Immigration Appeals’ decision affirming the denial of asylum, withholding of removal, and protection under the Convention Against Torture, and remanded for further proceedings.",152462,
23-4420-2026-01-20,https://cdn.ca9.uscourts.gov/datastore/opinions/2026/01/20/23-4420.pdf,meta/llama-3.3-70b-instruct,CAT_requested,True,The panel did not address Petitioners’ CAT claim because it was unexhausted.,152462,
23-4420-2026-01-20,https://cdn.ca9.uscourts.gov/datastore/opinions/2026/01/20/23-4420.pdf,meta/llama-3.3-70b-instruct,protected_ground_political_opinion,False,Not mentioned in the opinion.,152462,
23-4420-2026-01-20,https://cdn.ca9.uscourts.gov/datastore/opinions/2026/01/20/23-4420.pdf,meta/llama-3.3-70b-instruct,protected_ground_particular_social_group,False,Not mentioned in the opinion.,152462,
23-4420-2026-01-20,https://cdn.ca9.uscourts.gov/datastore/opinions/2026/01/20/23-4420.pdf,meta/llama-3.3-70b-instruct,past_persecution_physical_violence,True,"During a particularly intense beating when her partner was intoxicated, he stabbed Petitioner in the stomach.",152462,
23-4420-2026-01-20,https://cdn.ca9.uscourts.gov/datastore/opinions/2026/01/20/23-4420.pdf,meta/llama-3.3-70b-instruct,past_persecution_death_threats,True,Oscar threatened to kill her if she tried to file a police report.,152462,
23-4420-2026-01-20,https://cdn.ca9.uscourts.gov/datastore/opinions/2026/01/20/23-4420.pdf,meta/llama-3.3-70b-instruct,persecutor_nongovernmental_actor,True,Petitioner credibly testified that she suffered repeated beatings at the hands of her partner who was a gang member.,152462,
23-4420-2026-01-20,https://cdn.ca9.uscourts.gov/datastore/opinions/2026/01/20/23-4420.pdf,meta/llama-3.3-70b-instruct,credibility_finding,True,"The IJ found Guevara-Serrano’s testimony credible, and she testified that Oscar began to abuse her 'because [she] was going to church . . . [a]nd he said [she] shouldn’t be doing that because that’s of the devil, so he started beating [her]' and 'telling [her] not to go.'",152462,
23-4420-2026-01-20,https://cdn.ca9.uscourts.gov/datastore/opinions/2026/01/20/23-4420.pdf,meta/llama-3.3-70b-instruct,bars_one_year_deadline_missed,False,Not mentioned in the opinion.,152462,
23-4420-2026-01-20,https://cdn.ca9.uscourts.gov/datastore/opinions/2026/01/20/23-4420.pdf,meta/llama-3.3-70b-instruct,nexus_requirement_met,True,"The IJ’s withholding analysis cited the correct 'a reason' nexus standard for the withholding claim, but the IJ did not properly apply that standard.",152462,
24-631-2025-08-27,https://cdn.ca9.uscourts.gov/datastore/opinions/2025/08/27/24-631.pdf,meta/llama-3.3-70b-instruct,asylum_requested,True,Ibarra-Perez applied for asylum in Mexico. Mexico denied asylum but granted a one-year humanitarian visitor permit.,690775,
24-631-2025-08-27,https://cdn.ca9.uscourts.gov/datastore/opinions/2025/08/27/24-631.pdf,meta/llama-3.3-70b-instruct,withholding_requested,True,"Ibarra-Perez filled out a pro se application for asylum, withholding of removal, and protection under the Convention Against Torture (""CAT"") on a Form I-589.",690775,
24-631-2025-08-27,https://cdn.ca9.uscourts.gov/datastore/opinions/2025/08/27/24-631.pdf,meta/llama-3.3-70b-instruct,CAT_requested,True,"Ibarra-Perez filled out a pro se application for asylum, withholding of removal, and protection under the Convention Against Torture (""CAT"") on a Form I-589.",690775,
24-631-2025-08-27,https://cdn.ca9.uscourts.gov/datastore/opinions/2025/08/27/24-631.pdf,meta/llama-3.3-70b-instruct,protected_ground_political_opinion,True,"Ibarra-Perez fled Cuba after two decades of beatings, surveillance, threats, and harassment because of his opposition to the Castro regime.",690775,
24-631-2025-08-27,https://cdn.ca9.uscourts.gov/datastore/opinions/2025/08/27/24-631.pdf,meta/llama-3.3-70b-instruct,protected_ground_particular_social_group,False,Not mentioned in the opinion.,690775,
24-631-2025-08-27,https://cdn.ca9.uscourts.gov/datastore/opinions/2025/08/27/24-631.pdf,meta/llama-3.3-70b-instruct,past_persecution_physical_violence,True,"Ibarra-Perez fled Cuba after two decades of beatings, surveillance, threats, and harassment because of his opposition to the Castro regime.",690775,
24-631-2025-08-27,https://cdn.ca9.uscourts.gov/datastore/opinions/2025/08/27/24-631.pdf,meta/llama-3.3-70b-instruct,past_persecution_death_threats,False,Not mentioned in the opinion.,690775,
24-631-2025-08-27,https://cdn.ca9.uscourts.gov/datastore/opinions/2025/08/27/24-631.pdf,meta/llama-3.3-70b-instruct,persecutor_nongovernmental_actor,True,"Ibarra-Perez was ""extorted by Mexican police officers and other authorities on multiple occasions, and forced to pay officers money in order to avoid detention and deportation to Cuba.""",690775,
24-631-2025-08-27,https://cdn.ca9.uscourts.gov/datastore/opinions/2025/08/27/24-631.pdf,meta/llama-3.3-70b-instruct,credibility_finding,False,Not mentioned in the opinion.,690775,
24-631-2025-08-27,https://cdn.ca9.uscourts.gov/datastore/opinions/2025/08/27/24-631.pdf,meta/llama-3.3-70b-instruct,bars_one_year_deadline_missed,False,Not mentioned in the opinion.,690775,
24-631-2025-08-27,https://cdn.ca9.uscourts.gov/datastore/opinions/2025/08/27/24-631.pdf,meta/llama-3.3-70b-instruct,nexus_requirement_met,False,Not mentioned in the opinion.,690775,
18-17274-2021-03-24,https://cdn.ca9.uscourts.gov/datastore/opinions/2021/03/24/18-17274.pdf,meta/llama-3.3-70b-instruct,asylum_requested,True,The Organizations contend we must affirm the preliminary injunction because the published motions panel order denying a stay of the injunction pending appeal controls our decision on the merits of the preliminary injunction appeal.,409379,
18-17274-2021-03-24,https://cdn.ca9.uscourts.gov/datastore/opinions/2021/03/24/18-17274.pdf,meta/llama-3.3-70b-instruct,withholding_requested,True,The Organizations sought withholding of removal under INA § 241(b)(3).,409379,
18-17274-2021-03-24,https://cdn.ca9.uscourts.gov/datastore/opinions/2021/03/24/18-17274.pdf,meta/llama-3.3-70b-instruct,CAT_requested,True,The Organizations sought protection under the Convention Against Torture under 8 C.F.R. §§ 1208.16-1208.18.,409379,
18-17274-2021-03-24,https://cdn.ca9.uscourts.gov/datastore/opinions/2021/03/24/18-17274.pdf,meta/llama-3.3-70b-instruct,protected_ground_political_opinion,True,The claim is based at least in part on actual or imputed political opinion.,409379,
18-17274-2021-03-24,https://cdn.ca9.uscourts.gov/datastore/opinions/2021/03/24/18-17274.pdf,meta/llama-3.3-70b-instruct,protected_ground_particular_social_group,True,"The claim is based at least in part on membership in a particular social group, or PSG.",409379,
18-17274-2021-03-24,https://cdn.ca9.uscourts.gov/datastore/opinions/2021/03/24/18-17274.pdf,meta/llama-3.3-70b-instruct,past_persecution_physical_violence,False,Not mentioned in the opinion.,409379,
18-17274-2021-03-24,https://cdn.ca9.uscourts.gov/datastore/opinions/2021/03/24/18-17274.pdf,meta/llama-3.3-70b-instruct,past_persecution_death_threats,False,Not mentioned in the opinion.,409379,
18-17274-2021-03-24,https://cdn.ca9.uscourts.gov/datastore/opinions/2021/03/24/18-17274.pdf,meta/llama-3.3-70b-instruct,persecutor_nongovernmental_actor,True,"The text indicates that past persecution was, or was feared to be, carried out by a non-government actor.",409379,
18-17274-2021-03-24,https://cdn.ca9.uscourts.gov/datastore/opinions/2021/03/24/18-17274.pdf,meta/llama-3.3-70b-instruct,credibility_finding,True,The IJ or BIA made an explicit credibility finding about the petitioner.,409379,
18-17274-2021-03-24,https://cdn.ca9.uscourts.gov/datastore/opinions/2021/03/24/18-17274.pdf,meta/llama-3.3-70b-instruct,bars_one_year_deadline_missed,False,Not mentioned in the opinion.,409379,
18-17274-2021-03-24,https://cdn.ca9.uscourts.gov/datastore/opinions/2021/03/24/18-17274.pdf,meta/llama-3.3-70b-instruct,nexus_requirement_met,True,"The IJ or BIA found that the petitioner established the required nexus: that a protected ground was, or would be, 'at least one central reason' for the persecution, as required by INA § 208(b)(1)(B)(i).",409379,
18-17274-2020-02-28,https://cdn.ca9.uscourts.gov/datastore/opinions/2020/02/28/18-17274.pdf,meta/llama-3.3-70b-instruct,asylum_requested,True,"The Organizations argued that the Rule was likely unlawful because it was issued without public notice and comment or complying with the thirty-day grace period required by the Administrative Procedure Act (""APA""), see 5 U.S.C. § 553(b)-(d).",401712,
18-17274-2020-02-28,https://cdn.ca9.uscourts.gov/datastore/opinions/2020/02/28/18-17274.pdf,meta/llama-3.3-70b-instruct,withholding_requested,True,The Organizations also argued that the Rule conflicts with the plain text of the INA and is arbitrary and capricious because it constitutes a severe departure from the Board of Immigration Appeals's and the Ninth Circuit's interpretation of asylum practices in the United States.,401712,
18-17274-2020-02-28,https://cdn.ca9.uscourts.gov/datastore/opinions/2020/02/28/18-17274.pdf,meta/llama-3.3-70b-instruct,CAT_requested,True,"The Rule will likely result in some migrants being wrongfully denied refugee status in this country.  For migrants affected by the Rule, withholding of removal and CAT protection are the only forms of relief available.",401712,
18-17274-2020-02-28,https://cdn.ca9.uscourts.gov/datastore/opinions/2020/02/28/18-17274.pdf,meta/llama-3.3-70b-instruct,protected_ground_political_opinion,True,"Refugees are all individuals who—because of a ""well-founded fear of being persecuted for reasons of race, religion, nationality, membership in a particular social group or political opinion""—are ""unable,"" or, because of such fear, ""unwilling to return"" to their home countries.",401712,
18-17274-2020-02-28,https://cdn.ca9.uscourts.gov/datastore/opinions/2020/02/28/18-17274.pdf,meta/llama-3.3-70b-instruct,protected_ground_particular_social_group,True,"Refugees are all individuals who—because of a ""well-founded fear of being persecuted for reasons of race, religion, nationality, membership in a particular social group or political opinion""—are ""unable,"" or, because of such fear, ""unwilling to return"" to their home countries.",401712,
18-17274-2020-02-28,https://cdn.ca9.uscourts.gov/datastore/opinions/2020/02/28/18-17274.pdf,meta/llama-3.3-70b-instruct,past_persecution_physical_violence,False,Not mentioned in the opinion.,401712,
18-17274-2020-02-28,https://cdn.ca9.uscourts.gov/datastore/opinions/2020/02/28/18-17274.pdf,meta/llama-3.3-70b-instruct,past_persecution_death_threats,False,Not mentioned in the opinion.,401712,
18-17274-2020-02-28,https://cdn.ca9.uscourts.gov/datastore/opinions/2020/02/28/18-17274.pdf,meta/llama-3.3-70b-instruct,persecutor_nongovernmental_actor,False,Not mentioned in the opinion.,401712,
18-17274-2020-02-28,https://cdn.ca9.uscourts.gov/datastore/opinions/2020/02/28/18-17274.pdf,meta/llama-3.3-70b-instruct,credibility_finding,False,Not mentioned in the opinion.,401712,
18-17274-2020-02-28,https://cdn.ca9.uscourts.gov/datastore/opinions/2020/02/28/18-17274.pdf,meta/llama-3.3-70b-instruct,bars_one_year_deadline_missed,False,Not mentioned in the opinion.,401712,
18-17274-2020-02-28,https://cdn.ca9.uscourts.gov/datastore/opinions/2020/02/28/18-17274.pdf,meta/llama-3.3-70b-instruct,nexus_requirement_met,False,Not mentioned in the opinion.,401712,
22-761-2023-04-20,https://cdn.ca9.uscourts.gov/datastore/memoranda/2023/04/20/22-761.pdf,meta/llama-3.3-70b-instruct,asylum_requested,True,The BIA also denied Santiago Grande’s motion to reopen to apply for asylum and withholding of removal based on his membership in the proposed particular social group of “deportees from the United States during the Covid-19 Pandemic.”,115808,
22-761-2023-04-20,https://cdn.ca9.uscourts.gov/datastore/memoranda/2023/04/20/22-761.pdf,meta/llama-3.3-70b-instruct,withholding_requested,True,The BIA also denied Santiago Grande’s motion to reopen to apply for asylum and withholding of removal based on his membership in the proposed particular social group of “deportees from the United States during the Covid-19 Pandemic.”,115808,
22-761-2023-04-20,https://cdn.ca9.uscourts.gov/datastore/memoranda/2023/04/20/22-761.pdf,meta/llama-3.3-70b-instruct,CAT_requested,False,Not mentioned in the opinion.,115808,
22-761-2023-04-20,https://cdn.ca9.uscourts.gov/datastore/memoranda/2023/04/20/22-761.pdf,meta/llama-3.3-70b-instruct,protected_ground_political_opinion,False,Not mentioned in the opinion.,115808,
22-761-2023-04-20,https://cdn.ca9.uscourts.gov/datastore/memoranda/2023/04/20/22-761.pdf,meta/llama-3.3-70b-instruct,protected_ground_particular_social_group,True,The BIA also denied Santiago Grande’s motion to reopen to apply for asylum and withholding of removal based on his membership in the proposed particular social group of “deportees from the United States during the Covid-19 Pandemic.”,115808,
22-761-2023-04-20,https://cdn.ca9.uscourts.gov/datastore/memoranda/2023/04/20/22-761.pdf,meta/llama-3.3-70b-instruct,past_persecution_physical_violence,False,Not mentioned in the opinion.,115808,
22-761-2023-04-20,https://cdn.ca9.uscourts.gov/datastore/memoranda/2023/04/20/22-761.pdf,meta/llama-3.3-70b-instruct,past_persecution_death_threats,False,Not mentioned in the opinion.,115808,
22-761-2023-04-20,https://cdn.ca9.uscourts.gov/datastore/memoranda/2023/04/20/22-761.pdf,meta/llama-3.3-70b-instruct,persecutor_nongovernmental_actor,False,Not mentioned in the opinion.,115808,
22-761-2023-04-20,https://cdn.ca9.uscourts.gov/datastore/memoranda/2023/04/20/22-761.pdf,meta/llama-3.3-70b-instruct,credibility_finding,False,Not mentioned in the opinion.,115808,
22-761-2023-04-20,https://cdn.ca9.uscourts.gov/datastore/memoranda/2023/04/20/22-761.pdf,meta/llama-3.3-70b-instruct,bars_one_year_deadline_missed,False,"In light of our resolution of these claims, we need not reach the parties’ arguments concerning the one-year bar to asylum.",115808,
22-761-2023-04-20,https://cdn.ca9.uscourts.gov/datastore/memoranda/2023/04/20/22-761.pdf,meta/llama-3.3-70b-instruct,nexus_requirement_met,False,Not mentioned in the opinion.,115808,
17-70324-2020-08-10,https://cdn.ca9.uscourts.gov/datastore/memoranda/2020/08/10/17-70324.pdf,meta/llama-3.3-70b-instruct,asylum_requested,True,"Chengyong Weng, a native and citizen of China, petitions for review of the Board of Immigration Appeals’ (“BIA”) order dismissing his appeal from an immigration judge’s decision denying his application for asylum, withholding of removal, and relief under the Convention Against Torture (“CAT”).",112932,
17-70324-2020-08-10,https://cdn.ca9.uscourts.gov/datastore/memoranda/2020/08/10/17-70324.pdf,meta/llama-3.3-70b-instruct,withholding_requested,True,"Chengyong Weng, a native and citizen of China, petitions for review of the Board of Immigration Appeals’ (“BIA”) order dismissing his appeal from an immigration judge’s decision denying his application for asylum, withholding of removal, and relief under the Convention Against Torture (“CAT”).",112932,
17-70324-2020-08-10,https://cdn.ca9.uscourts.gov/datastore/memoranda/2020/08/10/17-70324.pdf,meta/llama-3.3-70b-instruct,CAT_requested,True,"Chengyong Weng, a native and citizen of China, petitions for review of the Board of Immigration Appeals’ (“BIA”) order dismissing his appeal from an immigration judge’s decision denying his application for asylum, withholding of removal, and relief under the Convention Against Torture (“CAT”).",112932,
17-70324-2020-08-10,https://cdn.ca9.uscourts.gov/datastore/memoranda/2020/08/10/17-70324.pdf,meta/llama-3.3-70b-instruct,protected_ground_political_opinion,False,Not mentioned in the opinion.,112932,
17-70324-2020-08-10,https://cdn.ca9.uscourts.gov/datastore/memoranda/2020/08/10/17-70324.pdf,meta/llama-3.3-70b-instruct,protected_ground_particular_social_group,False,Not mentioned in the opinion.,112932,
17-70324-2020-08-10,https://cdn.ca9.uscourts.gov/datastore/memoranda/2020/08/10/17-70324.pdf,meta/llama-3.3-70b-instruct,past_persecution_physical_violence,False,Not mentioned in the opinion.,112932,
17-70324-2020-08-10,https://cdn.ca9.uscourts.gov/datastore/memoranda/2020/08/10/17-70324.pdf,meta/llama-3.3-70b-instruct,past_persecution_death_threats,False,Not mentioned in the opinion.,112932,
17-70324-2020-08-10,https://cdn.ca9.uscourts.gov/datastore/memoranda/2020/08/10/17-70324.pdf,meta/llama-3.3-70b-instruct,persecutor_nongovernmental_actor,False,Not mentioned in the opinion.,112932,
17-70324-2020-08-10,https://cdn.ca9.uscourts.gov/datastore/memoranda/2020/08/10/17-70324.pdf,meta/llama-3.3-70b-instruct,credibility_finding,True,Substantial evidence supports the agency’s adverse credibility determination based on inconsistencies between Weng’s testimony and documentary evidence as to when he began planning to travel to the United States.,112932,
17-70324-2020-08-10,https://cdn.ca9.uscourts.gov/datastore/memoranda/2020/08/10/17-70324.pdf,meta/llama-3.3-70b-instruct,bars_one_year_deadline_missed,False,Not mentioned in the opinion.,112932,
17-70324-2020-08-10,https://cdn.ca9.uscourts.gov/datastore/memoranda/2020/08/10/17-70324.pdf,meta/llama-3.3-70b-instruct,nexus_requirement_met,False,Not mentioned in the opinion.,112932,
24-5221-2026-05-04,https://cdn.ca9.uscourts.gov/datastore/memoranda/2026/05/04/24-5221.pdf,meta/llama-3.3-70b-instruct,asylum_requested,False,Not mentioned in the opinion.,218305,
24-5221-2026-05-04,https://cdn.ca9.uscourts.gov/datastore/memoranda/2026/05/04/24-5221.pdf,meta/llama-3.3-70b-instruct,withholding_requested,False,Not mentioned in the opinion.,218305,
24-5221-2026-05-04,https://cdn.ca9.uscourts.gov/datastore/memoranda/2026/05/04/24-5221.pdf,meta/llama-3.3-70b-instruct,CAT_requested,True,"The BIA affirmed the decision of an Immigration Judge (""IJ"") denying deferral of removal under the Convention Against Torture (""CAT"") as part of a final order of removal.",218305,
24-5221-2026-05-04,https://cdn.ca9.uscourts.gov/datastore/memoranda/2026/05/04/24-5221.pdf,meta/llama-3.3-70b-instruct,protected_ground_political_opinion,False,Not mentioned in the opinion.,218305,
24-5221-2026-05-04,https://cdn.ca9.uscourts.gov/datastore/memoranda/2026/05/04/24-5221.pdf,meta/llama-3.3-70b-instruct,protected_ground_particular_social_group,False,Not mentioned in the opinion.,218305,
24-5221-2026-05-04,https://cdn.ca9.uscourts.gov/datastore/memoranda/2026/05/04/24-5221.pdf,meta/llama-3.3-70b-instruct,past_persecution_physical_violence,True,Otuya’s testimony regarding an attack on his family in Lagos.,218305,
24-5221-2026-05-04,https://cdn.ca9.uscourts.gov/datastore/memoranda/2026/05/04/24-5221.pdf,meta/llama-3.3-70b-instruct,past_persecution_death_threats,False,Not mentioned in the opinion.,218305,
24-5221-2026-05-04,https://cdn.ca9.uscourts.gov/datastore/memoranda/2026/05/04/24-5221.pdf,meta/llama-3.3-70b-instruct,persecutor_nongovernmental_actor,True,The BIA concluded that one link in the causal chain—that Otuya’s former criminal boss would learn of Otuya’s deportation and find Otuya if he was deported to Nigeria—was too speculative.,218305,
24-5221-2026-05-04,https://cdn.ca9.uscourts.gov/datastore/memoranda/2026/05/04/24-5221.pdf,meta/llama-3.3-70b-instruct,credibility_finding,False,Not mentioned in the opinion.,218305,
24-5221-2026-05-04,https://cdn.ca9.uscourts.gov/datastore/memoranda/2026/05/04/24-5221.pdf,meta/llama-3.3-70b-instruct,bars_one_year_deadline_missed,False,Not mentioned in the opinion.,218305,
24-5221-2026-05-04,https://cdn.ca9.uscourts.gov/datastore/memoranda/2026/05/04/24-5221.pdf,meta/llama-3.3-70b-instruct,nexus_requirement_met,False,Not mentioned in the opinion.,218305,
21-70493-2022-09-14,https://cdn.ca9.uscourts.gov/datastore/opinions/2022/09/14/21-70493.pdf,deepseek-ai/deepseek-v4-flash,asylum_requested,,,2774,"parse: ValidationError: 11 validation errors for FeatureResult
asylum_requested
  Field required [type=missing, input_value={'type': 'json_object'}, input_type=dict]
    For further information visit https://errors.pydantic.dev/2.12/v/missing
withholding_requested
  Field required [type=missing, input_value={'type': 'json_object'}, input_type=dict]
    For further information visit https://errors.pydantic.dev/2.12/v/missing
CAT_requested
  Field required [type=missing, input_value={'type': 'json_object'}, input_type=dict]
    For further information visit https://errors.pydantic.dev/2.12/v/missing
protected_ground_political_opinion
  Field required [type=missing, input_value={'type': 'json_object'}, input_type=dict]
    For further information visit https://errors.pydantic.dev/2.12/v/missing
protected_ground_particular_social_group
  Field required [type=missing, input_value={'type': 'json_object'}, input_type=dict]
    For further information visit https://errors.pydantic.dev/2.12/v/missing
past_persecution_physical_violence
  Field required [type=missing, input_value={'type': 'json_object'}, input_type=dict]
    For further information visit https://errors.pydantic.dev/2.12/v/missing
past_persecution_death_threats
  Field required [type=missing, input_value={'type': 'json_object'}, input_type=dict]
    For further information visit https://errors.pydantic.dev/2.12/v/missing
persecutor_nongovernmental_actor
  Field required [type=missing, input_value={'type': 'json_object'}, input_type=dict]
    For further information visit https://errors.pydantic.dev/2.12/v/missing
credibility_finding
  Field required [type=missing, input_value={'type': 'json_object'}, input_type=dict]
    For further information visit https://errors.pydantic.dev/2.12/v/missing
bars_one_year_deadline_missed
  Field required [type=missing, input_value={'type': 'json_object'}, input_type=dict]
    For further information visit https://errors.pydantic.dev/2.12/v/missing
nexus_requirement_met
  Field required [type=missing, input_value={'type': 'json_object'}, input_type=dict]
    For further information visit https://errors.pydantic.dev/2.12/v/missing"
21-70493-2022-09-14,https://cdn.ca9.uscourts.gov/datastore/opinions/2022/09/14/21-70493.pdf,deepseek-ai/deepseek-v4-flash,withholding_requested,,,2774,"parse: ValidationError: 11 validation errors for FeatureResult
asylum_requested
  Field required [type=missing, input_value={'type': 'json_object'}, input_type=dict]
    For further information visit https://errors.pydantic.dev/2.12/v/missing
withholding_requested
  Field required [type=missing, input_value={'type': 'json_object'}, input_type=dict]
    For further information visit https://errors.pydantic.dev/2.12/v/missing
CAT_requested
  Field required [type=missing, input_value={'type': 'json_object'}, input_type=dict]
    For further information visit https://errors.pydantic.dev/2.12/v/missing
protected_ground_political_opinion
  Field required [type=missing, input_value={'type': 'json_object'}, input_type=dict]
    For further information visit https://errors.pydantic.dev/2.12/v/missing
protected_ground_particular_social_group
  Field required [type=missing, input_value={'type': 'json_object'}, input_type=dict]
    For further information visit https://errors.pydantic.dev/2.12/v/missing
past_persecution_physical_violence
  Field required [type=missing, input_value={'type': 'json_object'}, input_type=dict]
    For further information visit https://errors.pydantic.dev/2.12/v/missing
past_persecution_death_threats
  Field required [type=missing, input_value={'type': 'json_object'}, input_type=dict]
    For further information visit https://errors.pydantic.dev/2.12/v/missing
persecutor_nongovernmental_actor
  Field required [type=missing, input_value={'type': 'json_object'}, input_type=dict]
    For further information visit https://errors.pydantic.dev/2.12/v/missing
credibility_finding
  Field required [type=missing, input_value={'type': 'json_object'}, input_type=dict]
    For further information visit https://errors.pydantic.dev/2.12/v/missing
bars_one_year_deadline_missed
  Field required [type=missing, input_value={'type': 'json_object'}, input_type=dict]
    For further information visit https://errors.pydantic.dev/2.12/v/missing
nexus_requirement_met
  Field required [type=missing, input_value={'type': 'json_object'}, input_type=dict]
    For further information visit https://errors.pydantic.dev/2.12/v/missing"
21-70493-2022-09-14,https://cdn.ca9.uscourts.gov/datastore/opinions/2022/09/14/21-70493.pdf,deepseek-ai/deepseek-v4-flash,CAT_requested,,,2774,"parse: ValidationError: 11 validation errors for FeatureResult
asylum_requested
  Field required [type=missing, input_value={'type': 'json_object'}, input_type=dict]
    For further information visit https://errors.pydantic.dev/2.12/v/missing
withholding_requested
  Field required [type=missing, input_value={'type': 'json_object'}, input_type=dict]
    For further information visit https://errors.pydantic.dev/2.12/v/missing
CAT_requested
  Field required [type=missing, input_value={'type': 'json_object'}, input_type=dict]
    For further information visit https://errors.pydantic.dev/2.12/v/missing
protected_ground_political_opinion
  Field required [type=missing, input_value={'type': 'json_object'}, input_type=dict]
    For further information visit https://errors.pydantic.dev/2.12/v/missing
protected_ground_particular_social_group
  Field required [type=missing, input_value={'type': 'json_object'}, input_type=dict]
    For further information visit https://errors.pydantic.dev/2.12/v/missing
past_persecution_physical_violence
  Field required [type=missing, input_value={'type': 'json_object'}, input_type=dict]
    For further information visit https://errors.pydantic.dev/2.12/v/missing
past_persecution_death_threats
  Field required [type=missing, input_value={'type': 'json_object'}, input_type=dict]
    For further information visit https://errors.pydantic.dev/2.12/v/missing
persecutor_nongovernmental_actor
  Field required [type=missing, input_value={'type': 'json_object'}, input_type=dict]
    For further information visit https://errors.pydantic.dev/2.12/v/missing
credibility_finding
  Field required [type=missing, input_value={'type': 'json_object'}, input_type=dict]
    For further information visit https://errors.pydantic.dev/2.12/v/missing
bars_one_year_deadline_missed
  Field required [type=missing, input_value={'type': 'json_object'}, input_type=dict]
    For further information visit https://errors.pydantic.dev/2.12/v/missing
nexus_requirement_met
  Field required [type=missing, input_value={'type': 'json_object'}, input_type=dict]
    For further information visit https://errors.pydantic.dev/2.12/v/missing"
21-70493-2022-09-14,https://cdn.ca9.uscourts.gov/datastore/opinions/2022/09/14/21-70493.pdf,deepseek-ai/deepseek-v4-flash,protected_ground_political_opinion,,,2774,"parse: ValidationError: 11 validation errors for FeatureResult
asylum_requested
  Field required [type=missing, input_value={'type': 'json_object'}, input_type=dict]
    For further information visit https://errors.pydantic.dev/2.12/v/missing
withholding_requested
  Field required [type=missing, input_value={'type': 'json_object'}, input_type=dict]
    For further information visit https://errors.pydantic.dev/2.12/v/missing
CAT_requested
  Field required [type=missing, input_value={'type': 'json_object'}, input_type=dict]
    For further information visit https://errors.pydantic.dev/2.12/v/missing
protected_ground_political_opinion
  Field required [type=missing, input_value={'type': 'json_object'}, input_type=dict]
    For further information visit https://errors.pydantic.dev/2.12/v/missing
protected_ground_particular_social_group
  Field required [type=missing, input_value={'type': 'json_object'}, input_type=dict]
    For further information visit https://errors.pydantic.dev/2.12/v/missing
past_persecution_physical_violence
  Field required [type=missing, input_value={'type': 'json_object'}, input_type=dict]
    For further information visit https://errors.pydantic.dev/2.12/v/missing
past_persecution_death_threats
  Field required [type=missing, input_value={'type': 'json_object'}, input_type=dict]
    For further information visit https://errors.pydantic.dev/2.12/v/missing
persecutor_nongovernmental_actor
  Field required [type=missing, input_value={'type': 'json_object'}, input_type=dict]
    For further information visit https://errors.pydantic.dev/2.12/v/missing
credibility_finding
  Field required [type=missing, input_value={'type': 'json_object'}, input_type=dict]
    For further information visit https://errors.pydantic.dev/2.12/v/missing
bars_one_year_deadline_missed
  Field required [type=missing, input_value={'type': 'json_object'}, input_type=dict]
    For further information visit https://errors.pydantic.dev/2.12/v/missing
nexus_requirement_met
  Field required [type=missing, input_value={'type': 'json_object'}, input_type=dict]
    For further information visit https://errors.pydantic.dev/2.12/v/missing"
21-70493-2022-09-14,https://cdn.ca9.uscourts.gov/datastore/opinions/2022/09/14/21-70493.pdf,deepseek-ai/deepseek-v4-flash,protected_ground_particular_social_group,,,2774,"parse: ValidationError: 11 validation errors for FeatureResult
asylum_requested
  Field required [type=missing, input_value={'type': 'json_object'}, input_type=dict]
    For further information visit https://errors.pydantic.dev/2.12/v/missing
withholding_requested
  Field required [type=missing, input_value={'type': 'json_object'}, input_type=dict]
    For further information visit https://errors.pydantic.dev/2.12/v/missing
CAT_requested
  Field required [type=missing, input_value={'type': 'json_object'}, input_type=dict]
    For further information visit https://errors.pydantic.dev/2.12/v/missing
protected_ground_political_opinion
  Field required [type=missing, input_value={'type': 'json_object'}, input_type=dict]
    For further information visit https://errors.pydantic.dev/2.12/v/missing
protected_ground_particular_social_group
  Field required [type=missing, input_value={'type': 'json_object'}, input_type=dict]
    For further information visit https://errors.pydantic.dev/2.12/v/missing
past_persecution_physical_violence
  Field required [type=missing, input_value={'type': 'json_object'}, input_type=dict]
    For further information visit https://errors.pydantic.dev/2.12/v/missing
past_persecution_death_threats
  Field required [type=missing, input_value={'type': 'json_object'}, input_type=dict]
    For further information visit https://errors.pydantic.dev/2.12/v/missing
persecutor_nongovernmental_actor
  Field required [type=missing, input_value={'type': 'json_object'}, input_type=dict]
    For further information visit https://errors.pydantic.dev/2.12/v/missing
credibility_finding
  Field required [type=missing, input_value={'type': 'json_object'}, input_type=dict]
    For further information visit https://errors.pydantic.dev/2.12/v/missing
bars_one_year_deadline_missed
  Field required [type=missing, input_value={'type': 'json_object'}, input_type=dict]
    For further information visit https://errors.pydantic.dev/2.12/v/missing
nexus_requirement_met
  Field required [type=missing, input_value={'type': 'json_object'}, input_type=dict]
    For further information visit https://errors.pydantic.dev/2.12/v/missing"
21-70493-2022-09-14,https://cdn.ca9.uscourts.gov/datastore/opinions/2022/09/14/21-70493.pdf,deepseek-ai/deepseek-v4-flash,past_persecution_physical_violence,,,2774,"parse: ValidationError: 11 validation errors for FeatureResult
asylum_requested
  Field required [type=missing, input_value={'type': 'json_object'}, input_type=dict]
    For further information visit https://errors.pydantic.dev/2.12/v/missing
withholding_requested
  Field required [type=missing, input_value={'type': 'json_object'}, input_type=dict]
    For further information visit https://errors.pydantic.dev/2.12/v/missing
CAT_requested
  Field required [type=missing, input_value={'type': 'json_object'}, input_type=dict]
    For further information visit https://errors.pydantic.dev/2.12/v/missing
protected_ground_political_opinion
  Field required [type=missing, input_value={'type': 'json_object'}, input_type=dict]
    For further information visit https://errors.pydantic.dev/2.12/v/missing
protected_ground_particular_social_group
  Field required [type=missing, input_value={'type': 'json_object'}, input_type=dict]
    For further information visit https://errors.pydantic.dev/2.12/v/missing
past_persecution_physical_violence
  Field required [type=missing, input_value={'type': 'json_object'}, input_type=dict]
    For further information visit https://errors.pydantic.dev/2.12/v/missing
past_persecution_death_threats
  Field required [type=missing, input_value={'type': 'json_object'}, input_type=dict]
    For further information visit https://errors.pydantic.dev/2.12/v/missing
persecutor_nongovernmental_actor
  Field required [type=missing, input_value={'type': 'json_object'}, input_type=dict]
    For further information visit https://errors.pydantic.dev/2.12/v/missing
credibility_finding
  Field required [type=missing, input_value={'type': 'json_object'}, input_type=dict]
    For further information visit https://errors.pydantic.dev/2.12/v/missing
bars_one_year_deadline_missed
  Field required [type=missing, input_value={'type': 'json_object'}, input_type=dict]
    For further information visit https://errors.pydantic.dev/2.12/v/missing
nexus_requirement_met
  Field required [type=missing, input_value={'type': 'json_object'}, input_type=dict]
    For further information visit https://errors.pydantic.dev/2.12/v/missing"
21-70493-2022-09-14,https://cdn.ca9.uscourts.gov/datastore/opinions/2022/09/14/21-70493.pdf,deepseek-ai/deepseek-v4-flash,past_persecution_death_threats,,,2774,"parse: ValidationError: 11 validation errors for FeatureResult
asylum_requested
  Field required [type=missing, input_value={'type': 'json_object'}, input_type=dict]
    For further information visit https://errors.pydantic.dev/2.12/v/missing
withholding_requested
  Field required [type=missing, input_value={'type': 'json_object'}, input_type=dict]
    For further information visit https://errors.pydantic.dev/2.12/v/missing
CAT_requested
  Field required [type=missing, input_value={'type': 'json_object'}, input_type=dict]
    For further information visit https://errors.pydantic.dev/2.12/v/missing
protected_ground_political_opinion
  Field required [type=missing, input_value={'type': 'json_object'}, input_type=dict]
    For further information visit https://errors.pydantic.dev/2.12/v/missing
protected_ground_particular_social_group
  Field required [type=missing, input_value={'type': 'json_object'}, input_type=dict]
    For further information visit https://errors.pydantic.dev/2.12/v/missing
past_persecution_physical_violence
  Field required [type=missing, input_value={'type': 'json_object'}, input_type=dict]
    For further information visit https://errors.pydantic.dev/2.12/v/missing
past_persecution_death_threats
  Field required [type=missing, input_value={'type': 'json_object'}, input_type=dict]
    For further information visit https://errors.pydantic.dev/2.12/v/missing
persecutor_nongovernmental_actor
  Field required [type=missing, input_value={'type': 'json_object'}, input_type=dict]
    For further information visit https://errors.pydantic.dev/2.12/v/missing
credibility_finding
  Field required [type=missing, input_value={'type': 'json_object'}, input_type=dict]
    For further information visit https://errors.pydantic.dev/2.12/v/missing
bars_one_year_deadline_missed
  Field required [type=missing, input_value={'type': 'json_object'}, input_type=dict]
    For further information visit https://errors.pydantic.dev/2.12/v/missing
nexus_requirement_met
  Field required [type=missing, input_value={'type': 'json_object'}, input_type=dict]
    For further information visit https://errors.pydantic.dev/2.12/v/missing"
21-70493-2022-09-14,https://cdn.ca9.uscourts.gov/datastore/opinions/2022/09/14/21-70493.pdf,deepseek-ai/deepseek-v4-flash,persecutor_nongovernmental_actor,,,2774,"parse: ValidationError: 11 validation errors for FeatureResult
asylum_requested
  Field required [type=missing, input_value={'type': 'json_object'}, input_type=dict]
    For further information visit https://errors.pydantic.dev/2.12/v/missing
withholding_requested
  Field required [type=missing, input_value={'type': 'json_object'}, input_type=dict]
    For further information visit https://errors.pydantic.dev/2.12/v/missing
CAT_requested
  Field required [type=missing, input_value={'type': 'json_object'}, input_type=dict]
    For further information visit https://errors.pydantic.dev/2.12/v/missing
protected_ground_political_opinion
  Field required [type=missing, input_value={'type': 'json_object'}, input_type=dict]
    For further information visit https://errors.pydantic.dev/2.12/v/missing
protected_ground_particular_social_group
  Field required [type=missing, input_value={'type': 'json_object'}, input_type=dict]
    For further information visit https://errors.pydantic.dev/2.12/v/missing
past_persecution_physical_violence
  Field required [type=missing, input_value={'type': 'json_object'}, input_type=dict]
    For further information visit https://errors.pydantic.dev/2.12/v/missing
past_persecution_death_threats
  Field required [type=missing, input_value={'type': 'json_object'}, input_type=dict]
    For further information visit https://errors.pydantic.dev/2.12/v/missing
persecutor_nongovernmental_actor
  Field required [type=missing, input_value={'type': 'json_object'}, input_type=dict]
    For further information visit https://errors.pydantic.dev/2.12/v/missing
credibility_finding
  Field required [type=missing, input_value={'type': 'json_object'}, input_type=dict]
    For further information visit https://errors.pydantic.dev/2.12/v/missing
bars_one_year_deadline_missed
  Field required [type=missing, input_value={'type': 'json_object'}, input_type=dict]
    For further information visit https://errors.pydantic.dev/2.12/v/missing
nexus_requirement_met
  Field required [type=missing, input_value={'type': 'json_object'}, input_type=dict]
    For further information visit https://errors.pydantic.dev/2.12/v/missing"
21-70493-2022-09-14,https://cdn.ca9.uscourts.gov/datastore/opinions/2022/09/14/21-70493.pdf,deepseek-ai/deepseek-v4-flash,credibility_finding,,,2774,"parse: ValidationError: 11 validation errors for FeatureResult
asylum_requested
  Field required [type=missing, input_value={'type': 'json_object'}, input_type=dict]
    For further information visit https://errors.pydantic.dev/2.12/v/missing
withholding_requested
  Field required [type=missing, input_value={'type': 'json_object'}, input_type=dict]
    For further information visit https://errors.pydantic.dev/2.12/v/missing
CAT_requested
  Field required [type=missing, input_value={'type': 'json_object'}, input_type=dict]
    For further information visit https://errors.pydantic.dev/2.12/v/missing
protected_ground_political_opinion
  Field required [type=missing, input_value={'type': 'json_object'}, input_type=dict]
    For further information visit https://errors.pydantic.dev/2.12/v/missing
protected_ground_particular_social_group
  Field required [type=missing, input_value={'type': 'json_object'}, input_type=dict]
    For further information visit https://errors.pydantic.dev/2.12/v/missing
past_persecution_physical_violence
  Field required [type=missing, input_value={'type': 'json_object'}, input_type=dict]
    For further information visit https://errors.pydantic.dev/2.12/v/missing
past_persecution_death_threats
  Field required [type=missing, input_value={'type': 'json_object'}, input_type=dict]
    For further information visit https://errors.pydantic.dev/2.12/v/missing
persecutor_nongovernmental_actor
  Field required [type=missing, input_value={'type': 'json_object'}, input_type=dict]
    For further information visit https://errors.pydantic.dev/2.12/v/missing
credibility_finding
  Field required [type=missing, input_value={'type': 'json_object'}, input_type=dict]
    For further information visit https://errors.pydantic.dev/2.12/v/missing
bars_one_year_deadline_missed
  Field required [type=missing, input_value={'type': 'json_object'}, input_type=dict]
    For further information visit https://errors.pydantic.dev/2.12/v/missing
nexus_requirement_met
  Field required [type=missing, input_value={'type': 'json_object'}, input_type=dict]
    For further information visit https://errors.pydantic.dev/2.12/v/missing"
21-70493-2022-09-14,https://cdn.ca9.uscourts.gov/datastore/opinions/2022/09/14/21-70493.pdf,deepseek-ai/deepseek-v4-flash,bars_one_year_deadline_missed,,,2774,"parse: ValidationError: 11 validation errors for FeatureResult
asylum_requested
  Field required [type=missing, input_value={'type': 'json_object'}, input_type=dict]
    For further information visit https://errors.pydantic.dev/2.12/v/missing
withholding_requested
  Field required [type=missing, input_value={'type': 'json_object'}, input_type=dict]
    For further information visit https://errors.pydantic.dev/2.12/v/missing
CAT_requested
  Field required [type=missing, input_value={'type': 'json_object'}, input_type=dict]
    For further information visit https://errors.pydantic.dev/2.12/v/missing
protected_ground_political_opinion
  Field required [type=missing, input_value={'type': 'json_object'}, input_type=dict]
    For further information visit https://errors.pydantic.dev/2.12/v/missing
protected_ground_particular_social_group
  Field required [type=missing, input_value={'type': 'json_object'}, input_type=dict]
    For further information visit https://errors.pydantic.dev/2.12/v/missing
past_persecution_physical_violence
  Field required [type=missing, input_value={'type': 'json_object'}, input_type=dict]
    For further information visit https://errors.pydantic.dev/2.12/v/missing
past_persecution_death_threats
  Field required [type=missing, input_value={'type': 'json_object'}, input_type=dict]
    For further information visit https://errors.pydantic.dev/2.12/v/missing
persecutor_nongovernmental_actor
  Field required [type=missing, input_value={'type': 'json_object'}, input_type=dict]
    For further information visit https://errors.pydantic.dev/2.12/v/missing
credibility_finding
  Field required [type=missing, input_value={'type': 'json_object'}, input_type=dict]
    For further information visit https://errors.pydantic.dev/2.12/v/missing
bars_one_year_deadline_missed
  Field required [type=missing, input_value={'type': 'json_object'}, input_type=dict]
    For further information visit https://errors.pydantic.dev/2.12/v/missing
nexus_requirement_met
  Field required [type=missing, input_value={'type': 'json_object'}, input_type=dict]
    For further information visit https://errors.pydantic.dev/2.12/v/missing"
21-70493-2022-09-14,https://cdn.ca9.uscourts.gov/datastore/opinions/2022/09/14/21-70493.pdf,deepseek-ai/deepseek-v4-flash,nexus_requirement_met,,,2774,"parse: ValidationError: 11 validation errors for FeatureResult
asylum_requested
  Field required [type=missing, input_value={'type': 'json_object'}, input_type=dict]
    For further information visit https://errors.pydantic.dev/2.12/v/missing
withholding_requested
  Field required [type=missing, input_value={'type': 'json_object'}, input_type=dict]
    For further information visit https://errors.pydantic.dev/2.12/v/missing
CAT_requested
  Field required [type=missing, input_value={'type': 'json_object'}, input_type=dict]
    For further information visit https://errors.pydantic.dev/2.12/v/missing
protected_ground_political_opinion
  Field required [type=missing, input_value={'type': 'json_object'}, input_type=dict]
    For further information visit https://errors.pydantic.dev/2.12/v/missing
protected_ground_particular_social_group
  Field required [type=missing, input_value={'type': 'json_object'}, input_type=dict]
    For further information visit https://errors.pydantic.dev/2.12/v/missing
past_persecution_physical_violence
  Field required [type=missing, input_value={'type': 'json_object'}, input_type=dict]
    For further information visit https://errors.pydantic.dev/2.12/v/missing
past_persecution_death_threats
  Field required [type=missing, input_value={'type': 'json_object'}, input_type=dict]
    For further information visit https://errors.pydantic.dev/2.12/v/missing
persecutor_nongovernmental_actor
  Field required [type=missing, input_value={'type': 'json_object'}, input_type=dict]
    For further information visit https://errors.pydantic.dev/2.12/v/missing
credibility_finding
  Field required [type=missing, input_value={'type': 'json_object'}, input_type=dict]
    For further information visit https://errors.pydantic.dev/2.12/v/missing
bars_one_year_deadline_missed
  Field required [type=missing, input_value={'type': 'json_object'}, input_type=dict]
    For further information visit https://errors.pydantic.dev/2.12/v/missing
nexus_requirement_met
  Field required [type=missing, input_value={'type': 'json_object'}, input_type=dict]
    For further information visit https://errors.pydantic.dev/2.12/v/missing"
17-72197-2020-12-21,https://cdn.ca9.uscourts.gov/datastore/opinions/2020/12/21/17-72197.pdf,deepseek-ai/deepseek-v4-flash,asylum_requested,,,1424,"parse: ValidationError: 11 validation errors for FeatureResult
asylum_requested
  Field required [type=missing, input_value={'type': 'json_object'}, input_type=dict]
    For further information visit https://errors.pydantic.dev/2.12/v/missing
withholding_requested
  Field required [type=missing, input_value={'type': 'json_object'}, input_type=dict]
    For further information visit https://errors.pydantic.dev/2.12/v/missing
CAT_requested
  Field required [type=missing, input_value={'type': 'json_object'}, input_type=dict]
    For further information visit https://errors.pydantic.dev/2.12/v/missing
protected_ground_political_opinion
  Field required [type=missing, input_value={'type': 'json_object'}, input_type=dict]
    For further information visit https://errors.pydantic.dev/2.12/v/missing
protected_ground_particular_social_group
  Field required [type=missing, input_value={'type': 'json_object'}, input_type=dict]
    For further information visit https://errors.pydantic.dev/2.12/v/missing
past_persecution_physical_violence
  Field required [type=missing, input_value={'type': 'json_object'}, input_type=dict]
    For further information visit https://errors.pydantic.dev/2.12/v/missing
past_persecution_death_threats
  Field required [type=missing, input_value={'type': 'json_object'}, input_type=dict]
    For further information visit https://errors.pydantic.dev/2.12/v/missing
persecutor_nongovernmental_actor
  Field required [type=missing, input_value={'type': 'json_object'}, input_type=dict]
    For further information visit https://errors.pydantic.dev/2.12/v/missing
credibility_finding
  Field required [type=missing, input_value={'type': 'json_object'}, input_type=dict]
    For further information visit https://errors.pydantic.dev/2.12/v/missing
bars_one_year_deadline_missed
  Field required [type=missing, input_value={'type': 'json_object'}, input_type=dict]
    For further information visit https://errors.pydantic.dev/2.12/v/missing
nexus_requirement_met
  Field required [type=missing, input_value={'type': 'json_object'}, input_type=dict]
    For further information visit https://errors.pydantic.dev/2.12/v/missing"
17-72197-2020-12-21,https://cdn.ca9.uscourts.gov/datastore/opinions/2020/12/21/17-72197.pdf,deepseek-ai/deepseek-v4-flash,withholding_requested,,,1424,"parse: ValidationError: 11 validation errors for FeatureResult
asylum_requested
  Field required [type=missing, input_value={'type': 'json_object'}, input_type=dict]
    For further information visit https://errors.pydantic.dev/2.12/v/missing
withholding_requested
  Field required [type=missing, input_value={'type': 'json_object'}, input_type=dict]
    For further information visit https://errors.pydantic.dev/2.12/v/missing
CAT_requested
  Field required [type=missing, input_value={'type': 'json_object'}, input_type=dict]
    For further information visit https://errors.pydantic.dev/2.12/v/missing
protected_ground_political_opinion
  Field required [type=missing, input_value={'type': 'json_object'}, input_type=dict]
    For further information visit https://errors.pydantic.dev/2.12/v/missing
protected_ground_particular_social_group
  Field required [type=missing, input_value={'type': 'json_object'}, input_type=dict]
    For further information visit https://errors.pydantic.dev/2.12/v/missing
past_persecution_physical_violence
  Field required [type=missing, input_value={'type': 'json_object'}, input_type=dict]
    For further information visit https://errors.pydantic.dev/2.12/v/missing
past_persecution_death_threats
  Field required [type=missing, input_value={'type': 'json_object'}, input_type=dict]
    For further information visit https://errors.pydantic.dev/2.12/v/missing
persecutor_nongovernmental_actor
  Field required [type=missing, input_value={'type': 'json_object'}, input_type=dict]
    For further information visit https://errors.pydantic.dev/2.12/v/missing
credibility_finding
  Field required [type=missing, input_value={'type': 'json_object'}, input_type=dict]
    For further information visit https://errors.pydantic.dev/2.12/v/missing
bars_one_year_deadline_missed
  Field required [type=missing, input_value={'type': 'json_object'}, input_type=dict]
    For further information visit https://errors.pydantic.dev/2.12/v/missing
nexus_requirement_met
  Field required [type=missing, input_value={'type': 'json_object'}, input_type=dict]
    For further information visit https://errors.pydantic.dev/2.12/v/missing"
17-72197-2020-12-21,https://cdn.ca9.uscourts.gov/datastore/opinions/2020/12/21/17-72197.pdf,deepseek-ai/deepseek-v4-flash,CAT_requested,,,1424,"parse: ValidationError: 11 validation errors for FeatureResult
asylum_requested
  Field required [type=missing, input_value={'type': 'json_object'}, input_type=dict]
    For further information visit https://errors.pydantic.dev/2.12/v/missing
withholding_requested
  Field required [type=missing, input_value={'type': 'json_object'}, input_type=dict]
    For further information visit https://errors.pydantic.dev/2.12/v/missing
CAT_requested
  Field required [type=missing, input_value={'type': 'json_object'}, input_type=dict]
    For further information visit https://errors.pydantic.dev/2.12/v/missing
protected_ground_political_opinion
  Field required [type=missing, input_value={'type': 'json_object'}, input_type=dict]
    For further information visit https://errors.pydantic.dev/2.12/v/missing
protected_ground_particular_social_group
  Field required [type=missing, input_value={'type': 'json_object'}, input_type=dict]
    For further information visit https://errors.pydantic.dev/2.12/v/missing
past_persecution_physical_violence
  Field required [type=missing, input_value={'type': 'json_object'}, input_type=dict]
    For further information visit https://errors.pydantic.dev/2.12/v/missing
past_persecution_death_threats
  Field required [type=missing, input_value={'type': 'json_object'}, input_type=dict]
    For further information visit https://errors.pydantic.dev/2.12/v/missing
persecutor_nongovernmental_actor
  Field required [type=missing, input_value={'type': 'json_object'}, input_type=dict]
    For further information visit https://errors.pydantic.dev/2.12/v/missing
credibility_finding
  Field required [type=missing, input_value={'type': 'json_object'}, input_type=dict]
    For further information visit https://errors.pydantic.dev/2.12/v/missing
bars_one_year_deadline_missed
  Field required [type=missing, input_value={'type': 'json_object'}, input_type=dict]
    For further information visit https://errors.pydantic.dev/2.12/v/missing
nexus_requirement_met
  Field required [type=missing, input_value={'type': 'json_object'}, input_type=dict]
    For further information visit https://errors.pydantic.dev/2.12/v/missing"
17-72197-2020-12-21,https://cdn.ca9.uscourts.gov/datastore/opinions/2020/12/21/17-72197.pdf,deepseek-ai/deepseek-v4-flash,protected_ground_political_opinion,,,1424,"parse: ValidationError: 11 validation errors for FeatureResult
asylum_requested
  Field required [type=missing, input_value={'type': 'json_object'}, input_type=dict]
    For further information visit https://errors.pydantic.dev/2.12/v/missing
withholding_requested
  Field required [type=missing, input_value={'type': 'json_object'}, input_type=dict]
    For further information visit https://errors.pydantic.dev/2.12/v/missing
CAT_requested
  Field required [type=missing, input_value={'type': 'json_object'}, input_type=dict]
    For further information visit https://errors.pydantic.dev/2.12/v/missing
protected_ground_political_opinion
  Field required [type=missing, input_value={'type': 'json_object'}, input_type=dict]
    For further information visit https://errors.pydantic.dev/2.12/v/missing
protected_ground_particular_social_group
  Field required [type=missing, input_value={'type': 'json_object'}, input_type=dict]
    For further information visit https://errors.pydantic.dev/2.12/v/missing
past_persecution_physical_violence
  Field required [type=missing, input_value={'type': 'json_object'}, input_type=dict]
    For further information visit https://errors.pydantic.dev/2.12/v/missing
past_persecution_death_threats
  Field required [type=missing, input_value={'type': 'json_object'}, input_type=dict]
    For further information visit https://errors.pydantic.dev/2.12/v/missing
persecutor_nongovernmental_actor
  Field required [type=missing, input_value={'type': 'json_object'}, input_type=dict]
    For further information visit https://errors.pydantic.dev/2.12/v/missing
credibility_finding
  Field required [type=missing, input_value={'type': 'json_object'}, input_type=dict]
    For further information visit https://errors.pydantic.dev/2.12/v/missing
bars_one_year_deadline_missed
  Field required [type=missing, input_value={'type': 'json_object'}, input_type=dict]
    For further information visit https://errors.pydantic.dev/2.12/v/missing
nexus_requirement_met
  Field required [type=missing, input_value={'type': 'json_object'}, input_type=dict]
    For further information visit https://errors.pydantic.dev/2.12/v/missing"
17-72197-2020-12-21,https://cdn.ca9.uscourts.gov/datastore/opinions/2020/12/21/17-72197.pdf,deepseek-ai/deepseek-v4-flash,protected_ground_particular_social_group,,,1424,"parse: ValidationError: 11 validation errors for FeatureResult
asylum_requested
  Field required [type=missing, input_value={'type': 'json_object'}, input_type=dict]
    For further information visit https://errors.pydantic.dev/2.12/v/missing
withholding_requested
  Field required [type=missing, input_value={'type': 'json_object'}, input_type=dict]
    For further information visit https://errors.pydantic.dev/2.12/v/missing
CAT_requested
  Field required [type=missing, input_value={'type': 'json_object'}, input_type=dict]
    For further information visit https://errors.pydantic.dev/2.12/v/missing
protected_ground_political_opinion
  Field required [type=missing, input_value={'type': 'json_object'}, input_type=dict]
    For further information visit https://errors.pydantic.dev/2.12/v/missing
protected_ground_particular_social_group
  Field required [type=missing, input_value={'type': 'json_object'}, input_type=dict]
    For further information visit https://errors.pydantic.dev/2.12/v/missing
past_persecution_physical_violence
  Field required [type=missing, input_value={'type': 'json_object'}, input_type=dict]
    For further information visit https://errors.pydantic.dev/2.12/v/missing
past_persecution_death_threats
  Field required [type=missing, input_value={'type': 'json_object'}, input_type=dict]
    For further information visit https://errors.pydantic.dev/2.12/v/missing
persecutor_nongovernmental_actor
  Field required [type=missing, input_value={'type': 'json_object'}, input_type=dict]
    For further information visit https://errors.pydantic.dev/2.12/v/missing
credibility_finding
  Field required [type=missing, input_value={'type': 'json_object'}, input_type=dict]
    For further information visit https://errors.pydantic.dev/2.12/v/missing
bars_one_year_deadline_missed
  Field required [type=missing, input_value={'type': 'json_object'}, input_type=dict]
    For further information visit https://errors.pydantic.dev/2.12/v/missing
nexus_requirement_met
  Field required [type=missing, input_value={'type': 'json_object'}, input_type=dict]
    For further information visit https://errors.pydantic.dev/2.12/v/missing"
17-72197-2020-12-21,https://cdn.ca9.uscourts.gov/datastore/opinions/2020/12/21/17-72197.pdf,deepseek-ai/deepseek-v4-flash,past_persecution_physical_violence,,,1424,"parse: ValidationError: 11 validation errors for FeatureResult
asylum_requested
  Field required [type=missing, input_value={'type': 'json_object'}, input_type=dict]
    For further information visit https://errors.pydantic.dev/2.12/v/missing
withholding_requested
  Field required [type=missing, input_value={'type': 'json_object'}, input_type=dict]
    For further information visit https://errors.pydantic.dev/2.12/v/missing
CAT_requested
  Field required [type=missing, input_value={'type': 'json_object'}, input_type=dict]
    For further information visit https://errors.pydantic.dev/2.12/v/missing
protected_ground_political_opinion
  Field required [type=missing, input_value={'type': 'json_object'}, input_type=dict]
    For further information visit https://errors.pydantic.dev/2.12/v/missing
protected_ground_particular_social_group
  Field required [type=missing, input_value={'type': 'json_object'}, input_type=dict]
    For further information visit https://errors.pydantic.dev/2.12/v/missing
past_persecution_physical_violence
  Field required [type=missing, input_value={'type': 'json_object'}, input_type=dict]
    For further information visit https://errors.pydantic.dev/2.12/v/missing
past_persecution_death_threats
  Field required [type=missing, input_value={'type': 'json_object'}, input_type=dict]
    For further information visit https://errors.pydantic.dev/2.12/v/missing
persecutor_nongovernmental_actor
  Field required [type=missing, input_value={'type': 'json_object'}, input_type=dict]
    For further information visit https://errors.pydantic.dev/2.12/v/missing
credibility_finding
  Field required [type=missing, input_value={'type': 'json_object'}, input_type=dict]
    For further information visit https://errors.pydantic.dev/2.12/v/missing
bars_one_year_deadline_missed
  Field required [type=missing, input_value={'type': 'json_object'}, input_type=dict]
    For further information visit https://errors.pydantic.dev/2.12/v/missing
nexus_requirement_met
  Field required [type=missing, input_value={'type': 'json_object'}, input_type=dict]
    For further information visit https://errors.pydantic.dev/2.12/v/missing"
17-72197-2020-12-21,https://cdn.ca9.uscourts.gov/datastore/opinions/2020/12/21/17-72197.pdf,deepseek-ai/deepseek-v4-flash,past_persecution_death_threats,,,1424,"parse: ValidationError: 11 validation errors for FeatureResult
asylum_requested
  Field required [type=missing, input_value={'type': 'json_object'}, input_type=dict]
    For further information visit https://errors.pydantic.dev/2.12/v/missing
withholding_requested
  Field required [type=missing, input_value={'type': 'json_object'}, input_type=dict]
    For further information visit https://errors.pydantic.dev/2.12/v/missing
CAT_requested
  Field required [type=missing, input_value={'type': 'json_object'}, input_type=dict]
    For further information visit https://errors.pydantic.dev/2.12/v/missing
protected_ground_political_opinion
  Field required [type=missing, input_value={'type': 'json_object'}, input_type=dict]
    For further information visit https://errors.pydantic.dev/2.12/v/missing
protected_ground_particular_social_group
  Field required [type=missing, input_value={'type': 'json_object'}, input_type=dict]
    For further information visit https://errors.pydantic.dev/2.12/v/missing
past_persecution_physical_violence
  Field required [type=missing, input_value={'type': 'json_object'}, input_type=dict]
    For further information visit https://errors.pydantic.dev/2.12/v/missing
past_persecution_death_threats
  Field required [type=missing, input_value={'type': 'json_object'}, input_type=dict]
    For further information visit https://errors.pydantic.dev/2.12/v/missing
persecutor_nongovernmental_actor
  Field required [type=missing, input_value={'type': 'json_object'}, input_type=dict]
    For further information visit https://errors.pydantic.dev/2.12/v/missing
credibility_finding
  Field required [type=missing, input_value={'type': 'json_object'}, input_type=dict]
    For further information visit https://errors.pydantic.dev/2.12/v/missing
bars_one_year_deadline_missed
  Field required [type=missing, input_value={'type': 'json_object'}, input_type=dict]
    For further information visit https://errors.pydantic.dev/2.12/v/missing
nexus_requirement_met
  Field required [type=missing, input_value={'type': 'json_object'}, input_type=dict]
    For further information visit https://errors.pydantic.dev/2.12/v/missing"
17-72197-2020-12-21,https://cdn.ca9.uscourts.gov/datastore/opinions/2020/12/21/17-72197.pdf,deepseek-ai/deepseek-v4-flash,persecutor_nongovernmental_actor,,,1424,"parse: ValidationError: 11 validation errors for FeatureResult
asylum_requested
  Field required [type=missing, input_value={'type': 'json_object'}, input_type=dict]
    For further information visit https://errors.pydantic.dev/2.12/v/missing
withholding_requested
  Field required [type=missing, input_value={'type': 'json_object'}, input_type=dict]
    For further information visit https://errors.pydantic.dev/2.12/v/missing
CAT_requested
  Field required [type=missing, input_value={'type': 'json_object'}, input_type=dict]
    For further information visit https://errors.pydantic.dev/2.12/v/missing
protected_ground_political_opinion
  Field required [type=missing, input_value={'type': 'json_object'}, input_type=dict]
    For further information visit https://errors.pydantic.dev/2.12/v/missing
protected_ground_particular_social_group
  Field required [type=missing, input_value={'type': 'json_object'}, input_type=dict]
    For further information visit https://errors.pydantic.dev/2.12/v/missing
past_persecution_physical_violence
  Field required [type=missing, input_value={'type': 'json_object'}, input_type=dict]
    For further information visit https://errors.pydantic.dev/2.12/v/missing
past_persecution_death_threats
  Field required [type=missing, input_value={'type': 'json_object'}, input_type=dict]
    For further information visit https://errors.pydantic.dev/2.12/v/missing
persecutor_nongovernmental_actor
  Field required [type=missing, input_value={'type': 'json_object'}, input_type=dict]
    For further information visit https://errors.pydantic.dev/2.12/v/missing
credibility_finding
  Field required [type=missing, input_value={'type': 'json_object'}, input_type=dict]
    For further information visit https://errors.pydantic.dev/2.12/v/missing
bars_one_year_deadline_missed
  Field required [type=missing, input_value={'type': 'json_object'}, input_type=dict]
    For further information visit https://errors.pydantic.dev/2.12/v/missing
nexus_requirement_met
  Field required [type=missing, input_value={'type': 'json_object'}, input_type=dict]
    For further information visit https://errors.pydantic.dev/2.12/v/missing"
17-72197-2020-12-21,https://cdn.ca9.uscourts.gov/datastore/opinions/2020/12/21/17-72197.pdf,deepseek-ai/deepseek-v4-flash,credibility_finding,,,1424,"parse: ValidationError: 11 validation errors for FeatureResult
asylum_requested
  Field required [type=missing, input_value={'type': 'json_object'}, input_type=dict]
    For further information visit https://errors.pydantic.dev/2.12/v/missing
withholding_requested
  Field required [type=missing, input_value={'type': 'json_object'}, input_type=dict]
    For further information visit https://errors.pydantic.dev/2.12/v/missing
CAT_requested
  Field required [type=missing, input_value={'type': 'json_object'}, input_type=dict]
    For further information visit https://errors.pydantic.dev/2.12/v/missing
protected_ground_political_opinion
  Field required [type=missing, input_value={'type': 'json_object'}, input_type=dict]
    For further information visit https://errors.pydantic.dev/2.12/v/missing
protected_ground_particular_social_group
  Field required [type=missing, input_value={'type': 'json_object'}, input_type=dict]
    For further information visit https://errors.pydantic.dev/2.12/v/missing
past_persecution_physical_violence
  Field required [type=missing, input_value={'type': 'json_object'}, input_type=dict]
    For further information visit https://errors.pydantic.dev/2.12/v/missing
past_persecution_death_threats
  Field required [type=missing, input_value={'type': 'json_object'}, input_type=dict]
    For further information visit https://errors.pydantic.dev/2.12/v/missing
persecutor_nongovernmental_actor
  Field required [type=missing, input_value={'type': 'json_object'}, input_type=dict]
    For further information visit https://errors.pydantic.dev/2.12/v/missing
credibility_finding
  Field required [type=missing, input_value={'type': 'json_object'}, input_type=dict]
    For further information visit https://errors.pydantic.dev/2.12/v/missing
bars_one_year_deadline_missed
  Field required [type=missing, input_value={'type': 'json_object'}, input_type=dict]
    For further information visit https://errors.pydantic.dev/2.12/v/missing
nexus_requirement_met
  Field required [type=missing, input_value={'type': 'json_object'}, input_type=dict]
    For further information visit https://errors.pydantic.dev/2.12/v/missing"
17-72197-2020-12-21,https://cdn.ca9.uscourts.gov/datastore/opinions/2020/12/21/17-72197.pdf,deepseek-ai/deepseek-v4-flash,bars_one_year_deadline_missed,,,1424,"parse: ValidationError: 11 validation errors for FeatureResult
asylum_requested
  Field required [type=missing, input_value={'type': 'json_object'}, input_type=dict]
    For further information visit https://errors.pydantic.dev/2.12/v/missing
withholding_requested
  Field required [type=missing, input_value={'type': 'json_object'}, input_type=dict]
    For further information visit https://errors.pydantic.dev/2.12/v/missing
CAT_requested
  Field required [type=missing, input_value={'type': 'json_object'}, input_type=dict]
    For further information visit https://errors.pydantic.dev/2.12/v/missing
protected_ground_political_opinion
  Field required [type=missing, input_value={'type': 'json_object'}, input_type=dict]
    For further information visit https://errors.pydantic.dev/2.12/v/missing
protected_ground_particular_social_group
  Field required [type=missing, input_value={'type': 'json_object'}, input_type=dict]
    For further information visit https://errors.pydantic.dev/2.12/v/missing
past_persecution_physical_violence
  Field required [type=missing, input_value={'type': 'json_object'}, input_type=dict]
    For further information visit https://errors.pydantic.dev/2.12/v/missing
past_persecution_death_threats
  Field required [type=missing, input_value={'type': 'json_object'}, input_type=dict]
    For further information visit https://errors.pydantic.dev/2.12/v/missing
persecutor_nongovernmental_actor
  Field required [type=missing, input_value={'type': 'json_object'}, input_type=dict]
    For further information visit https://errors.pydantic.dev/2.12/v/missing
credibility_finding
  Field required [type=missing, input_value={'type': 'json_object'}, input_type=dict]
    For further information visit https://errors.pydantic.dev/2.12/v/missing
bars_one_year_deadline_missed
  Field required [type=missing, input_value={'type': 'json_object'}, input_type=dict]
    For further information visit https://errors.pydantic.dev/2.12/v/missing
nexus_requirement_met
  Field required [type=missing, input_value={'type': 'json_object'}, input_type=dict]
    For further information visit https://errors.pydantic.dev/2.12/v/missing"
17-72197-2020-12-21,https://cdn.ca9.uscourts.gov/datastore/opinions/2020/12/21/17-72197.pdf,deepseek-ai/deepseek-v4-flash,nexus_requirement_met,,,1424,"parse: ValidationError: 11 validation errors for FeatureResult
asylum_requested
  Field required [type=missing, input_value={'type': 'json_object'}, input_type=dict]
    For further information visit https://errors.pydantic.dev/2.12/v/missing
withholding_requested
  Field required [type=missing, input_value={'type': 'json_object'}, input_type=dict]
    For further information visit https://errors.pydantic.dev/2.12/v/missing
CAT_requested
  Field required [type=missing, input_value={'type': 'json_object'}, input_type=dict]
    For further information visit https://errors.pydantic.dev/2.12/v/missing
protected_ground_political_opinion
  Field required [type=missing, input_value={'type': 'json_object'}, input_type=dict]
    For further information visit https://errors.pydantic.dev/2.12/v/missing
protected_ground_particular_social_group
  Field required [type=missing, input_value={'type': 'json_object'}, input_type=dict]
    For further information visit https://errors.pydantic.dev/2.12/v/missing
past_persecution_physical_violence
  Field required [type=missing, input_value={'type': 'json_object'}, input_type=dict]
    For further information visit https://errors.pydantic.dev/2.12/v/missing
past_persecution_death_threats
  Field required [type=missing, input_value={'type': 'json_object'}, input_type=dict]
    For further information visit https://errors.pydantic.dev/2.12/v/missing
persecutor_nongovernmental_actor
  Field required [type=missing, input_value={'type': 'json_object'}, input_type=dict]
    For further information visit https://errors.pydantic.dev/2.12/v/missing
credibility_finding
  Field required [type=missing, input_value={'type': 'json_object'}, input_type=dict]
    For further information visit https://errors.pydantic.dev/2.12/v/missing
bars_one_year_deadline_missed
  Field required [type=missing, input_value={'type': 'json_object'}, input_type=dict]
    For further information visit https://errors.pydantic.dev/2.12/v/missing
nexus_requirement_met
  Field required [type=missing, input_value={'type': 'json_object'}, input_type=dict]
    For further information visit https://errors.pydantic.dev/2.12/v/missing"
23-3858-2025-04-23,https://cdn.ca9.uscourts.gov/datastore/opinions/2025/04/23/23-3858.pdf,deepseek-ai/deepseek-v4-flash,asylum_requested,,,2890,"parse: ValidationError: 11 validation errors for FeatureResult
asylum_requested
  Field required [type=missing, input_value={'type': 'json_object'}, input_type=dict]
    For further information visit https://errors.pydantic.dev/2.12/v/missing
withholding_requested
  Field required [type=missing, input_value={'type': 'json_object'}, input_type=dict]
    For further information visit https://errors.pydantic.dev/2.12/v/missing
CAT_requested
  Field required [type=missing, input_value={'type': 'json_object'}, input_type=dict]
    For further information visit https://errors.pydantic.dev/2.12/v/missing
protected_ground_political_opinion
  Field required [type=missing, input_value={'type': 'json_object'}, input_type=dict]
    For further information visit https://errors.pydantic.dev/2.12/v/missing
protected_ground_particular_social_group
  Field required [type=missing, input_value={'type': 'json_object'}, input_type=dict]
    For further information visit https://errors.pydantic.dev/2.12/v/missing
past_persecution_physical_violence
  Field required [type=missing, input_value={'type': 'json_object'}, input_type=dict]
    For further information visit https://errors.pydantic.dev/2.12/v/missing
past_persecution_death_threats
  Field required [type=missing, input_value={'type': 'json_object'}, input_type=dict]
    For further information visit https://errors.pydantic.dev/2.12/v/missing
persecutor_nongovernmental_actor
  Field required [type=missing, input_value={'type': 'json_object'}, input_type=dict]
    For further information visit https://errors.pydantic.dev/2.12/v/missing
credibility_finding
  Field required [type=missing, input_value={'type': 'json_object'}, input_type=dict]
    For further information visit https://errors.pydantic.dev/2.12/v/missing
bars_one_year_deadline_missed
  Field required [type=missing, input_value={'type': 'json_object'}, input_type=dict]
    For further information visit https://errors.pydantic.dev/2.12/v/missing
nexus_requirement_met
  Field required [type=missing, input_value={'type': 'json_object'}, input_type=dict]
    For further information visit https://errors.pydantic.dev/2.12/v/missing"
23-3858-2025-04-23,https://cdn.ca9.uscourts.gov/datastore/opinions/2025/04/23/23-3858.pdf,deepseek-ai/deepseek-v4-flash,withholding_requested,,,2890,"parse: ValidationError: 11 validation errors for FeatureResult
asylum_requested
  Field required [type=missing, input_value={'type': 'json_object'}, input_type=dict]
    For further information visit https://errors.pydantic.dev/2.12/v/missing
withholding_requested
  Field required [type=missing, input_value={'type': 'json_object'}, input_type=dict]
    For further information visit https://errors.pydantic.dev/2.12/v/missing
CAT_requested
  Field required [type=missing, input_value={'type': 'json_object'}, input_type=dict]
    For further information visit https://errors.pydantic.dev/2.12/v/missing
protected_ground_political_opinion
  Field required [type=missing, input_value={'type': 'json_object'}, input_type=dict]
    For further information visit https://errors.pydantic.dev/2.12/v/missing
protected_ground_particular_social_group
  Field required [type=missing, input_value={'type': 'json_object'}, input_type=dict]
    For further information visit https://errors.pydantic.dev/2.12/v/missing
past_persecution_physical_violence
  Field required [type=missing, input_value={'type': 'json_object'}, input_type=dict]
    For further information visit https://errors.pydantic.dev/2.12/v/missing
past_persecution_death_threats
  Field required [type=missing, input_value={'type': 'json_object'}, input_type=dict]
    For further information visit https://errors.pydantic.dev/2.12/v/missing
persecutor_nongovernmental_actor
  Field required [type=missing, input_value={'type': 'json_object'}, input_type=dict]
    For further information visit https://errors.pydantic.dev/2.12/v/missing
credibility_finding
  Field required [type=missing, input_value={'type': 'json_object'}, input_type=dict]
    For further information visit https://errors.pydantic.dev/2.12/v/missing
bars_one_year_deadline_missed
  Field required [type=missing, input_value={'type': 'json_object'}, input_type=dict]
    For further information visit https://errors.pydantic.dev/2.12/v/missing
nexus_requirement_met
  Field required [type=missing, input_value={'type': 'json_object'}, input_type=dict]
    For further information visit https://errors.pydantic.dev/2.12/v/missing"
23-3858-2025-04-23,https://cdn.ca9.uscourts.gov/datastore/opinions/2025/04/23/23-3858.pdf,deepseek-ai/deepseek-v4-flash,CAT_requested,,,2890,"parse: ValidationError: 11 validation errors for FeatureResult
asylum_requested
  Field required [type=missing, input_value={'type': 'json_object'}, input_type=dict]
    For further information visit https://errors.pydantic.dev/2.12/v/missing
withholding_requested
  Field required [type=missing, input_value={'type': 'json_object'}, input_type=dict]
    For further information visit https://errors.pydantic.dev/2.12/v/missing
CAT_requested
  Field required [type=missing, input_value={'type': 'json_object'}, input_type=dict]
    For further information visit https://errors.pydantic.dev/2.12/v/missing
protected_ground_political_opinion
  Field required [type=missing, input_value={'type': 'json_object'}, input_type=dict]
    For further information visit https://errors.pydantic.dev/2.12/v/missing
protected_ground_particular_social_group
  Field required [type=missing, input_value={'type': 'json_object'}, input_type=dict]
    For further information visit https://errors.pydantic.dev/2.12/v/missing
past_persecution_physical_violence
  Field required [type=missing, input_value={'type': 'json_object'}, input_type=dict]
    For further information visit https://errors.pydantic.dev/2.12/v/missing
past_persecution_death_threats
  Field required [type=missing, input_value={'type': 'json_object'}, input_type=dict]
    For further information visit https://errors.pydantic.dev/2.12/v/missing
persecutor_nongovernmental_actor
  Field required [type=missing, input_value={'type': 'json_object'}, input_type=dict]
    For further information visit https://errors.pydantic.dev/2.12/v/missing
credibility_finding
  Field required [type=missing, input_value={'type': 'json_object'}, input_type=dict]
    For further information visit https://errors.pydantic.dev/2.12/v/missing
bars_one_year_deadline_missed
  Field required [type=missing, input_value={'type': 'json_object'}, input_type=dict]
    For further information visit https://errors.pydantic.dev/2.12/v/missing
nexus_requirement_met
  Field required [type=missing, input_value={'type': 'json_object'}, input_type=dict]
    For further information visit https://errors.pydantic.dev/2.12/v/missing"
23-3858-2025-04-23,https://cdn.ca9.uscourts.gov/datastore/opinions/2025/04/23/23-3858.pdf,deepseek-ai/deepseek-v4-flash,protected_ground_political_opinion,,,2890,"parse: ValidationError: 11 validation errors for FeatureResult
asylum_requested
  Field required [type=missing, input_value={'type': 'json_object'}, input_type=dict]
    For further information visit https://errors.pydantic.dev/2.12/v/missing
withholding_requested
  Field required [type=missing, input_value={'type': 'json_object'}, input_type=dict]
    For further information visit https://errors.pydantic.dev/2.12/v/missing
CAT_requested
  Field required [type=missing, input_value={'type': 'json_object'}, input_type=dict]
    For further information visit https://errors.pydantic.dev/2.12/v/missing
protected_ground_political_opinion
  Field required [type=missing, input_value={'type': 'json_object'}, input_type=dict]
    For further information visit https://errors.pydantic.dev/2.12/v/missing
protected_ground_particular_social_group
  Field required [type=missing, input_value={'type': 'json_object'}, input_type=dict]
    For further information visit https://errors.pydantic.dev/2.12/v/missing
past_persecution_physical_violence
  Field required [type=missing, input_value={'type': 'json_object'}, input_type=dict]
    For further information visit https://errors.pydantic.dev/2.12/v/missing
past_persecution_death_threats
  Field required [type=missing, input_value={'type': 'json_object'}, input_type=dict]
    For further information visit https://errors.pydantic.dev/2.12/v/missing
persecutor_nongovernmental_actor
  Field required [type=missing, input_value={'type': 'json_object'}, input_type=dict]
    For further information visit https://errors.pydantic.dev/2.12/v/missing
credibility_finding
  Field required [type=missing, input_value={'type': 'json_object'}, input_type=dict]
    For further information visit https://errors.pydantic.dev/2.12/v/missing
bars_one_year_deadline_missed
  Field required [type=missing, input_value={'type': 'json_object'}, input_type=dict]
    For further information visit https://errors.pydantic.dev/2.12/v/missing
nexus_requirement_met
  Field required [type=missing, input_value={'type': 'json_object'}, input_type=dict]
    For further information visit https://errors.pydantic.dev/2.12/v/missing"
23-3858-2025-04-23,https://cdn.ca9.uscourts.gov/datastore/opinions/2025/04/23/23-3858.pdf,deepseek-ai/deepseek-v4-flash,protected_ground_particular_social_group,,,2890,"parse: ValidationError: 11 validation errors for FeatureResult
asylum_requested
  Field required [type=missing, input_value={'type': 'json_object'}, input_type=dict]
    For further information visit https://errors.pydantic.dev/2.12/v/missing
withholding_requested
  Field required [type=missing, input_value={'type': 'json_object'}, input_type=dict]
    For further information visit https://errors.pydantic.dev/2.12/v/missing
CAT_requested
  Field required [type=missing, input_value={'type': 'json_object'}, input_type=dict]
    For further information visit https://errors.pydantic.dev/2.12/v/missing
protected_ground_political_opinion
  Field required [type=missing, input_value={'type': 'json_object'}, input_type=dict]
    For further information visit https://errors.pydantic.dev/2.12/v/missing
protected_ground_particular_social_group
  Field required [type=missing, input_value={'type': 'json_object'}, input_type=dict]
    For further information visit https://errors.pydantic.dev/2.12/v/missing
past_persecution_physical_violence
  Field required [type=missing, input_value={'type': 'json_object'}, input_type=dict]
    For further information visit https://errors.pydantic.dev/2.12/v/missing
past_persecution_death_threats
  Field required [type=missing, input_value={'type': 'json_object'}, input_type=dict]
    For further information visit https://errors.pydantic.dev/2.12/v/missing
persecutor_nongovernmental_actor
  Field required [type=missing, input_value={'type': 'json_object'}, input_type=dict]
    For further information visit https://errors.pydantic.dev/2.12/v/missing
credibility_finding
  Field required [type=missing, input_value={'type': 'json_object'}, input_type=dict]
    For further information visit https://errors.pydantic.dev/2.12/v/missing
bars_one_year_deadline_missed
  Field required [type=missing, input_value={'type': 'json_object'}, input_type=dict]
    For further information visit https://errors.pydantic.dev/2.12/v/missing
nexus_requirement_met
  Field required [type=missing, input_value={'type': 'json_object'}, input_type=dict]
    For further information visit https://errors.pydantic.dev/2.12/v/missing"
23-3858-2025-04-23,https://cdn.ca9.uscourts.gov/datastore/opinions/2025/04/23/23-3858.pdf,deepseek-ai/deepseek-v4-flash,past_persecution_physical_violence,,,2890,"parse: ValidationError: 11 validation errors for FeatureResult
asylum_requested
  Field required [type=missing, input_value={'type': 'json_object'}, input_type=dict]
    For further information visit https://errors.pydantic.dev/2.12/v/missing
withholding_requested
  Field required [type=missing, input_value={'type': 'json_object'}, input_type=dict]
    For further information visit https://errors.pydantic.dev/2.12/v/missing
CAT_requested
  Field required [type=missing, input_value={'type': 'json_object'}, input_type=dict]
    For further information visit https://errors.pydantic.dev/2.12/v/missing
protected_ground_political_opinion
  Field required [type=missing, input_value={'type': 'json_object'}, input_type=dict]
    For further information visit https://errors.pydantic.dev/2.12/v/missing
protected_ground_particular_social_group
  Field required [type=missing, input_value={'type': 'json_object'}, input_type=dict]
    For further information visit https://errors.pydantic.dev/2.12/v/missing
past_persecution_physical_violence
  Field required [type=missing, input_value={'type': 'json_object'}, input_type=dict]
    For further information visit https://errors.pydantic.dev/2.12/v/missing
past_persecution_death_threats
  Field required [type=missing, input_value={'type': 'json_object'}, input_type=dict]
    For further information visit https://errors.pydantic.dev/2.12/v/missing
persecutor_nongovernmental_actor
  Field required [type=missing, input_value={'type': 'json_object'}, input_type=dict]
    For further information visit https://errors.pydantic.dev/2.12/v/missing
credibility_finding
  Field required [type=missing, input_value={'type': 'json_object'}, input_type=dict]
    For further information visit https://errors.pydantic.dev/2.12/v/missing
bars_one_year_deadline_missed
  Field required [type=missing, input_value={'type': 'json_object'}, input_type=dict]
    For further information visit https://errors.pydantic.dev/2.12/v/missing
nexus_requirement_met
  Field required [type=missing, input_value={'type': 'json_object'}, input_type=dict]
    For further information visit https://errors.pydantic.dev/2.12/v/missing"
23-3858-2025-04-23,https://cdn.ca9.uscourts.gov/datastore/opinions/2025/04/23/23-3858.pdf,deepseek-ai/deepseek-v4-flash,past_persecution_death_threats,,,2890,"parse: ValidationError: 11 validation errors for FeatureResult
asylum_requested
  Field required [type=missing, input_value={'type': 'json_object'}, input_type=dict]
    For further information visit https://errors.pydantic.dev/2.12/v/missing
withholding_requested
  Field required [type=missing, input_value={'type': 'json_object'}, input_type=dict]
    For further information visit https://errors.pydantic.dev/2.12/v/missing
CAT_requested
  Field required [type=missing, input_value={'type': 'json_object'}, input_type=dict]
    For further information visit https://errors.pydantic.dev/2.12/v/missing
protected_ground_political_opinion
  Field required [type=missing, input_value={'type': 'json_object'}, input_type=dict]
    For further information visit https://errors.pydantic.dev/2.12/v/missing
protected_ground_particular_social_group
  Field required [type=missing, input_value={'type': 'json_object'}, input_type=dict]
    For further information visit https://errors.pydantic.dev/2.12/v/missing
past_persecution_physical_violence
  Field required [type=missing, input_value={'type': 'json_object'}, input_type=dict]
    For further information visit https://errors.pydantic.dev/2.12/v/missing
past_persecution_death_threats
  Field required [type=missing, input_value={'type': 'json_object'}, input_type=dict]
    For further information visit https://errors.pydantic.dev/2.12/v/missing
persecutor_nongovernmental_actor
  Field required [type=missing, input_value={'type': 'json_object'}, input_type=dict]
    For further information visit https://errors.pydantic.dev/2.12/v/missing
credibility_finding
  Field required [type=missing, input_value={'type': 'json_object'}, input_type=dict]
    For further information visit https://errors.pydantic.dev/2.12/v/missing
bars_one_year_deadline_missed
  Field required [type=missing, input_value={'type': 'json_object'}, input_type=dict]
    For further information visit https://errors.pydantic.dev/2.12/v/missing
nexus_requirement_met
  Field required [type=missing, input_value={'type': 'json_object'}, input_type=dict]
    For further information visit https://errors.pydantic.dev/2.12/v/missing"
23-3858-2025-04-23,https://cdn.ca9.uscourts.gov/datastore/opinions/2025/04/23/23-3858.pdf,deepseek-ai/deepseek-v4-flash,persecutor_nongovernmental_actor,,,2890,"parse: ValidationError: 11 validation errors for FeatureResult
asylum_requested
  Field required [type=missing, input_value={'type': 'json_object'}, input_type=dict]
    For further information visit https://errors.pydantic.dev/2.12/v/missing
withholding_requested
  Field required [type=missing, input_value={'type': 'json_object'}, input_type=dict]
    For further information visit https://errors.pydantic.dev/2.12/v/missing
CAT_requested
  Field required [type=missing, input_value={'type': 'json_object'}, input_type=dict]
    For further information visit https://errors.pydantic.dev/2.12/v/missing
protected_ground_political_opinion
  Field required [type=missing, input_value={'type': 'json_object'}, input_type=dict]
    For further information visit https://errors.pydantic.dev/2.12/v/missing
protected_ground_particular_social_group
  Field required [type=missing, input_value={'type': 'json_object'}, input_type=dict]
    For further information visit https://errors.pydantic.dev/2.12/v/missing
past_persecution_physical_violence
  Field required [type=missing, input_value={'type': 'json_object'}, input_type=dict]
    For further information visit https://errors.pydantic.dev/2.12/v/missing
past_persecution_death_threats
  Field required [type=missing, input_value={'type': 'json_object'}, input_type=dict]
    For further information visit https://errors.pydantic.dev/2.12/v/missing
persecutor_nongovernmental_actor
  Field required [type=missing, input_value={'type': 'json_object'}, input_type=dict]
    For further information visit https://errors.pydantic.dev/2.12/v/missing
credibility_finding
  Field required [type=missing, input_value={'type': 'json_object'}, input_type=dict]
    For further information visit https://errors.pydantic.dev/2.12/v/missing
bars_one_year_deadline_missed
  Field required [type=missing, input_value={'type': 'json_object'}, input_type=dict]
    For further information visit https://errors.pydantic.dev/2.12/v/missing
nexus_requirement_met
  Field required [type=missing, input_value={'type': 'json_object'}, input_type=dict]
    For further information visit https://errors.pydantic.dev/2.12/v/missing"
23-3858-2025-04-23,https://cdn.ca9.uscourts.gov/datastore/opinions/2025/04/23/23-3858.pdf,deepseek-ai/deepseek-v4-flash,credibility_finding,,,2890,"parse: ValidationError: 11 validation errors for FeatureResult
asylum_requested
  Field required [type=missing, input_value={'type': 'json_object'}, input_type=dict]
    For further information visit https://errors.pydantic.dev/2.12/v/missing
withholding_requested
  Field required [type=missing, input_value={'type': 'json_object'}, input_type=dict]
    For further information visit https://errors.pydantic.dev/2.12/v/missing
CAT_requested
  Field required [type=missing, input_value={'type': 'json_object'}, input_type=dict]
    For further information visit https://errors.pydantic.dev/2.12/v/missing
protected_ground_political_opinion
  Field required [type=missing, input_value={'type': 'json_object'}, input_type=dict]
    For further information visit https://errors.pydantic.dev/2.12/v/missing
protected_ground_particular_social_group
  Field required [type=missing, input_value={'type': 'json_object'}, input_type=dict]
    For further information visit https://errors.pydantic.dev/2.12/v/missing
past_persecution_physical_violence
  Field required [type=missing, input_value={'type': 'json_object'}, input_type=dict]
    For further information visit https://errors.pydantic.dev/2.12/v/missing
past_persecution_death_threats
  Field required [type=missing, input_value={'type': 'json_object'}, input_type=dict]
    For further information visit https://errors.pydantic.dev/2.12/v/missing
persecutor_nongovernmental_actor
  Field required [type=missing, input_value={'type': 'json_object'}, input_type=dict]
    For further information visit https://errors.pydantic.dev/2.12/v/missing
credibility_finding
  Field required [type=missing, input_value={'type': 'json_object'}, input_type=dict]
    For further information visit https://errors.pydantic.dev/2.12/v/missing
bars_one_year_deadline_missed
  Field required [type=missing, input_value={'type': 'json_object'}, input_type=dict]
    For further information visit https://errors.pydantic.dev/2.12/v/missing
nexus_requirement_met
  Field required [type=missing, input_value={'type': 'json_object'}, input_type=dict]
    For further information visit https://errors.pydantic.dev/2.12/v/missing"
23-3858-2025-04-23,https://cdn.ca9.uscourts.gov/datastore/opinions/2025/04/23/23-3858.pdf,deepseek-ai/deepseek-v4-flash,bars_one_year_deadline_missed,,,2890,"parse: ValidationError: 11 validation errors for FeatureResult
asylum_requested
  Field required [type=missing, input_value={'type': 'json_object'}, input_type=dict]
    For further information visit https://errors.pydantic.dev/2.12/v/missing
withholding_requested
  Field required [type=missing, input_value={'type': 'json_object'}, input_type=dict]
    For further information visit https://errors.pydantic.dev/2.12/v/missing
CAT_requested
  Field required [type=missing, input_value={'type': 'json_object'}, input_type=dict]
    For further information visit https://errors.pydantic.dev/2.12/v/missing
protected_ground_political_opinion
  Field required [type=missing, input_value={'type': 'json_object'}, input_type=dict]
    For further information visit https://errors.pydantic.dev/2.12/v/missing
protected_ground_particular_social_group
  Field required [type=missing, input_value={'type': 'json_object'}, input_type=dict]
    For further information visit https://errors.pydantic.dev/2.12/v/missing
past_persecution_physical_violence
  Field required [type=missing, input_value={'type': 'json_object'}, input_type=dict]
    For further information visit https://errors.pydantic.dev/2.12/v/missing
past_persecution_death_threats
  Field required [type=missing, input_value={'type': 'json_object'}, input_type=dict]
    For further information visit https://errors.pydantic.dev/2.12/v/missing
persecutor_nongovernmental_actor
  Field required [type=missing, input_value={'type': 'json_object'}, input_type=dict]
    For further information visit https://errors.pydantic.dev/2.12/v/missing
credibility_finding
  Field required [type=missing, input_value={'type': 'json_object'}, input_type=dict]
    For further information visit https://errors.pydantic.dev/2.12/v/missing
bars_one_year_deadline_missed
  Field required [type=missing, input_value={'type': 'json_object'}, input_type=dict]
    For further information visit https://errors.pydantic.dev/2.12/v/missing
nexus_requirement_met
  Field required [type=missing, input_value={'type': 'json_object'}, input_type=dict]
    For further information visit https://errors.pydantic.dev/2.12/v/missing"
23-3858-2025-04-23,https://cdn.ca9.uscourts.gov/datastore/opinions/2025/04/23/23-3858.pdf,deepseek-ai/deepseek-v4-flash,nexus_requirement_met,,,2890,"parse: ValidationError: 11 validation errors for FeatureResult
asylum_requested
  Field required [type=missing, input_value={'type': 'json_object'}, input_type=dict]
    For further information visit https://errors.pydantic.dev/2.12/v/missing
withholding_requested
  Field required [type=missing, input_value={'type': 'json_object'}, input_type=dict]
    For further information visit https://errors.pydantic.dev/2.12/v/missing
CAT_requested
  Field required [type=missing, input_value={'type': 'json_object'}, input_type=dict]
    For further information visit https://errors.pydantic.dev/2.12/v/missing
protected_ground_political_opinion
  Field required [type=missing, input_value={'type': 'json_object'}, input_type=dict]
    For further information visit https://errors.pydantic.dev/2.12/v/missing
protected_ground_particular_social_group
  Field required [type=missing, input_value={'type': 'json_object'}, input_type=dict]
    For further information visit https://errors.pydantic.dev/2.12/v/missing
past_persecution_physical_violence
  Field required [type=missing, input_value={'type': 'json_object'}, input_type=dict]
    For further information visit https://errors.pydantic.dev/2.12/v/missing
past_persecution_death_threats
  Field required [type=missing, input_value={'type': 'json_object'}, input_type=dict]
    For further information visit https://errors.pydantic.dev/2.12/v/missing
persecutor_nongovernmental_actor
  Field required [type=missing, input_value={'type': 'json_object'}, input_type=dict]
    For further information visit https://errors.pydantic.dev/2.12/v/missing
credibility_finding
  Field required [type=missing, input_value={'type': 'json_object'}, input_type=dict]
    For further information visit https://errors.pydantic.dev/2.12/v/missing
bars_one_year_deadline_missed
  Field required [type=missing, input_value={'type': 'json_object'}, input_type=dict]
    For further information visit https://errors.pydantic.dev/2.12/v/missing
nexus_requirement_met
  Field required [type=missing, input_value={'type': 'json_object'}, input_type=dict]
    For further information visit https://errors.pydantic.dev/2.12/v/missing"
16-72752-2022-04-26,https://cdn.ca9.uscourts.gov/datastore/opinions/2022/04/26/16-72752.pdf,deepseek-ai/deepseek-v4-flash,asylum_requested,,,4440,"parse: ValidationError: 11 validation errors for FeatureResult
asylum_requested
  Field required [type=missing, input_value={'type': 'json_object'}, input_type=dict]
    For further information visit https://errors.pydantic.dev/2.12/v/missing
withholding_requested
  Field required [type=missing, input_value={'type': 'json_object'}, input_type=dict]
    For further information visit https://errors.pydantic.dev/2.12/v/missing
CAT_requested
  Field required [type=missing, input_value={'type': 'json_object'}, input_type=dict]
    For further information visit https://errors.pydantic.dev/2.12/v/missing
protected_ground_political_opinion
  Field required [type=missing, input_value={'type': 'json_object'}, input_type=dict]
    For further information visit https://errors.pydantic.dev/2.12/v/missing
protected_ground_particular_social_group
  Field required [type=missing, input_value={'type': 'json_object'}, input_type=dict]
    For further information visit https://errors.pydantic.dev/2.12/v/missing
past_persecution_physical_violence
  Field required [type=missing, input_value={'type': 'json_object'}, input_type=dict]
    For further information visit https://errors.pydantic.dev/2.12/v/missing
past_persecution_death_threats
  Field required [type=missing, input_value={'type': 'json_object'}, input_type=dict]
    For further information visit https://errors.pydantic.dev/2.12/v/missing
persecutor_nongovernmental_actor
  Field required [type=missing, input_value={'type': 'json_object'}, input_type=dict]
    For further information visit https://errors.pydantic.dev/2.12/v/missing
credibility_finding
  Field required [type=missing, input_value={'type': 'json_object'}, input_type=dict]
    For further information visit https://errors.pydantic.dev/2.12/v/missing
bars_one_year_deadline_missed
  Field required [type=missing, input_value={'type': 'json_object'}, input_type=dict]
    For further information visit https://errors.pydantic.dev/2.12/v/missing
nexus_requirement_met
  Field required [type=missing, input_value={'type': 'json_object'}, input_type=dict]
    For further information visit https://errors.pydantic.dev/2.12/v/missing"
16-72752-2022-04-26,https://cdn.ca9.uscourts.gov/datastore/opinions/2022/04/26/16-72752.pdf,deepseek-ai/deepseek-v4-flash,withholding_requested,,,4440,"parse: ValidationError: 11 validation errors for FeatureResult
asylum_requested
  Field required [type=missing, input_value={'type': 'json_object'}, input_type=dict]
    For further information visit https://errors.pydantic.dev/2.12/v/missing
withholding_requested
  Field required [type=missing, input_value={'type': 'json_object'}, input_type=dict]
    For further information visit https://errors.pydantic.dev/2.12/v/missing
CAT_requested
  Field required [type=missing, input_value={'type': 'json_object'}, input_type=dict]
    For further information visit https://errors.pydantic.dev/2.12/v/missing
protected_ground_political_opinion
  Field required [type=missing, input_value={'type': 'json_object'}, input_type=dict]
    For further information visit https://errors.pydantic.dev/2.12/v/missing
protected_ground_particular_social_group
  Field required [type=missing, input_value={'type': 'json_object'}, input_type=dict]
    For further information visit https://errors.pydantic.dev/2.12/v/missing
past_persecution_physical_violence
  Field required [type=missing, input_value={'type': 'json_object'}, input_type=dict]
    For further information visit https://errors.pydantic.dev/2.12/v/missing
past_persecution_death_threats
  Field required [type=missing, input_value={'type': 'json_object'}, input_type=dict]
    For further information visit https://errors.pydantic.dev/2.12/v/missing
persecutor_nongovernmental_actor
  Field required [type=missing, input_value={'type': 'json_object'}, input_type=dict]
    For further information visit https://errors.pydantic.dev/2.12/v/missing
credibility_finding
  Field required [type=missing, input_value={'type': 'json_object'}, input_type=dict]
    For further information visit https://errors.pydantic.dev/2.12/v/missing
bars_one_year_deadline_missed
  Field required [type=missing, input_value={'type': 'json_object'}, input_type=dict]
    For further information visit https://errors.pydantic.dev/2.12/v/missing
nexus_requirement_met
  Field required [type=missing, input_value={'type': 'json_object'}, input_type=dict]
    For further information visit https://errors.pydantic.dev/2.12/v/missing"
16-72752-2022-04-26,https://cdn.ca9.uscourts.gov/datastore/opinions/2022/04/26/16-72752.pdf,deepseek-ai/deepseek-v4-flash,CAT_requested,,,4440,"parse: ValidationError: 11 validation errors for FeatureResult
asylum_requested
  Field required [type=missing, input_value={'type': 'json_object'}, input_type=dict]
    For further information visit https://errors.pydantic.dev/2.12/v/missing
withholding_requested
  Field required [type=missing, input_value={'type': 'json_object'}, input_type=dict]
    For further information visit https://errors.pydantic.dev/2.12/v/missing
CAT_requested
  Field required [type=missing, input_value={'type': 'json_object'}, input_type=dict]
    For further information visit https://errors.pydantic.dev/2.12/v/missing
protected_ground_political_opinion
  Field required [type=missing, input_value={'type': 'json_object'}, input_type=dict]
    For further information visit https://errors.pydantic.dev/2.12/v/missing
protected_ground_particular_social_group
  Field required [type=missing, input_value={'type': 'json_object'}, input_type=dict]
    For further information visit https://errors.pydantic.dev/2.12/v/missing
past_persecution_physical_violence
  Field required [type=missing, input_value={'type': 'json_object'}, input_type=dict]
    For further information visit https://errors.pydantic.dev/2.12/v/missing
past_persecution_death_threats
  Field required [type=missing, input_value={'type': 'json_object'}, input_type=dict]
    For further information visit https://errors.pydantic.dev/2.12/v/missing
persecutor_nongovernmental_actor
  Field required [type=missing, input_value={'type': 'json_object'}, input_type=dict]
    For further information visit https://errors.pydantic.dev/2.12/v/missing
credibility_finding
  Field required [type=missing, input_value={'type': 'json_object'}, input_type=dict]
    For further information visit https://errors.pydantic.dev/2.12/v/missing
bars_one_year_deadline_missed
  Field required [type=missing, input_value={'type': 'json_object'}, input_type=dict]
    For further information visit https://errors.pydantic.dev/2.12/v/missing
nexus_requirement_met
  Field required [type=missing, input_value={'type': 'json_object'}, input_type=dict]
    For further information visit https://errors.pydantic.dev/2.12/v/missing"
16-72752-2022-04-26,https://cdn.ca9.uscourts.gov/datastore/opinions/2022/04/26/16-72752.pdf,deepseek-ai/deepseek-v4-flash,protected_ground_political_opinion,,,4440,"parse: ValidationError: 11 validation errors for FeatureResult
asylum_requested
  Field required [type=missing, input_value={'type': 'json_object'}, input_type=dict]
    For further information visit https://errors.pydantic.dev/2.12/v/missing
withholding_requested
  Field required [type=missing, input_value={'type': 'json_object'}, input_type=dict]
    For further information visit https://errors.pydantic.dev/2.12/v/missing
CAT_requested
  Field required [type=missing, input_value={'type': 'json_object'}, input_type=dict]
    For further information visit https://errors.pydantic.dev/2.12/v/missing
protected_ground_political_opinion
  Field required [type=missing, input_value={'type': 'json_object'}, input_type=dict]
    For further information visit https://errors.pydantic.dev/2.12/v/missing
protected_ground_particular_social_group
  Field required [type=missing, input_value={'type': 'json_object'}, input_type=dict]
    For further information visit https://errors.pydantic.dev/2.12/v/missing
past_persecution_physical_violence
  Field required [type=missing, input_value={'type': 'json_object'}, input_type=dict]
    For further information visit https://errors.pydantic.dev/2.12/v/missing
past_persecution_death_threats
  Field required [type=missing, input_value={'type': 'json_object'}, input_type=dict]
    For further information visit https://errors.pydantic.dev/2.12/v/missing
persecutor_nongovernmental_actor
  Field required [type=missing, input_value={'type': 'json_object'}, input_type=dict]
    For further information visit https://errors.pydantic.dev/2.12/v/missing
credibility_finding
  Field required [type=missing, input_value={'type': 'json_object'}, input_type=dict]
    For further information visit https://errors.pydantic.dev/2.12/v/missing
bars_one_year_deadline_missed
  Field required [type=missing, input_value={'type': 'json_object'}, input_type=dict]
    For further information visit https://errors.pydantic.dev/2.12/v/missing
nexus_requirement_met
  Field required [type=missing, input_value={'type': 'json_object'}, input_type=dict]
    For further information visit https://errors.pydantic.dev/2.12/v/missing"
16-72752-2022-04-26,https://cdn.ca9.uscourts.gov/datastore/opinions/2022/04/26/16-72752.pdf,deepseek-ai/deepseek-v4-flash,protected_ground_particular_social_group,,,4440,"parse: ValidationError: 11 validation errors for FeatureResult
asylum_requested
  Field required [type=missing, input_value={'type': 'json_object'}, input_type=dict]
    For further information visit https://errors.pydantic.dev/2.12/v/missing
withholding_requested
  Field required [type=missing, input_value={'type': 'json_object'}, input_type=dict]
    For further information visit https://errors.pydantic.dev/2.12/v/missing
CAT_requested
  Field required [type=missing, input_value={'type': 'json_object'}, input_type=dict]
    For further information visit https://errors.pydantic.dev/2.12/v/missing
protected_ground_political_opinion
  Field required [type=missing, input_value={'type': 'json_object'}, input_type=dict]
    For further information visit https://errors.pydantic.dev/2.12/v/missing
protected_ground_particular_social_group
  Field required [type=missing, input_value={'type': 'json_object'}, input_type=dict]
    For further information visit https://errors.pydantic.dev/2.12/v/missing
past_persecution_physical_violence
  Field required [type=missing, input_value={'type': 'json_object'}, input_type=dict]
    For further information visit https://errors.pydantic.dev/2.12/v/missing
past_persecution_death_threats
  Field required [type=missing, input_value={'type': 'json_object'}, input_type=dict]
    For further information visit https://errors.pydantic.dev/2.12/v/missing
persecutor_nongovernmental_actor
  Field required [type=missing, input_value={'type': 'json_object'}, input_type=dict]
    For further information visit https://errors.pydantic.dev/2.12/v/missing
credibility_finding
  Field required [type=missing, input_value={'type': 'json_object'}, input_type=dict]
    For further information visit https://errors.pydantic.dev/2.12/v/missing
bars_one_year_deadline_missed
  Field required [type=missing, input_value={'type': 'json_object'}, input_type=dict]
    For further information visit https://errors.pydantic.dev/2.12/v/missing
nexus_requirement_met
  Field required [type=missing, input_value={'type': 'json_object'}, input_type=dict]
    For further information visit https://errors.pydantic.dev/2.12/v/missing"
16-72752-2022-04-26,https://cdn.ca9.uscourts.gov/datastore/opinions/2022/04/26/16-72752.pdf,deepseek-ai/deepseek-v4-flash,past_persecution_physical_violence,,,4440,"parse: ValidationError: 11 validation errors for FeatureResult
asylum_requested
  Field required [type=missing, input_value={'type': 'json_object'}, input_type=dict]
    For further information visit https://errors.pydantic.dev/2.12/v/missing
withholding_requested
  Field required [type=missing, input_value={'type': 'json_object'}, input_type=dict]
    For further information visit https://errors.pydantic.dev/2.12/v/missing
CAT_requested
  Field required [type=missing, input_value={'type': 'json_object'}, input_type=dict]
    For further information visit https://errors.pydantic.dev/2.12/v/missing
protected_ground_political_opinion
  Field required [type=missing, input_value={'type': 'json_object'}, input_type=dict]
    For further information visit https://errors.pydantic.dev/2.12/v/missing
protected_ground_particular_social_group
  Field required [type=missing, input_value={'type': 'json_object'}, input_type=dict]
    For further information visit https://errors.pydantic.dev/2.12/v/missing
past_persecution_physical_violence
  Field required [type=missing, input_value={'type': 'json_object'}, input_type=dict]
    For further information visit https://errors.pydantic.dev/2.12/v/missing
past_persecution_death_threats
  Field required [type=missing, input_value={'type': 'json_object'}, input_type=dict]
    For further information visit https://errors.pydantic.dev/2.12/v/missing
persecutor_nongovernmental_actor
  Field required [type=missing, input_value={'type': 'json_object'}, input_type=dict]
    For further information visit https://errors.pydantic.dev/2.12/v/missing
credibility_finding
  Field required [type=missing, input_value={'type': 'json_object'}, input_type=dict]
    For further information visit https://errors.pydantic.dev/2.12/v/missing
bars_one_year_deadline_missed
  Field required [type=missing, input_value={'type': 'json_object'}, input_type=dict]
    For further information visit https://errors.pydantic.dev/2.12/v/missing
nexus_requirement_met
  Field required [type=missing, input_value={'type': 'json_object'}, input_type=dict]
    For further information visit https://errors.pydantic.dev/2.12/v/missing"
16-72752-2022-04-26,https://cdn.ca9.uscourts.gov/datastore/opinions/2022/04/26/16-72752.pdf,deepseek-ai/deepseek-v4-flash,past_persecution_death_threats,,,4440,"parse: ValidationError: 11 validation errors for FeatureResult
asylum_requested
  Field required [type=missing, input_value={'type': 'json_object'}, input_type=dict]
    For further information visit https://errors.pydantic.dev/2.12/v/missing
withholding_requested
  Field required [type=missing, input_value={'type': 'json_object'}, input_type=dict]
    For further information visit https://errors.pydantic.dev/2.12/v/missing
CAT_requested
  Field required [type=missing, input_value={'type': 'json_object'}, input_type=dict]
    For further information visit https://errors.pydantic.dev/2.12/v/missing
protected_ground_political_opinion
  Field required [type=missing, input_value={'type': 'json_object'}, input_type=dict]
    For further information visit https://errors.pydantic.dev/2.12/v/missing
protected_ground_particular_social_group
  Field required [type=missing, input_value={'type': 'json_object'}, input_type=dict]
    For further information visit https://errors.pydantic.dev/2.12/v/missing
past_persecution_physical_violence
  Field required [type=missing, input_value={'type': 'json_object'}, input_type=dict]
    For further information visit https://errors.pydantic.dev/2.12/v/missing
past_persecution_death_threats
  Field required [type=missing, input_value={'type': 'json_object'}, input_type=dict]
    For further information visit https://errors.pydantic.dev/2.12/v/missing
persecutor_nongovernmental_actor
  Field required [type=missing, input_value={'type': 'json_object'}, input_type=dict]
    For further information visit https://errors.pydantic.dev/2.12/v/missing
credibility_finding
  Field required [type=missing, input_value={'type': 'json_object'}, input_type=dict]
    For further information visit https://errors.pydantic.dev/2.12/v/missing
bars_one_year_deadline_missed
  Field required [type=missing, input_value={'type': 'json_object'}, input_type=dict]
    For further information visit https://errors.pydantic.dev/2.12/v/missing
nexus_requirement_met
  Field required [type=missing, input_value={'type': 'json_object'}, input_type=dict]
    For further information visit https://errors.pydantic.dev/2.12/v/missing"
16-72752-2022-04-26,https://cdn.ca9.uscourts.gov/datastore/opinions/2022/04/26/16-72752.pdf,deepseek-ai/deepseek-v4-flash,persecutor_nongovernmental_actor,,,4440,"parse: ValidationError: 11 validation errors for FeatureResult
asylum_requested
  Field required [type=missing, input_value={'type': 'json_object'}, input_type=dict]
    For further information visit https://errors.pydantic.dev/2.12/v/missing
withholding_requested
  Field required [type=missing, input_value={'type': 'json_object'}, input_type=dict]
    For further information visit https://errors.pydantic.dev/2.12/v/missing
CAT_requested
  Field required [type=missing, input_value={'type': 'json_object'}, input_type=dict]
    For further information visit https://errors.pydantic.dev/2.12/v/missing
protected_ground_political_opinion
  Field required [type=missing, input_value={'type': 'json_object'}, input_type=dict]
    For further information visit https://errors.pydantic.dev/2.12/v/missing
protected_ground_particular_social_group
  Field required [type=missing, input_value={'type': 'json_object'}, input_type=dict]
    For further information visit https://errors.pydantic.dev/2.12/v/missing
past_persecution_physical_violence
  Field required [type=missing, input_value={'type': 'json_object'}, input_type=dict]
    For further information visit https://errors.pydantic.dev/2.12/v/missing
past_persecution_death_threats
  Field required [type=missing, input_value={'type': 'json_object'}, input_type=dict]
    For further information visit https://errors.pydantic.dev/2.12/v/missing
persecutor_nongovernmental_actor
  Field required [type=missing, input_value={'type': 'json_object'}, input_type=dict]
    For further information visit https://errors.pydantic.dev/2.12/v/missing
credibility_finding
  Field required [type=missing, input_value={'type': 'json_object'}, input_type=dict]
    For further information visit https://errors.pydantic.dev/2.12/v/missing
bars_one_year_deadline_missed
  Field required [type=missing, input_value={'type': 'json_object'}, input_type=dict]
    For further information visit https://errors.pydantic.dev/2.12/v/missing
nexus_requirement_met
  Field required [type=missing, input_value={'type': 'json_object'}, input_type=dict]
    For further information visit https://errors.pydantic.dev/2.12/v/missing"
16-72752-2022-04-26,https://cdn.ca9.uscourts.gov/datastore/opinions/2022/04/26/16-72752.pdf,deepseek-ai/deepseek-v4-flash,credibility_finding,,,4440,"parse: ValidationError: 11 validation errors for FeatureResult
asylum_requested
  Field required [type=missing, input_value={'type': 'json_object'}, input_type=dict]
    For further information visit https://errors.pydantic.dev/2.12/v/missing
withholding_requested
  Field required [type=missing, input_value={'type': 'json_object'}, input_type=dict]
    For further information visit https://errors.pydantic.dev/2.12/v/missing
CAT_requested
  Field required [type=missing, input_value={'type': 'json_object'}, input_type=dict]
    For further information visit https://errors.pydantic.dev/2.12/v/missing
protected_ground_political_opinion
  Field required [type=missing, input_value={'type': 'json_object'}, input_type=dict]
    For further information visit https://errors.pydantic.dev/2.12/v/missing
protected_ground_particular_social_group
  Field required [type=missing, input_value={'type': 'json_object'}, input_type=dict]
    For further information visit https://errors.pydantic.dev/2.12/v/missing
past_persecution_physical_violence
  Field required [type=missing, input_value={'type': 'json_object'}, input_type=dict]
    For further information visit https://errors.pydantic.dev/2.12/v/missing
past_persecution_death_threats
  Field required [type=missing, input_value={'type': 'json_object'}, input_type=dict]
    For further information visit https://errors.pydantic.dev/2.12/v/missing
persecutor_nongovernmental_actor
  Field required [type=missing, input_value={'type': 'json_object'}, input_type=dict]
    For further information visit https://errors.pydantic.dev/2.12/v/missing
credibility_finding
  Field required [type=missing, input_value={'type': 'json_object'}, input_type=dict]
    For further information visit https://errors.pydantic.dev/2.12/v/missing
bars_one_year_deadline_missed
  Field required [type=missing, input_value={'type': 'json_object'}, input_type=dict]
    For further information visit https://errors.pydantic.dev/2.12/v/missing
nexus_requirement_met
  Field required [type=missing, input_value={'type': 'json_object'}, input_type=dict]
    For further information visit https://errors.pydantic.dev/2.12/v/missing"
16-72752-2022-04-26,https://cdn.ca9.uscourts.gov/datastore/opinions/2022/04/26/16-72752.pdf,deepseek-ai/deepseek-v4-flash,bars_one_year_deadline_missed,,,4440,"parse: ValidationError: 11 validation errors for FeatureResult
asylum_requested
  Field required [type=missing, input_value={'type': 'json_object'}, input_type=dict]
    For further information visit https://errors.pydantic.dev/2.12/v/missing
withholding_requested
  Field required [type=missing, input_value={'type': 'json_object'}, input_type=dict]
    For further information visit https://errors.pydantic.dev/2.12/v/missing
CAT_requested
  Field required [type=missing, input_value={'type': 'json_object'}, input_type=dict]
    For further information visit https://errors.pydantic.dev/2.12/v/missing
protected_ground_political_opinion
  Field required [type=missing, input_value={'type': 'json_object'}, input_type=dict]
    For further information visit https://errors.pydantic.dev/2.12/v/missing
protected_ground_particular_social_group
  Field required [type=missing, input_value={'type': 'json_object'}, input_type=dict]
    For further information visit https://errors.pydantic.dev/2.12/v/missing
past_persecution_physical_violence
  Field required [type=missing, input_value={'type': 'json_object'}, input_type=dict]
    For further information visit https://errors.pydantic.dev/2.12/v/missing
past_persecution_death_threats
  Field required [type=missing, input_value={'type': 'json_object'}, input_type=dict]
    For further information visit https://errors.pydantic.dev/2.12/v/missing
persecutor_nongovernmental_actor
  Field required [type=missing, input_value={'type': 'json_object'}, input_type=dict]
    For further information visit https://errors.pydantic.dev/2.12/v/missing
credibility_finding
  Field required [type=missing, input_value={'type': 'json_object'}, input_type=dict]
    For further information visit https://errors.pydantic.dev/2.12/v/missing
bars_one_year_deadline_missed
  Field required [type=missing, input_value={'type': 'json_object'}, input_type=dict]
    For further information visit https://errors.pydantic.dev/2.12/v/missing
nexus_requirement_met
  Field required [type=missing, input_value={'type': 'json_object'}, input_type=dict]
    For further information visit https://errors.pydantic.dev/2.12/v/missing"
16-72752-2022-04-26,https://cdn.ca9.uscourts.gov/datastore/opinions/2022/04/26/16-72752.pdf,deepseek-ai/deepseek-v4-flash,nexus_requirement_met,,,4440,"parse: ValidationError: 11 validation errors for FeatureResult
asylum_requested
  Field required [type=missing, input_value={'type': 'json_object'}, input_type=dict]
    For further information visit https://errors.pydantic.dev/2.12/v/missing
withholding_requested
  Field required [type=missing, input_value={'type': 'json_object'}, input_type=dict]
    For further information visit https://errors.pydantic.dev/2.12/v/missing
CAT_requested
  Field required [type=missing, input_value={'type': 'json_object'}, input_type=dict]
    For further information visit https://errors.pydantic.dev/2.12/v/missing
protected_ground_political_opinion
  Field required [type=missing, input_value={'type': 'json_object'}, input_type=dict]
    For further information visit https://errors.pydantic.dev/2.12/v/missing
protected_ground_particular_social_group
  Field required [type=missing, input_value={'type': 'json_object'}, input_type=dict]
    For further information visit https://errors.pydantic.dev/2.12/v/missing
past_persecution_physical_violence
  Field required [type=missing, input_value={'type': 'json_object'}, input_type=dict]
    For further information visit https://errors.pydantic.dev/2.12/v/missing
past_persecution_death_threats
  Field required [type=missing, input_value={'type': 'json_object'}, input_type=dict]
    For further information visit https://errors.pydantic.dev/2.12/v/missing
persecutor_nongovernmental_actor
  Field required [type=missing, input_value={'type': 'json_object'}, input_type=dict]
    For further information visit https://errors.pydantic.dev/2.12/v/missing
credibility_finding
  Field required [type=missing, input_value={'type': 'json_object'}, input_type=dict]
    For further information visit https://errors.pydantic.dev/2.12/v/missing
bars_one_year_deadline_missed
  Field required [type=missing, input_value={'type': 'json_object'}, input_type=dict]
    For further information visit https://errors.pydantic.dev/2.12/v/missing
nexus_requirement_met
  Field required [type=missing, input_value={'type': 'json_object'}, input_type=dict]
    For further information visit https://errors.pydantic.dev/2.12/v/missing"
20-72806-2023-01-12,https://cdn.ca9.uscourts.gov/datastore/opinions/2023/01/12/20-72806.pdf,deepseek-ai/deepseek-v4-flash,asylum_requested,,,5708,"parse: ValidationError: 11 validation errors for FeatureResult
asylum_requested
  Field required [type=missing, input_value={'type': 'json_object'}, input_type=dict]
    For further information visit https://errors.pydantic.dev/2.12/v/missing
withholding_requested
  Field required [type=missing, input_value={'type': 'json_object'}, input_type=dict]
    For further information visit https://errors.pydantic.dev/2.12/v/missing
CAT_requested
  Field required [type=missing, input_value={'type': 'json_object'}, input_type=dict]
    For further information visit https://errors.pydantic.dev/2.12/v/missing
protected_ground_political_opinion
  Field required [type=missing, input_value={'type': 'json_object'}, input_type=dict]
    For further information visit https://errors.pydantic.dev/2.12/v/missing
protected_ground_particular_social_group
  Field required [type=missing, input_value={'type': 'json_object'}, input_type=dict]
    For further information visit https://errors.pydantic.dev/2.12/v/missing
past_persecution_physical_violence
  Field required [type=missing, input_value={'type': 'json_object'}, input_type=dict]
    For further information visit https://errors.pydantic.dev/2.12/v/missing
past_persecution_death_threats
  Field required [type=missing, input_value={'type': 'json_object'}, input_type=dict]
    For further information visit https://errors.pydantic.dev/2.12/v/missing
persecutor_nongovernmental_actor
  Field required [type=missing, input_value={'type': 'json_object'}, input_type=dict]
    For further information visit https://errors.pydantic.dev/2.12/v/missing
credibility_finding
  Field required [type=missing, input_value={'type': 'json_object'}, input_type=dict]
    For further information visit https://errors.pydantic.dev/2.12/v/missing
bars_one_year_deadline_missed
  Field required [type=missing, input_value={'type': 'json_object'}, input_type=dict]
    For further information visit https://errors.pydantic.dev/2.12/v/missing
nexus_requirement_met
  Field required [type=missing, input_value={'type': 'json_object'}, input_type=dict]
    For further information visit https://errors.pydantic.dev/2.12/v/missing"
20-72806-2023-01-12,https://cdn.ca9.uscourts.gov/datastore/opinions/2023/01/12/20-72806.pdf,deepseek-ai/deepseek-v4-flash,withholding_requested,,,5708,"parse: ValidationError: 11 validation errors for FeatureResult
asylum_requested
  Field required [type=missing, input_value={'type': 'json_object'}, input_type=dict]
    For further information visit https://errors.pydantic.dev/2.12/v/missing
withholding_requested
  Field required [type=missing, input_value={'type': 'json_object'}, input_type=dict]
    For further information visit https://errors.pydantic.dev/2.12/v/missing
CAT_requested
  Field required [type=missing, input_value={'type': 'json_object'}, input_type=dict]
    For further information visit https://errors.pydantic.dev/2.12/v/missing
protected_ground_political_opinion
  Field required [type=missing, input_value={'type': 'json_object'}, input_type=dict]
    For further information visit https://errors.pydantic.dev/2.12/v/missing
protected_ground_particular_social_group
  Field required [type=missing, input_value={'type': 'json_object'}, input_type=dict]
    For further information visit https://errors.pydantic.dev/2.12/v/missing
past_persecution_physical_violence
  Field required [type=missing, input_value={'type': 'json_object'}, input_type=dict]
    For further information visit https://errors.pydantic.dev/2.12/v/missing
past_persecution_death_threats
  Field required [type=missing, input_value={'type': 'json_object'}, input_type=dict]
    For further information visit https://errors.pydantic.dev/2.12/v/missing
persecutor_nongovernmental_actor
  Field required [type=missing, input_value={'type': 'json_object'}, input_type=dict]
    For further information visit https://errors.pydantic.dev/2.12/v/missing
credibility_finding
  Field required [type=missing, input_value={'type': 'json_object'}, input_type=dict]
    For further information visit https://errors.pydantic.dev/2.12/v/missing
bars_one_year_deadline_missed
  Field required [type=missing, input_value={'type': 'json_object'}, input_type=dict]
    For further information visit https://errors.pydantic.dev/2.12/v/missing
nexus_requirement_met
  Field required [type=missing, input_value={'type': 'json_object'}, input_type=dict]
    For further information visit https://errors.pydantic.dev/2.12/v/missing"
20-72806-2023-01-12,https://cdn.ca9.uscourts.gov/datastore/opinions/2023/01/12/20-72806.pdf,deepseek-ai/deepseek-v4-flash,CAT_requested,,,5708,"parse: ValidationError: 11 validation errors for FeatureResult
asylum_requested
  Field required [type=missing, input_value={'type': 'json_object'}, input_type=dict]
    For further information visit https://errors.pydantic.dev/2.12/v/missing
withholding_requested
  Field required [type=missing, input_value={'type': 'json_object'}, input_type=dict]
    For further information visit https://errors.pydantic.dev/2.12/v/missing
CAT_requested
  Field required [type=missing, input_value={'type': 'json_object'}, input_type=dict]
    For further information visit https://errors.pydantic.dev/2.12/v/missing
protected_ground_political_opinion
  Field required [type=missing, input_value={'type': 'json_object'}, input_type=dict]
    For further information visit https://errors.pydantic.dev/2.12/v/missing
protected_ground_particular_social_group
  Field required [type=missing, input_value={'type': 'json_object'}, input_type=dict]
    For further information visit https://errors.pydantic.dev/2.12/v/missing
past_persecution_physical_violence
  Field required [type=missing, input_value={'type': 'json_object'}, input_type=dict]
    For further information visit https://errors.pydantic.dev/2.12/v/missing
past_persecution_death_threats
  Field required [type=missing, input_value={'type': 'json_object'}, input_type=dict]
    For further information visit https://errors.pydantic.dev/2.12/v/missing
persecutor_nongovernmental_actor
  Field required [type=missing, input_value={'type': 'json_object'}, input_type=dict]
    For further information visit https://errors.pydantic.dev/2.12/v/missing
credibility_finding
  Field required [type=missing, input_value={'type': 'json_object'}, input_type=dict]
    For further information visit https://errors.pydantic.dev/2.12/v/missing
bars_one_year_deadline_missed
  Field required [type=missing, input_value={'type': 'json_object'}, input_type=dict]
    For further information visit https://errors.pydantic.dev/2.12/v/missing
nexus_requirement_met
  Field required [type=missing, input_value={'type': 'json_object'}, input_type=dict]
    For further information visit https://errors.pydantic.dev/2.12/v/missing"
20-72806-2023-01-12,https://cdn.ca9.uscourts.gov/datastore/opinions/2023/01/12/20-72806.pdf,deepseek-ai/deepseek-v4-flash,protected_ground_political_opinion,,,5708,"parse: ValidationError: 11 validation errors for FeatureResult
asylum_requested
  Field required [type=missing, input_value={'type': 'json_object'}, input_type=dict]
    For further information visit https://errors.pydantic.dev/2.12/v/missing
withholding_requested
  Field required [type=missing, input_value={'type': 'json_object'}, input_type=dict]
    For further information visit https://errors.pydantic.dev/2.12/v/missing
CAT_requested
  Field required [type=missing, input_value={'type': 'json_object'}, input_type=dict]
    For further information visit https://errors.pydantic.dev/2.12/v/missing
protected_ground_political_opinion
  Field required [type=missing, input_value={'type': 'json_object'}, input_type=dict]
    For further information visit https://errors.pydantic.dev/2.12/v/missing
protected_ground_particular_social_group
  Field required [type=missing, input_value={'type': 'json_object'}, input_type=dict]
    For further information visit https://errors.pydantic.dev/2.12/v/missing
past_persecution_physical_violence
  Field required [type=missing, input_value={'type': 'json_object'}, input_type=dict]
    For further information visit https://errors.pydantic.dev/2.12/v/missing
past_persecution_death_threats
  Field required [type=missing, input_value={'type': 'json_object'}, input_type=dict]
    For further information visit https://errors.pydantic.dev/2.12/v/missing
persecutor_nongovernmental_actor
  Field required [type=missing, input_value={'type': 'json_object'}, input_type=dict]
    For further information visit https://errors.pydantic.dev/2.12/v/missing
credibility_finding
  Field required [type=missing, input_value={'type': 'json_object'}, input_type=dict]
    For further information visit https://errors.pydantic.dev/2.12/v/missing
bars_one_year_deadline_missed
  Field required [type=missing, input_value={'type': 'json_object'}, input_type=dict]
    For further information visit https://errors.pydantic.dev/2.12/v/missing
nexus_requirement_met
  Field required [type=missing, input_value={'type': 'json_object'}, input_type=dict]
    For further information visit https://errors.pydantic.dev/2.12/v/missing"
20-72806-2023-01-12,https://cdn.ca9.uscourts.gov/datastore/opinions/2023/01/12/20-72806.pdf,deepseek-ai/deepseek-v4-flash,protected_ground_particular_social_group,,,5708,"parse: ValidationError: 11 validation errors for FeatureResult
asylum_requested
  Field required [type=missing, input_value={'type': 'json_object'}, input_type=dict]
    For further information visit https://errors.pydantic.dev/2.12/v/missing
withholding_requested
  Field required [type=missing, input_value={'type': 'json_object'}, input_type=dict]
    For further information visit https://errors.pydantic.dev/2.12/v/missing
CAT_requested
  Field required [type=missing, input_value={'type': 'json_object'}, input_type=dict]
    For further information visit https://errors.pydantic.dev/2.12/v/missing
protected_ground_political_opinion
  Field required [type=missing, input_value={'type': 'json_object'}, input_type=dict]
    For further information visit https://errors.pydantic.dev/2.12/v/missing
protected_ground_particular_social_group
  Field required [type=missing, input_value={'type': 'json_object'}, input_type=dict]
    For further information visit https://errors.pydantic.dev/2.12/v/missing
past_persecution_physical_violence
  Field required [type=missing, input_value={'type': 'json_object'}, input_type=dict]
    For further information visit https://errors.pydantic.dev/2.12/v/missing
past_persecution_death_threats
  Field required [type=missing, input_value={'type': 'json_object'}, input_type=dict]
    For further information visit https://errors.pydantic.dev/2.12/v/missing
persecutor_nongovernmental_actor
  Field required [type=missing, input_value={'type': 'json_object'}, input_type=dict]
    For further information visit https://errors.pydantic.dev/2.12/v/missing
credibility_finding
  Field required [type=missing, input_value={'type': 'json_object'}, input_type=dict]
    For further information visit https://errors.pydantic.dev/2.12/v/missing
bars_one_year_deadline_missed
  Field required [type=missing, input_value={'type': 'json_object'}, input_type=dict]
    For further information visit https://errors.pydantic.dev/2.12/v/missing
nexus_requirement_met
  Field required [type=missing, input_value={'type': 'json_object'}, input_type=dict]
    For further information visit https://errors.pydantic.dev/2.12/v/missing"
20-72806-2023-01-12,https://cdn.ca9.uscourts.gov/datastore/opinions/2023/01/12/20-72806.pdf,deepseek-ai/deepseek-v4-flash,past_persecution_physical_violence,,,5708,"parse: ValidationError: 11 validation errors for FeatureResult
asylum_requested
  Field required [type=missing, input_value={'type': 'json_object'}, input_type=dict]
    For further information visit https://errors.pydantic.dev/2.12/v/missing
withholding_requested
  Field required [type=missing, input_value={'type': 'json_object'}, input_type=dict]
    For further information visit https://errors.pydantic.dev/2.12/v/missing
CAT_requested
  Field required [type=missing, input_value={'type': 'json_object'}, input_type=dict]
    For further information visit https://errors.pydantic.dev/2.12/v/missing
protected_ground_political_opinion
  Field required [type=missing, input_value={'type': 'json_object'}, input_type=dict]
    For further information visit https://errors.pydantic.dev/2.12/v/missing
protected_ground_particular_social_group
  Field required [type=missing, input_value={'type': 'json_object'}, input_type=dict]
    For further information visit https://errors.pydantic.dev/2.12/v/missing
past_persecution_physical_violence
  Field required [type=missing, input_value={'type': 'json_object'}, input_type=dict]
    For further information visit https://errors.pydantic.dev/2.12/v/missing
past_persecution_death_threats
  Field required [type=missing, input_value={'type': 'json_object'}, input_type=dict]
    For further information visit https://errors.pydantic.dev/2.12/v/missing
persecutor_nongovernmental_actor
  Field required [type=missing, input_value={'type': 'json_object'}, input_type=dict]
    For further information visit https://errors.pydantic.dev/2.12/v/missing
credibility_finding
  Field required [type=missing, input_value={'type': 'json_object'}, input_type=dict]
    For further information visit https://errors.pydantic.dev/2.12/v/missing
bars_one_year_deadline_missed
  Field required [type=missing, input_value={'type': 'json_object'}, input_type=dict]
    For further information visit https://errors.pydantic.dev/2.12/v/missing
nexus_requirement_met
  Field required [type=missing, input_value={'type': 'json_object'}, input_type=dict]
    For further information visit https://errors.pydantic.dev/2.12/v/missing"
20-72806-2023-01-12,https://cdn.ca9.uscourts.gov/datastore/opinions/2023/01/12/20-72806.pdf,deepseek-ai/deepseek-v4-flash,past_persecution_death_threats,,,5708,"parse: ValidationError: 11 validation errors for FeatureResult
asylum_requested
  Field required [type=missing, input_value={'type': 'json_object'}, input_type=dict]
    For further information visit https://errors.pydantic.dev/2.12/v/missing
withholding_requested
  Field required [type=missing, input_value={'type': 'json_object'}, input_type=dict]
    For further information visit https://errors.pydantic.dev/2.12/v/missing
CAT_requested
  Field required [type=missing, input_value={'type': 'json_object'}, input_type=dict]
    For further information visit https://errors.pydantic.dev/2.12/v/missing
protected_ground_political_opinion
  Field required [type=missing, input_value={'type': 'json_object'}, input_type=dict]
    For further information visit https://errors.pydantic.dev/2.12/v/missing
protected_ground_particular_social_group
  Field required [type=missing, input_value={'type': 'json_object'}, input_type=dict]
    For further information visit https://errors.pydantic.dev/2.12/v/missing
past_persecution_physical_violence
  Field required [type=missing, input_value={'type': 'json_object'}, input_type=dict]
    For further information visit https://errors.pydantic.dev/2.12/v/missing
past_persecution_death_threats
  Field required [type=missing, input_value={'type': 'json_object'}, input_type=dict]
    For further information visit https://errors.pydantic.dev/2.12/v/missing
persecutor_nongovernmental_actor
  Field required [type=missing, input_value={'type': 'json_object'}, input_type=dict]
    For further information visit https://errors.pydantic.dev/2.12/v/missing
credibility_finding
  Field required [type=missing, input_value={'type': 'json_object'}, input_type=dict]
    For further information visit https://errors.pydantic.dev/2.12/v/missing
bars_one_year_deadline_missed
  Field required [type=missing, input_value={'type': 'json_object'}, input_type=dict]
    For further information visit https://errors.pydantic.dev/2.12/v/missing
nexus_requirement_met
  Field required [type=missing, input_value={'type': 'json_object'}, input_type=dict]
    For further information visit https://errors.pydantic.dev/2.12/v/missing"
20-72806-2023-01-12,https://cdn.ca9.uscourts.gov/datastore/opinions/2023/01/12/20-72806.pdf,deepseek-ai/deepseek-v4-flash,persecutor_nongovernmental_actor,,,5708,"parse: ValidationError: 11 validation errors for FeatureResult
asylum_requested
  Field required [type=missing, input_value={'type': 'json_object'}, input_type=dict]
    For further information visit https://errors.pydantic.dev/2.12/v/missing
withholding_requested
  Field required [type=missing, input_value={'type': 'json_object'}, input_type=dict]
    For further information visit https://errors.pydantic.dev/2.12/v/missing
CAT_requested
  Field required [type=missing, input_value={'type': 'json_object'}, input_type=dict]
    For further information visit https://errors.pydantic.dev/2.12/v/missing
protected_ground_political_opinion
  Field required [type=missing, input_value={'type': 'json_object'}, input_type=dict]
    For further information visit https://errors.pydantic.dev/2.12/v/missing
protected_ground_particular_social_group
  Field required [type=missing, input_value={'type': 'json_object'}, input_type=dict]
    For further information visit https://errors.pydantic.dev/2.12/v/missing
past_persecution_physical_violence
  Field required [type=missing, input_value={'type': 'json_object'}, input_type=dict]
    For further information visit https://errors.pydantic.dev/2.12/v/missing
past_persecution_death_threats
  Field required [type=missing, input_value={'type': 'json_object'}, input_type=dict]
    For further information visit https://errors.pydantic.dev/2.12/v/missing
persecutor_nongovernmental_actor
  Field required [type=missing, input_value={'type': 'json_object'}, input_type=dict]
    For further information visit https://errors.pydantic.dev/2.12/v/missing
credibility_finding
  Field required [type=missing, input_value={'type': 'json_object'}, input_type=dict]
    For further information visit https://errors.pydantic.dev/2.12/v/missing
bars_one_year_deadline_missed
  Field required [type=missing, input_value={'type': 'json_object'}, input_type=dict]
    For further information visit https://errors.pydantic.dev/2.12/v/missing
nexus_requirement_met
  Field required [type=missing, input_value={'type': 'json_object'}, input_type=dict]
    For further information visit https://errors.pydantic.dev/2.12/v/missing"
20-72806-2023-01-12,https://cdn.ca9.uscourts.gov/datastore/opinions/2023/01/12/20-72806.pdf,deepseek-ai/deepseek-v4-flash,credibility_finding,,,5708,"parse: ValidationError: 11 validation errors for FeatureResult
asylum_requested
  Field required [type=missing, input_value={'type': 'json_object'}, input_type=dict]
    For further information visit https://errors.pydantic.dev/2.12/v/missing
withholding_requested
  Field required [type=missing, input_value={'type': 'json_object'}, input_type=dict]
    For further information visit https://errors.pydantic.dev/2.12/v/missing
CAT_requested
  Field required [type=missing, input_value={'type': 'json_object'}, input_type=dict]
    For further information visit https://errors.pydantic.dev/2.12/v/missing
protected_ground_political_opinion
  Field required [type=missing, input_value={'type': 'json_object'}, input_type=dict]
    For further information visit https://errors.pydantic.dev/2.12/v/missing
protected_ground_particular_social_group
  Field required [type=missing, input_value={'type': 'json_object'}, input_type=dict]
    For further information visit https://errors.pydantic.dev/2.12/v/missing
past_persecution_physical_violence
  Field required [type=missing, input_value={'type': 'json_object'}, input_type=dict]
    For further information visit https://errors.pydantic.dev/2.12/v/missing
past_persecution_death_threats
  Field required [type=missing, input_value={'type': 'json_object'}, input_type=dict]
    For further information visit https://errors.pydantic.dev/2.12/v/missing
persecutor_nongovernmental_actor
  Field required [type=missing, input_value={'type': 'json_object'}, input_type=dict]
    For further information visit https://errors.pydantic.dev/2.12/v/missing
credibility_finding
  Field required [type=missing, input_value={'type': 'json_object'}, input_type=dict]
    For further information visit https://errors.pydantic.dev/2.12/v/missing
bars_one_year_deadline_missed
  Field required [type=missing, input_value={'type': 'json_object'}, input_type=dict]
    For further information visit https://errors.pydantic.dev/2.12/v/missing
nexus_requirement_met
  Field required [type=missing, input_value={'type': 'json_object'}, input_type=dict]
    For further information visit https://errors.pydantic.dev/2.12/v/missing"
20-72806-2023-01-12,https://cdn.ca9.uscourts.gov/datastore/opinions/2023/01/12/20-72806.pdf,deepseek-ai/deepseek-v4-flash,bars_one_year_deadline_missed,,,5708,"parse: ValidationError: 11 validation errors for FeatureResult
asylum_requested
  Field required [type=missing, input_value={'type': 'json_object'}, input_type=dict]
    For further information visit https://errors.pydantic.dev/2.12/v/missing
withholding_requested
  Field required [type=missing, input_value={'type': 'json_object'}, input_type=dict]
    For further information visit https://errors.pydantic.dev/2.12/v/missing
CAT_requested
  Field required [type=missing, input_value={'type': 'json_object'}, input_type=dict]
    For further information visit https://errors.pydantic.dev/2.12/v/missing
protected_ground_political_opinion
  Field required [type=missing, input_value={'type': 'json_object'}, input_type=dict]
    For further information visit https://errors.pydantic.dev/2.12/v/missing
protected_ground_particular_social_group
  Field required [type=missing, input_value={'type': 'json_object'}, input_type=dict]
    For further information visit https://errors.pydantic.dev/2.12/v/missing
past_persecution_physical_violence
  Field required [type=missing, input_value={'type': 'json_object'}, input_type=dict]
    For further information visit https://errors.pydantic.dev/2.12/v/missing
past_persecution_death_threats
  Field required [type=missing, input_value={'type': 'json_object'}, input_type=dict]
    For further information visit https://errors.pydantic.dev/2.12/v/missing
persecutor_nongovernmental_actor
  Field required [type=missing, input_value={'type': 'json_object'}, input_type=dict]
    For further information visit https://errors.pydantic.dev/2.12/v/missing
credibility_finding
  Field required [type=missing, input_value={'type': 'json_object'}, input_type=dict]
    For further information visit https://errors.pydantic.dev/2.12/v/missing
bars_one_year_deadline_missed
  Field required [type=missing, input_value={'type': 'json_object'}, input_type=dict]
    For further information visit https://errors.pydantic.dev/2.12/v/missing
nexus_requirement_met
  Field required [type=missing, input_value={'type': 'json_object'}, input_type=dict]
    For further information visit https://errors.pydantic.dev/2.12/v/missing"
20-72806-2023-01-12,https://cdn.ca9.uscourts.gov/datastore/opinions/2023/01/12/20-72806.pdf,deepseek-ai/deepseek-v4-flash,nexus_requirement_met,,,5708,"parse: ValidationError: 11 validation errors for FeatureResult
asylum_requested
  Field required [type=missing, input_value={'type': 'json_object'}, input_type=dict]
    For further information visit https://errors.pydantic.dev/2.12/v/missing
withholding_requested
  Field required [type=missing, input_value={'type': 'json_object'}, input_type=dict]
    For further information visit https://errors.pydantic.dev/2.12/v/missing
CAT_requested
  Field required [type=missing, input_value={'type': 'json_object'}, input_type=dict]
    For further information visit https://errors.pydantic.dev/2.12/v/missing
protected_ground_political_opinion
  Field required [type=missing, input_value={'type': 'json_object'}, input_type=dict]
    For further information visit https://errors.pydantic.dev/2.12/v/missing
protected_ground_particular_social_group
  Field required [type=missing, input_value={'type': 'json_object'}, input_type=dict]
    For further information visit https://errors.pydantic.dev/2.12/v/missing
past_persecution_physical_violence
  Field required [type=missing, input_value={'type': 'json_object'}, input_type=dict]
    For further information visit https://errors.pydantic.dev/2.12/v/missing
past_persecution_death_threats
  Field required [type=missing, input_value={'type': 'json_object'}, input_type=dict]
    For further information visit https://errors.pydantic.dev/2.12/v/missing
persecutor_nongovernmental_actor
  Field required [type=missing, input_value={'type': 'json_object'}, input_type=dict]
    For further information visit https://errors.pydantic.dev/2.12/v/missing
credibility_finding
  Field required [type=missing, input_value={'type': 'json_object'}, input_type=dict]
    For further information visit https://errors.pydantic.dev/2.12/v/missing
bars_one_year_deadline_missed
  Field required [type=missing, input_value={'type': 'json_object'}, input_type=dict]
    For further information visit https://errors.pydantic.dev/2.12/v/missing
nexus_requirement_met
  Field required [type=missing, input_value={'type': 'json_object'}, input_type=dict]
    For further information visit https://errors.pydantic.dev/2.12/v/missing"
19-70961-2023-08-15,https://cdn.ca9.uscourts.gov/datastore/opinions/2023/08/15/19-70961.pdf,deepseek-ai/deepseek-v4-flash,asylum_requested,,,2617,"parse: ValidationError: 11 validation errors for FeatureResult
asylum_requested
  Field required [type=missing, input_value={'type': 'json_object'}, input_type=dict]
    For further information visit https://errors.pydantic.dev/2.12/v/missing
withholding_requested
  Field required [type=missing, input_value={'type': 'json_object'}, input_type=dict]
    For further information visit https://errors.pydantic.dev/2.12/v/missing
CAT_requested
  Field required [type=missing, input_value={'type': 'json_object'}, input_type=dict]
    For further information visit https://errors.pydantic.dev/2.12/v/missing
protected_ground_political_opinion
  Field required [type=missing, input_value={'type': 'json_object'}, input_type=dict]
    For further information visit https://errors.pydantic.dev/2.12/v/missing
protected_ground_particular_social_group
  Field required [type=missing, input_value={'type': 'json_object'}, input_type=dict]
    For further information visit https://errors.pydantic.dev/2.12/v/missing
past_persecution_physical_violence
  Field required [type=missing, input_value={'type': 'json_object'}, input_type=dict]
    For further information visit https://errors.pydantic.dev/2.12/v/missing
past_persecution_death_threats
  Field required [type=missing, input_value={'type': 'json_object'}, input_type=dict]
    For further information visit https://errors.pydantic.dev/2.12/v/missing
persecutor_nongovernmental_actor
  Field required [type=missing, input_value={'type': 'json_object'}, input_type=dict]
    For further information visit https://errors.pydantic.dev/2.12/v/missing
credibility_finding
  Field required [type=missing, input_value={'type': 'json_object'}, input_type=dict]
    For further information visit https://errors.pydantic.dev/2.12/v/missing
bars_one_year_deadline_missed
  Field required [type=missing, input_value={'type': 'json_object'}, input_type=dict]
    For further information visit https://errors.pydantic.dev/2.12/v/missing
nexus_requirement_met
  Field required [type=missing, input_value={'type': 'json_object'}, input_type=dict]
    For further information visit https://errors.pydantic.dev/2.12/v/missing"
19-70961-2023-08-15,https://cdn.ca9.uscourts.gov/datastore/opinions/2023/08/15/19-70961.pdf,deepseek-ai/deepseek-v4-flash,withholding_requested,,,2617,"parse: ValidationError: 11 validation errors for FeatureResult
asylum_requested
  Field required [type=missing, input_value={'type': 'json_object'}, input_type=dict]
    For further information visit https://errors.pydantic.dev/2.12/v/missing
withholding_requested
  Field required [type=missing, input_value={'type': 'json_object'}, input_type=dict]
    For further information visit https://errors.pydantic.dev/2.12/v/missing
CAT_requested
  Field required [type=missing, input_value={'type': 'json_object'}, input_type=dict]
    For further information visit https://errors.pydantic.dev/2.12/v/missing
protected_ground_political_opinion
  Field required [type=missing, input_value={'type': 'json_object'}, input_type=dict]
    For further information visit https://errors.pydantic.dev/2.12/v/missing
protected_ground_particular_social_group
  Field required [type=missing, input_value={'type': 'json_object'}, input_type=dict]
    For further information visit https://errors.pydantic.dev/2.12/v/missing
past_persecution_physical_violence
  Field required [type=missing, input_value={'type': 'json_object'}, input_type=dict]
    For further information visit https://errors.pydantic.dev/2.12/v/missing
past_persecution_death_threats
  Field required [type=missing, input_value={'type': 'json_object'}, input_type=dict]
    For further information visit https://errors.pydantic.dev/2.12/v/missing
persecutor_nongovernmental_actor
  Field required [type=missing, input_value={'type': 'json_object'}, input_type=dict]
    For further information visit https://errors.pydantic.dev/2.12/v/missing
credibility_finding
  Field required [type=missing, input_value={'type': 'json_object'}, input_type=dict]
    For further information visit https://errors.pydantic.dev/2.12/v/missing
bars_one_year_deadline_missed
  Field required [type=missing, input_value={'type': 'json_object'}, input_type=dict]
    For further information visit https://errors.pydantic.dev/2.12/v/missing
nexus_requirement_met
  Field required [type=missing, input_value={'type': 'json_object'}, input_type=dict]
    For further information visit https://errors.pydantic.dev/2.12/v/missing"
19-70961-2023-08-15,https://cdn.ca9.uscourts.gov/datastore/opinions/2023/08/15/19-70961.pdf,deepseek-ai/deepseek-v4-flash,CAT_requested,,,2617,"parse: ValidationError: 11 validation errors for FeatureResult
asylum_requested
  Field required [type=missing, input_value={'type': 'json_object'}, input_type=dict]
    For further information visit https://errors.pydantic.dev/2.12/v/missing
withholding_requested
  Field required [type=missing, input_value={'type': 'json_object'}, input_type=dict]
    For further information visit https://errors.pydantic.dev/2.12/v/missing
CAT_requested
  Field required [type=missing, input_value={'type': 'json_object'}, input_type=dict]
    For further information visit https://errors.pydantic.dev/2.12/v/missing
protected_ground_political_opinion
  Field required [type=missing, input_value={'type': 'json_object'}, input_type=dict]
    For further information visit https://errors.pydantic.dev/2.12/v/missing
protected_ground_particular_social_group
  Field required [type=missing, input_value={'type': 'json_object'}, input_type=dict]
    For further information visit https://errors.pydantic.dev/2.12/v/missing
past_persecution_physical_violence
  Field required [type=missing, input_value={'type': 'json_object'}, input_type=dict]
    For further information visit https://errors.pydantic.dev/2.12/v/missing
past_persecution_death_threats
  Field required [type=missing, input_value={'type': 'json_object'}, input_type=dict]
    For further information visit https://errors.pydantic.dev/2.12/v/missing
persecutor_nongovernmental_actor
  Field required [type=missing, input_value={'type': 'json_object'}, input_type=dict]
    For further information visit https://errors.pydantic.dev/2.12/v/missing
credibility_finding
  Field required [type=missing, input_value={'type': 'json_object'}, input_type=dict]
    For further information visit https://errors.pydantic.dev/2.12/v/missing
bars_one_year_deadline_missed
  Field required [type=missing, input_value={'type': 'json_object'}, input_type=dict]
    For further information visit https://errors.pydantic.dev/2.12/v/missing
nexus_requirement_met
  Field required [type=missing, input_value={'type': 'json_object'}, input_type=dict]
    For further information visit https://errors.pydantic.dev/2.12/v/missing"
19-70961-2023-08-15,https://cdn.ca9.uscourts.gov/datastore/opinions/2023/08/15/19-70961.pdf,deepseek-ai/deepseek-v4-flash,protected_ground_political_opinion,,,2617,"parse: ValidationError: 11 validation errors for FeatureResult
asylum_requested
  Field required [type=missing, input_value={'type': 'json_object'}, input_type=dict]
    For further information visit https://errors.pydantic.dev/2.12/v/missing
withholding_requested
  Field required [type=missing, input_value={'type': 'json_object'}, input_type=dict]
    For further information visit https://errors.pydantic.dev/2.12/v/missing
CAT_requested
  Field required [type=missing, input_value={'type': 'json_object'}, input_type=dict]
    For further information visit https://errors.pydantic.dev/2.12/v/missing
protected_ground_political_opinion
  Field required [type=missing, input_value={'type': 'json_object'}, input_type=dict]
    For further information visit https://errors.pydantic.dev/2.12/v/missing
protected_ground_particular_social_group
  Field required [type=missing, input_value={'type': 'json_object'}, input_type=dict]
    For further information visit https://errors.pydantic.dev/2.12/v/missing
past_persecution_physical_violence
  Field required [type=missing, input_value={'type': 'json_object'}, input_type=dict]
    For further information visit https://errors.pydantic.dev/2.12/v/missing
past_persecution_death_threats
  Field required [type=missing, input_value={'type': 'json_object'}, input_type=dict]
    For further information visit https://errors.pydantic.dev/2.12/v/missing
persecutor_nongovernmental_actor
  Field required [type=missing, input_value={'type': 'json_object'}, input_type=dict]
    For further information visit https://errors.pydantic.dev/2.12/v/missing
credibility_finding
  Field required [type=missing, input_value={'type': 'json_object'}, input_type=dict]
    For further information visit https://errors.pydantic.dev/2.12/v/missing
bars_one_year_deadline_missed
  Field required [type=missing, input_value={'type': 'json_object'}, input_type=dict]
    For further information visit https://errors.pydantic.dev/2.12/v/missing
nexus_requirement_met
  Field required [type=missing, input_value={'type': 'json_object'}, input_type=dict]
    For further information visit https://errors.pydantic.dev/2.12/v/missing"
19-70961-2023-08-15,https://cdn.ca9.uscourts.gov/datastore/opinions/2023/08/15/19-70961.pdf,deepseek-ai/deepseek-v4-flash,protected_ground_particular_social_group,,,2617,"parse: ValidationError: 11 validation errors for FeatureResult
asylum_requested
  Field required [type=missing, input_value={'type': 'json_object'}, input_type=dict]
    For further information visit https://errors.pydantic.dev/2.12/v/missing
withholding_requested
  Field required [type=missing, input_value={'type': 'json_object'}, input_type=dict]
    For further information visit https://errors.pydantic.dev/2.12/v/missing
CAT_requested
  Field required [type=missing, input_value={'type': 'json_object'}, input_type=dict]
    For further information visit https://errors.pydantic.dev/2.12/v/missing
protected_ground_political_opinion
  Field required [type=missing, input_value={'type': 'json_object'}, input_type=dict]
    For further information visit https://errors.pydantic.dev/2.12/v/missing
protected_ground_particular_social_group
  Field required [type=missing, input_value={'type': 'json_object'}, input_type=dict]
    For further information visit https://errors.pydantic.dev/2.12/v/missing
past_persecution_physical_violence
  Field required [type=missing, input_value={'type': 'json_object'}, input_type=dict]
    For further information visit https://errors.pydantic.dev/2.12/v/missing
past_persecution_death_threats
  Field required [type=missing, input_value={'type': 'json_object'}, input_type=dict]
    For further information visit https://errors.pydantic.dev/2.12/v/missing
persecutor_nongovernmental_actor
  Field required [type=missing, input_value={'type': 'json_object'}, input_type=dict]
    For further information visit https://errors.pydantic.dev/2.12/v/missing
credibility_finding
  Field required [type=missing, input_value={'type': 'json_object'}, input_type=dict]
    For further information visit https://errors.pydantic.dev/2.12/v/missing
bars_one_year_deadline_missed
  Field required [type=missing, input_value={'type': 'json_object'}, input_type=dict]
    For further information visit https://errors.pydantic.dev/2.12/v/missing
nexus_requirement_met
  Field required [type=missing, input_value={'type': 'json_object'}, input_type=dict]
    For further information visit https://errors.pydantic.dev/2.12/v/missing"
19-70961-2023-08-15,https://cdn.ca9.uscourts.gov/datastore/opinions/2023/08/15/19-70961.pdf,deepseek-ai/deepseek-v4-flash,past_persecution_physical_violence,,,2617,"parse: ValidationError: 11 validation errors for FeatureResult
asylum_requested
  Field required [type=missing, input_value={'type': 'json_object'}, input_type=dict]
    For further information visit https://errors.pydantic.dev/2.12/v/missing
withholding_requested
  Field required [type=missing, input_value={'type': 'json_object'}, input_type=dict]
    For further information visit https://errors.pydantic.dev/2.12/v/missing
CAT_requested
  Field required [type=missing, input_value={'type': 'json_object'}, input_type=dict]
    For further information visit https://errors.pydantic.dev/2.12/v/missing
protected_ground_political_opinion
  Field required [type=missing, input_value={'type': 'json_object'}, input_type=dict]
    For further information visit https://errors.pydantic.dev/2.12/v/missing
protected_ground_particular_social_group
  Field required [type=missing, input_value={'type': 'json_object'}, input_type=dict]
    For further information visit https://errors.pydantic.dev/2.12/v/missing
past_persecution_physical_violence
  Field required [type=missing, input_value={'type': 'json_object'}, input_type=dict]
    For further information visit https://errors.pydantic.dev/2.12/v/missing
past_persecution_death_threats
  Field required [type=missing, input_value={'type': 'json_object'}, input_type=dict]
    For further information visit https://errors.pydantic.dev/2.12/v/missing
persecutor_nongovernmental_actor
  Field required [type=missing, input_value={'type': 'json_object'}, input_type=dict]
    For further information visit https://errors.pydantic.dev/2.12/v/missing
credibility_finding
  Field required [type=missing, input_value={'type': 'json_object'}, input_type=dict]
    For further information visit https://errors.pydantic.dev/2.12/v/missing
bars_one_year_deadline_missed
  Field required [type=missing, input_value={'type': 'json_object'}, input_type=dict]
    For further information visit https://errors.pydantic.dev/2.12/v/missing
nexus_requirement_met
  Field required [type=missing, input_value={'type': 'json_object'}, input_type=dict]
    For further information visit https://errors.pydantic.dev/2.12/v/missing"
19-70961-2023-08-15,https://cdn.ca9.uscourts.gov/datastore/opinions/2023/08/15/19-70961.pdf,deepseek-ai/deepseek-v4-flash,past_persecution_death_threats,,,2617,"parse: ValidationError: 11 validation errors for FeatureResult
asylum_requested
  Field required [type=missing, input_value={'type': 'json_object'}, input_type=dict]
    For further information visit https://errors.pydantic.dev/2.12/v/missing
withholding_requested
  Field required [type=missing, input_value={'type': 'json_object'}, input_type=dict]
    For further information visit https://errors.pydantic.dev/2.12/v/missing
CAT_requested
  Field required [type=missing, input_value={'type': 'json_object'}, input_type=dict]
    For further information visit https://errors.pydantic.dev/2.12/v/missing
protected_ground_political_opinion
  Field required [type=missing, input_value={'type': 'json_object'}, input_type=dict]
    For further information visit https://errors.pydantic.dev/2.12/v/missing
protected_ground_particular_social_group
  Field required [type=missing, input_value={'type': 'json_object'}, input_type=dict]
    For further information visit https://errors.pydantic.dev/2.12/v/missing
past_persecution_physical_violence
  Field required [type=missing, input_value={'type': 'json_object'}, input_type=dict]
    For further information visit https://errors.pydantic.dev/2.12/v/missing
past_persecution_death_threats
  Field required [type=missing, input_value={'type': 'json_object'}, input_type=dict]
    For further information visit https://errors.pydantic.dev/2.12/v/missing
persecutor_nongovernmental_actor
  Field required [type=missing, input_value={'type': 'json_object'}, input_type=dict]
    For further information visit https://errors.pydantic.dev/2.12/v/missing
credibility_finding
  Field required [type=missing, input_value={'type': 'json_object'}, input_type=dict]
    For further information visit https://errors.pydantic.dev/2.12/v/missing
bars_one_year_deadline_missed
  Field required [type=missing, input_value={'type': 'json_object'}, input_type=dict]
    For further information visit https://errors.pydantic.dev/2.12/v/missing
nexus_requirement_met
  Field required [type=missing, input_value={'type': 'json_object'}, input_type=dict]
    For further information visit https://errors.pydantic.dev/2.12/v/missing"
19-70961-2023-08-15,https://cdn.ca9.uscourts.gov/datastore/opinions/2023/08/15/19-70961.pdf,deepseek-ai/deepseek-v4-flash,persecutor_nongovernmental_actor,,,2617,"parse: ValidationError: 11 validation errors for FeatureResult
asylum_requested
  Field required [type=missing, input_value={'type': 'json_object'}, input_type=dict]
    For further information visit https://errors.pydantic.dev/2.12/v/missing
withholding_requested
  Field required [type=missing, input_value={'type': 'json_object'}, input_type=dict]
    For further information visit https://errors.pydantic.dev/2.12/v/missing
CAT_requested
  Field required [type=missing, input_value={'type': 'json_object'}, input_type=dict]
    For further information visit https://errors.pydantic.dev/2.12/v/missing
protected_ground_political_opinion
  Field required [type=missing, input_value={'type': 'json_object'}, input_type=dict]
    For further information visit https://errors.pydantic.dev/2.12/v/missing
protected_ground_particular_social_group
  Field required [type=missing, input_value={'type': 'json_object'}, input_type=dict]
    For further information visit https://errors.pydantic.dev/2.12/v/missing
past_persecution_physical_violence
  Field required [type=missing, input_value={'type': 'json_object'}, input_type=dict]
    For further information visit https://errors.pydantic.dev/2.12/v/missing
past_persecution_death_threats
  Field required [type=missing, input_value={'type': 'json_object'}, input_type=dict]
    For further information visit https://errors.pydantic.dev/2.12/v/missing
persecutor_nongovernmental_actor
  Field required [type=missing, input_value={'type': 'json_object'}, input_type=dict]
    For further information visit https://errors.pydantic.dev/2.12/v/missing
credibility_finding
  Field required [type=missing, input_value={'type': 'json_object'}, input_type=dict]
    For further information visit https://errors.pydantic.dev/2.12/v/missing
bars_one_year_deadline_missed
  Field required [type=missing, input_value={'type': 'json_object'}, input_type=dict]
    For further information visit https://errors.pydantic.dev/2.12/v/missing
nexus_requirement_met
  Field required [type=missing, input_value={'type': 'json_object'}, input_type=dict]
    For further information visit https://errors.pydantic.dev/2.12/v/missing"
19-70961-2023-08-15,https://cdn.ca9.uscourts.gov/datastore/opinions/2023/08/15/19-70961.pdf,deepseek-ai/deepseek-v4-flash,credibility_finding,,,2617,"parse: ValidationError: 11 validation errors for FeatureResult
asylum_requested
  Field required [type=missing, input_value={'type': 'json_object'}, input_type=dict]
    For further information visit https://errors.pydantic.dev/2.12/v/missing
withholding_requested
  Field required [type=missing, input_value={'type': 'json_object'}, input_type=dict]
    For further information visit https://errors.pydantic.dev/2.12/v/missing
CAT_requested
  Field required [type=missing, input_value={'type': 'json_object'}, input_type=dict]
    For further information visit https://errors.pydantic.dev/2.12/v/missing
protected_ground_political_opinion
  Field required [type=missing, input_value={'type': 'json_object'}, input_type=dict]
    For further information visit https://errors.pydantic.dev/2.12/v/missing
protected_ground_particular_social_group
  Field required [type=missing, input_value={'type': 'json_object'}, input_type=dict]
    For further information visit https://errors.pydantic.dev/2.12/v/missing
past_persecution_physical_violence
  Field required [type=missing, input_value={'type': 'json_object'}, input_type=dict]
    For further information visit https://errors.pydantic.dev/2.12/v/missing
past_persecution_death_threats
  Field required [type=missing, input_value={'type': 'json_object'}, input_type=dict]
    For further information visit https://errors.pydantic.dev/2.12/v/missing
persecutor_nongovernmental_actor
  Field required [type=missing, input_value={'type': 'json_object'}, input_type=dict]
    For further information visit https://errors.pydantic.dev/2.12/v/missing
credibility_finding
  Field required [type=missing, input_value={'type': 'json_object'}, input_type=dict]
    For further information visit https://errors.pydantic.dev/2.12/v/missing
bars_one_year_deadline_missed
  Field required [type=missing, input_value={'type': 'json_object'}, input_type=dict]
    For further information visit https://errors.pydantic.dev/2.12/v/missing
nexus_requirement_met
  Field required [type=missing, input_value={'type': 'json_object'}, input_type=dict]
    For further information visit https://errors.pydantic.dev/2.12/v/missing"
19-70961-2023-08-15,https://cdn.ca9.uscourts.gov/datastore/opinions/2023/08/15/19-70961.pdf,deepseek-ai/deepseek-v4-flash,bars_one_year_deadline_missed,,,2617,"parse: ValidationError: 11 validation errors for FeatureResult
asylum_requested
  Field required [type=missing, input_value={'type': 'json_object'}, input_type=dict]
    For further information visit https://errors.pydantic.dev/2.12/v/missing
withholding_requested
  Field required [type=missing, input_value={'type': 'json_object'}, input_type=dict]
    For further information visit https://errors.pydantic.dev/2.12/v/missing
CAT_requested
  Field required [type=missing, input_value={'type': 'json_object'}, input_type=dict]
    For further information visit https://errors.pydantic.dev/2.12/v/missing
protected_ground_political_opinion
  Field required [type=missing, input_value={'type': 'json_object'}, input_type=dict]
    For further information visit https://errors.pydantic.dev/2.12/v/missing
protected_ground_particular_social_group
  Field required [type=missing, input_value={'type': 'json_object'}, input_type=dict]
    For further information visit https://errors.pydantic.dev/2.12/v/missing
past_persecution_physical_violence
  Field required [type=missing, input_value={'type': 'json_object'}, input_type=dict]
    For further information visit https://errors.pydantic.dev/2.12/v/missing
past_persecution_death_threats
  Field required [type=missing, input_value={'type': 'json_object'}, input_type=dict]
    For further information visit https://errors.pydantic.dev/2.12/v/missing
persecutor_nongovernmental_actor
  Field required [type=missing, input_value={'type': 'json_object'}, input_type=dict]
    For further information visit https://errors.pydantic.dev/2.12/v/missing
credibility_finding
  Field required [type=missing, input_value={'type': 'json_object'}, input_type=dict]
    For further information visit https://errors.pydantic.dev/2.12/v/missing
bars_one_year_deadline_missed
  Field required [type=missing, input_value={'type': 'json_object'}, input_type=dict]
    For further information visit https://errors.pydantic.dev/2.12/v/missing
nexus_requirement_met
  Field required [type=missing, input_value={'type': 'json_object'}, input_type=dict]
    For further information visit https://errors.pydantic.dev/2.12/v/missing"
19-70961-2023-08-15,https://cdn.ca9.uscourts.gov/datastore/opinions/2023/08/15/19-70961.pdf,deepseek-ai/deepseek-v4-flash,nexus_requirement_met,,,2617,"parse: ValidationError: 11 validation errors for FeatureResult
asylum_requested
  Field required [type=missing, input_value={'type': 'json_object'}, input_type=dict]
    For further information visit https://errors.pydantic.dev/2.12/v/missing
withholding_requested
  Field required [type=missing, input_value={'type': 'json_object'}, input_type=dict]
    For further information visit https://errors.pydantic.dev/2.12/v/missing
CAT_requested
  Field required [type=missing, input_value={'type': 'json_object'}, input_type=dict]
    For further information visit https://errors.pydantic.dev/2.12/v/missing
protected_ground_political_opinion
  Field required [type=missing, input_value={'type': 'json_object'}, input_type=dict]
    For further information visit https://errors.pydantic.dev/2.12/v/missing
protected_ground_particular_social_group
  Field required [type=missing, input_value={'type': 'json_object'}, input_type=dict]
    For further information visit https://errors.pydantic.dev/2.12/v/missing
past_persecution_physical_violence
  Field required [type=missing, input_value={'type': 'json_object'}, input_type=dict]
    For further information visit https://errors.pydantic.dev/2.12/v/missing
past_persecution_death_threats
  Field required [type=missing, input_value={'type': 'json_object'}, input_type=dict]
    For further information visit https://errors.pydantic.dev/2.12/v/missing
persecutor_nongovernmental_actor
  Field required [type=missing, input_value={'type': 'json_object'}, input_type=dict]
    For further information visit https://errors.pydantic.dev/2.12/v/missing
credibility_finding
  Field required [type=missing, input_value={'type': 'json_object'}, input_type=dict]
    For further information visit https://errors.pydantic.dev/2.12/v/missing
bars_one_year_deadline_missed
  Field required [type=missing, input_value={'type': 'json_object'}, input_type=dict]
    For further information visit https://errors.pydantic.dev/2.12/v/missing
nexus_requirement_met
  Field required [type=missing, input_value={'type': 'json_object'}, input_type=dict]
    For further information visit https://errors.pydantic.dev/2.12/v/missing"
15-71553-2021-12-14,https://cdn.ca9.uscourts.gov/datastore/opinions/2021/12/14/15-71553.pdf,deepseek-ai/deepseek-v4-flash,asylum_requested,True,"Alcaraz conceded inadmissibility, but applied for asylum, withholding of removal, and protection under CAT.",89198,
15-71553-2021-12-14,https://cdn.ca9.uscourts.gov/datastore/opinions/2021/12/14/15-71553.pdf,deepseek-ai/deepseek-v4-flash,withholding_requested,True,"Alcaraz conceded inadmissibility, but applied for asylum, withholding of removal, and protection under CAT.",89198,
15-71553-2021-12-14,https://cdn.ca9.uscourts.gov/datastore/opinions/2021/12/14/15-71553.pdf,deepseek-ai/deepseek-v4-flash,CAT_requested,True,"Alcaraz conceded inadmissibility, but applied for asylum, withholding of removal, and protection under CAT.",89198,
15-71553-2021-12-14,https://cdn.ca9.uscourts.gov/datastore/opinions/2021/12/14/15-71553.pdf,deepseek-ai/deepseek-v4-flash,protected_ground_political_opinion,False,Not mentioned in the opinion.,89198,
15-71553-2021-12-14,https://cdn.ca9.uscourts.gov/datastore/opinions/2021/12/14/15-71553.pdf,deepseek-ai/deepseek-v4-flash,protected_ground_particular_social_group,False,Not mentioned in the opinion.,89198,
15-71553-2021-12-14,https://cdn.ca9.uscourts.gov/datastore/opinions/2021/12/14/15-71553.pdf,deepseek-ai/deepseek-v4-flash,past_persecution_physical_violence,True,Alcaraz claims that five policemen beat him 'all over' with '[t]heir clubs' for 'about eight hours' before taking him to jail.,89198,
15-71553-2021-12-14,https://cdn.ca9.uscourts.gov/datastore/opinions/2021/12/14/15-71553.pdf,deepseek-ai/deepseek-v4-flash,past_persecution_death_threats,True,"Under her version of events, Alcaraz had locked her in the bedroom, threatened to kill her if she tried to escape, punched and kicked her repeatedly, and forced her to have sex with him.",89198,
15-71553-2021-12-14,https://cdn.ca9.uscourts.gov/datastore/opinions/2021/12/14/15-71553.pdf,deepseek-ai/deepseek-v4-flash,persecutor_nongovernmental_actor,False,Not mentioned in the opinion.,89198,
15-71553-2021-12-14,https://cdn.ca9.uscourts.gov/datastore/opinions/2021/12/14/15-71553.pdf,deepseek-ai/deepseek-v4-flash,credibility_finding,False,Not mentioned in the opinion.,89198,
15-71553-2021-12-14,https://cdn.ca9.uscourts.gov/datastore/opinions/2021/12/14/15-71553.pdf,deepseek-ai/deepseek-v4-flash,bars_one_year_deadline_missed,False,Not mentioned in the opinion.,89198,
15-71553-2021-12-14,https://cdn.ca9.uscourts.gov/datastore/opinions/2021/12/14/15-71553.pdf,deepseek-ai/deepseek-v4-flash,nexus_requirement_met,False,Not mentioned in the opinion.,89198,
23-4420-2026-01-20,https://cdn.ca9.uscourts.gov/datastore/opinions/2026/01/20/23-4420.pdf,deepseek-ai/deepseek-v4-flash,asylum_requested,,,604,"parse: ValidationError: 11 validation errors for FeatureResult
asylum_requested
  Field required [type=missing, input_value={'type': 'json_object'}, input_type=dict]
    For further information visit https://errors.pydantic.dev/2.12/v/missing
withholding_requested
  Field required [type=missing, input_value={'type': 'json_object'}, input_type=dict]
    For further information visit https://errors.pydantic.dev/2.12/v/missing
CAT_requested
  Field required [type=missing, input_value={'type': 'json_object'}, input_type=dict]
    For further information visit https://errors.pydantic.dev/2.12/v/missing
protected_ground_political_opinion
  Field required [type=missing, input_value={'type': 'json_object'}, input_type=dict]
    For further information visit https://errors.pydantic.dev/2.12/v/missing
protected_ground_particular_social_group
  Field required [type=missing, input_value={'type': 'json_object'}, input_type=dict]
    For further information visit https://errors.pydantic.dev/2.12/v/missing
past_persecution_physical_violence
  Field required [type=missing, input_value={'type': 'json_object'}, input_type=dict]
    For further information visit https://errors.pydantic.dev/2.12/v/missing
past_persecution_death_threats
  Field required [type=missing, input_value={'type': 'json_object'}, input_type=dict]
    For further information visit https://errors.pydantic.dev/2.12/v/missing
persecutor_nongovernmental_actor
  Field required [type=missing, input_value={'type': 'json_object'}, input_type=dict]
    For further information visit https://errors.pydantic.dev/2.12/v/missing
credibility_finding
  Field required [type=missing, input_value={'type': 'json_object'}, input_type=dict]
    For further information visit https://errors.pydantic.dev/2.12/v/missing
bars_one_year_deadline_missed
  Field required [type=missing, input_value={'type': 'json_object'}, input_type=dict]
    For further information visit https://errors.pydantic.dev/2.12/v/missing
nexus_requirement_met
  Field required [type=missing, input_value={'type': 'json_object'}, input_type=dict]
    For further information visit https://errors.pydantic.dev/2.12/v/missing"
23-4420-2026-01-20,https://cdn.ca9.uscourts.gov/datastore/opinions/2026/01/20/23-4420.pdf,deepseek-ai/deepseek-v4-flash,withholding_requested,,,604,"parse: ValidationError: 11 validation errors for FeatureResult
asylum_requested
  Field required [type=missing, input_value={'type': 'json_object'}, input_type=dict]
    For further information visit https://errors.pydantic.dev/2.12/v/missing
withholding_requested
  Field required [type=missing, input_value={'type': 'json_object'}, input_type=dict]
    For further information visit https://errors.pydantic.dev/2.12/v/missing
CAT_requested
  Field required [type=missing, input_value={'type': 'json_object'}, input_type=dict]
    For further information visit https://errors.pydantic.dev/2.12/v/missing
protected_ground_political_opinion
  Field required [type=missing, input_value={'type': 'json_object'}, input_type=dict]
    For further information visit https://errors.pydantic.dev/2.12/v/missing
protected_ground_particular_social_group
  Field required [type=missing, input_value={'type': 'json_object'}, input_type=dict]
    For further information visit https://errors.pydantic.dev/2.12/v/missing
past_persecution_physical_violence
  Field required [type=missing, input_value={'type': 'json_object'}, input_type=dict]
    For further information visit https://errors.pydantic.dev/2.12/v/missing
past_persecution_death_threats
  Field required [type=missing, input_value={'type': 'json_object'}, input_type=dict]
    For further information visit https://errors.pydantic.dev/2.12/v/missing
persecutor_nongovernmental_actor
  Field required [type=missing, input_value={'type': 'json_object'}, input_type=dict]
    For further information visit https://errors.pydantic.dev/2.12/v/missing
credibility_finding
  Field required [type=missing, input_value={'type': 'json_object'}, input_type=dict]
    For further information visit https://errors.pydantic.dev/2.12/v/missing
bars_one_year_deadline_missed
  Field required [type=missing, input_value={'type': 'json_object'}, input_type=dict]
    For further information visit https://errors.pydantic.dev/2.12/v/missing
nexus_requirement_met
  Field required [type=missing, input_value={'type': 'json_object'}, input_type=dict]
    For further information visit https://errors.pydantic.dev/2.12/v/missing"
23-4420-2026-01-20,https://cdn.ca9.uscourts.gov/datastore/opinions/2026/01/20/23-4420.pdf,deepseek-ai/deepseek-v4-flash,CAT_requested,,,604,"parse: ValidationError: 11 validation errors for FeatureResult
asylum_requested
  Field required [type=missing, input_value={'type': 'json_object'}, input_type=dict]
    For further information visit https://errors.pydantic.dev/2.12/v/missing
withholding_requested
  Field required [type=missing, input_value={'type': 'json_object'}, input_type=dict]
    For further information visit https://errors.pydantic.dev/2.12/v/missing
CAT_requested
  Field required [type=missing, input_value={'type': 'json_object'}, input_type=dict]
    For further information visit https://errors.pydantic.dev/2.12/v/missing
protected_ground_political_opinion
  Field required [type=missing, input_value={'type': 'json_object'}, input_type=dict]
    For further information visit https://errors.pydantic.dev/2.12/v/missing
protected_ground_particular_social_group
  Field required [type=missing, input_value={'type': 'json_object'}, input_type=dict]
    For further information visit https://errors.pydantic.dev/2.12/v/missing
past_persecution_physical_violence
  Field required [type=missing, input_value={'type': 'json_object'}, input_type=dict]
    For further information visit https://errors.pydantic.dev/2.12/v/missing
past_persecution_death_threats
  Field required [type=missing, input_value={'type': 'json_object'}, input_type=dict]
    For further information visit https://errors.pydantic.dev/2.12/v/missing
persecutor_nongovernmental_actor
  Field required [type=missing, input_value={'type': 'json_object'}, input_type=dict]
    For further information visit https://errors.pydantic.dev/2.12/v/missing
credibility_finding
  Field required [type=missing, input_value={'type': 'json_object'}, input_type=dict]
    For further information visit https://errors.pydantic.dev/2.12/v/missing
bars_one_year_deadline_missed
  Field required [type=missing, input_value={'type': 'json_object'}, input_type=dict]
    For further information visit https://errors.pydantic.dev/2.12/v/missing
nexus_requirement_met
  Field required [type=missing, input_value={'type': 'json_object'}, input_type=dict]
    For further information visit https://errors.pydantic.dev/2.12/v/missing"
23-4420-2026-01-20,https://cdn.ca9.uscourts.gov/datastore/opinions/2026/01/20/23-4420.pdf,deepseek-ai/deepseek-v4-flash,protected_ground_political_opinion,,,604,"parse: ValidationError: 11 validation errors for FeatureResult
asylum_requested
  Field required [type=missing, input_value={'type': 'json_object'}, input_type=dict]
    For further information visit https://errors.pydantic.dev/2.12/v/missing
withholding_requested
  Field required [type=missing, input_value={'type': 'json_object'}, input_type=dict]
    For further information visit https://errors.pydantic.dev/2.12/v/missing
CAT_requested
  Field required [type=missing, input_value={'type': 'json_object'}, input_type=dict]
    For further information visit https://errors.pydantic.dev/2.12/v/missing
protected_ground_political_opinion
  Field required [type=missing, input_value={'type': 'json_object'}, input_type=dict]
    For further information visit https://errors.pydantic.dev/2.12/v/missing
protected_ground_particular_social_group
  Field required [type=missing, input_value={'type': 'json_object'}, input_type=dict]
    For further information visit https://errors.pydantic.dev/2.12/v/missing
past_persecution_physical_violence
  Field required [type=missing, input_value={'type': 'json_object'}, input_type=dict]
    For further information visit https://errors.pydantic.dev/2.12/v/missing
past_persecution_death_threats
  Field required [type=missing, input_value={'type': 'json_object'}, input_type=dict]
    For further information visit https://errors.pydantic.dev/2.12/v/missing
persecutor_nongovernmental_actor
  Field required [type=missing, input_value={'type': 'json_object'}, input_type=dict]
    For further information visit https://errors.pydantic.dev/2.12/v/missing
credibility_finding
  Field required [type=missing, input_value={'type': 'json_object'}, input_type=dict]
    For further information visit https://errors.pydantic.dev/2.12/v/missing
bars_one_year_deadline_missed
  Field required [type=missing, input_value={'type': 'json_object'}, input_type=dict]
    For further information visit https://errors.pydantic.dev/2.12/v/missing
nexus_requirement_met
  Field required [type=missing, input_value={'type': 'json_object'}, input_type=dict]
    For further information visit https://errors.pydantic.dev/2.12/v/missing"
23-4420-2026-01-20,https://cdn.ca9.uscourts.gov/datastore/opinions/2026/01/20/23-4420.pdf,deepseek-ai/deepseek-v4-flash,protected_ground_particular_social_group,,,604,"parse: ValidationError: 11 validation errors for FeatureResult
asylum_requested
  Field required [type=missing, input_value={'type': 'json_object'}, input_type=dict]
    For further information visit https://errors.pydantic.dev/2.12/v/missing
withholding_requested
  Field required [type=missing, input_value={'type': 'json_object'}, input_type=dict]
    For further information visit https://errors.pydantic.dev/2.12/v/missing
CAT_requested
  Field required [type=missing, input_value={'type': 'json_object'}, input_type=dict]
    For further information visit https://errors.pydantic.dev/2.12/v/missing
protected_ground_political_opinion
  Field required [type=missing, input_value={'type': 'json_object'}, input_type=dict]
    For further information visit https://errors.pydantic.dev/2.12/v/missing
protected_ground_particular_social_group
  Field required [type=missing, input_value={'type': 'json_object'}, input_type=dict]
    For further information visit https://errors.pydantic.dev/2.12/v/missing
past_persecution_physical_violence
  Field required [type=missing, input_value={'type': 'json_object'}, input_type=dict]
    For further information visit https://errors.pydantic.dev/2.12/v/missing
past_persecution_death_threats
  Field required [type=missing, input_value={'type': 'json_object'}, input_type=dict]
    For further information visit https://errors.pydantic.dev/2.12/v/missing
persecutor_nongovernmental_actor
  Field required [type=missing, input_value={'type': 'json_object'}, input_type=dict]
    For further information visit https://errors.pydantic.dev/2.12/v/missing
credibility_finding
  Field required [type=missing, input_value={'type': 'json_object'}, input_type=dict]
    For further information visit https://errors.pydantic.dev/2.12/v/missing
bars_one_year_deadline_missed
  Field required [type=missing, input_value={'type': 'json_object'}, input_type=dict]
    For further information visit https://errors.pydantic.dev/2.12/v/missing
nexus_requirement_met
  Field required [type=missing, input_value={'type': 'json_object'}, input_type=dict]
    For further information visit https://errors.pydantic.dev/2.12/v/missing"
23-4420-2026-01-20,https://cdn.ca9.uscourts.gov/datastore/opinions/2026/01/20/23-4420.pdf,deepseek-ai/deepseek-v4-flash,past_persecution_physical_violence,,,604,"parse: ValidationError: 11 validation errors for FeatureResult
asylum_requested
  Field required [type=missing, input_value={'type': 'json_object'}, input_type=dict]
    For further information visit https://errors.pydantic.dev/2.12/v/missing
withholding_requested
  Field required [type=missing, input_value={'type': 'json_object'}, input_type=dict]
    For further information visit https://errors.pydantic.dev/2.12/v/missing
CAT_requested
  Field required [type=missing, input_value={'type': 'json_object'}, input_type=dict]
    For further information visit https://errors.pydantic.dev/2.12/v/missing
protected_ground_political_opinion
  Field required [type=missing, input_value={'type': 'json_object'}, input_type=dict]
    For further information visit https://errors.pydantic.dev/2.12/v/missing
protected_ground_particular_social_group
  Field required [type=missing, input_value={'type': 'json_object'}, input_type=dict]
    For further information visit https://errors.pydantic.dev/2.12/v/missing
past_persecution_physical_violence
  Field required [type=missing, input_value={'type': 'json_object'}, input_type=dict]
    For further information visit https://errors.pydantic.dev/2.12/v/missing
past_persecution_death_threats
  Field required [type=missing, input_value={'type': 'json_object'}, input_type=dict]
    For further information visit https://errors.pydantic.dev/2.12/v/missing
persecutor_nongovernmental_actor
  Field required [type=missing, input_value={'type': 'json_object'}, input_type=dict]
    For further information visit https://errors.pydantic.dev/2.12/v/missing
credibility_finding
  Field required [type=missing, input_value={'type': 'json_object'}, input_type=dict]
    For further information visit https://errors.pydantic.dev/2.12/v/missing
bars_one_year_deadline_missed
  Field required [type=missing, input_value={'type': 'json_object'}, input_type=dict]
    For further information visit https://errors.pydantic.dev/2.12/v/missing
nexus_requirement_met
  Field required [type=missing, input_value={'type': 'json_object'}, input_type=dict]
    For further information visit https://errors.pydantic.dev/2.12/v/missing"
23-4420-2026-01-20,https://cdn.ca9.uscourts.gov/datastore/opinions/2026/01/20/23-4420.pdf,deepseek-ai/deepseek-v4-flash,past_persecution_death_threats,,,604,"parse: ValidationError: 11 validation errors for FeatureResult
asylum_requested
  Field required [type=missing, input_value={'type': 'json_object'}, input_type=dict]
    For further information visit https://errors.pydantic.dev/2.12/v/missing
withholding_requested
  Field required [type=missing, input_value={'type': 'json_object'}, input_type=dict]
    For further information visit https://errors.pydantic.dev/2.12/v/missing
CAT_requested
  Field required [type=missing, input_value={'type': 'json_object'}, input_type=dict]
    For further information visit https://errors.pydantic.dev/2.12/v/missing
protected_ground_political_opinion
  Field required [type=missing, input_value={'type': 'json_object'}, input_type=dict]
    For further information visit https://errors.pydantic.dev/2.12/v/missing
protected_ground_particular_social_group
  Field required [type=missing, input_value={'type': 'json_object'}, input_type=dict]
    For further information visit https://errors.pydantic.dev/2.12/v/missing
past_persecution_physical_violence
  Field required [type=missing, input_value={'type': 'json_object'}, input_type=dict]
    For further information visit https://errors.pydantic.dev/2.12/v/missing
past_persecution_death_threats
  Field required [type=missing, input_value={'type': 'json_object'}, input_type=dict]
    For further information visit https://errors.pydantic.dev/2.12/v/missing
persecutor_nongovernmental_actor
  Field required [type=missing, input_value={'type': 'json_object'}, input_type=dict]
    For further information visit https://errors.pydantic.dev/2.12/v/missing
credibility_finding
  Field required [type=missing, input_value={'type': 'json_object'}, input_type=dict]
    For further information visit https://errors.pydantic.dev/2.12/v/missing
bars_one_year_deadline_missed
  Field required [type=missing, input_value={'type': 'json_object'}, input_type=dict]
    For further information visit https://errors.pydantic.dev/2.12/v/missing
nexus_requirement_met
  Field required [type=missing, input_value={'type': 'json_object'}, input_type=dict]
    For further information visit https://errors.pydantic.dev/2.12/v/missing"
23-4420-2026-01-20,https://cdn.ca9.uscourts.gov/datastore/opinions/2026/01/20/23-4420.pdf,deepseek-ai/deepseek-v4-flash,persecutor_nongovernmental_actor,,,604,"parse: ValidationError: 11 validation errors for FeatureResult
asylum_requested
  Field required [type=missing, input_value={'type': 'json_object'}, input_type=dict]
    For further information visit https://errors.pydantic.dev/2.12/v/missing
withholding_requested
  Field required [type=missing, input_value={'type': 'json_object'}, input_type=dict]
    For further information visit https://errors.pydantic.dev/2.12/v/missing
CAT_requested
  Field required [type=missing, input_value={'type': 'json_object'}, input_type=dict]
    For further information visit https://errors.pydantic.dev/2.12/v/missing
protected_ground_political_opinion
  Field required [type=missing, input_value={'type': 'json_object'}, input_type=dict]
    For further information visit https://errors.pydantic.dev/2.12/v/missing
protected_ground_particular_social_group
  Field required [type=missing, input_value={'type': 'json_object'}, input_type=dict]
    For further information visit https://errors.pydantic.dev/2.12/v/missing
past_persecution_physical_violence
  Field required [type=missing, input_value={'type': 'json_object'}, input_type=dict]
    For further information visit https://errors.pydantic.dev/2.12/v/missing
past_persecution_death_threats
  Field required [type=missing, input_value={'type': 'json_object'}, input_type=dict]
    For further information visit https://errors.pydantic.dev/2.12/v/missing
persecutor_nongovernmental_actor
  Field required [type=missing, input_value={'type': 'json_object'}, input_type=dict]
    For further information visit https://errors.pydantic.dev/2.12/v/missing
credibility_finding
  Field required [type=missing, input_value={'type': 'json_object'}, input_type=dict]
    For further information visit https://errors.pydantic.dev/2.12/v/missing
bars_one_year_deadline_missed
  Field required [type=missing, input_value={'type': 'json_object'}, input_type=dict]
    For further information visit https://errors.pydantic.dev/2.12/v/missing
nexus_requirement_met
  Field required [type=missing, input_value={'type': 'json_object'}, input_type=dict]
    For further information visit https://errors.pydantic.dev/2.12/v/missing"
23-4420-2026-01-20,https://cdn.ca9.uscourts.gov/datastore/opinions/2026/01/20/23-4420.pdf,deepseek-ai/deepseek-v4-flash,credibility_finding,,,604,"parse: ValidationError: 11 validation errors for FeatureResult
asylum_requested
  Field required [type=missing, input_value={'type': 'json_object'}, input_type=dict]
    For further information visit https://errors.pydantic.dev/2.12/v/missing
withholding_requested
  Field required [type=missing, input_value={'type': 'json_object'}, input_type=dict]
    For further information visit https://errors.pydantic.dev/2.12/v/missing
CAT_requested
  Field required [type=missing, input_value={'type': 'json_object'}, input_type=dict]
    For further information visit https://errors.pydantic.dev/2.12/v/missing
protected_ground_political_opinion
  Field required [type=missing, input_value={'type': 'json_object'}, input_type=dict]
    For further information visit https://errors.pydantic.dev/2.12/v/missing
protected_ground_particular_social_group
  Field required [type=missing, input_value={'type': 'json_object'}, input_type=dict]
    For further information visit https://errors.pydantic.dev/2.12/v/missing
past_persecution_physical_violence
  Field required [type=missing, input_value={'type': 'json_object'}, input_type=dict]
    For further information visit https://errors.pydantic.dev/2.12/v/missing
past_persecution_death_threats
  Field required [type=missing, input_value={'type': 'json_object'}, input_type=dict]
    For further information visit https://errors.pydantic.dev/2.12/v/missing
persecutor_nongovernmental_actor
  Field required [type=missing, input_value={'type': 'json_object'}, input_type=dict]
    For further information visit https://errors.pydantic.dev/2.12/v/missing
credibility_finding
  Field required [type=missing, input_value={'type': 'json_object'}, input_type=dict]
    For further information visit https://errors.pydantic.dev/2.12/v/missing
bars_one_year_deadline_missed
  Field required [type=missing, input_value={'type': 'json_object'}, input_type=dict]
    For further information visit https://errors.pydantic.dev/2.12/v/missing
nexus_requirement_met
  Field required [type=missing, input_value={'type': 'json_object'}, input_type=dict]
    For further information visit https://errors.pydantic.dev/2.12/v/missing"
23-4420-2026-01-20,https://cdn.ca9.uscourts.gov/datastore/opinions/2026/01/20/23-4420.pdf,deepseek-ai/deepseek-v4-flash,bars_one_year_deadline_missed,,,604,"parse: ValidationError: 11 validation errors for FeatureResult
asylum_requested
  Field required [type=missing, input_value={'type': 'json_object'}, input_type=dict]
    For further information visit https://errors.pydantic.dev/2.12/v/missing
withholding_requested
  Field required [type=missing, input_value={'type': 'json_object'}, input_type=dict]
    For further information visit https://errors.pydantic.dev/2.12/v/missing
CAT_requested
  Field required [type=missing, input_value={'type': 'json_object'}, input_type=dict]
    For further information visit https://errors.pydantic.dev/2.12/v/missing
protected_ground_political_opinion
  Field required [type=missing, input_value={'type': 'json_object'}, input_type=dict]
    For further information visit https://errors.pydantic.dev/2.12/v/missing
protected_ground_particular_social_group
  Field required [type=missing, input_value={'type': 'json_object'}, input_type=dict]
    For further information visit https://errors.pydantic.dev/2.12/v/missing
past_persecution_physical_violence
  Field required [type=missing, input_value={'type': 'json_object'}, input_type=dict]
    For further information visit https://errors.pydantic.dev/2.12/v/missing
past_persecution_death_threats
  Field required [type=missing, input_value={'type': 'json_object'}, input_type=dict]
    For further information visit https://errors.pydantic.dev/2.12/v/missing
persecutor_nongovernmental_actor
  Field required [type=missing, input_value={'type': 'json_object'}, input_type=dict]
    For further information visit https://errors.pydantic.dev/2.12/v/missing
credibility_finding
  Field required [type=missing, input_value={'type': 'json_object'}, input_type=dict]
    For further information visit https://errors.pydantic.dev/2.12/v/missing
bars_one_year_deadline_missed
  Field required [type=missing, input_value={'type': 'json_object'}, input_type=dict]
    For further information visit https://errors.pydantic.dev/2.12/v/missing
nexus_requirement_met
  Field required [type=missing, input_value={'type': 'json_object'}, input_type=dict]
    For further information visit https://errors.pydantic.dev/2.12/v/missing"
23-4420-2026-01-20,https://cdn.ca9.uscourts.gov/datastore/opinions/2026/01/20/23-4420.pdf,deepseek-ai/deepseek-v4-flash,nexus_requirement_met,,,604,"parse: ValidationError: 11 validation errors for FeatureResult
asylum_requested
  Field required [type=missing, input_value={'type': 'json_object'}, input_type=dict]
    For further information visit https://errors.pydantic.dev/2.12/v/missing
withholding_requested
  Field required [type=missing, input_value={'type': 'json_object'}, input_type=dict]
    For further information visit https://errors.pydantic.dev/2.12/v/missing
CAT_requested
  Field required [type=missing, input_value={'type': 'json_object'}, input_type=dict]
    For further information visit https://errors.pydantic.dev/2.12/v/missing
protected_ground_political_opinion
  Field required [type=missing, input_value={'type': 'json_object'}, input_type=dict]
    For further information visit https://errors.pydantic.dev/2.12/v/missing
protected_ground_particular_social_group
  Field required [type=missing, input_value={'type': 'json_object'}, input_type=dict]
    For further information visit https://errors.pydantic.dev/2.12/v/missing
past_persecution_physical_violence
  Field required [type=missing, input_value={'type': 'json_object'}, input_type=dict]
    For further information visit https://errors.pydantic.dev/2.12/v/missing
past_persecution_death_threats
  Field required [type=missing, input_value={'type': 'json_object'}, input_type=dict]
    For further information visit https://errors.pydantic.dev/2.12/v/missing
persecutor_nongovernmental_actor
  Field required [type=missing, input_value={'type': 'json_object'}, input_type=dict]
    For further information visit https://errors.pydantic.dev/2.12/v/missing
credibility_finding
  Field required [type=missing, input_value={'type': 'json_object'}, input_type=dict]
    For further information visit https://errors.pydantic.dev/2.12/v/missing
bars_one_year_deadline_missed
  Field required [type=missing, input_value={'type': 'json_object'}, input_type=dict]
    For further information visit https://errors.pydantic.dev/2.12/v/missing
nexus_requirement_met
  Field required [type=missing, input_value={'type': 'json_object'}, input_type=dict]
    For further information visit https://errors.pydantic.dev/2.12/v/missing"
24-631-2025-08-27,https://cdn.ca9.uscourts.gov/datastore/opinions/2025/08/27/24-631.pdf,deepseek-ai/deepseek-v4-flash,asylum_requested,True,"Ibarra-Perez filled out a pro se application for asylum, withholding of removal, and protection under the Convention Against Torture ('CAT') on a Form I-589.",45199,
24-631-2025-08-27,https://cdn.ca9.uscourts.gov/datastore/opinions/2025/08/27/24-631.pdf,deepseek-ai/deepseek-v4-flash,withholding_requested,True,"Ibarra-Perez filled out a pro se application for asylum, withholding of removal, and protection under the Convention Against Torture ('CAT') on a Form I-589.",45199,
24-631-2025-08-27,https://cdn.ca9.uscourts.gov/datastore/opinions/2025/08/27/24-631.pdf,deepseek-ai/deepseek-v4-flash,CAT_requested,True,"Ibarra-Perez filled out a pro se application for asylum, withholding of removal, and protection under the Convention Against Torture ('CAT') on a Form I-589.",45199,
24-631-2025-08-27,https://cdn.ca9.uscourts.gov/datastore/opinions/2025/08/27/24-631.pdf,deepseek-ai/deepseek-v4-flash,protected_ground_political_opinion,True,The IJ found that Ibarra-Perez had suffered past persecution in Cuba on account of his political opinion and granted him withholding of removal to Cuba.,45199,
24-631-2025-08-27,https://cdn.ca9.uscourts.gov/datastore/opinions/2025/08/27/24-631.pdf,deepseek-ai/deepseek-v4-flash,protected_ground_particular_social_group,False,Not mentioned in the opinion.,45199,
24-631-2025-08-27,https://cdn.ca9.uscourts.gov/datastore/opinions/2025/08/27/24-631.pdf,deepseek-ai/deepseek-v4-flash,past_persecution_physical_violence,True,"Ibarra-Perez fled Cuba after two decades of beatings, surveillance, threats, and harassment because of his opposition to the Castro regime.",45199,
24-631-2025-08-27,https://cdn.ca9.uscourts.gov/datastore/opinions/2025/08/27/24-631.pdf,deepseek-ai/deepseek-v4-flash,past_persecution_death_threats,False,Not mentioned in the opinion.,45199,
24-631-2025-08-27,https://cdn.ca9.uscourts.gov/datastore/opinions/2025/08/27/24-631.pdf,deepseek-ai/deepseek-v4-flash,persecutor_nongovernmental_actor,True,"While in Mexico after his removal, Ibarra-Perez was recruited and threatened by gang members.",45199,
24-631-2025-08-27,https://cdn.ca9.uscourts.gov/datastore/opinions/2025/08/27/24-631.pdf,deepseek-ai/deepseek-v4-flash,credibility_finding,False,Not mentioned in the opinion.,45199,
24-631-2025-08-27,https://cdn.ca9.uscourts.gov/datastore/opinions/2025/08/27/24-631.pdf,deepseek-ai/deepseek-v4-flash,bars_one_year_deadline_missed,False,Not mentioned in the opinion.,45199,
24-631-2025-08-27,https://cdn.ca9.uscourts.gov/datastore/opinions/2025/08/27/24-631.pdf,deepseek-ai/deepseek-v4-flash,nexus_requirement_met,True,The IJ found that Ibarra-Perez had suffered past persecution in Cuba on account of his political opinion and granted him withholding of removal to Cuba.,45199,
19-16487-2020-07-06,https://cdn.ca9.uscourts.gov/datastore/opinions/2020/07/06/19-16487.pdf,deepseek-ai/deepseek-v4-flash,asylum_requested,,,4495,"parse: ValidationError: 11 validation errors for FeatureResult
asylum_requested
  Field required [type=missing, input_value={'type': 'json_object'}, input_type=dict]
    For further information visit https://errors.pydantic.dev/2.12/v/missing
withholding_requested
  Field required [type=missing, input_value={'type': 'json_object'}, input_type=dict]
    For further information visit https://errors.pydantic.dev/2.12/v/missing
CAT_requested
  Field required [type=missing, input_value={'type': 'json_object'}, input_type=dict]
    For further information visit https://errors.pydantic.dev/2.12/v/missing
protected_ground_political_opinion
  Field required [type=missing, input_value={'type': 'json_object'}, input_type=dict]
    For further information visit https://errors.pydantic.dev/2.12/v/missing
protected_ground_particular_social_group
  Field required [type=missing, input_value={'type': 'json_object'}, input_type=dict]
    For further information visit https://errors.pydantic.dev/2.12/v/missing
past_persecution_physical_violence
  Field required [type=missing, input_value={'type': 'json_object'}, input_type=dict]
    For further information visit https://errors.pydantic.dev/2.12/v/missing
past_persecution_death_threats
  Field required [type=missing, input_value={'type': 'json_object'}, input_type=dict]
    For further information visit https://errors.pydantic.dev/2.12/v/missing
persecutor_nongovernmental_actor
  Field required [type=missing, input_value={'type': 'json_object'}, input_type=dict]
    For further information visit https://errors.pydantic.dev/2.12/v/missing
credibility_finding
  Field required [type=missing, input_value={'type': 'json_object'}, input_type=dict]
    For further information visit https://errors.pydantic.dev/2.12/v/missing
bars_one_year_deadline_missed
  Field required [type=missing, input_value={'type': 'json_object'}, input_type=dict]
    For further information visit https://errors.pydantic.dev/2.12/v/missing
nexus_requirement_met
  Field required [type=missing, input_value={'type': 'json_object'}, input_type=dict]
    For further information visit https://errors.pydantic.dev/2.12/v/missing"
19-16487-2020-07-06,https://cdn.ca9.uscourts.gov/datastore/opinions/2020/07/06/19-16487.pdf,deepseek-ai/deepseek-v4-flash,withholding_requested,,,4495,"parse: ValidationError: 11 validation errors for FeatureResult
asylum_requested
  Field required [type=missing, input_value={'type': 'json_object'}, input_type=dict]
    For further information visit https://errors.pydantic.dev/2.12/v/missing
withholding_requested
  Field required [type=missing, input_value={'type': 'json_object'}, input_type=dict]
    For further information visit https://errors.pydantic.dev/2.12/v/missing
CAT_requested
  Field required [type=missing, input_value={'type': 'json_object'}, input_type=dict]
    For further information visit https://errors.pydantic.dev/2.12/v/missing
protected_ground_political_opinion
  Field required [type=missing, input_value={'type': 'json_object'}, input_type=dict]
    For further information visit https://errors.pydantic.dev/2.12/v/missing
protected_ground_particular_social_group
  Field required [type=missing, input_value={'type': 'json_object'}, input_type=dict]
    For further information visit https://errors.pydantic.dev/2.12/v/missing
past_persecution_physical_violence
  Field required [type=missing, input_value={'type': 'json_object'}, input_type=dict]
    For further information visit https://errors.pydantic.dev/2.12/v/missing
past_persecution_death_threats
  Field required [type=missing, input_value={'type': 'json_object'}, input_type=dict]
    For further information visit https://errors.pydantic.dev/2.12/v/missing
persecutor_nongovernmental_actor
  Field required [type=missing, input_value={'type': 'json_object'}, input_type=dict]
    For further information visit https://errors.pydantic.dev/2.12/v/missing
credibility_finding
  Field required [type=missing, input_value={'type': 'json_object'}, input_type=dict]
    For further information visit https://errors.pydantic.dev/2.12/v/missing
bars_one_year_deadline_missed
  Field required [type=missing, input_value={'type': 'json_object'}, input_type=dict]
    For further information visit https://errors.pydantic.dev/2.12/v/missing
nexus_requirement_met
  Field required [type=missing, input_value={'type': 'json_object'}, input_type=dict]
    For further information visit https://errors.pydantic.dev/2.12/v/missing"
19-16487-2020-07-06,https://cdn.ca9.uscourts.gov/datastore/opinions/2020/07/06/19-16487.pdf,deepseek-ai/deepseek-v4-flash,CAT_requested,,,4495,"parse: ValidationError: 11 validation errors for FeatureResult
asylum_requested
  Field required [type=missing, input_value={'type': 'json_object'}, input_type=dict]
    For further information visit https://errors.pydantic.dev/2.12/v/missing
withholding_requested
  Field required [type=missing, input_value={'type': 'json_object'}, input_type=dict]
    For further information visit https://errors.pydantic.dev/2.12/v/missing
CAT_requested
  Field required [type=missing, input_value={'type': 'json_object'}, input_type=dict]
    For further information visit https://errors.pydantic.dev/2.12/v/missing
protected_ground_political_opinion
  Field required [type=missing, input_value={'type': 'json_object'}, input_type=dict]
    For further information visit https://errors.pydantic.dev/2.12/v/missing
protected_ground_particular_social_group
  Field required [type=missing, input_value={'type': 'json_object'}, input_type=dict]
    For further information visit https://errors.pydantic.dev/2.12/v/missing
past_persecution_physical_violence
  Field required [type=missing, input_value={'type': 'json_object'}, input_type=dict]
    For further information visit https://errors.pydantic.dev/2.12/v/missing
past_persecution_death_threats
  Field required [type=missing, input_value={'type': 'json_object'}, input_type=dict]
    For further information visit https://errors.pydantic.dev/2.12/v/missing
persecutor_nongovernmental_actor
  Field required [type=missing, input_value={'type': 'json_object'}, input_type=dict]
    For further information visit https://errors.pydantic.dev/2.12/v/missing
credibility_finding
  Field required [type=missing, input_value={'type': 'json_object'}, input_type=dict]
    For further information visit https://errors.pydantic.dev/2.12/v/missing
bars_one_year_deadline_missed
  Field required [type=missing, input_value={'type': 'json_object'}, input_type=dict]
    For further information visit https://errors.pydantic.dev/2.12/v/missing
nexus_requirement_met
  Field required [type=missing, input_value={'type': 'json_object'}, input_type=dict]
    For further information visit https://errors.pydantic.dev/2.12/v/missing"
19-16487-2020-07-06,https://cdn.ca9.uscourts.gov/datastore/opinions/2020/07/06/19-16487.pdf,deepseek-ai/deepseek-v4-flash,protected_ground_political_opinion,,,4495,"parse: ValidationError: 11 validation errors for FeatureResult
asylum_requested
  Field required [type=missing, input_value={'type': 'json_object'}, input_type=dict]
    For further information visit https://errors.pydantic.dev/2.12/v/missing
withholding_requested
  Field required [type=missing, input_value={'type': 'json_object'}, input_type=dict]
    For further information visit https://errors.pydantic.dev/2.12/v/missing
CAT_requested
  Field required [type=missing, input_value={'type': 'json_object'}, input_type=dict]
    For further information visit https://errors.pydantic.dev/2.12/v/missing
protected_ground_political_opinion
  Field required [type=missing, input_value={'type': 'json_object'}, input_type=dict]
    For further information visit https://errors.pydantic.dev/2.12/v/missing
protected_ground_particular_social_group
  Field required [type=missing, input_value={'type': 'json_object'}, input_type=dict]
    For further information visit https://errors.pydantic.dev/2.12/v/missing
past_persecution_physical_violence
  Field required [type=missing, input_value={'type': 'json_object'}, input_type=dict]
    For further information visit https://errors.pydantic.dev/2.12/v/missing
past_persecution_death_threats
  Field required [type=missing, input_value={'type': 'json_object'}, input_type=dict]
    For further information visit https://errors.pydantic.dev/2.12/v/missing
persecutor_nongovernmental_actor
  Field required [type=missing, input_value={'type': 'json_object'}, input_type=dict]
    For further information visit https://errors.pydantic.dev/2.12/v/missing
credibility_finding
  Field required [type=missing, input_value={'type': 'json_object'}, input_type=dict]
    For further information visit https://errors.pydantic.dev/2.12/v/missing
bars_one_year_deadline_missed
  Field required [type=missing, input_value={'type': 'json_object'}, input_type=dict]
    For further information visit https://errors.pydantic.dev/2.12/v/missing
nexus_requirement_met
  Field required [type=missing, input_value={'type': 'json_object'}, input_type=dict]
    For further information visit https://errors.pydantic.dev/2.12/v/missing"
19-16487-2020-07-06,https://cdn.ca9.uscourts.gov/datastore/opinions/2020/07/06/19-16487.pdf,deepseek-ai/deepseek-v4-flash,protected_ground_particular_social_group,,,4495,"parse: ValidationError: 11 validation errors for FeatureResult
asylum_requested
  Field required [type=missing, input_value={'type': 'json_object'}, input_type=dict]
    For further information visit https://errors.pydantic.dev/2.12/v/missing
withholding_requested
  Field required [type=missing, input_value={'type': 'json_object'}, input_type=dict]
    For further information visit https://errors.pydantic.dev/2.12/v/missing
CAT_requested
  Field required [type=missing, input_value={'type': 'json_object'}, input_type=dict]
    For further information visit https://errors.pydantic.dev/2.12/v/missing
protected_ground_political_opinion
  Field required [type=missing, input_value={'type': 'json_object'}, input_type=dict]
    For further information visit https://errors.pydantic.dev/2.12/v/missing
protected_ground_particular_social_group
  Field required [type=missing, input_value={'type': 'json_object'}, input_type=dict]
    For further information visit https://errors.pydantic.dev/2.12/v/missing
past_persecution_physical_violence
  Field required [type=missing, input_value={'type': 'json_object'}, input_type=dict]
    For further information visit https://errors.pydantic.dev/2.12/v/missing
past_persecution_death_threats
  Field required [type=missing, input_value={'type': 'json_object'}, input_type=dict]
    For further information visit https://errors.pydantic.dev/2.12/v/missing
persecutor_nongovernmental_actor
  Field required [type=missing, input_value={'type': 'json_object'}, input_type=dict]
    For further information visit https://errors.pydantic.dev/2.12/v/missing
credibility_finding
  Field required [type=missing, input_value={'type': 'json_object'}, input_type=dict]
    For further information visit https://errors.pydantic.dev/2.12/v/missing
bars_one_year_deadline_missed
  Field required [type=missing, input_value={'type': 'json_object'}, input_type=dict]
    For further information visit https://errors.pydantic.dev/2.12/v/missing
nexus_requirement_met
  Field required [type=missing, input_value={'type': 'json_object'}, input_type=dict]
    For further information visit https://errors.pydantic.dev/2.12/v/missing"
19-16487-2020-07-06,https://cdn.ca9.uscourts.gov/datastore/opinions/2020/07/06/19-16487.pdf,deepseek-ai/deepseek-v4-flash,past_persecution_physical_violence,,,4495,"parse: ValidationError: 11 validation errors for FeatureResult
asylum_requested
  Field required [type=missing, input_value={'type': 'json_object'}, input_type=dict]
    For further information visit https://errors.pydantic.dev/2.12/v/missing
withholding_requested
  Field required [type=missing, input_value={'type': 'json_object'}, input_type=dict]
    For further information visit https://errors.pydantic.dev/2.12/v/missing
CAT_requested
  Field required [type=missing, input_value={'type': 'json_object'}, input_type=dict]
    For further information visit https://errors.pydantic.dev/2.12/v/missing
protected_ground_political_opinion
  Field required [type=missing, input_value={'type': 'json_object'}, input_type=dict]
    For further information visit https://errors.pydantic.dev/2.12/v/missing
protected_ground_particular_social_group
  Field required [type=missing, input_value={'type': 'json_object'}, input_type=dict]
    For further information visit https://errors.pydantic.dev/2.12/v/missing
past_persecution_physical_violence
  Field required [type=missing, input_value={'type': 'json_object'}, input_type=dict]
    For further information visit https://errors.pydantic.dev/2.12/v/missing
past_persecution_death_threats
  Field required [type=missing, input_value={'type': 'json_object'}, input_type=dict]
    For further information visit https://errors.pydantic.dev/2.12/v/missing
persecutor_nongovernmental_actor
  Field required [type=missing, input_value={'type': 'json_object'}, input_type=dict]
    For further information visit https://errors.pydantic.dev/2.12/v/missing
credibility_finding
  Field required [type=missing, input_value={'type': 'json_object'}, input_type=dict]
    For further information visit https://errors.pydantic.dev/2.12/v/missing
bars_one_year_deadline_missed
  Field required [type=missing, input_value={'type': 'json_object'}, input_type=dict]
    For further information visit https://errors.pydantic.dev/2.12/v/missing
nexus_requirement_met
  Field required [type=missing, input_value={'type': 'json_object'}, input_type=dict]
    For further information visit https://errors.pydantic.dev/2.12/v/missing"
19-16487-2020-07-06,https://cdn.ca9.uscourts.gov/datastore/opinions/2020/07/06/19-16487.pdf,deepseek-ai/deepseek-v4-flash,past_persecution_death_threats,,,4495,"parse: ValidationError: 11 validation errors for FeatureResult
asylum_requested
  Field required [type=missing, input_value={'type': 'json_object'}, input_type=dict]
    For further information visit https://errors.pydantic.dev/2.12/v/missing
withholding_requested
  Field required [type=missing, input_value={'type': 'json_object'}, input_type=dict]
    For further information visit https://errors.pydantic.dev/2.12/v/missing
CAT_requested
  Field required [type=missing, input_value={'type': 'json_object'}, input_type=dict]
    For further information visit https://errors.pydantic.dev/2.12/v/missing
protected_ground_political_opinion
  Field required [type=missing, input_value={'type': 'json_object'}, input_type=dict]
    For further information visit https://errors.pydantic.dev/2.12/v/missing
protected_ground_particular_social_group
  Field required [type=missing, input_value={'type': 'json_object'}, input_type=dict]
    For further information visit https://errors.pydantic.dev/2.12/v/missing
past_persecution_physical_violence
  Field required [type=missing, input_value={'type': 'json_object'}, input_type=dict]
    For further information visit https://errors.pydantic.dev/2.12/v/missing
past_persecution_death_threats
  Field required [type=missing, input_value={'type': 'json_object'}, input_type=dict]
    For further information visit https://errors.pydantic.dev/2.12/v/missing
persecutor_nongovernmental_actor
  Field required [type=missing, input_value={'type': 'json_object'}, input_type=dict]
    For further information visit https://errors.pydantic.dev/2.12/v/missing
credibility_finding
  Field required [type=missing, input_value={'type': 'json_object'}, input_type=dict]
    For further information visit https://errors.pydantic.dev/2.12/v/missing
bars_one_year_deadline_missed
  Field required [type=missing, input_value={'type': 'json_object'}, input_type=dict]
    For further information visit https://errors.pydantic.dev/2.12/v/missing
nexus_requirement_met
  Field required [type=missing, input_value={'type': 'json_object'}, input_type=dict]
    For further information visit https://errors.pydantic.dev/2.12/v/missing"
19-16487-2020-07-06,https://cdn.ca9.uscourts.gov/datastore/opinions/2020/07/06/19-16487.pdf,deepseek-ai/deepseek-v4-flash,persecutor_nongovernmental_actor,,,4495,"parse: ValidationError: 11 validation errors for FeatureResult
asylum_requested
  Field required [type=missing, input_value={'type': 'json_object'}, input_type=dict]
    For further information visit https://errors.pydantic.dev/2.12/v/missing
withholding_requested
  Field required [type=missing, input_value={'type': 'json_object'}, input_type=dict]
    For further information visit https://errors.pydantic.dev/2.12/v/missing
CAT_requested
  Field required [type=missing, input_value={'type': 'json_object'}, input_type=dict]
    For further information visit https://errors.pydantic.dev/2.12/v/missing
protected_ground_political_opinion
  Field required [type=missing, input_value={'type': 'json_object'}, input_type=dict]
    For further information visit https://errors.pydantic.dev/2.12/v/missing
protected_ground_particular_social_group
  Field required [type=missing, input_value={'type': 'json_object'}, input_type=dict]
    For further information visit https://errors.pydantic.dev/2.12/v/missing
past_persecution_physical_violence
  Field required [type=missing, input_value={'type': 'json_object'}, input_type=dict]
    For further information visit https://errors.pydantic.dev/2.12/v/missing
past_persecution_death_threats
  Field required [type=missing, input_value={'type': 'json_object'}, input_type=dict]
    For further information visit https://errors.pydantic.dev/2.12/v/missing
persecutor_nongovernmental_actor
  Field required [type=missing, input_value={'type': 'json_object'}, input_type=dict]
    For further information visit https://errors.pydantic.dev/2.12/v/missing
credibility_finding
  Field required [type=missing, input_value={'type': 'json_object'}, input_type=dict]
    For further information visit https://errors.pydantic.dev/2.12/v/missing
bars_one_year_deadline_missed
  Field required [type=missing, input_value={'type': 'json_object'}, input_type=dict]
    For further information visit https://errors.pydantic.dev/2.12/v/missing
nexus_requirement_met
  Field required [type=missing, input_value={'type': 'json_object'}, input_type=dict]
    For further information visit https://errors.pydantic.dev/2.12/v/missing"
19-16487-2020-07-06,https://cdn.ca9.uscourts.gov/datastore/opinions/2020/07/06/19-16487.pdf,deepseek-ai/deepseek-v4-flash,credibility_finding,,,4495,"parse: ValidationError: 11 validation errors for FeatureResult
asylum_requested
  Field required [type=missing, input_value={'type': 'json_object'}, input_type=dict]
    For further information visit https://errors.pydantic.dev/2.12/v/missing
withholding_requested
  Field required [type=missing, input_value={'type': 'json_object'}, input_type=dict]
    For further information visit https://errors.pydantic.dev/2.12/v/missing
CAT_requested
  Field required [type=missing, input_value={'type': 'json_object'}, input_type=dict]
    For further information visit https://errors.pydantic.dev/2.12/v/missing
protected_ground_political_opinion
  Field required [type=missing, input_value={'type': 'json_object'}, input_type=dict]
    For further information visit https://errors.pydantic.dev/2.12/v/missing
protected_ground_particular_social_group
  Field required [type=missing, input_value={'type': 'json_object'}, input_type=dict]
    For further information visit https://errors.pydantic.dev/2.12/v/missing
past_persecution_physical_violence
  Field required [type=missing, input_value={'type': 'json_object'}, input_type=dict]
    For further information visit https://errors.pydantic.dev/2.12/v/missing
past_persecution_death_threats
  Field required [type=missing, input_value={'type': 'json_object'}, input_type=dict]
    For further information visit https://errors.pydantic.dev/2.12/v/missing
persecutor_nongovernmental_actor
  Field required [type=missing, input_value={'type': 'json_object'}, input_type=dict]
    For further information visit https://errors.pydantic.dev/2.12/v/missing
credibility_finding
  Field required [type=missing, input_value={'type': 'json_object'}, input_type=dict]
    For further information visit https://errors.pydantic.dev/2.12/v/missing
bars_one_year_deadline_missed
  Field required [type=missing, input_value={'type': 'json_object'}, input_type=dict]
    For further information visit https://errors.pydantic.dev/2.12/v/missing
nexus_requirement_met
  Field required [type=missing, input_value={'type': 'json_object'}, input_type=dict]
    For further information visit https://errors.pydantic.dev/2.12/v/missing"
19-16487-2020-07-06,https://cdn.ca9.uscourts.gov/datastore/opinions/2020/07/06/19-16487.pdf,deepseek-ai/deepseek-v4-flash,bars_one_year_deadline_missed,,,4495,"parse: ValidationError: 11 validation errors for FeatureResult
asylum_requested
  Field required [type=missing, input_value={'type': 'json_object'}, input_type=dict]
    For further information visit https://errors.pydantic.dev/2.12/v/missing
withholding_requested
  Field required [type=missing, input_value={'type': 'json_object'}, input_type=dict]
    For further information visit https://errors.pydantic.dev/2.12/v/missing
CAT_requested
  Field required [type=missing, input_value={'type': 'json_object'}, input_type=dict]
    For further information visit https://errors.pydantic.dev/2.12/v/missing
protected_ground_political_opinion
  Field required [type=missing, input_value={'type': 'json_object'}, input_type=dict]
    For further information visit https://errors.pydantic.dev/2.12/v/missing
protected_ground_particular_social_group
  Field required [type=missing, input_value={'type': 'json_object'}, input_type=dict]
    For further information visit https://errors.pydantic.dev/2.12/v/missing
past_persecution_physical_violence
  Field required [type=missing, input_value={'type': 'json_object'}, input_type=dict]
    For further information visit https://errors.pydantic.dev/2.12/v/missing
past_persecution_death_threats
  Field required [type=missing, input_value={'type': 'json_object'}, input_type=dict]
    For further information visit https://errors.pydantic.dev/2.12/v/missing
persecutor_nongovernmental_actor
  Field required [type=missing, input_value={'type': 'json_object'}, input_type=dict]
    For further information visit https://errors.pydantic.dev/2.12/v/missing
credibility_finding
  Field required [type=missing, input_value={'type': 'json_object'}, input_type=dict]
    For further information visit https://errors.pydantic.dev/2.12/v/missing
bars_one_year_deadline_missed
  Field required [type=missing, input_value={'type': 'json_object'}, input_type=dict]
    For further information visit https://errors.pydantic.dev/2.12/v/missing
nexus_requirement_met
  Field required [type=missing, input_value={'type': 'json_object'}, input_type=dict]
    For further information visit https://errors.pydantic.dev/2.12/v/missing"
19-16487-2020-07-06,https://cdn.ca9.uscourts.gov/datastore/opinions/2020/07/06/19-16487.pdf,deepseek-ai/deepseek-v4-flash,nexus_requirement_met,,,4495,"parse: ValidationError: 11 validation errors for FeatureResult
asylum_requested
  Field required [type=missing, input_value={'type': 'json_object'}, input_type=dict]
    For further information visit https://errors.pydantic.dev/2.12/v/missing
withholding_requested
  Field required [type=missing, input_value={'type': 'json_object'}, input_type=dict]
    For further information visit https://errors.pydantic.dev/2.12/v/missing
CAT_requested
  Field required [type=missing, input_value={'type': 'json_object'}, input_type=dict]
    For further information visit https://errors.pydantic.dev/2.12/v/missing
protected_ground_political_opinion
  Field required [type=missing, input_value={'type': 'json_object'}, input_type=dict]
    For further information visit https://errors.pydantic.dev/2.12/v/missing
protected_ground_particular_social_group
  Field required [type=missing, input_value={'type': 'json_object'}, input_type=dict]
    For further information visit https://errors.pydantic.dev/2.12/v/missing
past_persecution_physical_violence
  Field required [type=missing, input_value={'type': 'json_object'}, input_type=dict]
    For further information visit https://errors.pydantic.dev/2.12/v/missing
past_persecution_death_threats
  Field required [type=missing, input_value={'type': 'json_object'}, input_type=dict]
    For further information visit https://errors.pydantic.dev/2.12/v/missing
persecutor_nongovernmental_actor
  Field required [type=missing, input_value={'type': 'json_object'}, input_type=dict]
    For further information visit https://errors.pydantic.dev/2.12/v/missing
credibility_finding
  Field required [type=missing, input_value={'type': 'json_object'}, input_type=dict]
    For further information visit https://errors.pydantic.dev/2.12/v/missing
bars_one_year_deadline_missed
  Field required [type=missing, input_value={'type': 'json_object'}, input_type=dict]
    For further information visit https://errors.pydantic.dev/2.12/v/missing
nexus_requirement_met
  Field required [type=missing, input_value={'type': 'json_object'}, input_type=dict]
    For further information visit https://errors.pydantic.dev/2.12/v/missing"
25-2581-2025-07-18,https://cdn.ca9.uscourts.gov/datastore/opinions/2025/07/18/25-2581.pdf,deepseek-ai/deepseek-v4-flash,asylum_requested,False,Not mentioned in the opinion.,14508,
25-2581-2025-07-18,https://cdn.ca9.uscourts.gov/datastore/opinions/2025/07/18/25-2581.pdf,deepseek-ai/deepseek-v4-flash,withholding_requested,False,Not mentioned in the opinion.,14508,
25-2581-2025-07-18,https://cdn.ca9.uscourts.gov/datastore/opinions/2025/07/18/25-2581.pdf,deepseek-ai/deepseek-v4-flash,CAT_requested,False,Not mentioned in the opinion.,14508,
25-2581-2025-07-18,https://cdn.ca9.uscourts.gov/datastore/opinions/2025/07/18/25-2581.pdf,deepseek-ai/deepseek-v4-flash,protected_ground_political_opinion,False,Not mentioned in the opinion.,14508,
25-2581-2025-07-18,https://cdn.ca9.uscourts.gov/datastore/opinions/2025/07/18/25-2581.pdf,deepseek-ai/deepseek-v4-flash,protected_ground_particular_social_group,False,Not mentioned in the opinion.,14508,
25-2581-2025-07-18,https://cdn.ca9.uscourts.gov/datastore/opinions/2025/07/18/25-2581.pdf,deepseek-ai/deepseek-v4-flash,past_persecution_physical_violence,False,Not mentioned in the opinion.,14508,
25-2581-2025-07-18,https://cdn.ca9.uscourts.gov/datastore/opinions/2025/07/18/25-2581.pdf,deepseek-ai/deepseek-v4-flash,past_persecution_death_threats,False,Not mentioned in the opinion.,14508,
25-2581-2025-07-18,https://cdn.ca9.uscourts.gov/datastore/opinions/2025/07/18/25-2581.pdf,deepseek-ai/deepseek-v4-flash,persecutor_nongovernmental_actor,False,Not mentioned in the opinion.,14508,
25-2581-2025-07-18,https://cdn.ca9.uscourts.gov/datastore/opinions/2025/07/18/25-2581.pdf,deepseek-ai/deepseek-v4-flash,credibility_finding,False,Not mentioned in the opinion.,14508,
25-2581-2025-07-18,https://cdn.ca9.uscourts.gov/datastore/opinions/2025/07/18/25-2581.pdf,deepseek-ai/deepseek-v4-flash,bars_one_year_deadline_missed,False,Not mentioned in the opinion.,14508,
25-2581-2025-07-18,https://cdn.ca9.uscourts.gov/datastore/opinions/2025/07/18/25-2581.pdf,deepseek-ai/deepseek-v4-flash,nexus_requirement_met,False,Not mentioned in the opinion.,14508,
18-17274-2021-03-24,https://cdn.ca9.uscourts.gov/datastore/opinions/2021/03/24/18-17274.pdf,deepseek-ai/deepseek-v4-flash,asylum_requested,,,3166,"parse: ValidationError: 11 validation errors for FeatureResult
asylum_requested
  Field required [type=missing, input_value={'type': 'json_object'}, input_type=dict]
    For further information visit https://errors.pydantic.dev/2.12/v/missing
withholding_requested
  Field required [type=missing, input_value={'type': 'json_object'}, input_type=dict]
    For further information visit https://errors.pydantic.dev/2.12/v/missing
CAT_requested
  Field required [type=missing, input_value={'type': 'json_object'}, input_type=dict]
    For further information visit https://errors.pydantic.dev/2.12/v/missing
protected_ground_political_opinion
  Field required [type=missing, input_value={'type': 'json_object'}, input_type=dict]
    For further information visit https://errors.pydantic.dev/2.12/v/missing
protected_ground_particular_social_group
  Field required [type=missing, input_value={'type': 'json_object'}, input_type=dict]
    For further information visit https://errors.pydantic.dev/2.12/v/missing
past_persecution_physical_violence
  Field required [type=missing, input_value={'type': 'json_object'}, input_type=dict]
    For further information visit https://errors.pydantic.dev/2.12/v/missing
past_persecution_death_threats
  Field required [type=missing, input_value={'type': 'json_object'}, input_type=dict]
    For further information visit https://errors.pydantic.dev/2.12/v/missing
persecutor_nongovernmental_actor
  Field required [type=missing, input_value={'type': 'json_object'}, input_type=dict]
    For further information visit https://errors.pydantic.dev/2.12/v/missing
credibility_finding
  Field required [type=missing, input_value={'type': 'json_object'}, input_type=dict]
    For further information visit https://errors.pydantic.dev/2.12/v/missing
bars_one_year_deadline_missed
  Field required [type=missing, input_value={'type': 'json_object'}, input_type=dict]
    For further information visit https://errors.pydantic.dev/2.12/v/missing
nexus_requirement_met
  Field required [type=missing, input_value={'type': 'json_object'}, input_type=dict]
    For further information visit https://errors.pydantic.dev/2.12/v/missing"
18-17274-2021-03-24,https://cdn.ca9.uscourts.gov/datastore/opinions/2021/03/24/18-17274.pdf,deepseek-ai/deepseek-v4-flash,withholding_requested,,,3166,"parse: ValidationError: 11 validation errors for FeatureResult
asylum_requested
  Field required [type=missing, input_value={'type': 'json_object'}, input_type=dict]
    For further information visit https://errors.pydantic.dev/2.12/v/missing
withholding_requested
  Field required [type=missing, input_value={'type': 'json_object'}, input_type=dict]
    For further information visit https://errors.pydantic.dev/2.12/v/missing
CAT_requested
  Field required [type=missing, input_value={'type': 'json_object'}, input_type=dict]
    For further information visit https://errors.pydantic.dev/2.12/v/missing
protected_ground_political_opinion
  Field required [type=missing, input_value={'type': 'json_object'}, input_type=dict]
    For further information visit https://errors.pydantic.dev/2.12/v/missing
protected_ground_particular_social_group
  Field required [type=missing, input_value={'type': 'json_object'}, input_type=dict]
    For further information visit https://errors.pydantic.dev/2.12/v/missing
past_persecution_physical_violence
  Field required [type=missing, input_value={'type': 'json_object'}, input_type=dict]
    For further information visit https://errors.pydantic.dev/2.12/v/missing
past_persecution_death_threats
  Field required [type=missing, input_value={'type': 'json_object'}, input_type=dict]
    For further information visit https://errors.pydantic.dev/2.12/v/missing
persecutor_nongovernmental_actor
  Field required [type=missing, input_value={'type': 'json_object'}, input_type=dict]
    For further information visit https://errors.pydantic.dev/2.12/v/missing
credibility_finding
  Field required [type=missing, input_value={'type': 'json_object'}, input_type=dict]
    For further information visit https://errors.pydantic.dev/2.12/v/missing
bars_one_year_deadline_missed
  Field required [type=missing, input_value={'type': 'json_object'}, input_type=dict]
    For further information visit https://errors.pydantic.dev/2.12/v/missing
nexus_requirement_met
  Field required [type=missing, input_value={'type': 'json_object'}, input_type=dict]
    For further information visit https://errors.pydantic.dev/2.12/v/missing"
18-17274-2021-03-24,https://cdn.ca9.uscourts.gov/datastore/opinions/2021/03/24/18-17274.pdf,deepseek-ai/deepseek-v4-flash,CAT_requested,,,3166,"parse: ValidationError: 11 validation errors for FeatureResult
asylum_requested
  Field required [type=missing, input_value={'type': 'json_object'}, input_type=dict]
    For further information visit https://errors.pydantic.dev/2.12/v/missing
withholding_requested
  Field required [type=missing, input_value={'type': 'json_object'}, input_type=dict]
    For further information visit https://errors.pydantic.dev/2.12/v/missing
CAT_requested
  Field required [type=missing, input_value={'type': 'json_object'}, input_type=dict]
    For further information visit https://errors.pydantic.dev/2.12/v/missing
protected_ground_political_opinion
  Field required [type=missing, input_value={'type': 'json_object'}, input_type=dict]
    For further information visit https://errors.pydantic.dev/2.12/v/missing
protected_ground_particular_social_group
  Field required [type=missing, input_value={'type': 'json_object'}, input_type=dict]
    For further information visit https://errors.pydantic.dev/2.12/v/missing
past_persecution_physical_violence
  Field required [type=missing, input_value={'type': 'json_object'}, input_type=dict]
    For further information visit https://errors.pydantic.dev/2.12/v/missing
past_persecution_death_threats
  Field required [type=missing, input_value={'type': 'json_object'}, input_type=dict]
    For further information visit https://errors.pydantic.dev/2.12/v/missing
persecutor_nongovernmental_actor
  Field required [type=missing, input_value={'type': 'json_object'}, input_type=dict]
    For further information visit https://errors.pydantic.dev/2.12/v/missing
credibility_finding
  Field required [type=missing, input_value={'type': 'json_object'}, input_type=dict]
    For further information visit https://errors.pydantic.dev/2.12/v/missing
bars_one_year_deadline_missed
  Field required [type=missing, input_value={'type': 'json_object'}, input_type=dict]
    For further information visit https://errors.pydantic.dev/2.12/v/missing
nexus_requirement_met
  Field required [type=missing, input_value={'type': 'json_object'}, input_type=dict]
    For further information visit https://errors.pydantic.dev/2.12/v/missing"
18-17274-2021-03-24,https://cdn.ca9.uscourts.gov/datastore/opinions/2021/03/24/18-17274.pdf,deepseek-ai/deepseek-v4-flash,protected_ground_political_opinion,,,3166,"parse: ValidationError: 11 validation errors for FeatureResult
asylum_requested
  Field required [type=missing, input_value={'type': 'json_object'}, input_type=dict]
    For further information visit https://errors.pydantic.dev/2.12/v/missing
withholding_requested
  Field required [type=missing, input_value={'type': 'json_object'}, input_type=dict]
    For further information visit https://errors.pydantic.dev/2.12/v/missing
CAT_requested
  Field required [type=missing, input_value={'type': 'json_object'}, input_type=dict]
    For further information visit https://errors.pydantic.dev/2.12/v/missing
protected_ground_political_opinion
  Field required [type=missing, input_value={'type': 'json_object'}, input_type=dict]
    For further information visit https://errors.pydantic.dev/2.12/v/missing
protected_ground_particular_social_group
  Field required [type=missing, input_value={'type': 'json_object'}, input_type=dict]
    For further information visit https://errors.pydantic.dev/2.12/v/missing
past_persecution_physical_violence
  Field required [type=missing, input_value={'type': 'json_object'}, input_type=dict]
    For further information visit https://errors.pydantic.dev/2.12/v/missing
past_persecution_death_threats
  Field required [type=missing, input_value={'type': 'json_object'}, input_type=dict]
    For further information visit https://errors.pydantic.dev/2.12/v/missing
persecutor_nongovernmental_actor
  Field required [type=missing, input_value={'type': 'json_object'}, input_type=dict]
    For further information visit https://errors.pydantic.dev/2.12/v/missing
credibility_finding
  Field required [type=missing, input_value={'type': 'json_object'}, input_type=dict]
    For further information visit https://errors.pydantic.dev/2.12/v/missing
bars_one_year_deadline_missed
  Field required [type=missing, input_value={'type': 'json_object'}, input_type=dict]
    For further information visit https://errors.pydantic.dev/2.12/v/missing
nexus_requirement_met
  Field required [type=missing, input_value={'type': 'json_object'}, input_type=dict]
    For further information visit https://errors.pydantic.dev/2.12/v/missing"
18-17274-2021-03-24,https://cdn.ca9.uscourts.gov/datastore/opinions/2021/03/24/18-17274.pdf,deepseek-ai/deepseek-v4-flash,protected_ground_particular_social_group,,,3166,"parse: ValidationError: 11 validation errors for FeatureResult
asylum_requested
  Field required [type=missing, input_value={'type': 'json_object'}, input_type=dict]
    For further information visit https://errors.pydantic.dev/2.12/v/missing
withholding_requested
  Field required [type=missing, input_value={'type': 'json_object'}, input_type=dict]
    For further information visit https://errors.pydantic.dev/2.12/v/missing
CAT_requested
  Field required [type=missing, input_value={'type': 'json_object'}, input_type=dict]
    For further information visit https://errors.pydantic.dev/2.12/v/missing
protected_ground_political_opinion
  Field required [type=missing, input_value={'type': 'json_object'}, input_type=dict]
    For further information visit https://errors.pydantic.dev/2.12/v/missing
protected_ground_particular_social_group
  Field required [type=missing, input_value={'type': 'json_object'}, input_type=dict]
    For further information visit https://errors.pydantic.dev/2.12/v/missing
past_persecution_physical_violence
  Field required [type=missing, input_value={'type': 'json_object'}, input_type=dict]
    For further information visit https://errors.pydantic.dev/2.12/v/missing
past_persecution_death_threats
  Field required [type=missing, input_value={'type': 'json_object'}, input_type=dict]
    For further information visit https://errors.pydantic.dev/2.12/v/missing
persecutor_nongovernmental_actor
  Field required [type=missing, input_value={'type': 'json_object'}, input_type=dict]
    For further information visit https://errors.pydantic.dev/2.12/v/missing
credibility_finding
  Field required [type=missing, input_value={'type': 'json_object'}, input_type=dict]
    For further information visit https://errors.pydantic.dev/2.12/v/missing
bars_one_year_deadline_missed
  Field required [type=missing, input_value={'type': 'json_object'}, input_type=dict]
    For further information visit https://errors.pydantic.dev/2.12/v/missing
nexus_requirement_met
  Field required [type=missing, input_value={'type': 'json_object'}, input_type=dict]
    For further information visit https://errors.pydantic.dev/2.12/v/missing"
18-17274-2021-03-24,https://cdn.ca9.uscourts.gov/datastore/opinions/2021/03/24/18-17274.pdf,deepseek-ai/deepseek-v4-flash,past_persecution_physical_violence,,,3166,"parse: ValidationError: 11 validation errors for FeatureResult
asylum_requested
  Field required [type=missing, input_value={'type': 'json_object'}, input_type=dict]
    For further information visit https://errors.pydantic.dev/2.12/v/missing
withholding_requested
  Field required [type=missing, input_value={'type': 'json_object'}, input_type=dict]
    For further information visit https://errors.pydantic.dev/2.12/v/missing
CAT_requested
  Field required [type=missing, input_value={'type': 'json_object'}, input_type=dict]
    For further information visit https://errors.pydantic.dev/2.12/v/missing
protected_ground_political_opinion
  Field required [type=missing, input_value={'type': 'json_object'}, input_type=dict]
    For further information visit https://errors.pydantic.dev/2.12/v/missing
protected_ground_particular_social_group
  Field required [type=missing, input_value={'type': 'json_object'}, input_type=dict]
    For further information visit https://errors.pydantic.dev/2.12/v/missing
past_persecution_physical_violence
  Field required [type=missing, input_value={'type': 'json_object'}, input_type=dict]
    For further information visit https://errors.pydantic.dev/2.12/v/missing
past_persecution_death_threats
  Field required [type=missing, input_value={'type': 'json_object'}, input_type=dict]
    For further information visit https://errors.pydantic.dev/2.12/v/missing
persecutor_nongovernmental_actor
  Field required [type=missing, input_value={'type': 'json_object'}, input_type=dict]
    For further information visit https://errors.pydantic.dev/2.12/v/missing
credibility_finding
  Field required [type=missing, input_value={'type': 'json_object'}, input_type=dict]
    For further information visit https://errors.pydantic.dev/2.12/v/missing
bars_one_year_deadline_missed
  Field required [type=missing, input_value={'type': 'json_object'}, input_type=dict]
    For further information visit https://errors.pydantic.dev/2.12/v/missing
nexus_requirement_met
  Field required [type=missing, input_value={'type': 'json_object'}, input_type=dict]
    For further information visit https://errors.pydantic.dev/2.12/v/missing"
18-17274-2021-03-24,https://cdn.ca9.uscourts.gov/datastore/opinions/2021/03/24/18-17274.pdf,deepseek-ai/deepseek-v4-flash,past_persecution_death_threats,,,3166,"parse: ValidationError: 11 validation errors for FeatureResult
asylum_requested
  Field required [type=missing, input_value={'type': 'json_object'}, input_type=dict]
    For further information visit https://errors.pydantic.dev/2.12/v/missing
withholding_requested
  Field required [type=missing, input_value={'type': 'json_object'}, input_type=dict]
    For further information visit https://errors.pydantic.dev/2.12/v/missing
CAT_requested
  Field required [type=missing, input_value={'type': 'json_object'}, input_type=dict]
    For further information visit https://errors.pydantic.dev/2.12/v/missing
protected_ground_political_opinion
  Field required [type=missing, input_value={'type': 'json_object'}, input_type=dict]
    For further information visit https://errors.pydantic.dev/2.12/v/missing
protected_ground_particular_social_group
  Field required [type=missing, input_value={'type': 'json_object'}, input_type=dict]
    For further information visit https://errors.pydantic.dev/2.12/v/missing
past_persecution_physical_violence
  Field required [type=missing, input_value={'type': 'json_object'}, input_type=dict]
    For further information visit https://errors.pydantic.dev/2.12/v/missing
past_persecution_death_threats
  Field required [type=missing, input_value={'type': 'json_object'}, input_type=dict]
    For further information visit https://errors.pydantic.dev/2.12/v/missing
persecutor_nongovernmental_actor
  Field required [type=missing, input_value={'type': 'json_object'}, input_type=dict]
    For further information visit https://errors.pydantic.dev/2.12/v/missing
credibility_finding
  Field required [type=missing, input_value={'type': 'json_object'}, input_type=dict]
    For further information visit https://errors.pydantic.dev/2.12/v/missing
bars_one_year_deadline_missed
  Field required [type=missing, input_value={'type': 'json_object'}, input_type=dict]
    For further information visit https://errors.pydantic.dev/2.12/v/missing
nexus_requirement_met
  Field required [type=missing, input_value={'type': 'json_object'}, input_type=dict]
    For further information visit https://errors.pydantic.dev/2.12/v/missing"
18-17274-2021-03-24,https://cdn.ca9.uscourts.gov/datastore/opinions/2021/03/24/18-17274.pdf,deepseek-ai/deepseek-v4-flash,persecutor_nongovernmental_actor,,,3166,"parse: ValidationError: 11 validation errors for FeatureResult
asylum_requested
  Field required [type=missing, input_value={'type': 'json_object'}, input_type=dict]
    For further information visit https://errors.pydantic.dev/2.12/v/missing
withholding_requested
  Field required [type=missing, input_value={'type': 'json_object'}, input_type=dict]
    For further information visit https://errors.pydantic.dev/2.12/v/missing
CAT_requested
  Field required [type=missing, input_value={'type': 'json_object'}, input_type=dict]
    For further information visit https://errors.pydantic.dev/2.12/v/missing
protected_ground_political_opinion
  Field required [type=missing, input_value={'type': 'json_object'}, input_type=dict]
    For further information visit https://errors.pydantic.dev/2.12/v/missing
protected_ground_particular_social_group
  Field required [type=missing, input_value={'type': 'json_object'}, input_type=dict]
    For further information visit https://errors.pydantic.dev/2.12/v/missing
past_persecution_physical_violence
  Field required [type=missing, input_value={'type': 'json_object'}, input_type=dict]
    For further information visit https://errors.pydantic.dev/2.12/v/missing
past_persecution_death_threats
  Field required [type=missing, input_value={'type': 'json_object'}, input_type=dict]
    For further information visit https://errors.pydantic.dev/2.12/v/missing
persecutor_nongovernmental_actor
  Field required [type=missing, input_value={'type': 'json_object'}, input_type=dict]
    For further information visit https://errors.pydantic.dev/2.12/v/missing
credibility_finding
  Field required [type=missing, input_value={'type': 'json_object'}, input_type=dict]
    For further information visit https://errors.pydantic.dev/2.12/v/missing
bars_one_year_deadline_missed
  Field required [type=missing, input_value={'type': 'json_object'}, input_type=dict]
    For further information visit https://errors.pydantic.dev/2.12/v/missing
nexus_requirement_met
  Field required [type=missing, input_value={'type': 'json_object'}, input_type=dict]
    For further information visit https://errors.pydantic.dev/2.12/v/missing"
18-17274-2021-03-24,https://cdn.ca9.uscourts.gov/datastore/opinions/2021/03/24/18-17274.pdf,deepseek-ai/deepseek-v4-flash,credibility_finding,,,3166,"parse: ValidationError: 11 validation errors for FeatureResult
asylum_requested
  Field required [type=missing, input_value={'type': 'json_object'}, input_type=dict]
    For further information visit https://errors.pydantic.dev/2.12/v/missing
withholding_requested
  Field required [type=missing, input_value={'type': 'json_object'}, input_type=dict]
    For further information visit https://errors.pydantic.dev/2.12/v/missing
CAT_requested
  Field required [type=missing, input_value={'type': 'json_object'}, input_type=dict]
    For further information visit https://errors.pydantic.dev/2.12/v/missing
protected_ground_political_opinion
  Field required [type=missing, input_value={'type': 'json_object'}, input_type=dict]
    For further information visit https://errors.pydantic.dev/2.12/v/missing
protected_ground_particular_social_group
  Field required [type=missing, input_value={'type': 'json_object'}, input_type=dict]
    For further information visit https://errors.pydantic.dev/2.12/v/missing
past_persecution_physical_violence
  Field required [type=missing, input_value={'type': 'json_object'}, input_type=dict]
    For further information visit https://errors.pydantic.dev/2.12/v/missing
past_persecution_death_threats
  Field required [type=missing, input_value={'type': 'json_object'}, input_type=dict]
    For further information visit https://errors.pydantic.dev/2.12/v/missing
persecutor_nongovernmental_actor
  Field required [type=missing, input_value={'type': 'json_object'}, input_type=dict]
    For further information visit https://errors.pydantic.dev/2.12/v/missing
credibility_finding
  Field required [type=missing, input_value={'type': 'json_object'}, input_type=dict]
    For further information visit https://errors.pydantic.dev/2.12/v/missing
bars_one_year_deadline_missed
  Field required [type=missing, input_value={'type': 'json_object'}, input_type=dict]
    For further information visit https://errors.pydantic.dev/2.12/v/missing
nexus_requirement_met
  Field required [type=missing, input_value={'type': 'json_object'}, input_type=dict]
    For further information visit https://errors.pydantic.dev/2.12/v/missing"
18-17274-2021-03-24,https://cdn.ca9.uscourts.gov/datastore/opinions/2021/03/24/18-17274.pdf,deepseek-ai/deepseek-v4-flash,bars_one_year_deadline_missed,,,3166,"parse: ValidationError: 11 validation errors for FeatureResult
asylum_requested
  Field required [type=missing, input_value={'type': 'json_object'}, input_type=dict]
    For further information visit https://errors.pydantic.dev/2.12/v/missing
withholding_requested
  Field required [type=missing, input_value={'type': 'json_object'}, input_type=dict]
    For further information visit https://errors.pydantic.dev/2.12/v/missing
CAT_requested
  Field required [type=missing, input_value={'type': 'json_object'}, input_type=dict]
    For further information visit https://errors.pydantic.dev/2.12/v/missing
protected_ground_political_opinion
  Field required [type=missing, input_value={'type': 'json_object'}, input_type=dict]
    For further information visit https://errors.pydantic.dev/2.12/v/missing
protected_ground_particular_social_group
  Field required [type=missing, input_value={'type': 'json_object'}, input_type=dict]
    For further information visit https://errors.pydantic.dev/2.12/v/missing
past_persecution_physical_violence
  Field required [type=missing, input_value={'type': 'json_object'}, input_type=dict]
    For further information visit https://errors.pydantic.dev/2.12/v/missing
past_persecution_death_threats
  Field required [type=missing, input_value={'type': 'json_object'}, input_type=dict]
    For further information visit https://errors.pydantic.dev/2.12/v/missing
persecutor_nongovernmental_actor
  Field required [type=missing, input_value={'type': 'json_object'}, input_type=dict]
    For further information visit https://errors.pydantic.dev/2.12/v/missing
credibility_finding
  Field required [type=missing, input_value={'type': 'json_object'}, input_type=dict]
    For further information visit https://errors.pydantic.dev/2.12/v/missing
bars_one_year_deadline_missed
  Field required [type=missing, input_value={'type': 'json_object'}, input_type=dict]
    For further information visit https://errors.pydantic.dev/2.12/v/missing
nexus_requirement_met
  Field required [type=missing, input_value={'type': 'json_object'}, input_type=dict]
    For further information visit https://errors.pydantic.dev/2.12/v/missing"
18-17274-2021-03-24,https://cdn.ca9.uscourts.gov/datastore/opinions/2021/03/24/18-17274.pdf,deepseek-ai/deepseek-v4-flash,nexus_requirement_met,,,3166,"parse: ValidationError: 11 validation errors for FeatureResult
asylum_requested
  Field required [type=missing, input_value={'type': 'json_object'}, input_type=dict]
    For further information visit https://errors.pydantic.dev/2.12/v/missing
withholding_requested
  Field required [type=missing, input_value={'type': 'json_object'}, input_type=dict]
    For further information visit https://errors.pydantic.dev/2.12/v/missing
CAT_requested
  Field required [type=missing, input_value={'type': 'json_object'}, input_type=dict]
    For further information visit https://errors.pydantic.dev/2.12/v/missing
protected_ground_political_opinion
  Field required [type=missing, input_value={'type': 'json_object'}, input_type=dict]
    For further information visit https://errors.pydantic.dev/2.12/v/missing
protected_ground_particular_social_group
  Field required [type=missing, input_value={'type': 'json_object'}, input_type=dict]
    For further information visit https://errors.pydantic.dev/2.12/v/missing
past_persecution_physical_violence
  Field required [type=missing, input_value={'type': 'json_object'}, input_type=dict]
    For further information visit https://errors.pydantic.dev/2.12/v/missing
past_persecution_death_threats
  Field required [type=missing, input_value={'type': 'json_object'}, input_type=dict]
    For further information visit https://errors.pydantic.dev/2.12/v/missing
persecutor_nongovernmental_actor
  Field required [type=missing, input_value={'type': 'json_object'}, input_type=dict]
    For further information visit https://errors.pydantic.dev/2.12/v/missing
credibility_finding
  Field required [type=missing, input_value={'type': 'json_object'}, input_type=dict]
    For further information visit https://errors.pydantic.dev/2.12/v/missing
bars_one_year_deadline_missed
  Field required [type=missing, input_value={'type': 'json_object'}, input_type=dict]
    For further information visit https://errors.pydantic.dev/2.12/v/missing
nexus_requirement_met
  Field required [type=missing, input_value={'type': 'json_object'}, input_type=dict]
    For further information visit https://errors.pydantic.dev/2.12/v/missing"
20-70127-2021-08-25,https://cdn.ca9.uscourts.gov/datastore/opinions/2021/08/25/20-70127.pdf,deepseek-ai/deepseek-v4-flash,asylum_requested,,,3606,"parse: ValidationError: 11 validation errors for FeatureResult
asylum_requested
  Field required [type=missing, input_value={'type': 'json_object'}, input_type=dict]
    For further information visit https://errors.pydantic.dev/2.12/v/missing
withholding_requested
  Field required [type=missing, input_value={'type': 'json_object'}, input_type=dict]
    For further information visit https://errors.pydantic.dev/2.12/v/missing
CAT_requested
  Field required [type=missing, input_value={'type': 'json_object'}, input_type=dict]
    For further information visit https://errors.pydantic.dev/2.12/v/missing
protected_ground_political_opinion
  Field required [type=missing, input_value={'type': 'json_object'}, input_type=dict]
    For further information visit https://errors.pydantic.dev/2.12/v/missing
protected_ground_particular_social_group
  Field required [type=missing, input_value={'type': 'json_object'}, input_type=dict]
    For further information visit https://errors.pydantic.dev/2.12/v/missing
past_persecution_physical_violence
  Field required [type=missing, input_value={'type': 'json_object'}, input_type=dict]
    For further information visit https://errors.pydantic.dev/2.12/v/missing
past_persecution_death_threats
  Field required [type=missing, input_value={'type': 'json_object'}, input_type=dict]
    For further information visit https://errors.pydantic.dev/2.12/v/missing
persecutor_nongovernmental_actor
  Field required [type=missing, input_value={'type': 'json_object'}, input_type=dict]
    For further information visit https://errors.pydantic.dev/2.12/v/missing
credibility_finding
  Field required [type=missing, input_value={'type': 'json_object'}, input_type=dict]
    For further information visit https://errors.pydantic.dev/2.12/v/missing
bars_one_year_deadline_missed
  Field required [type=missing, input_value={'type': 'json_object'}, input_type=dict]
    For further information visit https://errors.pydantic.dev/2.12/v/missing
nexus_requirement_met
  Field required [type=missing, input_value={'type': 'json_object'}, input_type=dict]
    For further information visit https://errors.pydantic.dev/2.12/v/missing"
20-70127-2021-08-25,https://cdn.ca9.uscourts.gov/datastore/opinions/2021/08/25/20-70127.pdf,deepseek-ai/deepseek-v4-flash,withholding_requested,,,3606,"parse: ValidationError: 11 validation errors for FeatureResult
asylum_requested
  Field required [type=missing, input_value={'type': 'json_object'}, input_type=dict]
    For further information visit https://errors.pydantic.dev/2.12/v/missing
withholding_requested
  Field required [type=missing, input_value={'type': 'json_object'}, input_type=dict]
    For further information visit https://errors.pydantic.dev/2.12/v/missing
CAT_requested
  Field required [type=missing, input_value={'type': 'json_object'}, input_type=dict]
    For further information visit https://errors.pydantic.dev/2.12/v/missing
protected_ground_political_opinion
  Field required [type=missing, input_value={'type': 'json_object'}, input_type=dict]
    For further information visit https://errors.pydantic.dev/2.12/v/missing
protected_ground_particular_social_group
  Field required [type=missing, input_value={'type': 'json_object'}, input_type=dict]
    For further information visit https://errors.pydantic.dev/2.12/v/missing
past_persecution_physical_violence
  Field required [type=missing, input_value={'type': 'json_object'}, input_type=dict]
    For further information visit https://errors.pydantic.dev/2.12/v/missing
past_persecution_death_threats
  Field required [type=missing, input_value={'type': 'json_object'}, input_type=dict]
    For further information visit https://errors.pydantic.dev/2.12/v/missing
persecutor_nongovernmental_actor
  Field required [type=missing, input_value={'type': 'json_object'}, input_type=dict]
    For further information visit https://errors.pydantic.dev/2.12/v/missing
credibility_finding
  Field required [type=missing, input_value={'type': 'json_object'}, input_type=dict]
    For further information visit https://errors.pydantic.dev/2.12/v/missing
bars_one_year_deadline_missed
  Field required [type=missing, input_value={'type': 'json_object'}, input_type=dict]
    For further information visit https://errors.pydantic.dev/2.12/v/missing
nexus_requirement_met
  Field required [type=missing, input_value={'type': 'json_object'}, input_type=dict]
    For further information visit https://errors.pydantic.dev/2.12/v/missing"
20-70127-2021-08-25,https://cdn.ca9.uscourts.gov/datastore/opinions/2021/08/25/20-70127.pdf,deepseek-ai/deepseek-v4-flash,CAT_requested,,,3606,"parse: ValidationError: 11 validation errors for FeatureResult
asylum_requested
  Field required [type=missing, input_value={'type': 'json_object'}, input_type=dict]
    For further information visit https://errors.pydantic.dev/2.12/v/missing
withholding_requested
  Field required [type=missing, input_value={'type': 'json_object'}, input_type=dict]
    For further information visit https://errors.pydantic.dev/2.12/v/missing
CAT_requested
  Field required [type=missing, input_value={'type': 'json_object'}, input_type=dict]
    For further information visit https://errors.pydantic.dev/2.12/v/missing
protected_ground_political_opinion
  Field required [type=missing, input_value={'type': 'json_object'}, input_type=dict]
    For further information visit https://errors.pydantic.dev/2.12/v/missing
protected_ground_particular_social_group
  Field required [type=missing, input_value={'type': 'json_object'}, input_type=dict]
    For further information visit https://errors.pydantic.dev/2.12/v/missing
past_persecution_physical_violence
  Field required [type=missing, input_value={'type': 'json_object'}, input_type=dict]
    For further information visit https://errors.pydantic.dev/2.12/v/missing
past_persecution_death_threats
  Field required [type=missing, input_value={'type': 'json_object'}, input_type=dict]
    For further information visit https://errors.pydantic.dev/2.12/v/missing
persecutor_nongovernmental_actor
  Field required [type=missing, input_value={'type': 'json_object'}, input_type=dict]
    For further information visit https://errors.pydantic.dev/2.12/v/missing
credibility_finding
  Field required [type=missing, input_value={'type': 'json_object'}, input_type=dict]
    For further information visit https://errors.pydantic.dev/2.12/v/missing
bars_one_year_deadline_missed
  Field required [type=missing, input_value={'type': 'json_object'}, input_type=dict]
    For further information visit https://errors.pydantic.dev/2.12/v/missing
nexus_requirement_met
  Field required [type=missing, input_value={'type': 'json_object'}, input_type=dict]
    For further information visit https://errors.pydantic.dev/2.12/v/missing"
20-70127-2021-08-25,https://cdn.ca9.uscourts.gov/datastore/opinions/2021/08/25/20-70127.pdf,deepseek-ai/deepseek-v4-flash,protected_ground_political_opinion,,,3606,"parse: ValidationError: 11 validation errors for FeatureResult
asylum_requested
  Field required [type=missing, input_value={'type': 'json_object'}, input_type=dict]
    For further information visit https://errors.pydantic.dev/2.12/v/missing
withholding_requested
  Field required [type=missing, input_value={'type': 'json_object'}, input_type=dict]
    For further information visit https://errors.pydantic.dev/2.12/v/missing
CAT_requested
  Field required [type=missing, input_value={'type': 'json_object'}, input_type=dict]
    For further information visit https://errors.pydantic.dev/2.12/v/missing
protected_ground_political_opinion
  Field required [type=missing, input_value={'type': 'json_object'}, input_type=dict]
    For further information visit https://errors.pydantic.dev/2.12/v/missing
protected_ground_particular_social_group
  Field required [type=missing, input_value={'type': 'json_object'}, input_type=dict]
    For further information visit https://errors.pydantic.dev/2.12/v/missing
past_persecution_physical_violence
  Field required [type=missing, input_value={'type': 'json_object'}, input_type=dict]
    For further information visit https://errors.pydantic.dev/2.12/v/missing
past_persecution_death_threats
  Field required [type=missing, input_value={'type': 'json_object'}, input_type=dict]
    For further information visit https://errors.pydantic.dev/2.12/v/missing
persecutor_nongovernmental_actor
  Field required [type=missing, input_value={'type': 'json_object'}, input_type=dict]
    For further information visit https://errors.pydantic.dev/2.12/v/missing
credibility_finding
  Field required [type=missing, input_value={'type': 'json_object'}, input_type=dict]
    For further information visit https://errors.pydantic.dev/2.12/v/missing
bars_one_year_deadline_missed
  Field required [type=missing, input_value={'type': 'json_object'}, input_type=dict]
    For further information visit https://errors.pydantic.dev/2.12/v/missing
nexus_requirement_met
  Field required [type=missing, input_value={'type': 'json_object'}, input_type=dict]
    For further information visit https://errors.pydantic.dev/2.12/v/missing"
20-70127-2021-08-25,https://cdn.ca9.uscourts.gov/datastore/opinions/2021/08/25/20-70127.pdf,deepseek-ai/deepseek-v4-flash,protected_ground_particular_social_group,,,3606,"parse: ValidationError: 11 validation errors for FeatureResult
asylum_requested
  Field required [type=missing, input_value={'type': 'json_object'}, input_type=dict]
    For further information visit https://errors.pydantic.dev/2.12/v/missing
withholding_requested
  Field required [type=missing, input_value={'type': 'json_object'}, input_type=dict]
    For further information visit https://errors.pydantic.dev/2.12/v/missing
CAT_requested
  Field required [type=missing, input_value={'type': 'json_object'}, input_type=dict]
    For further information visit https://errors.pydantic.dev/2.12/v/missing
protected_ground_political_opinion
  Field required [type=missing, input_value={'type': 'json_object'}, input_type=dict]
    For further information visit https://errors.pydantic.dev/2.12/v/missing
protected_ground_particular_social_group
  Field required [type=missing, input_value={'type': 'json_object'}, input_type=dict]
    For further information visit https://errors.pydantic.dev/2.12/v/missing
past_persecution_physical_violence
  Field required [type=missing, input_value={'type': 'json_object'}, input_type=dict]
    For further information visit https://errors.pydantic.dev/2.12/v/missing
past_persecution_death_threats
  Field required [type=missing, input_value={'type': 'json_object'}, input_type=dict]
    For further information visit https://errors.pydantic.dev/2.12/v/missing
persecutor_nongovernmental_actor
  Field required [type=missing, input_value={'type': 'json_object'}, input_type=dict]
    For further information visit https://errors.pydantic.dev/2.12/v/missing
credibility_finding
  Field required [type=missing, input_value={'type': 'json_object'}, input_type=dict]
    For further information visit https://errors.pydantic.dev/2.12/v/missing
bars_one_year_deadline_missed
  Field required [type=missing, input_value={'type': 'json_object'}, input_type=dict]
    For further information visit https://errors.pydantic.dev/2.12/v/missing
nexus_requirement_met
  Field required [type=missing, input_value={'type': 'json_object'}, input_type=dict]
    For further information visit https://errors.pydantic.dev/2.12/v/missing"
20-70127-2021-08-25,https://cdn.ca9.uscourts.gov/datastore/opinions/2021/08/25/20-70127.pdf,deepseek-ai/deepseek-v4-flash,past_persecution_physical_violence,,,3606,"parse: ValidationError: 11 validation errors for FeatureResult
asylum_requested
  Field required [type=missing, input_value={'type': 'json_object'}, input_type=dict]
    For further information visit https://errors.pydantic.dev/2.12/v/missing
withholding_requested
  Field required [type=missing, input_value={'type': 'json_object'}, input_type=dict]
    For further information visit https://errors.pydantic.dev/2.12/v/missing
CAT_requested
  Field required [type=missing, input_value={'type': 'json_object'}, input_type=dict]
    For further information visit https://errors.pydantic.dev/2.12/v/missing
protected_ground_political_opinion
  Field required [type=missing, input_value={'type': 'json_object'}, input_type=dict]
    For further information visit https://errors.pydantic.dev/2.12/v/missing
protected_ground_particular_social_group
  Field required [type=missing, input_value={'type': 'json_object'}, input_type=dict]
    For further information visit https://errors.pydantic.dev/2.12/v/missing
past_persecution_physical_violence
  Field required [type=missing, input_value={'type': 'json_object'}, input_type=dict]
    For further information visit https://errors.pydantic.dev/2.12/v/missing
past_persecution_death_threats
  Field required [type=missing, input_value={'type': 'json_object'}, input_type=dict]
    For further information visit https://errors.pydantic.dev/2.12/v/missing
persecutor_nongovernmental_actor
  Field required [type=missing, input_value={'type': 'json_object'}, input_type=dict]
    For further information visit https://errors.pydantic.dev/2.12/v/missing
credibility_finding
  Field required [type=missing, input_value={'type': 'json_object'}, input_type=dict]
    For further information visit https://errors.pydantic.dev/2.12/v/missing
bars_one_year_deadline_missed
  Field required [type=missing, input_value={'type': 'json_object'}, input_type=dict]
    For further information visit https://errors.pydantic.dev/2.12/v/missing
nexus_requirement_met
  Field required [type=missing, input_value={'type': 'json_object'}, input_type=dict]
    For further information visit https://errors.pydantic.dev/2.12/v/missing"
20-70127-2021-08-25,https://cdn.ca9.uscourts.gov/datastore/opinions/2021/08/25/20-70127.pdf,deepseek-ai/deepseek-v4-flash,past_persecution_death_threats,,,3606,"parse: ValidationError: 11 validation errors for FeatureResult
asylum_requested
  Field required [type=missing, input_value={'type': 'json_object'}, input_type=dict]
    For further information visit https://errors.pydantic.dev/2.12/v/missing
withholding_requested
  Field required [type=missing, input_value={'type': 'json_object'}, input_type=dict]
    For further information visit https://errors.pydantic.dev/2.12/v/missing
CAT_requested
  Field required [type=missing, input_value={'type': 'json_object'}, input_type=dict]
    For further information visit https://errors.pydantic.dev/2.12/v/missing
protected_ground_political_opinion
  Field required [type=missing, input_value={'type': 'json_object'}, input_type=dict]
    For further information visit https://errors.pydantic.dev/2.12/v/missing
protected_ground_particular_social_group
  Field required [type=missing, input_value={'type': 'json_object'}, input_type=dict]
    For further information visit https://errors.pydantic.dev/2.12/v/missing
past_persecution_physical_violence
  Field required [type=missing, input_value={'type': 'json_object'}, input_type=dict]
    For further information visit https://errors.pydantic.dev/2.12/v/missing
past_persecution_death_threats
  Field required [type=missing, input_value={'type': 'json_object'}, input_type=dict]
    For further information visit https://errors.pydantic.dev/2.12/v/missing
persecutor_nongovernmental_actor
  Field required [type=missing, input_value={'type': 'json_object'}, input_type=dict]
    For further information visit https://errors.pydantic.dev/2.12/v/missing
credibility_finding
  Field required [type=missing, input_value={'type': 'json_object'}, input_type=dict]
    For further information visit https://errors.pydantic.dev/2.12/v/missing
bars_one_year_deadline_missed
  Field required [type=missing, input_value={'type': 'json_object'}, input_type=dict]
    For further information visit https://errors.pydantic.dev/2.12/v/missing
nexus_requirement_met
  Field required [type=missing, input_value={'type': 'json_object'}, input_type=dict]
    For further information visit https://errors.pydantic.dev/2.12/v/missing"
20-70127-2021-08-25,https://cdn.ca9.uscourts.gov/datastore/opinions/2021/08/25/20-70127.pdf,deepseek-ai/deepseek-v4-flash,persecutor_nongovernmental_actor,,,3606,"parse: ValidationError: 11 validation errors for FeatureResult
asylum_requested
  Field required [type=missing, input_value={'type': 'json_object'}, input_type=dict]
    For further information visit https://errors.pydantic.dev/2.12/v/missing
withholding_requested
  Field required [type=missing, input_value={'type': 'json_object'}, input_type=dict]
    For further information visit https://errors.pydantic.dev/2.12/v/missing
CAT_requested
  Field required [type=missing, input_value={'type': 'json_object'}, input_type=dict]
    For further information visit https://errors.pydantic.dev/2.12/v/missing
protected_ground_political_opinion
  Field required [type=missing, input_value={'type': 'json_object'}, input_type=dict]
    For further information visit https://errors.pydantic.dev/2.12/v/missing
protected_ground_particular_social_group
  Field required [type=missing, input_value={'type': 'json_object'}, input_type=dict]
    For further information visit https://errors.pydantic.dev/2.12/v/missing
past_persecution_physical_violence
  Field required [type=missing, input_value={'type': 'json_object'}, input_type=dict]
    For further information visit https://errors.pydantic.dev/2.12/v/missing
past_persecution_death_threats
  Field required [type=missing, input_value={'type': 'json_object'}, input_type=dict]
    For further information visit https://errors.pydantic.dev/2.12/v/missing
persecutor_nongovernmental_actor
  Field required [type=missing, input_value={'type': 'json_object'}, input_type=dict]
    For further information visit https://errors.pydantic.dev/2.12/v/missing
credibility_finding
  Field required [type=missing, input_value={'type': 'json_object'}, input_type=dict]
    For further information visit https://errors.pydantic.dev/2.12/v/missing
bars_one_year_deadline_missed
  Field required [type=missing, input_value={'type': 'json_object'}, input_type=dict]
    For further information visit https://errors.pydantic.dev/2.12/v/missing
nexus_requirement_met
  Field required [type=missing, input_value={'type': 'json_object'}, input_type=dict]
    For further information visit https://errors.pydantic.dev/2.12/v/missing"
20-70127-2021-08-25,https://cdn.ca9.uscourts.gov/datastore/opinions/2021/08/25/20-70127.pdf,deepseek-ai/deepseek-v4-flash,credibility_finding,,,3606,"parse: ValidationError: 11 validation errors for FeatureResult
asylum_requested
  Field required [type=missing, input_value={'type': 'json_object'}, input_type=dict]
    For further information visit https://errors.pydantic.dev/2.12/v/missing
withholding_requested
  Field required [type=missing, input_value={'type': 'json_object'}, input_type=dict]
    For further information visit https://errors.pydantic.dev/2.12/v/missing
CAT_requested
  Field required [type=missing, input_value={'type': 'json_object'}, input_type=dict]
    For further information visit https://errors.pydantic.dev/2.12/v/missing
protected_ground_political_opinion
  Field required [type=missing, input_value={'type': 'json_object'}, input_type=dict]
    For further information visit https://errors.pydantic.dev/2.12/v/missing
protected_ground_particular_social_group
  Field required [type=missing, input_value={'type': 'json_object'}, input_type=dict]
    For further information visit https://errors.pydantic.dev/2.12/v/missing
past_persecution_physical_violence
  Field required [type=missing, input_value={'type': 'json_object'}, input_type=dict]
    For further information visit https://errors.pydantic.dev/2.12/v/missing
past_persecution_death_threats
  Field required [type=missing, input_value={'type': 'json_object'}, input_type=dict]
    For further information visit https://errors.pydantic.dev/2.12/v/missing
persecutor_nongovernmental_actor
  Field required [type=missing, input_value={'type': 'json_object'}, input_type=dict]
    For further information visit https://errors.pydantic.dev/2.12/v/missing
credibility_finding
  Field required [type=missing, input_value={'type': 'json_object'}, input_type=dict]
    For further information visit https://errors.pydantic.dev/2.12/v/missing
bars_one_year_deadline_missed
  Field required [type=missing, input_value={'type': 'json_object'}, input_type=dict]
    For further information visit https://errors.pydantic.dev/2.12/v/missing
nexus_requirement_met
  Field required [type=missing, input_value={'type': 'json_object'}, input_type=dict]
    For further information visit https://errors.pydantic.dev/2.12/v/missing"
20-70127-2021-08-25,https://cdn.ca9.uscourts.gov/datastore/opinions/2021/08/25/20-70127.pdf,deepseek-ai/deepseek-v4-flash,bars_one_year_deadline_missed,,,3606,"parse: ValidationError: 11 validation errors for FeatureResult
asylum_requested
  Field required [type=missing, input_value={'type': 'json_object'}, input_type=dict]
    For further information visit https://errors.pydantic.dev/2.12/v/missing
withholding_requested
  Field required [type=missing, input_value={'type': 'json_object'}, input_type=dict]
    For further information visit https://errors.pydantic.dev/2.12/v/missing
CAT_requested
  Field required [type=missing, input_value={'type': 'json_object'}, input_type=dict]
    For further information visit https://errors.pydantic.dev/2.12/v/missing
protected_ground_political_opinion
  Field required [type=missing, input_value={'type': 'json_object'}, input_type=dict]
    For further information visit https://errors.pydantic.dev/2.12/v/missing
protected_ground_particular_social_group
  Field required [type=missing, input_value={'type': 'json_object'}, input_type=dict]
    For further information visit https://errors.pydantic.dev/2.12/v/missing
past_persecution_physical_violence
  Field required [type=missing, input_value={'type': 'json_object'}, input_type=dict]
    For further information visit https://errors.pydantic.dev/2.12/v/missing
past_persecution_death_threats
  Field required [type=missing, input_value={'type': 'json_object'}, input_type=dict]
    For further information visit https://errors.pydantic.dev/2.12/v/missing
persecutor_nongovernmental_actor
  Field required [type=missing, input_value={'type': 'json_object'}, input_type=dict]
    For further information visit https://errors.pydantic.dev/2.12/v/missing
credibility_finding
  Field required [type=missing, input_value={'type': 'json_object'}, input_type=dict]
    For further information visit https://errors.pydantic.dev/2.12/v/missing
bars_one_year_deadline_missed
  Field required [type=missing, input_value={'type': 'json_object'}, input_type=dict]
    For further information visit https://errors.pydantic.dev/2.12/v/missing
nexus_requirement_met
  Field required [type=missing, input_value={'type': 'json_object'}, input_type=dict]
    For further information visit https://errors.pydantic.dev/2.12/v/missing"
20-70127-2021-08-25,https://cdn.ca9.uscourts.gov/datastore/opinions/2021/08/25/20-70127.pdf,deepseek-ai/deepseek-v4-flash,nexus_requirement_met,,,3606,"parse: ValidationError: 11 validation errors for FeatureResult
asylum_requested
  Field required [type=missing, input_value={'type': 'json_object'}, input_type=dict]
    For further information visit https://errors.pydantic.dev/2.12/v/missing
withholding_requested
  Field required [type=missing, input_value={'type': 'json_object'}, input_type=dict]
    For further information visit https://errors.pydantic.dev/2.12/v/missing
CAT_requested
  Field required [type=missing, input_value={'type': 'json_object'}, input_type=dict]
    For further information visit https://errors.pydantic.dev/2.12/v/missing
protected_ground_political_opinion
  Field required [type=missing, input_value={'type': 'json_object'}, input_type=dict]
    For further information visit https://errors.pydantic.dev/2.12/v/missing
protected_ground_particular_social_group
  Field required [type=missing, input_value={'type': 'json_object'}, input_type=dict]
    For further information visit https://errors.pydantic.dev/2.12/v/missing
past_persecution_physical_violence
  Field required [type=missing, input_value={'type': 'json_object'}, input_type=dict]
    For further information visit https://errors.pydantic.dev/2.12/v/missing
past_persecution_death_threats
  Field required [type=missing, input_value={'type': 'json_object'}, input_type=dict]
    For further information visit https://errors.pydantic.dev/2.12/v/missing
persecutor_nongovernmental_actor
  Field required [type=missing, input_value={'type': 'json_object'}, input_type=dict]
    For further information visit https://errors.pydantic.dev/2.12/v/missing
credibility_finding
  Field required [type=missing, input_value={'type': 'json_object'}, input_type=dict]
    For further information visit https://errors.pydantic.dev/2.12/v/missing
bars_one_year_deadline_missed
  Field required [type=missing, input_value={'type': 'json_object'}, input_type=dict]
    For further information visit https://errors.pydantic.dev/2.12/v/missing
nexus_requirement_met
  Field required [type=missing, input_value={'type': 'json_object'}, input_type=dict]
    For further information visit https://errors.pydantic.dev/2.12/v/missing"
18-17274-2020-02-28,https://cdn.ca9.uscourts.gov/datastore/opinions/2020/02/28/18-17274.pdf,deepseek-ai/deepseek-v4-flash,asylum_requested,,,3349,"parse: ValidationError: 11 validation errors for FeatureResult
asylum_requested
  Field required [type=missing, input_value={'type': 'json_object'}, input_type=dict]
    For further information visit https://errors.pydantic.dev/2.12/v/missing
withholding_requested
  Field required [type=missing, input_value={'type': 'json_object'}, input_type=dict]
    For further information visit https://errors.pydantic.dev/2.12/v/missing
CAT_requested
  Field required [type=missing, input_value={'type': 'json_object'}, input_type=dict]
    For further information visit https://errors.pydantic.dev/2.12/v/missing
protected_ground_political_opinion
  Field required [type=missing, input_value={'type': 'json_object'}, input_type=dict]
    For further information visit https://errors.pydantic.dev/2.12/v/missing
protected_ground_particular_social_group
  Field required [type=missing, input_value={'type': 'json_object'}, input_type=dict]
    For further information visit https://errors.pydantic.dev/2.12/v/missing
past_persecution_physical_violence
  Field required [type=missing, input_value={'type': 'json_object'}, input_type=dict]
    For further information visit https://errors.pydantic.dev/2.12/v/missing
past_persecution_death_threats
  Field required [type=missing, input_value={'type': 'json_object'}, input_type=dict]
    For further information visit https://errors.pydantic.dev/2.12/v/missing
persecutor_nongovernmental_actor
  Field required [type=missing, input_value={'type': 'json_object'}, input_type=dict]
    For further information visit https://errors.pydantic.dev/2.12/v/missing
credibility_finding
  Field required [type=missing, input_value={'type': 'json_object'}, input_type=dict]
    For further information visit https://errors.pydantic.dev/2.12/v/missing
bars_one_year_deadline_missed
  Field required [type=missing, input_value={'type': 'json_object'}, input_type=dict]
    For further information visit https://errors.pydantic.dev/2.12/v/missing
nexus_requirement_met
  Field required [type=missing, input_value={'type': 'json_object'}, input_type=dict]
    For further information visit https://errors.pydantic.dev/2.12/v/missing"
18-17274-2020-02-28,https://cdn.ca9.uscourts.gov/datastore/opinions/2020/02/28/18-17274.pdf,deepseek-ai/deepseek-v4-flash,withholding_requested,,,3349,"parse: ValidationError: 11 validation errors for FeatureResult
asylum_requested
  Field required [type=missing, input_value={'type': 'json_object'}, input_type=dict]
    For further information visit https://errors.pydantic.dev/2.12/v/missing
withholding_requested
  Field required [type=missing, input_value={'type': 'json_object'}, input_type=dict]
    For further information visit https://errors.pydantic.dev/2.12/v/missing
CAT_requested
  Field required [type=missing, input_value={'type': 'json_object'}, input_type=dict]
    For further information visit https://errors.pydantic.dev/2.12/v/missing
protected_ground_political_opinion
  Field required [type=missing, input_value={'type': 'json_object'}, input_type=dict]
    For further information visit https://errors.pydantic.dev/2.12/v/missing
protected_ground_particular_social_group
  Field required [type=missing, input_value={'type': 'json_object'}, input_type=dict]
    For further information visit https://errors.pydantic.dev/2.12/v/missing
past_persecution_physical_violence
  Field required [type=missing, input_value={'type': 'json_object'}, input_type=dict]
    For further information visit https://errors.pydantic.dev/2.12/v/missing
past_persecution_death_threats
  Field required [type=missing, input_value={'type': 'json_object'}, input_type=dict]
    For further information visit https://errors.pydantic.dev/2.12/v/missing
persecutor_nongovernmental_actor
  Field required [type=missing, input_value={'type': 'json_object'}, input_type=dict]
    For further information visit https://errors.pydantic.dev/2.12/v/missing
credibility_finding
  Field required [type=missing, input_value={'type': 'json_object'}, input_type=dict]
    For further information visit https://errors.pydantic.dev/2.12/v/missing
bars_one_year_deadline_missed
  Field required [type=missing, input_value={'type': 'json_object'}, input_type=dict]
    For further information visit https://errors.pydantic.dev/2.12/v/missing
nexus_requirement_met
  Field required [type=missing, input_value={'type': 'json_object'}, input_type=dict]
    For further information visit https://errors.pydantic.dev/2.12/v/missing"
18-17274-2020-02-28,https://cdn.ca9.uscourts.gov/datastore/opinions/2020/02/28/18-17274.pdf,deepseek-ai/deepseek-v4-flash,CAT_requested,,,3349,"parse: ValidationError: 11 validation errors for FeatureResult
asylum_requested
  Field required [type=missing, input_value={'type': 'json_object'}, input_type=dict]
    For further information visit https://errors.pydantic.dev/2.12/v/missing
withholding_requested
  Field required [type=missing, input_value={'type': 'json_object'}, input_type=dict]
    For further information visit https://errors.pydantic.dev/2.12/v/missing
CAT_requested
  Field required [type=missing, input_value={'type': 'json_object'}, input_type=dict]
    For further information visit https://errors.pydantic.dev/2.12/v/missing
protected_ground_political_opinion
  Field required [type=missing, input_value={'type': 'json_object'}, input_type=dict]
    For further information visit https://errors.pydantic.dev/2.12/v/missing
protected_ground_particular_social_group
  Field required [type=missing, input_value={'type': 'json_object'}, input_type=dict]
    For further information visit https://errors.pydantic.dev/2.12/v/missing
past_persecution_physical_violence
  Field required [type=missing, input_value={'type': 'json_object'}, input_type=dict]
    For further information visit https://errors.pydantic.dev/2.12/v/missing
past_persecution_death_threats
  Field required [type=missing, input_value={'type': 'json_object'}, input_type=dict]
    For further information visit https://errors.pydantic.dev/2.12/v/missing
persecutor_nongovernmental_actor
  Field required [type=missing, input_value={'type': 'json_object'}, input_type=dict]
    For further information visit https://errors.pydantic.dev/2.12/v/missing
credibility_finding
  Field required [type=missing, input_value={'type': 'json_object'}, input_type=dict]
    For further information visit https://errors.pydantic.dev/2.12/v/missing
bars_one_year_deadline_missed
  Field required [type=missing, input_value={'type': 'json_object'}, input_type=dict]
    For further information visit https://errors.pydantic.dev/2.12/v/missing
nexus_requirement_met
  Field required [type=missing, input_value={'type': 'json_object'}, input_type=dict]
    For further information visit https://errors.pydantic.dev/2.12/v/missing"
18-17274-2020-02-28,https://cdn.ca9.uscourts.gov/datastore/opinions/2020/02/28/18-17274.pdf,deepseek-ai/deepseek-v4-flash,protected_ground_political_opinion,,,3349,"parse: ValidationError: 11 validation errors for FeatureResult
asylum_requested
  Field required [type=missing, input_value={'type': 'json_object'}, input_type=dict]
    For further information visit https://errors.pydantic.dev/2.12/v/missing
withholding_requested
  Field required [type=missing, input_value={'type': 'json_object'}, input_type=dict]
    For further information visit https://errors.pydantic.dev/2.12/v/missing
CAT_requested
  Field required [type=missing, input_value={'type': 'json_object'}, input_type=dict]
    For further information visit https://errors.pydantic.dev/2.12/v/missing
protected_ground_political_opinion
  Field required [type=missing, input_value={'type': 'json_object'}, input_type=dict]
    For further information visit https://errors.pydantic.dev/2.12/v/missing
protected_ground_particular_social_group
  Field required [type=missing, input_value={'type': 'json_object'}, input_type=dict]
    For further information visit https://errors.pydantic.dev/2.12/v/missing
past_persecution_physical_violence
  Field required [type=missing, input_value={'type': 'json_object'}, input_type=dict]
    For further information visit https://errors.pydantic.dev/2.12/v/missing
past_persecution_death_threats
  Field required [type=missing, input_value={'type': 'json_object'}, input_type=dict]
    For further information visit https://errors.pydantic.dev/2.12/v/missing
persecutor_nongovernmental_actor
  Field required [type=missing, input_value={'type': 'json_object'}, input_type=dict]
    For further information visit https://errors.pydantic.dev/2.12/v/missing
credibility_finding
  Field required [type=missing, input_value={'type': 'json_object'}, input_type=dict]
    For further information visit https://errors.pydantic.dev/2.12/v/missing
bars_one_year_deadline_missed
  Field required [type=missing, input_value={'type': 'json_object'}, input_type=dict]
    For further information visit https://errors.pydantic.dev/2.12/v/missing
nexus_requirement_met
  Field required [type=missing, input_value={'type': 'json_object'}, input_type=dict]
    For further information visit https://errors.pydantic.dev/2.12/v/missing"
18-17274-2020-02-28,https://cdn.ca9.uscourts.gov/datastore/opinions/2020/02/28/18-17274.pdf,deepseek-ai/deepseek-v4-flash,protected_ground_particular_social_group,,,3349,"parse: ValidationError: 11 validation errors for FeatureResult
asylum_requested
  Field required [type=missing, input_value={'type': 'json_object'}, input_type=dict]
    For further information visit https://errors.pydantic.dev/2.12/v/missing
withholding_requested
  Field required [type=missing, input_value={'type': 'json_object'}, input_type=dict]
    For further information visit https://errors.pydantic.dev/2.12/v/missing
CAT_requested
  Field required [type=missing, input_value={'type': 'json_object'}, input_type=dict]
    For further information visit https://errors.pydantic.dev/2.12/v/missing
protected_ground_political_opinion
  Field required [type=missing, input_value={'type': 'json_object'}, input_type=dict]
    For further information visit https://errors.pydantic.dev/2.12/v/missing
protected_ground_particular_social_group
  Field required [type=missing, input_value={'type': 'json_object'}, input_type=dict]
    For further information visit https://errors.pydantic.dev/2.12/v/missing
past_persecution_physical_violence
  Field required [type=missing, input_value={'type': 'json_object'}, input_type=dict]
    For further information visit https://errors.pydantic.dev/2.12/v/missing
past_persecution_death_threats
  Field required [type=missing, input_value={'type': 'json_object'}, input_type=dict]
    For further information visit https://errors.pydantic.dev/2.12/v/missing
persecutor_nongovernmental_actor
  Field required [type=missing, input_value={'type': 'json_object'}, input_type=dict]
    For further information visit https://errors.pydantic.dev/2.12/v/missing
credibility_finding
  Field required [type=missing, input_value={'type': 'json_object'}, input_type=dict]
    For further information visit https://errors.pydantic.dev/2.12/v/missing
bars_one_year_deadline_missed
  Field required [type=missing, input_value={'type': 'json_object'}, input_type=dict]
    For further information visit https://errors.pydantic.dev/2.12/v/missing
nexus_requirement_met
  Field required [type=missing, input_value={'type': 'json_object'}, input_type=dict]
    For further information visit https://errors.pydantic.dev/2.12/v/missing"
18-17274-2020-02-28,https://cdn.ca9.uscourts.gov/datastore/opinions/2020/02/28/18-17274.pdf,deepseek-ai/deepseek-v4-flash,past_persecution_physical_violence,,,3349,"parse: ValidationError: 11 validation errors for FeatureResult
asylum_requested
  Field required [type=missing, input_value={'type': 'json_object'}, input_type=dict]
    For further information visit https://errors.pydantic.dev/2.12/v/missing
withholding_requested
  Field required [type=missing, input_value={'type': 'json_object'}, input_type=dict]
    For further information visit https://errors.pydantic.dev/2.12/v/missing
CAT_requested
  Field required [type=missing, input_value={'type': 'json_object'}, input_type=dict]
    For further information visit https://errors.pydantic.dev/2.12/v/missing
protected_ground_political_opinion
  Field required [type=missing, input_value={'type': 'json_object'}, input_type=dict]
    For further information visit https://errors.pydantic.dev/2.12/v/missing
protected_ground_particular_social_group
  Field required [type=missing, input_value={'type': 'json_object'}, input_type=dict]
    For further information visit https://errors.pydantic.dev/2.12/v/missing
past_persecution_physical_violence
  Field required [type=missing, input_value={'type': 'json_object'}, input_type=dict]
    For further information visit https://errors.pydantic.dev/2.12/v/missing
past_persecution_death_threats
  Field required [type=missing, input_value={'type': 'json_object'}, input_type=dict]
    For further information visit https://errors.pydantic.dev/2.12/v/missing
persecutor_nongovernmental_actor
  Field required [type=missing, input_value={'type': 'json_object'}, input_type=dict]
    For further information visit https://errors.pydantic.dev/2.12/v/missing
credibility_finding
  Field required [type=missing, input_value={'type': 'json_object'}, input_type=dict]
    For further information visit https://errors.pydantic.dev/2.12/v/missing
bars_one_year_deadline_missed
  Field required [type=missing, input_value={'type': 'json_object'}, input_type=dict]
    For further information visit https://errors.pydantic.dev/2.12/v/missing
nexus_requirement_met
  Field required [type=missing, input_value={'type': 'json_object'}, input_type=dict]
    For further information visit https://errors.pydantic.dev/2.12/v/missing"
18-17274-2020-02-28,https://cdn.ca9.uscourts.gov/datastore/opinions/2020/02/28/18-17274.pdf,deepseek-ai/deepseek-v4-flash,past_persecution_death_threats,,,3349,"parse: ValidationError: 11 validation errors for FeatureResult
asylum_requested
  Field required [type=missing, input_value={'type': 'json_object'}, input_type=dict]
    For further information visit https://errors.pydantic.dev/2.12/v/missing
withholding_requested
  Field required [type=missing, input_value={'type': 'json_object'}, input_type=dict]
    For further information visit https://errors.pydantic.dev/2.12/v/missing
CAT_requested
  Field required [type=missing, input_value={'type': 'json_object'}, input_type=dict]
    For further information visit https://errors.pydantic.dev/2.12/v/missing
protected_ground_political_opinion
  Field required [type=missing, input_value={'type': 'json_object'}, input_type=dict]
    For further information visit https://errors.pydantic.dev/2.12/v/missing
protected_ground_particular_social_group
  Field required [type=missing, input_value={'type': 'json_object'}, input_type=dict]
    For further information visit https://errors.pydantic.dev/2.12/v/missing
past_persecution_physical_violence
  Field required [type=missing, input_value={'type': 'json_object'}, input_type=dict]
    For further information visit https://errors.pydantic.dev/2.12/v/missing
past_persecution_death_threats
  Field required [type=missing, input_value={'type': 'json_object'}, input_type=dict]
    For further information visit https://errors.pydantic.dev/2.12/v/missing
persecutor_nongovernmental_actor
  Field required [type=missing, input_value={'type': 'json_object'}, input_type=dict]
    For further information visit https://errors.pydantic.dev/2.12/v/missing
credibility_finding
  Field required [type=missing, input_value={'type': 'json_object'}, input_type=dict]
    For further information visit https://errors.pydantic.dev/2.12/v/missing
bars_one_year_deadline_missed
  Field required [type=missing, input_value={'type': 'json_object'}, input_type=dict]
    For further information visit https://errors.pydantic.dev/2.12/v/missing
nexus_requirement_met
  Field required [type=missing, input_value={'type': 'json_object'}, input_type=dict]
    For further information visit https://errors.pydantic.dev/2.12/v/missing"
18-17274-2020-02-28,https://cdn.ca9.uscourts.gov/datastore/opinions/2020/02/28/18-17274.pdf,deepseek-ai/deepseek-v4-flash,persecutor_nongovernmental_actor,,,3349,"parse: ValidationError: 11 validation errors for FeatureResult
asylum_requested
  Field required [type=missing, input_value={'type': 'json_object'}, input_type=dict]
    For further information visit https://errors.pydantic.dev/2.12/v/missing
withholding_requested
  Field required [type=missing, input_value={'type': 'json_object'}, input_type=dict]
    For further information visit https://errors.pydantic.dev/2.12/v/missing
CAT_requested
  Field required [type=missing, input_value={'type': 'json_object'}, input_type=dict]
    For further information visit https://errors.pydantic.dev/2.12/v/missing
protected_ground_political_opinion
  Field required [type=missing, input_value={'type': 'json_object'}, input_type=dict]
    For further information visit https://errors.pydantic.dev/2.12/v/missing
protected_ground_particular_social_group
  Field required [type=missing, input_value={'type': 'json_object'}, input_type=dict]
    For further information visit https://errors.pydantic.dev/2.12/v/missing
past_persecution_physical_violence
  Field required [type=missing, input_value={'type': 'json_object'}, input_type=dict]
    For further information visit https://errors.pydantic.dev/2.12/v/missing
past_persecution_death_threats
  Field required [type=missing, input_value={'type': 'json_object'}, input_type=dict]
    For further information visit https://errors.pydantic.dev/2.12/v/missing
persecutor_nongovernmental_actor
  Field required [type=missing, input_value={'type': 'json_object'}, input_type=dict]
    For further information visit https://errors.pydantic.dev/2.12/v/missing
credibility_finding
  Field required [type=missing, input_value={'type': 'json_object'}, input_type=dict]
    For further information visit https://errors.pydantic.dev/2.12/v/missing
bars_one_year_deadline_missed
  Field required [type=missing, input_value={'type': 'json_object'}, input_type=dict]
    For further information visit https://errors.pydantic.dev/2.12/v/missing
nexus_requirement_met
  Field required [type=missing, input_value={'type': 'json_object'}, input_type=dict]
    For further information visit https://errors.pydantic.dev/2.12/v/missing"
18-17274-2020-02-28,https://cdn.ca9.uscourts.gov/datastore/opinions/2020/02/28/18-17274.pdf,deepseek-ai/deepseek-v4-flash,credibility_finding,,,3349,"parse: ValidationError: 11 validation errors for FeatureResult
asylum_requested
  Field required [type=missing, input_value={'type': 'json_object'}, input_type=dict]
    For further information visit https://errors.pydantic.dev/2.12/v/missing
withholding_requested
  Field required [type=missing, input_value={'type': 'json_object'}, input_type=dict]
    For further information visit https://errors.pydantic.dev/2.12/v/missing
CAT_requested
  Field required [type=missing, input_value={'type': 'json_object'}, input_type=dict]
    For further information visit https://errors.pydantic.dev/2.12/v/missing
protected_ground_political_opinion
  Field required [type=missing, input_value={'type': 'json_object'}, input_type=dict]
    For further information visit https://errors.pydantic.dev/2.12/v/missing
protected_ground_particular_social_group
  Field required [type=missing, input_value={'type': 'json_object'}, input_type=dict]
    For further information visit https://errors.pydantic.dev/2.12/v/missing
past_persecution_physical_violence
  Field required [type=missing, input_value={'type': 'json_object'}, input_type=dict]
    For further information visit https://errors.pydantic.dev/2.12/v/missing
past_persecution_death_threats
  Field required [type=missing, input_value={'type': 'json_object'}, input_type=dict]
    For further information visit https://errors.pydantic.dev/2.12/v/missing
persecutor_nongovernmental_actor
  Field required [type=missing, input_value={'type': 'json_object'}, input_type=dict]
    For further information visit https://errors.pydantic.dev/2.12/v/missing
credibility_finding
  Field required [type=missing, input_value={'type': 'json_object'}, input_type=dict]
    For further information visit https://errors.pydantic.dev/2.12/v/missing
bars_one_year_deadline_missed
  Field required [type=missing, input_value={'type': 'json_object'}, input_type=dict]
    For further information visit https://errors.pydantic.dev/2.12/v/missing
nexus_requirement_met
  Field required [type=missing, input_value={'type': 'json_object'}, input_type=dict]
    For further information visit https://errors.pydantic.dev/2.12/v/missing"
18-17274-2020-02-28,https://cdn.ca9.uscourts.gov/datastore/opinions/2020/02/28/18-17274.pdf,deepseek-ai/deepseek-v4-flash,bars_one_year_deadline_missed,,,3349,"parse: ValidationError: 11 validation errors for FeatureResult
asylum_requested
  Field required [type=missing, input_value={'type': 'json_object'}, input_type=dict]
    For further information visit https://errors.pydantic.dev/2.12/v/missing
withholding_requested
  Field required [type=missing, input_value={'type': 'json_object'}, input_type=dict]
    For further information visit https://errors.pydantic.dev/2.12/v/missing
CAT_requested
  Field required [type=missing, input_value={'type': 'json_object'}, input_type=dict]
    For further information visit https://errors.pydantic.dev/2.12/v/missing
protected_ground_political_opinion
  Field required [type=missing, input_value={'type': 'json_object'}, input_type=dict]
    For further information visit https://errors.pydantic.dev/2.12/v/missing
protected_ground_particular_social_group
  Field required [type=missing, input_value={'type': 'json_object'}, input_type=dict]
    For further information visit https://errors.pydantic.dev/2.12/v/missing
past_persecution_physical_violence
  Field required [type=missing, input_value={'type': 'json_object'}, input_type=dict]
    For further information visit https://errors.pydantic.dev/2.12/v/missing
past_persecution_death_threats
  Field required [type=missing, input_value={'type': 'json_object'}, input_type=dict]
    For further information visit https://errors.pydantic.dev/2.12/v/missing
persecutor_nongovernmental_actor
  Field required [type=missing, input_value={'type': 'json_object'}, input_type=dict]
    For further information visit https://errors.pydantic.dev/2.12/v/missing
credibility_finding
  Field required [type=missing, input_value={'type': 'json_object'}, input_type=dict]
    For further information visit https://errors.pydantic.dev/2.12/v/missing
bars_one_year_deadline_missed
  Field required [type=missing, input_value={'type': 'json_object'}, input_type=dict]
    For further information visit https://errors.pydantic.dev/2.12/v/missing
nexus_requirement_met
  Field required [type=missing, input_value={'type': 'json_object'}, input_type=dict]
    For further information visit https://errors.pydantic.dev/2.12/v/missing"
18-17274-2020-02-28,https://cdn.ca9.uscourts.gov/datastore/opinions/2020/02/28/18-17274.pdf,deepseek-ai/deepseek-v4-flash,nexus_requirement_met,,,3349,"parse: ValidationError: 11 validation errors for FeatureResult
asylum_requested
  Field required [type=missing, input_value={'type': 'json_object'}, input_type=dict]
    For further information visit https://errors.pydantic.dev/2.12/v/missing
withholding_requested
  Field required [type=missing, input_value={'type': 'json_object'}, input_type=dict]
    For further information visit https://errors.pydantic.dev/2.12/v/missing
CAT_requested
  Field required [type=missing, input_value={'type': 'json_object'}, input_type=dict]
    For further information visit https://errors.pydantic.dev/2.12/v/missing
protected_ground_political_opinion
  Field required [type=missing, input_value={'type': 'json_object'}, input_type=dict]
    For further information visit https://errors.pydantic.dev/2.12/v/missing
protected_ground_particular_social_group
  Field required [type=missing, input_value={'type': 'json_object'}, input_type=dict]
    For further information visit https://errors.pydantic.dev/2.12/v/missing
past_persecution_physical_violence
  Field required [type=missing, input_value={'type': 'json_object'}, input_type=dict]
    For further information visit https://errors.pydantic.dev/2.12/v/missing
past_persecution_death_threats
  Field required [type=missing, input_value={'type': 'json_object'}, input_type=dict]
    For further information visit https://errors.pydantic.dev/2.12/v/missing
persecutor_nongovernmental_actor
  Field required [type=missing, input_value={'type': 'json_object'}, input_type=dict]
    For further information visit https://errors.pydantic.dev/2.12/v/missing
credibility_finding
  Field required [type=missing, input_value={'type': 'json_object'}, input_type=dict]
    For further information visit https://errors.pydantic.dev/2.12/v/missing
bars_one_year_deadline_missed
  Field required [type=missing, input_value={'type': 'json_object'}, input_type=dict]
    For further information visit https://errors.pydantic.dev/2.12/v/missing
nexus_requirement_met
  Field required [type=missing, input_value={'type': 'json_object'}, input_type=dict]
    For further information visit https://errors.pydantic.dev/2.12/v/missing"
16-73915-2020-05-04,https://cdn.ca9.uscourts.gov/datastore/opinions/2020/05/04/16-73915.pdf,deepseek-ai/deepseek-v4-flash,asylum_requested,,,807,"parse: ValidationError: 11 validation errors for FeatureResult
asylum_requested
  Field required [type=missing, input_value={'type': 'json_object'}, input_type=dict]
    For further information visit https://errors.pydantic.dev/2.12/v/missing
withholding_requested
  Field required [type=missing, input_value={'type': 'json_object'}, input_type=dict]
    For further information visit https://errors.pydantic.dev/2.12/v/missing
CAT_requested
  Field required [type=missing, input_value={'type': 'json_object'}, input_type=dict]
    For further information visit https://errors.pydantic.dev/2.12/v/missing
protected_ground_political_opinion
  Field required [type=missing, input_value={'type': 'json_object'}, input_type=dict]
    For further information visit https://errors.pydantic.dev/2.12/v/missing
protected_ground_particular_social_group
  Field required [type=missing, input_value={'type': 'json_object'}, input_type=dict]
    For further information visit https://errors.pydantic.dev/2.12/v/missing
past_persecution_physical_violence
  Field required [type=missing, input_value={'type': 'json_object'}, input_type=dict]
    For further information visit https://errors.pydantic.dev/2.12/v/missing
past_persecution_death_threats
  Field required [type=missing, input_value={'type': 'json_object'}, input_type=dict]
    For further information visit https://errors.pydantic.dev/2.12/v/missing
persecutor_nongovernmental_actor
  Field required [type=missing, input_value={'type': 'json_object'}, input_type=dict]
    For further information visit https://errors.pydantic.dev/2.12/v/missing
credibility_finding
  Field required [type=missing, input_value={'type': 'json_object'}, input_type=dict]
    For further information visit https://errors.pydantic.dev/2.12/v/missing
bars_one_year_deadline_missed
  Field required [type=missing, input_value={'type': 'json_object'}, input_type=dict]
    For further information visit https://errors.pydantic.dev/2.12/v/missing
nexus_requirement_met
  Field required [type=missing, input_value={'type': 'json_object'}, input_type=dict]
    For further information visit https://errors.pydantic.dev/2.12/v/missing"
16-73915-2020-05-04,https://cdn.ca9.uscourts.gov/datastore/opinions/2020/05/04/16-73915.pdf,deepseek-ai/deepseek-v4-flash,withholding_requested,,,807,"parse: ValidationError: 11 validation errors for FeatureResult
asylum_requested
  Field required [type=missing, input_value={'type': 'json_object'}, input_type=dict]
    For further information visit https://errors.pydantic.dev/2.12/v/missing
withholding_requested
  Field required [type=missing, input_value={'type': 'json_object'}, input_type=dict]
    For further information visit https://errors.pydantic.dev/2.12/v/missing
CAT_requested
  Field required [type=missing, input_value={'type': 'json_object'}, input_type=dict]
    For further information visit https://errors.pydantic.dev/2.12/v/missing
protected_ground_political_opinion
  Field required [type=missing, input_value={'type': 'json_object'}, input_type=dict]
    For further information visit https://errors.pydantic.dev/2.12/v/missing
protected_ground_particular_social_group
  Field required [type=missing, input_value={'type': 'json_object'}, input_type=dict]
    For further information visit https://errors.pydantic.dev/2.12/v/missing
past_persecution_physical_violence
  Field required [type=missing, input_value={'type': 'json_object'}, input_type=dict]
    For further information visit https://errors.pydantic.dev/2.12/v/missing
past_persecution_death_threats
  Field required [type=missing, input_value={'type': 'json_object'}, input_type=dict]
    For further information visit https://errors.pydantic.dev/2.12/v/missing
persecutor_nongovernmental_actor
  Field required [type=missing, input_value={'type': 'json_object'}, input_type=dict]
    For further information visit https://errors.pydantic.dev/2.12/v/missing
credibility_finding
  Field required [type=missing, input_value={'type': 'json_object'}, input_type=dict]
    For further information visit https://errors.pydantic.dev/2.12/v/missing
bars_one_year_deadline_missed
  Field required [type=missing, input_value={'type': 'json_object'}, input_type=dict]
    For further information visit https://errors.pydantic.dev/2.12/v/missing
nexus_requirement_met
  Field required [type=missing, input_value={'type': 'json_object'}, input_type=dict]
    For further information visit https://errors.pydantic.dev/2.12/v/missing"
16-73915-2020-05-04,https://cdn.ca9.uscourts.gov/datastore/opinions/2020/05/04/16-73915.pdf,deepseek-ai/deepseek-v4-flash,CAT_requested,,,807,"parse: ValidationError: 11 validation errors for FeatureResult
asylum_requested
  Field required [type=missing, input_value={'type': 'json_object'}, input_type=dict]
    For further information visit https://errors.pydantic.dev/2.12/v/missing
withholding_requested
  Field required [type=missing, input_value={'type': 'json_object'}, input_type=dict]
    For further information visit https://errors.pydantic.dev/2.12/v/missing
CAT_requested
  Field required [type=missing, input_value={'type': 'json_object'}, input_type=dict]
    For further information visit https://errors.pydantic.dev/2.12/v/missing
protected_ground_political_opinion
  Field required [type=missing, input_value={'type': 'json_object'}, input_type=dict]
    For further information visit https://errors.pydantic.dev/2.12/v/missing
protected_ground_particular_social_group
  Field required [type=missing, input_value={'type': 'json_object'}, input_type=dict]
    For further information visit https://errors.pydantic.dev/2.12/v/missing
past_persecution_physical_violence
  Field required [type=missing, input_value={'type': 'json_object'}, input_type=dict]
    For further information visit https://errors.pydantic.dev/2.12/v/missing
past_persecution_death_threats
  Field required [type=missing, input_value={'type': 'json_object'}, input_type=dict]
    For further information visit https://errors.pydantic.dev/2.12/v/missing
persecutor_nongovernmental_actor
  Field required [type=missing, input_value={'type': 'json_object'}, input_type=dict]
    For further information visit https://errors.pydantic.dev/2.12/v/missing
credibility_finding
  Field required [type=missing, input_value={'type': 'json_object'}, input_type=dict]
    For further information visit https://errors.pydantic.dev/2.12/v/missing
bars_one_year_deadline_missed
  Field required [type=missing, input_value={'type': 'json_object'}, input_type=dict]
    For further information visit https://errors.pydantic.dev/2.12/v/missing
nexus_requirement_met
  Field required [type=missing, input_value={'type': 'json_object'}, input_type=dict]
    For further information visit https://errors.pydantic.dev/2.12/v/missing"
16-73915-2020-05-04,https://cdn.ca9.uscourts.gov/datastore/opinions/2020/05/04/16-73915.pdf,deepseek-ai/deepseek-v4-flash,protected_ground_political_opinion,,,807,"parse: ValidationError: 11 validation errors for FeatureResult
asylum_requested
  Field required [type=missing, input_value={'type': 'json_object'}, input_type=dict]
    For further information visit https://errors.pydantic.dev/2.12/v/missing
withholding_requested
  Field required [type=missing, input_value={'type': 'json_object'}, input_type=dict]
    For further information visit https://errors.pydantic.dev/2.12/v/missing
CAT_requested
  Field required [type=missing, input_value={'type': 'json_object'}, input_type=dict]
    For further information visit https://errors.pydantic.dev/2.12/v/missing
protected_ground_political_opinion
  Field required [type=missing, input_value={'type': 'json_object'}, input_type=dict]
    For further information visit https://errors.pydantic.dev/2.12/v/missing
protected_ground_particular_social_group
  Field required [type=missing, input_value={'type': 'json_object'}, input_type=dict]
    For further information visit https://errors.pydantic.dev/2.12/v/missing
past_persecution_physical_violence
  Field required [type=missing, input_value={'type': 'json_object'}, input_type=dict]
    For further information visit https://errors.pydantic.dev/2.12/v/missing
past_persecution_death_threats
  Field required [type=missing, input_value={'type': 'json_object'}, input_type=dict]
    For further information visit https://errors.pydantic.dev/2.12/v/missing
persecutor_nongovernmental_actor
  Field required [type=missing, input_value={'type': 'json_object'}, input_type=dict]
    For further information visit https://errors.pydantic.dev/2.12/v/missing
credibility_finding
  Field required [type=missing, input_value={'type': 'json_object'}, input_type=dict]
    For further information visit https://errors.pydantic.dev/2.12/v/missing
bars_one_year_deadline_missed
  Field required [type=missing, input_value={'type': 'json_object'}, input_type=dict]
    For further information visit https://errors.pydantic.dev/2.12/v/missing
nexus_requirement_met
  Field required [type=missing, input_value={'type': 'json_object'}, input_type=dict]
    For further information visit https://errors.pydantic.dev/2.12/v/missing"
16-73915-2020-05-04,https://cdn.ca9.uscourts.gov/datastore/opinions/2020/05/04/16-73915.pdf,deepseek-ai/deepseek-v4-flash,protected_ground_particular_social_group,,,807,"parse: ValidationError: 11 validation errors for FeatureResult
asylum_requested
  Field required [type=missing, input_value={'type': 'json_object'}, input_type=dict]
    For further information visit https://errors.pydantic.dev/2.12/v/missing
withholding_requested
  Field required [type=missing, input_value={'type': 'json_object'}, input_type=dict]
    For further information visit https://errors.pydantic.dev/2.12/v/missing
CAT_requested
  Field required [type=missing, input_value={'type': 'json_object'}, input_type=dict]
    For further information visit https://errors.pydantic.dev/2.12/v/missing
protected_ground_political_opinion
  Field required [type=missing, input_value={'type': 'json_object'}, input_type=dict]
    For further information visit https://errors.pydantic.dev/2.12/v/missing
protected_ground_particular_social_group
  Field required [type=missing, input_value={'type': 'json_object'}, input_type=dict]
    For further information visit https://errors.pydantic.dev/2.12/v/missing
past_persecution_physical_violence
  Field required [type=missing, input_value={'type': 'json_object'}, input_type=dict]
    For further information visit https://errors.pydantic.dev/2.12/v/missing
past_persecution_death_threats
  Field required [type=missing, input_value={'type': 'json_object'}, input_type=dict]
    For further information visit https://errors.pydantic.dev/2.12/v/missing
persecutor_nongovernmental_actor
  Field required [type=missing, input_value={'type': 'json_object'}, input_type=dict]
    For further information visit https://errors.pydantic.dev/2.12/v/missing
credibility_finding
  Field required [type=missing, input_value={'type': 'json_object'}, input_type=dict]
    For further information visit https://errors.pydantic.dev/2.12/v/missing
bars_one_year_deadline_missed
  Field required [type=missing, input_value={'type': 'json_object'}, input_type=dict]
    For further information visit https://errors.pydantic.dev/2.12/v/missing
nexus_requirement_met
  Field required [type=missing, input_value={'type': 'json_object'}, input_type=dict]
    For further information visit https://errors.pydantic.dev/2.12/v/missing"
16-73915-2020-05-04,https://cdn.ca9.uscourts.gov/datastore/opinions/2020/05/04/16-73915.pdf,deepseek-ai/deepseek-v4-flash,past_persecution_physical_violence,,,807,"parse: ValidationError: 11 validation errors for FeatureResult
asylum_requested
  Field required [type=missing, input_value={'type': 'json_object'}, input_type=dict]
    For further information visit https://errors.pydantic.dev/2.12/v/missing
withholding_requested
  Field required [type=missing, input_value={'type': 'json_object'}, input_type=dict]
    For further information visit https://errors.pydantic.dev/2.12/v/missing
CAT_requested
  Field required [type=missing, input_value={'type': 'json_object'}, input_type=dict]
    For further information visit https://errors.pydantic.dev/2.12/v/missing
protected_ground_political_opinion
  Field required [type=missing, input_value={'type': 'json_object'}, input_type=dict]
    For further information visit https://errors.pydantic.dev/2.12/v/missing
protected_ground_particular_social_group
  Field required [type=missing, input_value={'type': 'json_object'}, input_type=dict]
    For further information visit https://errors.pydantic.dev/2.12/v/missing
past_persecution_physical_violence
  Field required [type=missing, input_value={'type': 'json_object'}, input_type=dict]
    For further information visit https://errors.pydantic.dev/2.12/v/missing
past_persecution_death_threats
  Field required [type=missing, input_value={'type': 'json_object'}, input_type=dict]
    For further information visit https://errors.pydantic.dev/2.12/v/missing
persecutor_nongovernmental_actor
  Field required [type=missing, input_value={'type': 'json_object'}, input_type=dict]
    For further information visit https://errors.pydantic.dev/2.12/v/missing
credibility_finding
  Field required [type=missing, input_value={'type': 'json_object'}, input_type=dict]
    For further information visit https://errors.pydantic.dev/2.12/v/missing
bars_one_year_deadline_missed
  Field required [type=missing, input_value={'type': 'json_object'}, input_type=dict]
    For further information visit https://errors.pydantic.dev/2.12/v/missing
nexus_requirement_met
  Field required [type=missing, input_value={'type': 'json_object'}, input_type=dict]
    For further information visit https://errors.pydantic.dev/2.12/v/missing"
16-73915-2020-05-04,https://cdn.ca9.uscourts.gov/datastore/opinions/2020/05/04/16-73915.pdf,deepseek-ai/deepseek-v4-flash,past_persecution_death_threats,,,807,"parse: ValidationError: 11 validation errors for FeatureResult
asylum_requested
  Field required [type=missing, input_value={'type': 'json_object'}, input_type=dict]
    For further information visit https://errors.pydantic.dev/2.12/v/missing
withholding_requested
  Field required [type=missing, input_value={'type': 'json_object'}, input_type=dict]
    For further information visit https://errors.pydantic.dev/2.12/v/missing
CAT_requested
  Field required [type=missing, input_value={'type': 'json_object'}, input_type=dict]
    For further information visit https://errors.pydantic.dev/2.12/v/missing
protected_ground_political_opinion
  Field required [type=missing, input_value={'type': 'json_object'}, input_type=dict]
    For further information visit https://errors.pydantic.dev/2.12/v/missing
protected_ground_particular_social_group
  Field required [type=missing, input_value={'type': 'json_object'}, input_type=dict]
    For further information visit https://errors.pydantic.dev/2.12/v/missing
past_persecution_physical_violence
  Field required [type=missing, input_value={'type': 'json_object'}, input_type=dict]
    For further information visit https://errors.pydantic.dev/2.12/v/missing
past_persecution_death_threats
  Field required [type=missing, input_value={'type': 'json_object'}, input_type=dict]
    For further information visit https://errors.pydantic.dev/2.12/v/missing
persecutor_nongovernmental_actor
  Field required [type=missing, input_value={'type': 'json_object'}, input_type=dict]
    For further information visit https://errors.pydantic.dev/2.12/v/missing
credibility_finding
  Field required [type=missing, input_value={'type': 'json_object'}, input_type=dict]
    For further information visit https://errors.pydantic.dev/2.12/v/missing
bars_one_year_deadline_missed
  Field required [type=missing, input_value={'type': 'json_object'}, input_type=dict]
    For further information visit https://errors.pydantic.dev/2.12/v/missing
nexus_requirement_met
  Field required [type=missing, input_value={'type': 'json_object'}, input_type=dict]
    For further information visit https://errors.pydantic.dev/2.12/v/missing"
16-73915-2020-05-04,https://cdn.ca9.uscourts.gov/datastore/opinions/2020/05/04/16-73915.pdf,deepseek-ai/deepseek-v4-flash,persecutor_nongovernmental_actor,,,807,"parse: ValidationError: 11 validation errors for FeatureResult
asylum_requested
  Field required [type=missing, input_value={'type': 'json_object'}, input_type=dict]
    For further information visit https://errors.pydantic.dev/2.12/v/missing
withholding_requested
  Field required [type=missing, input_value={'type': 'json_object'}, input_type=dict]
    For further information visit https://errors.pydantic.dev/2.12/v/missing
CAT_requested
  Field required [type=missing, input_value={'type': 'json_object'}, input_type=dict]
    For further information visit https://errors.pydantic.dev/2.12/v/missing
protected_ground_political_opinion
  Field required [type=missing, input_value={'type': 'json_object'}, input_type=dict]
    For further information visit https://errors.pydantic.dev/2.12/v/missing
protected_ground_particular_social_group
  Field required [type=missing, input_value={'type': 'json_object'}, input_type=dict]
    For further information visit https://errors.pydantic.dev/2.12/v/missing
past_persecution_physical_violence
  Field required [type=missing, input_value={'type': 'json_object'}, input_type=dict]
    For further information visit https://errors.pydantic.dev/2.12/v/missing
past_persecution_death_threats
  Field required [type=missing, input_value={'type': 'json_object'}, input_type=dict]
    For further information visit https://errors.pydantic.dev/2.12/v/missing
persecutor_nongovernmental_actor
  Field required [type=missing, input_value={'type': 'json_object'}, input_type=dict]
    For further information visit https://errors.pydantic.dev/2.12/v/missing
credibility_finding
  Field required [type=missing, input_value={'type': 'json_object'}, input_type=dict]
    For further information visit https://errors.pydantic.dev/2.12/v/missing
bars_one_year_deadline_missed
  Field required [type=missing, input_value={'type': 'json_object'}, input_type=dict]
    For further information visit https://errors.pydantic.dev/2.12/v/missing
nexus_requirement_met
  Field required [type=missing, input_value={'type': 'json_object'}, input_type=dict]
    For further information visit https://errors.pydantic.dev/2.12/v/missing"
16-73915-2020-05-04,https://cdn.ca9.uscourts.gov/datastore/opinions/2020/05/04/16-73915.pdf,deepseek-ai/deepseek-v4-flash,credibility_finding,,,807,"parse: ValidationError: 11 validation errors for FeatureResult
asylum_requested
  Field required [type=missing, input_value={'type': 'json_object'}, input_type=dict]
    For further information visit https://errors.pydantic.dev/2.12/v/missing
withholding_requested
  Field required [type=missing, input_value={'type': 'json_object'}, input_type=dict]
    For further information visit https://errors.pydantic.dev/2.12/v/missing
CAT_requested
  Field required [type=missing, input_value={'type': 'json_object'}, input_type=dict]
    For further information visit https://errors.pydantic.dev/2.12/v/missing
protected_ground_political_opinion
  Field required [type=missing, input_value={'type': 'json_object'}, input_type=dict]
    For further information visit https://errors.pydantic.dev/2.12/v/missing
protected_ground_particular_social_group
  Field required [type=missing, input_value={'type': 'json_object'}, input_type=dict]
    For further information visit https://errors.pydantic.dev/2.12/v/missing
past_persecution_physical_violence
  Field required [type=missing, input_value={'type': 'json_object'}, input_type=dict]
    For further information visit https://errors.pydantic.dev/2.12/v/missing
past_persecution_death_threats
  Field required [type=missing, input_value={'type': 'json_object'}, input_type=dict]
    For further information visit https://errors.pydantic.dev/2.12/v/missing
persecutor_nongovernmental_actor
  Field required [type=missing, input_value={'type': 'json_object'}, input_type=dict]
    For further information visit https://errors.pydantic.dev/2.12/v/missing
credibility_finding
  Field required [type=missing, input_value={'type': 'json_object'}, input_type=dict]
    For further information visit https://errors.pydantic.dev/2.12/v/missing
bars_one_year_deadline_missed
  Field required [type=missing, input_value={'type': 'json_object'}, input_type=dict]
    For further information visit https://errors.pydantic.dev/2.12/v/missing
nexus_requirement_met
  Field required [type=missing, input_value={'type': 'json_object'}, input_type=dict]
    For further information visit https://errors.pydantic.dev/2.12/v/missing"
16-73915-2020-05-04,https://cdn.ca9.uscourts.gov/datastore/opinions/2020/05/04/16-73915.pdf,deepseek-ai/deepseek-v4-flash,bars_one_year_deadline_missed,,,807,"parse: ValidationError: 11 validation errors for FeatureResult
asylum_requested
  Field required [type=missing, input_value={'type': 'json_object'}, input_type=dict]
    For further information visit https://errors.pydantic.dev/2.12/v/missing
withholding_requested
  Field required [type=missing, input_value={'type': 'json_object'}, input_type=dict]
    For further information visit https://errors.pydantic.dev/2.12/v/missing
CAT_requested
  Field required [type=missing, input_value={'type': 'json_object'}, input_type=dict]
    For further information visit https://errors.pydantic.dev/2.12/v/missing
protected_ground_political_opinion
  Field required [type=missing, input_value={'type': 'json_object'}, input_type=dict]
    For further information visit https://errors.pydantic.dev/2.12/v/missing
protected_ground_particular_social_group
  Field required [type=missing, input_value={'type': 'json_object'}, input_type=dict]
    For further information visit https://errors.pydantic.dev/2.12/v/missing
past_persecution_physical_violence
  Field required [type=missing, input_value={'type': 'json_object'}, input_type=dict]
    For further information visit https://errors.pydantic.dev/2.12/v/missing
past_persecution_death_threats
  Field required [type=missing, input_value={'type': 'json_object'}, input_type=dict]
    For further information visit https://errors.pydantic.dev/2.12/v/missing
persecutor_nongovernmental_actor
  Field required [type=missing, input_value={'type': 'json_object'}, input_type=dict]
    For further information visit https://errors.pydantic.dev/2.12/v/missing
credibility_finding
  Field required [type=missing, input_value={'type': 'json_object'}, input_type=dict]
    For further information visit https://errors.pydantic.dev/2.12/v/missing
bars_one_year_deadline_missed
  Field required [type=missing, input_value={'type': 'json_object'}, input_type=dict]
    For further information visit https://errors.pydantic.dev/2.12/v/missing
nexus_requirement_met
  Field required [type=missing, input_value={'type': 'json_object'}, input_type=dict]
    For further information visit https://errors.pydantic.dev/2.12/v/missing"
16-73915-2020-05-04,https://cdn.ca9.uscourts.gov/datastore/opinions/2020/05/04/16-73915.pdf,deepseek-ai/deepseek-v4-flash,nexus_requirement_met,,,807,"parse: ValidationError: 11 validation errors for FeatureResult
asylum_requested
  Field required [type=missing, input_value={'type': 'json_object'}, input_type=dict]
    For further information visit https://errors.pydantic.dev/2.12/v/missing
withholding_requested
  Field required [type=missing, input_value={'type': 'json_object'}, input_type=dict]
    For further information visit https://errors.pydantic.dev/2.12/v/missing
CAT_requested
  Field required [type=missing, input_value={'type': 'json_object'}, input_type=dict]
    For further information visit https://errors.pydantic.dev/2.12/v/missing
protected_ground_political_opinion
  Field required [type=missing, input_value={'type': 'json_object'}, input_type=dict]
    For further information visit https://errors.pydantic.dev/2.12/v/missing
protected_ground_particular_social_group
  Field required [type=missing, input_value={'type': 'json_object'}, input_type=dict]
    For further information visit https://errors.pydantic.dev/2.12/v/missing
past_persecution_physical_violence
  Field required [type=missing, input_value={'type': 'json_object'}, input_type=dict]
    For further information visit https://errors.pydantic.dev/2.12/v/missing
past_persecution_death_threats
  Field required [type=missing, input_value={'type': 'json_object'}, input_type=dict]
    For further information visit https://errors.pydantic.dev/2.12/v/missing
persecutor_nongovernmental_actor
  Field required [type=missing, input_value={'type': 'json_object'}, input_type=dict]
    For further information visit https://errors.pydantic.dev/2.12/v/missing
credibility_finding
  Field required [type=missing, input_value={'type': 'json_object'}, input_type=dict]
    For further information visit https://errors.pydantic.dev/2.12/v/missing
bars_one_year_deadline_missed
  Field required [type=missing, input_value={'type': 'json_object'}, input_type=dict]
    For further information visit https://errors.pydantic.dev/2.12/v/missing
nexus_requirement_met
  Field required [type=missing, input_value={'type': 'json_object'}, input_type=dict]
    For further information visit https://errors.pydantic.dev/2.12/v/missing"
20-70397-2022-08-12,https://cdn.ca9.uscourts.gov/datastore/memoranda/2022/08/12/20-70397.pdf,deepseek-ai/deepseek-v4-flash,asylum_requested,False,Not mentioned in the opinion.,80603,
20-70397-2022-08-12,https://cdn.ca9.uscourts.gov/datastore/memoranda/2022/08/12/20-70397.pdf,deepseek-ai/deepseek-v4-flash,withholding_requested,True,"Brenda Bernice Ramirez-Cordova, a citizen of Mexico, seeks review of a Board of Immigration Appeals decision dismissing an appeal from an Immigration Judge (IJ) order denying withholding of removal and Convention Against Torture (CAT) relief.",80603,
20-70397-2022-08-12,https://cdn.ca9.uscourts.gov/datastore/memoranda/2022/08/12/20-70397.pdf,deepseek-ai/deepseek-v4-flash,CAT_requested,True,"Brenda Bernice Ramirez-Cordova, a citizen of Mexico, seeks review of a Board of Immigration Appeals decision dismissing an appeal from an Immigration Judge (IJ) order denying withholding of removal and Convention Against Torture (CAT) relief.",80603,
20-70397-2022-08-12,https://cdn.ca9.uscourts.gov/datastore/memoranda/2022/08/12/20-70397.pdf,deepseek-ai/deepseek-v4-flash,protected_ground_political_opinion,False,Not mentioned in the opinion.,80603,
20-70397-2022-08-12,https://cdn.ca9.uscourts.gov/datastore/memoranda/2022/08/12/20-70397.pdf,deepseek-ai/deepseek-v4-flash,protected_ground_particular_social_group,True,"The IJ found that Ramirez-Cordova failed to establish a nexus between the harm she fears and her membership in a protected group (i.e., the family unit).",80603,
20-70397-2022-08-12,https://cdn.ca9.uscourts.gov/datastore/memoranda/2022/08/12/20-70397.pdf,deepseek-ai/deepseek-v4-flash,past_persecution_physical_violence,False,Not mentioned in the opinion.,80603,
20-70397-2022-08-12,https://cdn.ca9.uscourts.gov/datastore/memoranda/2022/08/12/20-70397.pdf,deepseek-ai/deepseek-v4-flash,past_persecution_death_threats,True,"Ramirez-Cordova contends that she suffered past persecution based on her brother's former bosses asking her 15 or 20 times where he was and threatening to kill her if he did not show up, but she testified that she never suffered any physical harm in Mexico.",80603,
20-70397-2022-08-12,https://cdn.ca9.uscourts.gov/datastore/memoranda/2022/08/12/20-70397.pdf,deepseek-ai/deepseek-v4-flash,persecutor_nongovernmental_actor,True,"Ramirez-Cordova contends that she suffered past persecution based on her brother's former bosses asking her 15 or 20 times where he was and threatening to kill her if he did not show up, but she testified that she never suffered any physical harm in Mexico.",80603,
20-70397-2022-08-12,https://cdn.ca9.uscourts.gov/datastore/memoranda/2022/08/12/20-70397.pdf,deepseek-ai/deepseek-v4-flash,credibility_finding,True,The IJ determined that her testimony was imprecise and further found that she and her mother allowing these encounters to happen 15 or 20 times before moving away undercut any claim of persecution.,80603,
20-70397-2022-08-12,https://cdn.ca9.uscourts.gov/datastore/memoranda/2022/08/12/20-70397.pdf,deepseek-ai/deepseek-v4-flash,bars_one_year_deadline_missed,False,Not mentioned in the opinion.,80603,
20-70397-2022-08-12,https://cdn.ca9.uscourts.gov/datastore/memoranda/2022/08/12/20-70397.pdf,deepseek-ai/deepseek-v4-flash,nexus_requirement_met,False,"The IJ found that Ramirez-Cordova failed to establish a nexus between the harm she fears and her membership in a protected group (i.e., the family unit).",80603,
17-73156-2023-01-17,https://cdn.ca9.uscourts.gov/datastore/memoranda/2023/01/17/17-73156.pdf,deepseek-ai/deepseek-v4-flash,asylum_requested,True,"Petitioners ... petition for review of a Board of Immigration Appeals (BIA) decision dismissing their appeal from an order of an immigration judge (IJ) denying their applications for asylum, withholding of removal, and relief under the Immigration and Nationality Act and the Convention Against Torture (CAT).",81311,
17-73156-2023-01-17,https://cdn.ca9.uscourts.gov/datastore/memoranda/2023/01/17/17-73156.pdf,deepseek-ai/deepseek-v4-flash,withholding_requested,True,"Petitioners ... petition for review of a Board of Immigration Appeals (BIA) decision dismissing their appeal from an order of an immigration judge (IJ) denying their applications for asylum, withholding of removal, and relief under the Immigration and Nationality Act and the Convention Against Torture (CAT).",81311,
17-73156-2023-01-17,https://cdn.ca9.uscourts.gov/datastore/memoranda/2023/01/17/17-73156.pdf,deepseek-ai/deepseek-v4-flash,CAT_requested,True,"Petitioners ... petition for review of a Board of Immigration Appeals (BIA) decision dismissing their appeal from an order of an immigration judge (IJ) denying their applications for asylum, withholding of removal, and relief under the Immigration and Nationality Act and the Convention Against Torture (CAT).",81311,
17-73156-2023-01-17,https://cdn.ca9.uscourts.gov/datastore/memoranda/2023/01/17/17-73156.pdf,deepseek-ai/deepseek-v4-flash,protected_ground_political_opinion,False,Not mentioned in the opinion.,81311,
17-73156-2023-01-17,https://cdn.ca9.uscourts.gov/datastore/memoranda/2023/01/17/17-73156.pdf,deepseek-ai/deepseek-v4-flash,protected_ground_particular_social_group,False,Not mentioned in the opinion.,81311,
17-73156-2023-01-17,https://cdn.ca9.uscourts.gov/datastore/memoranda/2023/01/17/17-73156.pdf,deepseek-ai/deepseek-v4-flash,past_persecution_physical_violence,False,Not mentioned in the opinion.,81311,
17-73156-2023-01-17,https://cdn.ca9.uscourts.gov/datastore/memoranda/2023/01/17/17-73156.pdf,deepseek-ai/deepseek-v4-flash,past_persecution_death_threats,True,Guzman-Hernandez argues that she experienced past persecution because she was the victim of death threats by gang members.,81311,
17-73156-2023-01-17,https://cdn.ca9.uscourts.gov/datastore/memoranda/2023/01/17/17-73156.pdf,deepseek-ai/deepseek-v4-flash,persecutor_nongovernmental_actor,True,Guzman-Hernandez argues that she experienced past persecution because she was the victim of death threats by gang members.,81311,
17-73156-2023-01-17,https://cdn.ca9.uscourts.gov/datastore/memoranda/2023/01/17/17-73156.pdf,deepseek-ai/deepseek-v4-flash,credibility_finding,False,Not mentioned in the opinion.,81311,
17-73156-2023-01-17,https://cdn.ca9.uscourts.gov/datastore/memoranda/2023/01/17/17-73156.pdf,deepseek-ai/deepseek-v4-flash,bars_one_year_deadline_missed,False,Not mentioned in the opinion.,81311,
17-73156-2023-01-17,https://cdn.ca9.uscourts.gov/datastore/memoranda/2023/01/17/17-73156.pdf,deepseek-ai/deepseek-v4-flash,nexus_requirement_met,False,Not mentioned in the opinion.,81311,
24-5221-2026-05-04,https://cdn.ca9.uscourts.gov/datastore/memoranda/2026/05/04/24-5221.pdf,deepseek-ai/deepseek-v4-flash,asylum_requested,,,2923,"parse: ValidationError: 11 validation errors for FeatureResult
asylum_requested
  Field required [type=missing, input_value={'type': 'json_object'}, input_type=dict]
    For further information visit https://errors.pydantic.dev/2.12/v/missing
withholding_requested
  Field required [type=missing, input_value={'type': 'json_object'}, input_type=dict]
    For further information visit https://errors.pydantic.dev/2.12/v/missing
CAT_requested
  Field required [type=missing, input_value={'type': 'json_object'}, input_type=dict]
    For further information visit https://errors.pydantic.dev/2.12/v/missing
protected_ground_political_opinion
  Field required [type=missing, input_value={'type': 'json_object'}, input_type=dict]
    For further information visit https://errors.pydantic.dev/2.12/v/missing
protected_ground_particular_social_group
  Field required [type=missing, input_value={'type': 'json_object'}, input_type=dict]
    For further information visit https://errors.pydantic.dev/2.12/v/missing
past_persecution_physical_violence
  Field required [type=missing, input_value={'type': 'json_object'}, input_type=dict]
    For further information visit https://errors.pydantic.dev/2.12/v/missing
past_persecution_death_threats
  Field required [type=missing, input_value={'type': 'json_object'}, input_type=dict]
    For further information visit https://errors.pydantic.dev/2.12/v/missing
persecutor_nongovernmental_actor
  Field required [type=missing, input_value={'type': 'json_object'}, input_type=dict]
    For further information visit https://errors.pydantic.dev/2.12/v/missing
credibility_finding
  Field required [type=missing, input_value={'type': 'json_object'}, input_type=dict]
    For further information visit https://errors.pydantic.dev/2.12/v/missing
bars_one_year_deadline_missed
  Field required [type=missing, input_value={'type': 'json_object'}, input_type=dict]
    For further information visit https://errors.pydantic.dev/2.12/v/missing
nexus_requirement_met
  Field required [type=missing, input_value={'type': 'json_object'}, input_type=dict]
    For further information visit https://errors.pydantic.dev/2.12/v/missing"
24-5221-2026-05-04,https://cdn.ca9.uscourts.gov/datastore/memoranda/2026/05/04/24-5221.pdf,deepseek-ai/deepseek-v4-flash,withholding_requested,,,2923,"parse: ValidationError: 11 validation errors for FeatureResult
asylum_requested
  Field required [type=missing, input_value={'type': 'json_object'}, input_type=dict]
    For further information visit https://errors.pydantic.dev/2.12/v/missing
withholding_requested
  Field required [type=missing, input_value={'type': 'json_object'}, input_type=dict]
    For further information visit https://errors.pydantic.dev/2.12/v/missing
CAT_requested
  Field required [type=missing, input_value={'type': 'json_object'}, input_type=dict]
    For further information visit https://errors.pydantic.dev/2.12/v/missing
protected_ground_political_opinion
  Field required [type=missing, input_value={'type': 'json_object'}, input_type=dict]
    For further information visit https://errors.pydantic.dev/2.12/v/missing
protected_ground_particular_social_group
  Field required [type=missing, input_value={'type': 'json_object'}, input_type=dict]
    For further information visit https://errors.pydantic.dev/2.12/v/missing
past_persecution_physical_violence
  Field required [type=missing, input_value={'type': 'json_object'}, input_type=dict]
    For further information visit https://errors.pydantic.dev/2.12/v/missing
past_persecution_death_threats
  Field required [type=missing, input_value={'type': 'json_object'}, input_type=dict]
    For further information visit https://errors.pydantic.dev/2.12/v/missing
persecutor_nongovernmental_actor
  Field required [type=missing, input_value={'type': 'json_object'}, input_type=dict]
    For further information visit https://errors.pydantic.dev/2.12/v/missing
credibility_finding
  Field required [type=missing, input_value={'type': 'json_object'}, input_type=dict]
    For further information visit https://errors.pydantic.dev/2.12/v/missing
bars_one_year_deadline_missed
  Field required [type=missing, input_value={'type': 'json_object'}, input_type=dict]
    For further information visit https://errors.pydantic.dev/2.12/v/missing
nexus_requirement_met
  Field required [type=missing, input_value={'type': 'json_object'}, input_type=dict]
    For further information visit https://errors.pydantic.dev/2.12/v/missing"
24-5221-2026-05-04,https://cdn.ca9.uscourts.gov/datastore/memoranda/2026/05/04/24-5221.pdf,deepseek-ai/deepseek-v4-flash,CAT_requested,,,2923,"parse: ValidationError: 11 validation errors for FeatureResult
asylum_requested
  Field required [type=missing, input_value={'type': 'json_object'}, input_type=dict]
    For further information visit https://errors.pydantic.dev/2.12/v/missing
withholding_requested
  Field required [type=missing, input_value={'type': 'json_object'}, input_type=dict]
    For further information visit https://errors.pydantic.dev/2.12/v/missing
CAT_requested
  Field required [type=missing, input_value={'type': 'json_object'}, input_type=dict]
    For further information visit https://errors.pydantic.dev/2.12/v/missing
protected_ground_political_opinion
  Field required [type=missing, input_value={'type': 'json_object'}, input_type=dict]
    For further information visit https://errors.pydantic.dev/2.12/v/missing
protected_ground_particular_social_group
  Field required [type=missing, input_value={'type': 'json_object'}, input_type=dict]
    For further information visit https://errors.pydantic.dev/2.12/v/missing
past_persecution_physical_violence
  Field required [type=missing, input_value={'type': 'json_object'}, input_type=dict]
    For further information visit https://errors.pydantic.dev/2.12/v/missing
past_persecution_death_threats
  Field required [type=missing, input_value={'type': 'json_object'}, input_type=dict]
    For further information visit https://errors.pydantic.dev/2.12/v/missing
persecutor_nongovernmental_actor
  Field required [type=missing, input_value={'type': 'json_object'}, input_type=dict]
    For further information visit https://errors.pydantic.dev/2.12/v/missing
credibility_finding
  Field required [type=missing, input_value={'type': 'json_object'}, input_type=dict]
    For further information visit https://errors.pydantic.dev/2.12/v/missing
bars_one_year_deadline_missed
  Field required [type=missing, input_value={'type': 'json_object'}, input_type=dict]
    For further information visit https://errors.pydantic.dev/2.12/v/missing
nexus_requirement_met
  Field required [type=missing, input_value={'type': 'json_object'}, input_type=dict]
    For further information visit https://errors.pydantic.dev/2.12/v/missing"
24-5221-2026-05-04,https://cdn.ca9.uscourts.gov/datastore/memoranda/2026/05/04/24-5221.pdf,deepseek-ai/deepseek-v4-flash,protected_ground_political_opinion,,,2923,"parse: ValidationError: 11 validation errors for FeatureResult
asylum_requested
  Field required [type=missing, input_value={'type': 'json_object'}, input_type=dict]
    For further information visit https://errors.pydantic.dev/2.12/v/missing
withholding_requested
  Field required [type=missing, input_value={'type': 'json_object'}, input_type=dict]
    For further information visit https://errors.pydantic.dev/2.12/v/missing
CAT_requested
  Field required [type=missing, input_value={'type': 'json_object'}, input_type=dict]
    For further information visit https://errors.pydantic.dev/2.12/v/missing
protected_ground_political_opinion
  Field required [type=missing, input_value={'type': 'json_object'}, input_type=dict]
    For further information visit https://errors.pydantic.dev/2.12/v/missing
protected_ground_particular_social_group
  Field required [type=missing, input_value={'type': 'json_object'}, input_type=dict]
    For further information visit https://errors.pydantic.dev/2.12/v/missing
past_persecution_physical_violence
  Field required [type=missing, input_value={'type': 'json_object'}, input_type=dict]
    For further information visit https://errors.pydantic.dev/2.12/v/missing
past_persecution_death_threats
  Field required [type=missing, input_value={'type': 'json_object'}, input_type=dict]
    For further information visit https://errors.pydantic.dev/2.12/v/missing
persecutor_nongovernmental_actor
  Field required [type=missing, input_value={'type': 'json_object'}, input_type=dict]
    For further information visit https://errors.pydantic.dev/2.12/v/missing
credibility_finding
  Field required [type=missing, input_value={'type': 'json_object'}, input_type=dict]
    For further information visit https://errors.pydantic.dev/2.12/v/missing
bars_one_year_deadline_missed
  Field required [type=missing, input_value={'type': 'json_object'}, input_type=dict]
    For further information visit https://errors.pydantic.dev/2.12/v/missing
nexus_requirement_met
  Field required [type=missing, input_value={'type': 'json_object'}, input_type=dict]
    For further information visit https://errors.pydantic.dev/2.12/v/missing"
24-5221-2026-05-04,https://cdn.ca9.uscourts.gov/datastore/memoranda/2026/05/04/24-5221.pdf,deepseek-ai/deepseek-v4-flash,protected_ground_particular_social_group,,,2923,"parse: ValidationError: 11 validation errors for FeatureResult
asylum_requested
  Field required [type=missing, input_value={'type': 'json_object'}, input_type=dict]
    For further information visit https://errors.pydantic.dev/2.12/v/missing
withholding_requested
  Field required [type=missing, input_value={'type': 'json_object'}, input_type=dict]
    For further information visit https://errors.pydantic.dev/2.12/v/missing
CAT_requested
  Field required [type=missing, input_value={'type': 'json_object'}, input_type=dict]
    For further information visit https://errors.pydantic.dev/2.12/v/missing
protected_ground_political_opinion
  Field required [type=missing, input_value={'type': 'json_object'}, input_type=dict]
    For further information visit https://errors.pydantic.dev/2.12/v/missing
protected_ground_particular_social_group
  Field required [type=missing, input_value={'type': 'json_object'}, input_type=dict]
    For further information visit https://errors.pydantic.dev/2.12/v/missing
past_persecution_physical_violence
  Field required [type=missing, input_value={'type': 'json_object'}, input_type=dict]
    For further information visit https://errors.pydantic.dev/2.12/v/missing
past_persecution_death_threats
  Field required [type=missing, input_value={'type': 'json_object'}, input_type=dict]
    For further information visit https://errors.pydantic.dev/2.12/v/missing
persecutor_nongovernmental_actor
  Field required [type=missing, input_value={'type': 'json_object'}, input_type=dict]
    For further information visit https://errors.pydantic.dev/2.12/v/missing
credibility_finding
  Field required [type=missing, input_value={'type': 'json_object'}, input_type=dict]
    For further information visit https://errors.pydantic.dev/2.12/v/missing
bars_one_year_deadline_missed
  Field required [type=missing, input_value={'type': 'json_object'}, input_type=dict]
    For further information visit https://errors.pydantic.dev/2.12/v/missing
nexus_requirement_met
  Field required [type=missing, input_value={'type': 'json_object'}, input_type=dict]
    For further information visit https://errors.pydantic.dev/2.12/v/missing"
24-5221-2026-05-04,https://cdn.ca9.uscourts.gov/datastore/memoranda/2026/05/04/24-5221.pdf,deepseek-ai/deepseek-v4-flash,past_persecution_physical_violence,,,2923,"parse: ValidationError: 11 validation errors for FeatureResult
asylum_requested
  Field required [type=missing, input_value={'type': 'json_object'}, input_type=dict]
    For further information visit https://errors.pydantic.dev/2.12/v/missing
withholding_requested
  Field required [type=missing, input_value={'type': 'json_object'}, input_type=dict]
    For further information visit https://errors.pydantic.dev/2.12/v/missing
CAT_requested
  Field required [type=missing, input_value={'type': 'json_object'}, input_type=dict]
    For further information visit https://errors.pydantic.dev/2.12/v/missing
protected_ground_political_opinion
  Field required [type=missing, input_value={'type': 'json_object'}, input_type=dict]
    For further information visit https://errors.pydantic.dev/2.12/v/missing
protected_ground_particular_social_group
  Field required [type=missing, input_value={'type': 'json_object'}, input_type=dict]
    For further information visit https://errors.pydantic.dev/2.12/v/missing
past_persecution_physical_violence
  Field required [type=missing, input_value={'type': 'json_object'}, input_type=dict]
    For further information visit https://errors.pydantic.dev/2.12/v/missing
past_persecution_death_threats
  Field required [type=missing, input_value={'type': 'json_object'}, input_type=dict]
    For further information visit https://errors.pydantic.dev/2.12/v/missing
persecutor_nongovernmental_actor
  Field required [type=missing, input_value={'type': 'json_object'}, input_type=dict]
    For further information visit https://errors.pydantic.dev/2.12/v/missing
credibility_finding
  Field required [type=missing, input_value={'type': 'json_object'}, input_type=dict]
    For further information visit https://errors.pydantic.dev/2.12/v/missing
bars_one_year_deadline_missed
  Field required [type=missing, input_value={'type': 'json_object'}, input_type=dict]
    For further information visit https://errors.pydantic.dev/2.12/v/missing
nexus_requirement_met
  Field required [type=missing, input_value={'type': 'json_object'}, input_type=dict]
    For further information visit https://errors.pydantic.dev/2.12/v/missing"
24-5221-2026-05-04,https://cdn.ca9.uscourts.gov/datastore/memoranda/2026/05/04/24-5221.pdf,deepseek-ai/deepseek-v4-flash,past_persecution_death_threats,,,2923,"parse: ValidationError: 11 validation errors for FeatureResult
asylum_requested
  Field required [type=missing, input_value={'type': 'json_object'}, input_type=dict]
    For further information visit https://errors.pydantic.dev/2.12/v/missing
withholding_requested
  Field required [type=missing, input_value={'type': 'json_object'}, input_type=dict]
    For further information visit https://errors.pydantic.dev/2.12/v/missing
CAT_requested
  Field required [type=missing, input_value={'type': 'json_object'}, input_type=dict]
    For further information visit https://errors.pydantic.dev/2.12/v/missing
protected_ground_political_opinion
  Field required [type=missing, input_value={'type': 'json_object'}, input_type=dict]
    For further information visit https://errors.pydantic.dev/2.12/v/missing
protected_ground_particular_social_group
  Field required [type=missing, input_value={'type': 'json_object'}, input_type=dict]
    For further information visit https://errors.pydantic.dev/2.12/v/missing
past_persecution_physical_violence
  Field required [type=missing, input_value={'type': 'json_object'}, input_type=dict]
    For further information visit https://errors.pydantic.dev/2.12/v/missing
past_persecution_death_threats
  Field required [type=missing, input_value={'type': 'json_object'}, input_type=dict]
    For further information visit https://errors.pydantic.dev/2.12/v/missing
persecutor_nongovernmental_actor
  Field required [type=missing, input_value={'type': 'json_object'}, input_type=dict]
    For further information visit https://errors.pydantic.dev/2.12/v/missing
credibility_finding
  Field required [type=missing, input_value={'type': 'json_object'}, input_type=dict]
    For further information visit https://errors.pydantic.dev/2.12/v/missing
bars_one_year_deadline_missed
  Field required [type=missing, input_value={'type': 'json_object'}, input_type=dict]
    For further information visit https://errors.pydantic.dev/2.12/v/missing
nexus_requirement_met
  Field required [type=missing, input_value={'type': 'json_object'}, input_type=dict]
    For further information visit https://errors.pydantic.dev/2.12/v/missing"
24-5221-2026-05-04,https://cdn.ca9.uscourts.gov/datastore/memoranda/2026/05/04/24-5221.pdf,deepseek-ai/deepseek-v4-flash,persecutor_nongovernmental_actor,,,2923,"parse: ValidationError: 11 validation errors for FeatureResult
asylum_requested
  Field required [type=missing, input_value={'type': 'json_object'}, input_type=dict]
    For further information visit https://errors.pydantic.dev/2.12/v/missing
withholding_requested
  Field required [type=missing, input_value={'type': 'json_object'}, input_type=dict]
    For further information visit https://errors.pydantic.dev/2.12/v/missing
CAT_requested
  Field required [type=missing, input_value={'type': 'json_object'}, input_type=dict]
    For further information visit https://errors.pydantic.dev/2.12/v/missing
protected_ground_political_opinion
  Field required [type=missing, input_value={'type': 'json_object'}, input_type=dict]
    For further information visit https://errors.pydantic.dev/2.12/v/missing
protected_ground_particular_social_group
  Field required [type=missing, input_value={'type': 'json_object'}, input_type=dict]
    For further information visit https://errors.pydantic.dev/2.12/v/missing
past_persecution_physical_violence
  Field required [type=missing, input_value={'type': 'json_object'}, input_type=dict]
    For further information visit https://errors.pydantic.dev/2.12/v/missing
past_persecution_death_threats
  Field required [type=missing, input_value={'type': 'json_object'}, input_type=dict]
    For further information visit https://errors.pydantic.dev/2.12/v/missing
persecutor_nongovernmental_actor
  Field required [type=missing, input_value={'type': 'json_object'}, input_type=dict]
    For further information visit https://errors.pydantic.dev/2.12/v/missing
credibility_finding
  Field required [type=missing, input_value={'type': 'json_object'}, input_type=dict]
    For further information visit https://errors.pydantic.dev/2.12/v/missing
bars_one_year_deadline_missed
  Field required [type=missing, input_value={'type': 'json_object'}, input_type=dict]
    For further information visit https://errors.pydantic.dev/2.12/v/missing
nexus_requirement_met
  Field required [type=missing, input_value={'type': 'json_object'}, input_type=dict]
    For further information visit https://errors.pydantic.dev/2.12/v/missing"
24-5221-2026-05-04,https://cdn.ca9.uscourts.gov/datastore/memoranda/2026/05/04/24-5221.pdf,deepseek-ai/deepseek-v4-flash,credibility_finding,,,2923,"parse: ValidationError: 11 validation errors for FeatureResult
asylum_requested
  Field required [type=missing, input_value={'type': 'json_object'}, input_type=dict]
    For further information visit https://errors.pydantic.dev/2.12/v/missing
withholding_requested
  Field required [type=missing, input_value={'type': 'json_object'}, input_type=dict]
    For further information visit https://errors.pydantic.dev/2.12/v/missing
CAT_requested
  Field required [type=missing, input_value={'type': 'json_object'}, input_type=dict]
    For further information visit https://errors.pydantic.dev/2.12/v/missing
protected_ground_political_opinion
  Field required [type=missing, input_value={'type': 'json_object'}, input_type=dict]
    For further information visit https://errors.pydantic.dev/2.12/v/missing
protected_ground_particular_social_group
  Field required [type=missing, input_value={'type': 'json_object'}, input_type=dict]
    For further information visit https://errors.pydantic.dev/2.12/v/missing
past_persecution_physical_violence
  Field required [type=missing, input_value={'type': 'json_object'}, input_type=dict]
    For further information visit https://errors.pydantic.dev/2.12/v/missing
past_persecution_death_threats
  Field required [type=missing, input_value={'type': 'json_object'}, input_type=dict]
    For further information visit https://errors.pydantic.dev/2.12/v/missing
persecutor_nongovernmental_actor
  Field required [type=missing, input_value={'type': 'json_object'}, input_type=dict]
    For further information visit https://errors.pydantic.dev/2.12/v/missing
credibility_finding
  Field required [type=missing, input_value={'type': 'json_object'}, input_type=dict]
    For further information visit https://errors.pydantic.dev/2.12/v/missing
bars_one_year_deadline_missed
  Field required [type=missing, input_value={'type': 'json_object'}, input_type=dict]
    For further information visit https://errors.pydantic.dev/2.12/v/missing
nexus_requirement_met
  Field required [type=missing, input_value={'type': 'json_object'}, input_type=dict]
    For further information visit https://errors.pydantic.dev/2.12/v/missing"
24-5221-2026-05-04,https://cdn.ca9.uscourts.gov/datastore/memoranda/2026/05/04/24-5221.pdf,deepseek-ai/deepseek-v4-flash,bars_one_year_deadline_missed,,,2923,"parse: ValidationError: 11 validation errors for FeatureResult
asylum_requested
  Field required [type=missing, input_value={'type': 'json_object'}, input_type=dict]
    For further information visit https://errors.pydantic.dev/2.12/v/missing
withholding_requested
  Field required [type=missing, input_value={'type': 'json_object'}, input_type=dict]
    For further information visit https://errors.pydantic.dev/2.12/v/missing
CAT_requested
  Field required [type=missing, input_value={'type': 'json_object'}, input_type=dict]
    For further information visit https://errors.pydantic.dev/2.12/v/missing
protected_ground_political_opinion
  Field required [type=missing, input_value={'type': 'json_object'}, input_type=dict]
    For further information visit https://errors.pydantic.dev/2.12/v/missing
protected_ground_particular_social_group
  Field required [type=missing, input_value={'type': 'json_object'}, input_type=dict]
    For further information visit https://errors.pydantic.dev/2.12/v/missing
past_persecution_physical_violence
  Field required [type=missing, input_value={'type': 'json_object'}, input_type=dict]
    For further information visit https://errors.pydantic.dev/2.12/v/missing
past_persecution_death_threats
  Field required [type=missing, input_value={'type': 'json_object'}, input_type=dict]
    For further information visit https://errors.pydantic.dev/2.12/v/missing
persecutor_nongovernmental_actor
  Field required [type=missing, input_value={'type': 'json_object'}, input_type=dict]
    For further information visit https://errors.pydantic.dev/2.12/v/missing
credibility_finding
  Field required [type=missing, input_value={'type': 'json_object'}, input_type=dict]
    For further information visit https://errors.pydantic.dev/2.12/v/missing
bars_one_year_deadline_missed
  Field required [type=missing, input_value={'type': 'json_object'}, input_type=dict]
    For further information visit https://errors.pydantic.dev/2.12/v/missing
nexus_requirement_met
  Field required [type=missing, input_value={'type': 'json_object'}, input_type=dict]
    For further information visit https://errors.pydantic.dev/2.12/v/missing"
24-5221-2026-05-04,https://cdn.ca9.uscourts.gov/datastore/memoranda/2026/05/04/24-5221.pdf,deepseek-ai/deepseek-v4-flash,nexus_requirement_met,,,2923,"parse: ValidationError: 11 validation errors for FeatureResult
asylum_requested
  Field required [type=missing, input_value={'type': 'json_object'}, input_type=dict]
    For further information visit https://errors.pydantic.dev/2.12/v/missing
withholding_requested
  Field required [type=missing, input_value={'type': 'json_object'}, input_type=dict]
    For further information visit https://errors.pydantic.dev/2.12/v/missing
CAT_requested
  Field required [type=missing, input_value={'type': 'json_object'}, input_type=dict]
    For further information visit https://errors.pydantic.dev/2.12/v/missing
protected_ground_political_opinion
  Field required [type=missing, input_value={'type': 'json_object'}, input_type=dict]
    For further information visit https://errors.pydantic.dev/2.12/v/missing
protected_ground_particular_social_group
  Field required [type=missing, input_value={'type': 'json_object'}, input_type=dict]
    For further information visit https://errors.pydantic.dev/2.12/v/missing
past_persecution_physical_violence
  Field required [type=missing, input_value={'type': 'json_object'}, input_type=dict]
    For further information visit https://errors.pydantic.dev/2.12/v/missing
past_persecution_death_threats
  Field required [type=missing, input_value={'type': 'json_object'}, input_type=dict]
    For further information visit https://errors.pydantic.dev/2.12/v/missing
persecutor_nongovernmental_actor
  Field required [type=missing, input_value={'type': 'json_object'}, input_type=dict]
    For further information visit https://errors.pydantic.dev/2.12/v/missing
credibility_finding
  Field required [type=missing, input_value={'type': 'json_object'}, input_type=dict]
    For further information visit https://errors.pydantic.dev/2.12/v/missing
bars_one_year_deadline_missed
  Field required [type=missing, input_value={'type': 'json_object'}, input_type=dict]
    For further information visit https://errors.pydantic.dev/2.12/v/missing
nexus_requirement_met
  Field required [type=missing, input_value={'type': 'json_object'}, input_type=dict]
    For further information visit https://errors.pydantic.dev/2.12/v/missing"
22-761-2023-04-20,https://cdn.ca9.uscourts.gov/datastore/memoranda/2023/04/20/22-761.pdf,deepseek-ai/deepseek-v4-flash,asylum_requested,,,4122,"parse: ValidationError: 11 validation errors for FeatureResult
asylum_requested
  Field required [type=missing, input_value={'type': 'json_object'}, input_type=dict]
    For further information visit https://errors.pydantic.dev/2.12/v/missing
withholding_requested
  Field required [type=missing, input_value={'type': 'json_object'}, input_type=dict]
    For further information visit https://errors.pydantic.dev/2.12/v/missing
CAT_requested
  Field required [type=missing, input_value={'type': 'json_object'}, input_type=dict]
    For further information visit https://errors.pydantic.dev/2.12/v/missing
protected_ground_political_opinion
  Field required [type=missing, input_value={'type': 'json_object'}, input_type=dict]
    For further information visit https://errors.pydantic.dev/2.12/v/missing
protected_ground_particular_social_group
  Field required [type=missing, input_value={'type': 'json_object'}, input_type=dict]
    For further information visit https://errors.pydantic.dev/2.12/v/missing
past_persecution_physical_violence
  Field required [type=missing, input_value={'type': 'json_object'}, input_type=dict]
    For further information visit https://errors.pydantic.dev/2.12/v/missing
past_persecution_death_threats
  Field required [type=missing, input_value={'type': 'json_object'}, input_type=dict]
    For further information visit https://errors.pydantic.dev/2.12/v/missing
persecutor_nongovernmental_actor
  Field required [type=missing, input_value={'type': 'json_object'}, input_type=dict]
    For further information visit https://errors.pydantic.dev/2.12/v/missing
credibility_finding
  Field required [type=missing, input_value={'type': 'json_object'}, input_type=dict]
    For further information visit https://errors.pydantic.dev/2.12/v/missing
bars_one_year_deadline_missed
  Field required [type=missing, input_value={'type': 'json_object'}, input_type=dict]
    For further information visit https://errors.pydantic.dev/2.12/v/missing
nexus_requirement_met
  Field required [type=missing, input_value={'type': 'json_object'}, input_type=dict]
    For further information visit https://errors.pydantic.dev/2.12/v/missing"
22-761-2023-04-20,https://cdn.ca9.uscourts.gov/datastore/memoranda/2023/04/20/22-761.pdf,deepseek-ai/deepseek-v4-flash,withholding_requested,,,4122,"parse: ValidationError: 11 validation errors for FeatureResult
asylum_requested
  Field required [type=missing, input_value={'type': 'json_object'}, input_type=dict]
    For further information visit https://errors.pydantic.dev/2.12/v/missing
withholding_requested
  Field required [type=missing, input_value={'type': 'json_object'}, input_type=dict]
    For further information visit https://errors.pydantic.dev/2.12/v/missing
CAT_requested
  Field required [type=missing, input_value={'type': 'json_object'}, input_type=dict]
    For further information visit https://errors.pydantic.dev/2.12/v/missing
protected_ground_political_opinion
  Field required [type=missing, input_value={'type': 'json_object'}, input_type=dict]
    For further information visit https://errors.pydantic.dev/2.12/v/missing
protected_ground_particular_social_group
  Field required [type=missing, input_value={'type': 'json_object'}, input_type=dict]
    For further information visit https://errors.pydantic.dev/2.12/v/missing
past_persecution_physical_violence
  Field required [type=missing, input_value={'type': 'json_object'}, input_type=dict]
    For further information visit https://errors.pydantic.dev/2.12/v/missing
past_persecution_death_threats
  Field required [type=missing, input_value={'type': 'json_object'}, input_type=dict]
    For further information visit https://errors.pydantic.dev/2.12/v/missing
persecutor_nongovernmental_actor
  Field required [type=missing, input_value={'type': 'json_object'}, input_type=dict]
    For further information visit https://errors.pydantic.dev/2.12/v/missing
credibility_finding
  Field required [type=missing, input_value={'type': 'json_object'}, input_type=dict]
    For further information visit https://errors.pydantic.dev/2.12/v/missing
bars_one_year_deadline_missed
  Field required [type=missing, input_value={'type': 'json_object'}, input_type=dict]
    For further information visit https://errors.pydantic.dev/2.12/v/missing
nexus_requirement_met
  Field required [type=missing, input_value={'type': 'json_object'}, input_type=dict]
    For further information visit https://errors.pydantic.dev/2.12/v/missing"
22-761-2023-04-20,https://cdn.ca9.uscourts.gov/datastore/memoranda/2023/04/20/22-761.pdf,deepseek-ai/deepseek-v4-flash,CAT_requested,,,4122,"parse: ValidationError: 11 validation errors for FeatureResult
asylum_requested
  Field required [type=missing, input_value={'type': 'json_object'}, input_type=dict]
    For further information visit https://errors.pydantic.dev/2.12/v/missing
withholding_requested
  Field required [type=missing, input_value={'type': 'json_object'}, input_type=dict]
    For further information visit https://errors.pydantic.dev/2.12/v/missing
CAT_requested
  Field required [type=missing, input_value={'type': 'json_object'}, input_type=dict]
    For further information visit https://errors.pydantic.dev/2.12/v/missing
protected_ground_political_opinion
  Field required [type=missing, input_value={'type': 'json_object'}, input_type=dict]
    For further information visit https://errors.pydantic.dev/2.12/v/missing
protected_ground_particular_social_group
  Field required [type=missing, input_value={'type': 'json_object'}, input_type=dict]
    For further information visit https://errors.pydantic.dev/2.12/v/missing
past_persecution_physical_violence
  Field required [type=missing, input_value={'type': 'json_object'}, input_type=dict]
    For further information visit https://errors.pydantic.dev/2.12/v/missing
past_persecution_death_threats
  Field required [type=missing, input_value={'type': 'json_object'}, input_type=dict]
    For further information visit https://errors.pydantic.dev/2.12/v/missing
persecutor_nongovernmental_actor
  Field required [type=missing, input_value={'type': 'json_object'}, input_type=dict]
    For further information visit https://errors.pydantic.dev/2.12/v/missing
credibility_finding
  Field required [type=missing, input_value={'type': 'json_object'}, input_type=dict]
    For further information visit https://errors.pydantic.dev/2.12/v/missing
bars_one_year_deadline_missed
  Field required [type=missing, input_value={'type': 'json_object'}, input_type=dict]
    For further information visit https://errors.pydantic.dev/2.12/v/missing
nexus_requirement_met
  Field required [type=missing, input_value={'type': 'json_object'}, input_type=dict]
    For further information visit https://errors.pydantic.dev/2.12/v/missing"
22-761-2023-04-20,https://cdn.ca9.uscourts.gov/datastore/memoranda/2023/04/20/22-761.pdf,deepseek-ai/deepseek-v4-flash,protected_ground_political_opinion,,,4122,"parse: ValidationError: 11 validation errors for FeatureResult
asylum_requested
  Field required [type=missing, input_value={'type': 'json_object'}, input_type=dict]
    For further information visit https://errors.pydantic.dev/2.12/v/missing
withholding_requested
  Field required [type=missing, input_value={'type': 'json_object'}, input_type=dict]
    For further information visit https://errors.pydantic.dev/2.12/v/missing
CAT_requested
  Field required [type=missing, input_value={'type': 'json_object'}, input_type=dict]
    For further information visit https://errors.pydantic.dev/2.12/v/missing
protected_ground_political_opinion
  Field required [type=missing, input_value={'type': 'json_object'}, input_type=dict]
    For further information visit https://errors.pydantic.dev/2.12/v/missing
protected_ground_particular_social_group
  Field required [type=missing, input_value={'type': 'json_object'}, input_type=dict]
    For further information visit https://errors.pydantic.dev/2.12/v/missing
past_persecution_physical_violence
  Field required [type=missing, input_value={'type': 'json_object'}, input_type=dict]
    For further information visit https://errors.pydantic.dev/2.12/v/missing
past_persecution_death_threats
  Field required [type=missing, input_value={'type': 'json_object'}, input_type=dict]
    For further information visit https://errors.pydantic.dev/2.12/v/missing
persecutor_nongovernmental_actor
  Field required [type=missing, input_value={'type': 'json_object'}, input_type=dict]
    For further information visit https://errors.pydantic.dev/2.12/v/missing
credibility_finding
  Field required [type=missing, input_value={'type': 'json_object'}, input_type=dict]
    For further information visit https://errors.pydantic.dev/2.12/v/missing
bars_one_year_deadline_missed
  Field required [type=missing, input_value={'type': 'json_object'}, input_type=dict]
    For further information visit https://errors.pydantic.dev/2.12/v/missing
nexus_requirement_met
  Field required [type=missing, input_value={'type': 'json_object'}, input_type=dict]
    For further information visit https://errors.pydantic.dev/2.12/v/missing"
22-761-2023-04-20,https://cdn.ca9.uscourts.gov/datastore/memoranda/2023/04/20/22-761.pdf,deepseek-ai/deepseek-v4-flash,protected_ground_particular_social_group,,,4122,"parse: ValidationError: 11 validation errors for FeatureResult
asylum_requested
  Field required [type=missing, input_value={'type': 'json_object'}, input_type=dict]
    For further information visit https://errors.pydantic.dev/2.12/v/missing
withholding_requested
  Field required [type=missing, input_value={'type': 'json_object'}, input_type=dict]
    For further information visit https://errors.pydantic.dev/2.12/v/missing
CAT_requested
  Field required [type=missing, input_value={'type': 'json_object'}, input_type=dict]
    For further information visit https://errors.pydantic.dev/2.12/v/missing
protected_ground_political_opinion
  Field required [type=missing, input_value={'type': 'json_object'}, input_type=dict]
    For further information visit https://errors.pydantic.dev/2.12/v/missing
protected_ground_particular_social_group
  Field required [type=missing, input_value={'type': 'json_object'}, input_type=dict]
    For further information visit https://errors.pydantic.dev/2.12/v/missing
past_persecution_physical_violence
  Field required [type=missing, input_value={'type': 'json_object'}, input_type=dict]
    For further information visit https://errors.pydantic.dev/2.12/v/missing
past_persecution_death_threats
  Field required [type=missing, input_value={'type': 'json_object'}, input_type=dict]
    For further information visit https://errors.pydantic.dev/2.12/v/missing
persecutor_nongovernmental_actor
  Field required [type=missing, input_value={'type': 'json_object'}, input_type=dict]
    For further information visit https://errors.pydantic.dev/2.12/v/missing
credibility_finding
  Field required [type=missing, input_value={'type': 'json_object'}, input_type=dict]
    For further information visit https://errors.pydantic.dev/2.12/v/missing
bars_one_year_deadline_missed
  Field required [type=missing, input_value={'type': 'json_object'}, input_type=dict]
    For further information visit https://errors.pydantic.dev/2.12/v/missing
nexus_requirement_met
  Field required [type=missing, input_value={'type': 'json_object'}, input_type=dict]
    For further information visit https://errors.pydantic.dev/2.12/v/missing"
22-761-2023-04-20,https://cdn.ca9.uscourts.gov/datastore/memoranda/2023/04/20/22-761.pdf,deepseek-ai/deepseek-v4-flash,past_persecution_physical_violence,,,4122,"parse: ValidationError: 11 validation errors for FeatureResult
asylum_requested
  Field required [type=missing, input_value={'type': 'json_object'}, input_type=dict]
    For further information visit https://errors.pydantic.dev/2.12/v/missing
withholding_requested
  Field required [type=missing, input_value={'type': 'json_object'}, input_type=dict]
    For further information visit https://errors.pydantic.dev/2.12/v/missing
CAT_requested
  Field required [type=missing, input_value={'type': 'json_object'}, input_type=dict]
    For further information visit https://errors.pydantic.dev/2.12/v/missing
protected_ground_political_opinion
  Field required [type=missing, input_value={'type': 'json_object'}, input_type=dict]
    For further information visit https://errors.pydantic.dev/2.12/v/missing
protected_ground_particular_social_group
  Field required [type=missing, input_value={'type': 'json_object'}, input_type=dict]
    For further information visit https://errors.pydantic.dev/2.12/v/missing
past_persecution_physical_violence
  Field required [type=missing, input_value={'type': 'json_object'}, input_type=dict]
    For further information visit https://errors.pydantic.dev/2.12/v/missing
past_persecution_death_threats
  Field required [type=missing, input_value={'type': 'json_object'}, input_type=dict]
    For further information visit https://errors.pydantic.dev/2.12/v/missing
persecutor_nongovernmental_actor
  Field required [type=missing, input_value={'type': 'json_object'}, input_type=dict]
    For further information visit https://errors.pydantic.dev/2.12/v/missing
credibility_finding
  Field required [type=missing, input_value={'type': 'json_object'}, input_type=dict]
    For further information visit https://errors.pydantic.dev/2.12/v/missing
bars_one_year_deadline_missed
  Field required [type=missing, input_value={'type': 'json_object'}, input_type=dict]
    For further information visit https://errors.pydantic.dev/2.12/v/missing
nexus_requirement_met
  Field required [type=missing, input_value={'type': 'json_object'}, input_type=dict]
    For further information visit https://errors.pydantic.dev/2.12/v/missing"
22-761-2023-04-20,https://cdn.ca9.uscourts.gov/datastore/memoranda/2023/04/20/22-761.pdf,deepseek-ai/deepseek-v4-flash,past_persecution_death_threats,,,4122,"parse: ValidationError: 11 validation errors for FeatureResult
asylum_requested
  Field required [type=missing, input_value={'type': 'json_object'}, input_type=dict]
    For further information visit https://errors.pydantic.dev/2.12/v/missing
withholding_requested
  Field required [type=missing, input_value={'type': 'json_object'}, input_type=dict]
    For further information visit https://errors.pydantic.dev/2.12/v/missing
CAT_requested
  Field required [type=missing, input_value={'type': 'json_object'}, input_type=dict]
    For further information visit https://errors.pydantic.dev/2.12/v/missing
protected_ground_political_opinion
  Field required [type=missing, input_value={'type': 'json_object'}, input_type=dict]
    For further information visit https://errors.pydantic.dev/2.12/v/missing
protected_ground_particular_social_group
  Field required [type=missing, input_value={'type': 'json_object'}, input_type=dict]
    For further information visit https://errors.pydantic.dev/2.12/v/missing
past_persecution_physical_violence
  Field required [type=missing, input_value={'type': 'json_object'}, input_type=dict]
    For further information visit https://errors.pydantic.dev/2.12/v/missing
past_persecution_death_threats
  Field required [type=missing, input_value={'type': 'json_object'}, input_type=dict]
    For further information visit https://errors.pydantic.dev/2.12/v/missing
persecutor_nongovernmental_actor
  Field required [type=missing, input_value={'type': 'json_object'}, input_type=dict]
    For further information visit https://errors.pydantic.dev/2.12/v/missing
credibility_finding
  Field required [type=missing, input_value={'type': 'json_object'}, input_type=dict]
    For further information visit https://errors.pydantic.dev/2.12/v/missing
bars_one_year_deadline_missed
  Field required [type=missing, input_value={'type': 'json_object'}, input_type=dict]
    For further information visit https://errors.pydantic.dev/2.12/v/missing
nexus_requirement_met
  Field required [type=missing, input_value={'type': 'json_object'}, input_type=dict]
    For further information visit https://errors.pydantic.dev/2.12/v/missing"
22-761-2023-04-20,https://cdn.ca9.uscourts.gov/datastore/memoranda/2023/04/20/22-761.pdf,deepseek-ai/deepseek-v4-flash,persecutor_nongovernmental_actor,,,4122,"parse: ValidationError: 11 validation errors for FeatureResult
asylum_requested
  Field required [type=missing, input_value={'type': 'json_object'}, input_type=dict]
    For further information visit https://errors.pydantic.dev/2.12/v/missing
withholding_requested
  Field required [type=missing, input_value={'type': 'json_object'}, input_type=dict]
    For further information visit https://errors.pydantic.dev/2.12/v/missing
CAT_requested
  Field required [type=missing, input_value={'type': 'json_object'}, input_type=dict]
    For further information visit https://errors.pydantic.dev/2.12/v/missing
protected_ground_political_opinion
  Field required [type=missing, input_value={'type': 'json_object'}, input_type=dict]
    For further information visit https://errors.pydantic.dev/2.12/v/missing
protected_ground_particular_social_group
  Field required [type=missing, input_value={'type': 'json_object'}, input_type=dict]
    For further information visit https://errors.pydantic.dev/2.12/v/missing
past_persecution_physical_violence
  Field required [type=missing, input_value={'type': 'json_object'}, input_type=dict]
    For further information visit https://errors.pydantic.dev/2.12/v/missing
past_persecution_death_threats
  Field required [type=missing, input_value={'type': 'json_object'}, input_type=dict]
    For further information visit https://errors.pydantic.dev/2.12/v/missing
persecutor_nongovernmental_actor
  Field required [type=missing, input_value={'type': 'json_object'}, input_type=dict]
    For further information visit https://errors.pydantic.dev/2.12/v/missing
credibility_finding
  Field required [type=missing, input_value={'type': 'json_object'}, input_type=dict]
    For further information visit https://errors.pydantic.dev/2.12/v/missing
bars_one_year_deadline_missed
  Field required [type=missing, input_value={'type': 'json_object'}, input_type=dict]
    For further information visit https://errors.pydantic.dev/2.12/v/missing
nexus_requirement_met
  Field required [type=missing, input_value={'type': 'json_object'}, input_type=dict]
    For further information visit https://errors.pydantic.dev/2.12/v/missing"
22-761-2023-04-20,https://cdn.ca9.uscourts.gov/datastore/memoranda/2023/04/20/22-761.pdf,deepseek-ai/deepseek-v4-flash,credibility_finding,,,4122,"parse: ValidationError: 11 validation errors for FeatureResult
asylum_requested
  Field required [type=missing, input_value={'type': 'json_object'}, input_type=dict]
    For further information visit https://errors.pydantic.dev/2.12/v/missing
withholding_requested
  Field required [type=missing, input_value={'type': 'json_object'}, input_type=dict]
    For further information visit https://errors.pydantic.dev/2.12/v/missing
CAT_requested
  Field required [type=missing, input_value={'type': 'json_object'}, input_type=dict]
    For further information visit https://errors.pydantic.dev/2.12/v/missing
protected_ground_political_opinion
  Field required [type=missing, input_value={'type': 'json_object'}, input_type=dict]
    For further information visit https://errors.pydantic.dev/2.12/v/missing
protected_ground_particular_social_group
  Field required [type=missing, input_value={'type': 'json_object'}, input_type=dict]
    For further information visit https://errors.pydantic.dev/2.12/v/missing
past_persecution_physical_violence
  Field required [type=missing, input_value={'type': 'json_object'}, input_type=dict]
    For further information visit https://errors.pydantic.dev/2.12/v/missing
past_persecution_death_threats
  Field required [type=missing, input_value={'type': 'json_object'}, input_type=dict]
    For further information visit https://errors.pydantic.dev/2.12/v/missing
persecutor_nongovernmental_actor
  Field required [type=missing, input_value={'type': 'json_object'}, input_type=dict]
    For further information visit https://errors.pydantic.dev/2.12/v/missing
credibility_finding
  Field required [type=missing, input_value={'type': 'json_object'}, input_type=dict]
    For further information visit https://errors.pydantic.dev/2.12/v/missing
bars_one_year_deadline_missed
  Field required [type=missing, input_value={'type': 'json_object'}, input_type=dict]
    For further information visit https://errors.pydantic.dev/2.12/v/missing
nexus_requirement_met
  Field required [type=missing, input_value={'type': 'json_object'}, input_type=dict]
    For further information visit https://errors.pydantic.dev/2.12/v/missing"
22-761-2023-04-20,https://cdn.ca9.uscourts.gov/datastore/memoranda/2023/04/20/22-761.pdf,deepseek-ai/deepseek-v4-flash,bars_one_year_deadline_missed,,,4122,"parse: ValidationError: 11 validation errors for FeatureResult
asylum_requested
  Field required [type=missing, input_value={'type': 'json_object'}, input_type=dict]
    For further information visit https://errors.pydantic.dev/2.12/v/missing
withholding_requested
  Field required [type=missing, input_value={'type': 'json_object'}, input_type=dict]
    For further information visit https://errors.pydantic.dev/2.12/v/missing
CAT_requested
  Field required [type=missing, input_value={'type': 'json_object'}, input_type=dict]
    For further information visit https://errors.pydantic.dev/2.12/v/missing
protected_ground_political_opinion
  Field required [type=missing, input_value={'type': 'json_object'}, input_type=dict]
    For further information visit https://errors.pydantic.dev/2.12/v/missing
protected_ground_particular_social_group
  Field required [type=missing, input_value={'type': 'json_object'}, input_type=dict]
    For further information visit https://errors.pydantic.dev/2.12/v/missing
past_persecution_physical_violence
  Field required [type=missing, input_value={'type': 'json_object'}, input_type=dict]
    For further information visit https://errors.pydantic.dev/2.12/v/missing
past_persecution_death_threats
  Field required [type=missing, input_value={'type': 'json_object'}, input_type=dict]
    For further information visit https://errors.pydantic.dev/2.12/v/missing
persecutor_nongovernmental_actor
  Field required [type=missing, input_value={'type': 'json_object'}, input_type=dict]
    For further information visit https://errors.pydantic.dev/2.12/v/missing
credibility_finding
  Field required [type=missing, input_value={'type': 'json_object'}, input_type=dict]
    For further information visit https://errors.pydantic.dev/2.12/v/missing
bars_one_year_deadline_missed
  Field required [type=missing, input_value={'type': 'json_object'}, input_type=dict]
    For further information visit https://errors.pydantic.dev/2.12/v/missing
nexus_requirement_met
  Field required [type=missing, input_value={'type': 'json_object'}, input_type=dict]
    For further information visit https://errors.pydantic.dev/2.12/v/missing"
22-761-2023-04-20,https://cdn.ca9.uscourts.gov/datastore/memoranda/2023/04/20/22-761.pdf,deepseek-ai/deepseek-v4-flash,nexus_requirement_met,,,4122,"parse: ValidationError: 11 validation errors for FeatureResult
asylum_requested
  Field required [type=missing, input_value={'type': 'json_object'}, input_type=dict]
    For further information visit https://errors.pydantic.dev/2.12/v/missing
withholding_requested
  Field required [type=missing, input_value={'type': 'json_object'}, input_type=dict]
    For further information visit https://errors.pydantic.dev/2.12/v/missing
CAT_requested
  Field required [type=missing, input_value={'type': 'json_object'}, input_type=dict]
    For further information visit https://errors.pydantic.dev/2.12/v/missing
protected_ground_political_opinion
  Field required [type=missing, input_value={'type': 'json_object'}, input_type=dict]
    For further information visit https://errors.pydantic.dev/2.12/v/missing
protected_ground_particular_social_group
  Field required [type=missing, input_value={'type': 'json_object'}, input_type=dict]
    For further information visit https://errors.pydantic.dev/2.12/v/missing
past_persecution_physical_violence
  Field required [type=missing, input_value={'type': 'json_object'}, input_type=dict]
    For further information visit https://errors.pydantic.dev/2.12/v/missing
past_persecution_death_threats
  Field required [type=missing, input_value={'type': 'json_object'}, input_type=dict]
    For further information visit https://errors.pydantic.dev/2.12/v/missing
persecutor_nongovernmental_actor
  Field required [type=missing, input_value={'type': 'json_object'}, input_type=dict]
    For further information visit https://errors.pydantic.dev/2.12/v/missing
credibility_finding
  Field required [type=missing, input_value={'type': 'json_object'}, input_type=dict]
    For further information visit https://errors.pydantic.dev/2.12/v/missing
bars_one_year_deadline_missed
  Field required [type=missing, input_value={'type': 'json_object'}, input_type=dict]
    For further information visit https://errors.pydantic.dev/2.12/v/missing
nexus_requirement_met
  Field required [type=missing, input_value={'type': 'json_object'}, input_type=dict]
    For further information visit https://errors.pydantic.dev/2.12/v/missing"
14-70905-2020-01-28,https://cdn.ca9.uscourts.gov/datastore/memoranda/2020/01/28/14-70905.pdf,deepseek-ai/deepseek-v4-flash,asylum_requested,,,2303,"parse: ValidationError: 11 validation errors for FeatureResult
asylum_requested
  Field required [type=missing, input_value={'type': 'json_object'}, input_type=dict]
    For further information visit https://errors.pydantic.dev/2.12/v/missing
withholding_requested
  Field required [type=missing, input_value={'type': 'json_object'}, input_type=dict]
    For further information visit https://errors.pydantic.dev/2.12/v/missing
CAT_requested
  Field required [type=missing, input_value={'type': 'json_object'}, input_type=dict]
    For further information visit https://errors.pydantic.dev/2.12/v/missing
protected_ground_political_opinion
  Field required [type=missing, input_value={'type': 'json_object'}, input_type=dict]
    For further information visit https://errors.pydantic.dev/2.12/v/missing
protected_ground_particular_social_group
  Field required [type=missing, input_value={'type': 'json_object'}, input_type=dict]
    For further information visit https://errors.pydantic.dev/2.12/v/missing
past_persecution_physical_violence
  Field required [type=missing, input_value={'type': 'json_object'}, input_type=dict]
    For further information visit https://errors.pydantic.dev/2.12/v/missing
past_persecution_death_threats
  Field required [type=missing, input_value={'type': 'json_object'}, input_type=dict]
    For further information visit https://errors.pydantic.dev/2.12/v/missing
persecutor_nongovernmental_actor
  Field required [type=missing, input_value={'type': 'json_object'}, input_type=dict]
    For further information visit https://errors.pydantic.dev/2.12/v/missing
credibility_finding
  Field required [type=missing, input_value={'type': 'json_object'}, input_type=dict]
    For further information visit https://errors.pydantic.dev/2.12/v/missing
bars_one_year_deadline_missed
  Field required [type=missing, input_value={'type': 'json_object'}, input_type=dict]
    For further information visit https://errors.pydantic.dev/2.12/v/missing
nexus_requirement_met
  Field required [type=missing, input_value={'type': 'json_object'}, input_type=dict]
    For further information visit https://errors.pydantic.dev/2.12/v/missing"
14-70905-2020-01-28,https://cdn.ca9.uscourts.gov/datastore/memoranda/2020/01/28/14-70905.pdf,deepseek-ai/deepseek-v4-flash,withholding_requested,,,2303,"parse: ValidationError: 11 validation errors for FeatureResult
asylum_requested
  Field required [type=missing, input_value={'type': 'json_object'}, input_type=dict]
    For further information visit https://errors.pydantic.dev/2.12/v/missing
withholding_requested
  Field required [type=missing, input_value={'type': 'json_object'}, input_type=dict]
    For further information visit https://errors.pydantic.dev/2.12/v/missing
CAT_requested
  Field required [type=missing, input_value={'type': 'json_object'}, input_type=dict]
    For further information visit https://errors.pydantic.dev/2.12/v/missing
protected_ground_political_opinion
  Field required [type=missing, input_value={'type': 'json_object'}, input_type=dict]
    For further information visit https://errors.pydantic.dev/2.12/v/missing
protected_ground_particular_social_group
  Field required [type=missing, input_value={'type': 'json_object'}, input_type=dict]
    For further information visit https://errors.pydantic.dev/2.12/v/missing
past_persecution_physical_violence
  Field required [type=missing, input_value={'type': 'json_object'}, input_type=dict]
    For further information visit https://errors.pydantic.dev/2.12/v/missing
past_persecution_death_threats
  Field required [type=missing, input_value={'type': 'json_object'}, input_type=dict]
    For further information visit https://errors.pydantic.dev/2.12/v/missing
persecutor_nongovernmental_actor
  Field required [type=missing, input_value={'type': 'json_object'}, input_type=dict]
    For further information visit https://errors.pydantic.dev/2.12/v/missing
credibility_finding
  Field required [type=missing, input_value={'type': 'json_object'}, input_type=dict]
    For further information visit https://errors.pydantic.dev/2.12/v/missing
bars_one_year_deadline_missed
  Field required [type=missing, input_value={'type': 'json_object'}, input_type=dict]
    For further information visit https://errors.pydantic.dev/2.12/v/missing
nexus_requirement_met
  Field required [type=missing, input_value={'type': 'json_object'}, input_type=dict]
    For further information visit https://errors.pydantic.dev/2.12/v/missing"
14-70905-2020-01-28,https://cdn.ca9.uscourts.gov/datastore/memoranda/2020/01/28/14-70905.pdf,deepseek-ai/deepseek-v4-flash,CAT_requested,,,2303,"parse: ValidationError: 11 validation errors for FeatureResult
asylum_requested
  Field required [type=missing, input_value={'type': 'json_object'}, input_type=dict]
    For further information visit https://errors.pydantic.dev/2.12/v/missing
withholding_requested
  Field required [type=missing, input_value={'type': 'json_object'}, input_type=dict]
    For further information visit https://errors.pydantic.dev/2.12/v/missing
CAT_requested
  Field required [type=missing, input_value={'type': 'json_object'}, input_type=dict]
    For further information visit https://errors.pydantic.dev/2.12/v/missing
protected_ground_political_opinion
  Field required [type=missing, input_value={'type': 'json_object'}, input_type=dict]
    For further information visit https://errors.pydantic.dev/2.12/v/missing
protected_ground_particular_social_group
  Field required [type=missing, input_value={'type': 'json_object'}, input_type=dict]
    For further information visit https://errors.pydantic.dev/2.12/v/missing
past_persecution_physical_violence
  Field required [type=missing, input_value={'type': 'json_object'}, input_type=dict]
    For further information visit https://errors.pydantic.dev/2.12/v/missing
past_persecution_death_threats
  Field required [type=missing, input_value={'type': 'json_object'}, input_type=dict]
    For further information visit https://errors.pydantic.dev/2.12/v/missing
persecutor_nongovernmental_actor
  Field required [type=missing, input_value={'type': 'json_object'}, input_type=dict]
    For further information visit https://errors.pydantic.dev/2.12/v/missing
credibility_finding
  Field required [type=missing, input_value={'type': 'json_object'}, input_type=dict]
    For further information visit https://errors.pydantic.dev/2.12/v/missing
bars_one_year_deadline_missed
  Field required [type=missing, input_value={'type': 'json_object'}, input_type=dict]
    For further information visit https://errors.pydantic.dev/2.12/v/missing
nexus_requirement_met
  Field required [type=missing, input_value={'type': 'json_object'}, input_type=dict]
    For further information visit https://errors.pydantic.dev/2.12/v/missing"
14-70905-2020-01-28,https://cdn.ca9.uscourts.gov/datastore/memoranda/2020/01/28/14-70905.pdf,deepseek-ai/deepseek-v4-flash,protected_ground_political_opinion,,,2303,"parse: ValidationError: 11 validation errors for FeatureResult
asylum_requested
  Field required [type=missing, input_value={'type': 'json_object'}, input_type=dict]
    For further information visit https://errors.pydantic.dev/2.12/v/missing
withholding_requested
  Field required [type=missing, input_value={'type': 'json_object'}, input_type=dict]
    For further information visit https://errors.pydantic.dev/2.12/v/missing
CAT_requested
  Field required [type=missing, input_value={'type': 'json_object'}, input_type=dict]
    For further information visit https://errors.pydantic.dev/2.12/v/missing
protected_ground_political_opinion
  Field required [type=missing, input_value={'type': 'json_object'}, input_type=dict]
    For further information visit https://errors.pydantic.dev/2.12/v/missing
protected_ground_particular_social_group
  Field required [type=missing, input_value={'type': 'json_object'}, input_type=dict]
    For further information visit https://errors.pydantic.dev/2.12/v/missing
past_persecution_physical_violence
  Field required [type=missing, input_value={'type': 'json_object'}, input_type=dict]
    For further information visit https://errors.pydantic.dev/2.12/v/missing
past_persecution_death_threats
  Field required [type=missing, input_value={'type': 'json_object'}, input_type=dict]
    For further information visit https://errors.pydantic.dev/2.12/v/missing
persecutor_nongovernmental_actor
  Field required [type=missing, input_value={'type': 'json_object'}, input_type=dict]
    For further information visit https://errors.pydantic.dev/2.12/v/missing
credibility_finding
  Field required [type=missing, input_value={'type': 'json_object'}, input_type=dict]
    For further information visit https://errors.pydantic.dev/2.12/v/missing
bars_one_year_deadline_missed
  Field required [type=missing, input_value={'type': 'json_object'}, input_type=dict]
    For further information visit https://errors.pydantic.dev/2.12/v/missing
nexus_requirement_met
  Field required [type=missing, input_value={'type': 'json_object'}, input_type=dict]
    For further information visit https://errors.pydantic.dev/2.12/v/missing"
14-70905-2020-01-28,https://cdn.ca9.uscourts.gov/datastore/memoranda/2020/01/28/14-70905.pdf,deepseek-ai/deepseek-v4-flash,protected_ground_particular_social_group,,,2303,"parse: ValidationError: 11 validation errors for FeatureResult
asylum_requested
  Field required [type=missing, input_value={'type': 'json_object'}, input_type=dict]
    For further information visit https://errors.pydantic.dev/2.12/v/missing
withholding_requested
  Field required [type=missing, input_value={'type': 'json_object'}, input_type=dict]
    For further information visit https://errors.pydantic.dev/2.12/v/missing
CAT_requested
  Field required [type=missing, input_value={'type': 'json_object'}, input_type=dict]
    For further information visit https://errors.pydantic.dev/2.12/v/missing
protected_ground_political_opinion
  Field required [type=missing, input_value={'type': 'json_object'}, input_type=dict]
    For further information visit https://errors.pydantic.dev/2.12/v/missing
protected_ground_particular_social_group
  Field required [type=missing, input_value={'type': 'json_object'}, input_type=dict]
    For further information visit https://errors.pydantic.dev/2.12/v/missing
past_persecution_physical_violence
  Field required [type=missing, input_value={'type': 'json_object'}, input_type=dict]
    For further information visit https://errors.pydantic.dev/2.12/v/missing
past_persecution_death_threats
  Field required [type=missing, input_value={'type': 'json_object'}, input_type=dict]
    For further information visit https://errors.pydantic.dev/2.12/v/missing
persecutor_nongovernmental_actor
  Field required [type=missing, input_value={'type': 'json_object'}, input_type=dict]
    For further information visit https://errors.pydantic.dev/2.12/v/missing
credibility_finding
  Field required [type=missing, input_value={'type': 'json_object'}, input_type=dict]
    For further information visit https://errors.pydantic.dev/2.12/v/missing
bars_one_year_deadline_missed
  Field required [type=missing, input_value={'type': 'json_object'}, input_type=dict]
    For further information visit https://errors.pydantic.dev/2.12/v/missing
nexus_requirement_met
  Field required [type=missing, input_value={'type': 'json_object'}, input_type=dict]
    For further information visit https://errors.pydantic.dev/2.12/v/missing"
14-70905-2020-01-28,https://cdn.ca9.uscourts.gov/datastore/memoranda/2020/01/28/14-70905.pdf,deepseek-ai/deepseek-v4-flash,past_persecution_physical_violence,,,2303,"parse: ValidationError: 11 validation errors for FeatureResult
asylum_requested
  Field required [type=missing, input_value={'type': 'json_object'}, input_type=dict]
    For further information visit https://errors.pydantic.dev/2.12/v/missing
withholding_requested
  Field required [type=missing, input_value={'type': 'json_object'}, input_type=dict]
    For further information visit https://errors.pydantic.dev/2.12/v/missing
CAT_requested
  Field required [type=missing, input_value={'type': 'json_object'}, input_type=dict]
    For further information visit https://errors.pydantic.dev/2.12/v/missing
protected_ground_political_opinion
  Field required [type=missing, input_value={'type': 'json_object'}, input_type=dict]
    For further information visit https://errors.pydantic.dev/2.12/v/missing
protected_ground_particular_social_group
  Field required [type=missing, input_value={'type': 'json_object'}, input_type=dict]
    For further information visit https://errors.pydantic.dev/2.12/v/missing
past_persecution_physical_violence
  Field required [type=missing, input_value={'type': 'json_object'}, input_type=dict]
    For further information visit https://errors.pydantic.dev/2.12/v/missing
past_persecution_death_threats
  Field required [type=missing, input_value={'type': 'json_object'}, input_type=dict]
    For further information visit https://errors.pydantic.dev/2.12/v/missing
persecutor_nongovernmental_actor
  Field required [type=missing, input_value={'type': 'json_object'}, input_type=dict]
    For further information visit https://errors.pydantic.dev/2.12/v/missing
credibility_finding
  Field required [type=missing, input_value={'type': 'json_object'}, input_type=dict]
    For further information visit https://errors.pydantic.dev/2.12/v/missing
bars_one_year_deadline_missed
  Field required [type=missing, input_value={'type': 'json_object'}, input_type=dict]
    For further information visit https://errors.pydantic.dev/2.12/v/missing
nexus_requirement_met
  Field required [type=missing, input_value={'type': 'json_object'}, input_type=dict]
    For further information visit https://errors.pydantic.dev/2.12/v/missing"
14-70905-2020-01-28,https://cdn.ca9.uscourts.gov/datastore/memoranda/2020/01/28/14-70905.pdf,deepseek-ai/deepseek-v4-flash,past_persecution_death_threats,,,2303,"parse: ValidationError: 11 validation errors for FeatureResult
asylum_requested
  Field required [type=missing, input_value={'type': 'json_object'}, input_type=dict]
    For further information visit https://errors.pydantic.dev/2.12/v/missing
withholding_requested
  Field required [type=missing, input_value={'type': 'json_object'}, input_type=dict]
    For further information visit https://errors.pydantic.dev/2.12/v/missing
CAT_requested
  Field required [type=missing, input_value={'type': 'json_object'}, input_type=dict]
    For further information visit https://errors.pydantic.dev/2.12/v/missing
protected_ground_political_opinion
  Field required [type=missing, input_value={'type': 'json_object'}, input_type=dict]
    For further information visit https://errors.pydantic.dev/2.12/v/missing
protected_ground_particular_social_group
  Field required [type=missing, input_value={'type': 'json_object'}, input_type=dict]
    For further information visit https://errors.pydantic.dev/2.12/v/missing
past_persecution_physical_violence
  Field required [type=missing, input_value={'type': 'json_object'}, input_type=dict]
    For further information visit https://errors.pydantic.dev/2.12/v/missing
past_persecution_death_threats
  Field required [type=missing, input_value={'type': 'json_object'}, input_type=dict]
    For further information visit https://errors.pydantic.dev/2.12/v/missing
persecutor_nongovernmental_actor
  Field required [type=missing, input_value={'type': 'json_object'}, input_type=dict]
    For further information visit https://errors.pydantic.dev/2.12/v/missing
credibility_finding
  Field required [type=missing, input_value={'type': 'json_object'}, input_type=dict]
    For further information visit https://errors.pydantic.dev/2.12/v/missing
bars_one_year_deadline_missed
  Field required [type=missing, input_value={'type': 'json_object'}, input_type=dict]
    For further information visit https://errors.pydantic.dev/2.12/v/missing
nexus_requirement_met
  Field required [type=missing, input_value={'type': 'json_object'}, input_type=dict]
    For further information visit https://errors.pydantic.dev/2.12/v/missing"
14-70905-2020-01-28,https://cdn.ca9.uscourts.gov/datastore/memoranda/2020/01/28/14-70905.pdf,deepseek-ai/deepseek-v4-flash,persecutor_nongovernmental_actor,,,2303,"parse: ValidationError: 11 validation errors for FeatureResult
asylum_requested
  Field required [type=missing, input_value={'type': 'json_object'}, input_type=dict]
    For further information visit https://errors.pydantic.dev/2.12/v/missing
withholding_requested
  Field required [type=missing, input_value={'type': 'json_object'}, input_type=dict]
    For further information visit https://errors.pydantic.dev/2.12/v/missing
CAT_requested
  Field required [type=missing, input_value={'type': 'json_object'}, input_type=dict]
    For further information visit https://errors.pydantic.dev/2.12/v/missing
protected_ground_political_opinion
  Field required [type=missing, input_value={'type': 'json_object'}, input_type=dict]
    For further information visit https://errors.pydantic.dev/2.12/v/missing
protected_ground_particular_social_group
  Field required [type=missing, input_value={'type': 'json_object'}, input_type=dict]
    For further information visit https://errors.pydantic.dev/2.12/v/missing
past_persecution_physical_violence
  Field required [type=missing, input_value={'type': 'json_object'}, input_type=dict]
    For further information visit https://errors.pydantic.dev/2.12/v/missing
past_persecution_death_threats
  Field required [type=missing, input_value={'type': 'json_object'}, input_type=dict]
    For further information visit https://errors.pydantic.dev/2.12/v/missing
persecutor_nongovernmental_actor
  Field required [type=missing, input_value={'type': 'json_object'}, input_type=dict]
    For further information visit https://errors.pydantic.dev/2.12/v/missing
credibility_finding
  Field required [type=missing, input_value={'type': 'json_object'}, input_type=dict]
    For further information visit https://errors.pydantic.dev/2.12/v/missing
bars_one_year_deadline_missed
  Field required [type=missing, input_value={'type': 'json_object'}, input_type=dict]
    For further information visit https://errors.pydantic.dev/2.12/v/missing
nexus_requirement_met
  Field required [type=missing, input_value={'type': 'json_object'}, input_type=dict]
    For further information visit https://errors.pydantic.dev/2.12/v/missing"
14-70905-2020-01-28,https://cdn.ca9.uscourts.gov/datastore/memoranda/2020/01/28/14-70905.pdf,deepseek-ai/deepseek-v4-flash,credibility_finding,,,2303,"parse: ValidationError: 11 validation errors for FeatureResult
asylum_requested
  Field required [type=missing, input_value={'type': 'json_object'}, input_type=dict]
    For further information visit https://errors.pydantic.dev/2.12/v/missing
withholding_requested
  Field required [type=missing, input_value={'type': 'json_object'}, input_type=dict]
    For further information visit https://errors.pydantic.dev/2.12/v/missing
CAT_requested
  Field required [type=missing, input_value={'type': 'json_object'}, input_type=dict]
    For further information visit https://errors.pydantic.dev/2.12/v/missing
protected_ground_political_opinion
  Field required [type=missing, input_value={'type': 'json_object'}, input_type=dict]
    For further information visit https://errors.pydantic.dev/2.12/v/missing
protected_ground_particular_social_group
  Field required [type=missing, input_value={'type': 'json_object'}, input_type=dict]
    For further information visit https://errors.pydantic.dev/2.12/v/missing
past_persecution_physical_violence
  Field required [type=missing, input_value={'type': 'json_object'}, input_type=dict]
    For further information visit https://errors.pydantic.dev/2.12/v/missing
past_persecution_death_threats
  Field required [type=missing, input_value={'type': 'json_object'}, input_type=dict]
    For further information visit https://errors.pydantic.dev/2.12/v/missing
persecutor_nongovernmental_actor
  Field required [type=missing, input_value={'type': 'json_object'}, input_type=dict]
    For further information visit https://errors.pydantic.dev/2.12/v/missing
credibility_finding
  Field required [type=missing, input_value={'type': 'json_object'}, input_type=dict]
    For further information visit https://errors.pydantic.dev/2.12/v/missing
bars_one_year_deadline_missed
  Field required [type=missing, input_value={'type': 'json_object'}, input_type=dict]
    For further information visit https://errors.pydantic.dev/2.12/v/missing
nexus_requirement_met
  Field required [type=missing, input_value={'type': 'json_object'}, input_type=dict]
    For further information visit https://errors.pydantic.dev/2.12/v/missing"
14-70905-2020-01-28,https://cdn.ca9.uscourts.gov/datastore/memoranda/2020/01/28/14-70905.pdf,deepseek-ai/deepseek-v4-flash,bars_one_year_deadline_missed,,,2303,"parse: ValidationError: 11 validation errors for FeatureResult
asylum_requested
  Field required [type=missing, input_value={'type': 'json_object'}, input_type=dict]
    For further information visit https://errors.pydantic.dev/2.12/v/missing
withholding_requested
  Field required [type=missing, input_value={'type': 'json_object'}, input_type=dict]
    For further information visit https://errors.pydantic.dev/2.12/v/missing
CAT_requested
  Field required [type=missing, input_value={'type': 'json_object'}, input_type=dict]
    For further information visit https://errors.pydantic.dev/2.12/v/missing
protected_ground_political_opinion
  Field required [type=missing, input_value={'type': 'json_object'}, input_type=dict]
    For further information visit https://errors.pydantic.dev/2.12/v/missing
protected_ground_particular_social_group
  Field required [type=missing, input_value={'type': 'json_object'}, input_type=dict]
    For further information visit https://errors.pydantic.dev/2.12/v/missing
past_persecution_physical_violence
  Field required [type=missing, input_value={'type': 'json_object'}, input_type=dict]
    For further information visit https://errors.pydantic.dev/2.12/v/missing
past_persecution_death_threats
  Field required [type=missing, input_value={'type': 'json_object'}, input_type=dict]
    For further information visit https://errors.pydantic.dev/2.12/v/missing
persecutor_nongovernmental_actor
  Field required [type=missing, input_value={'type': 'json_object'}, input_type=dict]
    For further information visit https://errors.pydantic.dev/2.12/v/missing
credibility_finding
  Field required [type=missing, input_value={'type': 'json_object'}, input_type=dict]
    For further information visit https://errors.pydantic.dev/2.12/v/missing
bars_one_year_deadline_missed
  Field required [type=missing, input_value={'type': 'json_object'}, input_type=dict]
    For further information visit https://errors.pydantic.dev/2.12/v/missing
nexus_requirement_met
  Field required [type=missing, input_value={'type': 'json_object'}, input_type=dict]
    For further information visit https://errors.pydantic.dev/2.12/v/missing"
14-70905-2020-01-28,https://cdn.ca9.uscourts.gov/datastore/memoranda/2020/01/28/14-70905.pdf,deepseek-ai/deepseek-v4-flash,nexus_requirement_met,,,2303,"parse: ValidationError: 11 validation errors for FeatureResult
asylum_requested
  Field required [type=missing, input_value={'type': 'json_object'}, input_type=dict]
    For further information visit https://errors.pydantic.dev/2.12/v/missing
withholding_requested
  Field required [type=missing, input_value={'type': 'json_object'}, input_type=dict]
    For further information visit https://errors.pydantic.dev/2.12/v/missing
CAT_requested
  Field required [type=missing, input_value={'type': 'json_object'}, input_type=dict]
    For further information visit https://errors.pydantic.dev/2.12/v/missing
protected_ground_political_opinion
  Field required [type=missing, input_value={'type': 'json_object'}, input_type=dict]
    For further information visit https://errors.pydantic.dev/2.12/v/missing
protected_ground_particular_social_group
  Field required [type=missing, input_value={'type': 'json_object'}, input_type=dict]
    For further information visit https://errors.pydantic.dev/2.12/v/missing
past_persecution_physical_violence
  Field required [type=missing, input_value={'type': 'json_object'}, input_type=dict]
    For further information visit https://errors.pydantic.dev/2.12/v/missing
past_persecution_death_threats
  Field required [type=missing, input_value={'type': 'json_object'}, input_type=dict]
    For further information visit https://errors.pydantic.dev/2.12/v/missing
persecutor_nongovernmental_actor
  Field required [type=missing, input_value={'type': 'json_object'}, input_type=dict]
    For further information visit https://errors.pydantic.dev/2.12/v/missing
credibility_finding
  Field required [type=missing, input_value={'type': 'json_object'}, input_type=dict]
    For further information visit https://errors.pydantic.dev/2.12/v/missing
bars_one_year_deadline_missed
  Field required [type=missing, input_value={'type': 'json_object'}, input_type=dict]
    For further information visit https://errors.pydantic.dev/2.12/v/missing
nexus_requirement_met
  Field required [type=missing, input_value={'type': 'json_object'}, input_type=dict]
    For further information visit https://errors.pydantic.dev/2.12/v/missing"
22-629-2024-02-20,https://cdn.ca9.uscourts.gov/datastore/memoranda/2024/02/20/22-629.pdf,deepseek-ai/deepseek-v4-flash,asylum_requested,,,2348,"parse: ValidationError: 11 validation errors for FeatureResult
asylum_requested
  Field required [type=missing, input_value={'type': 'json_object'}, input_type=dict]
    For further information visit https://errors.pydantic.dev/2.12/v/missing
withholding_requested
  Field required [type=missing, input_value={'type': 'json_object'}, input_type=dict]
    For further information visit https://errors.pydantic.dev/2.12/v/missing
CAT_requested
  Field required [type=missing, input_value={'type': 'json_object'}, input_type=dict]
    For further information visit https://errors.pydantic.dev/2.12/v/missing
protected_ground_political_opinion
  Field required [type=missing, input_value={'type': 'json_object'}, input_type=dict]
    For further information visit https://errors.pydantic.dev/2.12/v/missing
protected_ground_particular_social_group
  Field required [type=missing, input_value={'type': 'json_object'}, input_type=dict]
    For further information visit https://errors.pydantic.dev/2.12/v/missing
past_persecution_physical_violence
  Field required [type=missing, input_value={'type': 'json_object'}, input_type=dict]
    For further information visit https://errors.pydantic.dev/2.12/v/missing
past_persecution_death_threats
  Field required [type=missing, input_value={'type': 'json_object'}, input_type=dict]
    For further information visit https://errors.pydantic.dev/2.12/v/missing
persecutor_nongovernmental_actor
  Field required [type=missing, input_value={'type': 'json_object'}, input_type=dict]
    For further information visit https://errors.pydantic.dev/2.12/v/missing
credibility_finding
  Field required [type=missing, input_value={'type': 'json_object'}, input_type=dict]
    For further information visit https://errors.pydantic.dev/2.12/v/missing
bars_one_year_deadline_missed
  Field required [type=missing, input_value={'type': 'json_object'}, input_type=dict]
    For further information visit https://errors.pydantic.dev/2.12/v/missing
nexus_requirement_met
  Field required [type=missing, input_value={'type': 'json_object'}, input_type=dict]
    For further information visit https://errors.pydantic.dev/2.12/v/missing"
22-629-2024-02-20,https://cdn.ca9.uscourts.gov/datastore/memoranda/2024/02/20/22-629.pdf,deepseek-ai/deepseek-v4-flash,withholding_requested,,,2348,"parse: ValidationError: 11 validation errors for FeatureResult
asylum_requested
  Field required [type=missing, input_value={'type': 'json_object'}, input_type=dict]
    For further information visit https://errors.pydantic.dev/2.12/v/missing
withholding_requested
  Field required [type=missing, input_value={'type': 'json_object'}, input_type=dict]
    For further information visit https://errors.pydantic.dev/2.12/v/missing
CAT_requested
  Field required [type=missing, input_value={'type': 'json_object'}, input_type=dict]
    For further information visit https://errors.pydantic.dev/2.12/v/missing
protected_ground_political_opinion
  Field required [type=missing, input_value={'type': 'json_object'}, input_type=dict]
    For further information visit https://errors.pydantic.dev/2.12/v/missing
protected_ground_particular_social_group
  Field required [type=missing, input_value={'type': 'json_object'}, input_type=dict]
    For further information visit https://errors.pydantic.dev/2.12/v/missing
past_persecution_physical_violence
  Field required [type=missing, input_value={'type': 'json_object'}, input_type=dict]
    For further information visit https://errors.pydantic.dev/2.12/v/missing
past_persecution_death_threats
  Field required [type=missing, input_value={'type': 'json_object'}, input_type=dict]
    For further information visit https://errors.pydantic.dev/2.12/v/missing
persecutor_nongovernmental_actor
  Field required [type=missing, input_value={'type': 'json_object'}, input_type=dict]
    For further information visit https://errors.pydantic.dev/2.12/v/missing
credibility_finding
  Field required [type=missing, input_value={'type': 'json_object'}, input_type=dict]
    For further information visit https://errors.pydantic.dev/2.12/v/missing
bars_one_year_deadline_missed
  Field required [type=missing, input_value={'type': 'json_object'}, input_type=dict]
    For further information visit https://errors.pydantic.dev/2.12/v/missing
nexus_requirement_met
  Field required [type=missing, input_value={'type': 'json_object'}, input_type=dict]
    For further information visit https://errors.pydantic.dev/2.12/v/missing"
22-629-2024-02-20,https://cdn.ca9.uscourts.gov/datastore/memoranda/2024/02/20/22-629.pdf,deepseek-ai/deepseek-v4-flash,CAT_requested,,,2348,"parse: ValidationError: 11 validation errors for FeatureResult
asylum_requested
  Field required [type=missing, input_value={'type': 'json_object'}, input_type=dict]
    For further information visit https://errors.pydantic.dev/2.12/v/missing
withholding_requested
  Field required [type=missing, input_value={'type': 'json_object'}, input_type=dict]
    For further information visit https://errors.pydantic.dev/2.12/v/missing
CAT_requested
  Field required [type=missing, input_value={'type': 'json_object'}, input_type=dict]
    For further information visit https://errors.pydantic.dev/2.12/v/missing
protected_ground_political_opinion
  Field required [type=missing, input_value={'type': 'json_object'}, input_type=dict]
    For further information visit https://errors.pydantic.dev/2.12/v/missing
protected_ground_particular_social_group
  Field required [type=missing, input_value={'type': 'json_object'}, input_type=dict]
    For further information visit https://errors.pydantic.dev/2.12/v/missing
past_persecution_physical_violence
  Field required [type=missing, input_value={'type': 'json_object'}, input_type=dict]
    For further information visit https://errors.pydantic.dev/2.12/v/missing
past_persecution_death_threats
  Field required [type=missing, input_value={'type': 'json_object'}, input_type=dict]
    For further information visit https://errors.pydantic.dev/2.12/v/missing
persecutor_nongovernmental_actor
  Field required [type=missing, input_value={'type': 'json_object'}, input_type=dict]
    For further information visit https://errors.pydantic.dev/2.12/v/missing
credibility_finding
  Field required [type=missing, input_value={'type': 'json_object'}, input_type=dict]
    For further information visit https://errors.pydantic.dev/2.12/v/missing
bars_one_year_deadline_missed
  Field required [type=missing, input_value={'type': 'json_object'}, input_type=dict]
    For further information visit https://errors.pydantic.dev/2.12/v/missing
nexus_requirement_met
  Field required [type=missing, input_value={'type': 'json_object'}, input_type=dict]
    For further information visit https://errors.pydantic.dev/2.12/v/missing"
22-629-2024-02-20,https://cdn.ca9.uscourts.gov/datastore/memoranda/2024/02/20/22-629.pdf,deepseek-ai/deepseek-v4-flash,protected_ground_political_opinion,,,2348,"parse: ValidationError: 11 validation errors for FeatureResult
asylum_requested
  Field required [type=missing, input_value={'type': 'json_object'}, input_type=dict]
    For further information visit https://errors.pydantic.dev/2.12/v/missing
withholding_requested
  Field required [type=missing, input_value={'type': 'json_object'}, input_type=dict]
    For further information visit https://errors.pydantic.dev/2.12/v/missing
CAT_requested
  Field required [type=missing, input_value={'type': 'json_object'}, input_type=dict]
    For further information visit https://errors.pydantic.dev/2.12/v/missing
protected_ground_political_opinion
  Field required [type=missing, input_value={'type': 'json_object'}, input_type=dict]
    For further information visit https://errors.pydantic.dev/2.12/v/missing
protected_ground_particular_social_group
  Field required [type=missing, input_value={'type': 'json_object'}, input_type=dict]
    For further information visit https://errors.pydantic.dev/2.12/v/missing
past_persecution_physical_violence
  Field required [type=missing, input_value={'type': 'json_object'}, input_type=dict]
    For further information visit https://errors.pydantic.dev/2.12/v/missing
past_persecution_death_threats
  Field required [type=missing, input_value={'type': 'json_object'}, input_type=dict]
    For further information visit https://errors.pydantic.dev/2.12/v/missing
persecutor_nongovernmental_actor
  Field required [type=missing, input_value={'type': 'json_object'}, input_type=dict]
    For further information visit https://errors.pydantic.dev/2.12/v/missing
credibility_finding
  Field required [type=missing, input_value={'type': 'json_object'}, input_type=dict]
    For further information visit https://errors.pydantic.dev/2.12/v/missing
bars_one_year_deadline_missed
  Field required [type=missing, input_value={'type': 'json_object'}, input_type=dict]
    For further information visit https://errors.pydantic.dev/2.12/v/missing
nexus_requirement_met
  Field required [type=missing, input_value={'type': 'json_object'}, input_type=dict]
    For further information visit https://errors.pydantic.dev/2.12/v/missing"
22-629-2024-02-20,https://cdn.ca9.uscourts.gov/datastore/memoranda/2024/02/20/22-629.pdf,deepseek-ai/deepseek-v4-flash,protected_ground_particular_social_group,,,2348,"parse: ValidationError: 11 validation errors for FeatureResult
asylum_requested
  Field required [type=missing, input_value={'type': 'json_object'}, input_type=dict]
    For further information visit https://errors.pydantic.dev/2.12/v/missing
withholding_requested
  Field required [type=missing, input_value={'type': 'json_object'}, input_type=dict]
    For further information visit https://errors.pydantic.dev/2.12/v/missing
CAT_requested
  Field required [type=missing, input_value={'type': 'json_object'}, input_type=dict]
    For further information visit https://errors.pydantic.dev/2.12/v/missing
protected_ground_political_opinion
  Field required [type=missing, input_value={'type': 'json_object'}, input_type=dict]
    For further information visit https://errors.pydantic.dev/2.12/v/missing
protected_ground_particular_social_group
  Field required [type=missing, input_value={'type': 'json_object'}, input_type=dict]
    For further information visit https://errors.pydantic.dev/2.12/v/missing
past_persecution_physical_violence
  Field required [type=missing, input_value={'type': 'json_object'}, input_type=dict]
    For further information visit https://errors.pydantic.dev/2.12/v/missing
past_persecution_death_threats
  Field required [type=missing, input_value={'type': 'json_object'}, input_type=dict]
    For further information visit https://errors.pydantic.dev/2.12/v/missing
persecutor_nongovernmental_actor
  Field required [type=missing, input_value={'type': 'json_object'}, input_type=dict]
    For further information visit https://errors.pydantic.dev/2.12/v/missing
credibility_finding
  Field required [type=missing, input_value={'type': 'json_object'}, input_type=dict]
    For further information visit https://errors.pydantic.dev/2.12/v/missing
bars_one_year_deadline_missed
  Field required [type=missing, input_value={'type': 'json_object'}, input_type=dict]
    For further information visit https://errors.pydantic.dev/2.12/v/missing
nexus_requirement_met
  Field required [type=missing, input_value={'type': 'json_object'}, input_type=dict]
    For further information visit https://errors.pydantic.dev/2.12/v/missing"
22-629-2024-02-20,https://cdn.ca9.uscourts.gov/datastore/memoranda/2024/02/20/22-629.pdf,deepseek-ai/deepseek-v4-flash,past_persecution_physical_violence,,,2348,"parse: ValidationError: 11 validation errors for FeatureResult
asylum_requested
  Field required [type=missing, input_value={'type': 'json_object'}, input_type=dict]
    For further information visit https://errors.pydantic.dev/2.12/v/missing
withholding_requested
  Field required [type=missing, input_value={'type': 'json_object'}, input_type=dict]
    For further information visit https://errors.pydantic.dev/2.12/v/missing
CAT_requested
  Field required [type=missing, input_value={'type': 'json_object'}, input_type=dict]
    For further information visit https://errors.pydantic.dev/2.12/v/missing
protected_ground_political_opinion
  Field required [type=missing, input_value={'type': 'json_object'}, input_type=dict]
    For further information visit https://errors.pydantic.dev/2.12/v/missing
protected_ground_particular_social_group
  Field required [type=missing, input_value={'type': 'json_object'}, input_type=dict]
    For further information visit https://errors.pydantic.dev/2.12/v/missing
past_persecution_physical_violence
  Field required [type=missing, input_value={'type': 'json_object'}, input_type=dict]
    For further information visit https://errors.pydantic.dev/2.12/v/missing
past_persecution_death_threats
  Field required [type=missing, input_value={'type': 'json_object'}, input_type=dict]
    For further information visit https://errors.pydantic.dev/2.12/v/missing
persecutor_nongovernmental_actor
  Field required [type=missing, input_value={'type': 'json_object'}, input_type=dict]
    For further information visit https://errors.pydantic.dev/2.12/v/missing
credibility_finding
  Field required [type=missing, input_value={'type': 'json_object'}, input_type=dict]
    For further information visit https://errors.pydantic.dev/2.12/v/missing
bars_one_year_deadline_missed
  Field required [type=missing, input_value={'type': 'json_object'}, input_type=dict]
    For further information visit https://errors.pydantic.dev/2.12/v/missing
nexus_requirement_met
  Field required [type=missing, input_value={'type': 'json_object'}, input_type=dict]
    For further information visit https://errors.pydantic.dev/2.12/v/missing"
22-629-2024-02-20,https://cdn.ca9.uscourts.gov/datastore/memoranda/2024/02/20/22-629.pdf,deepseek-ai/deepseek-v4-flash,past_persecution_death_threats,,,2348,"parse: ValidationError: 11 validation errors for FeatureResult
asylum_requested
  Field required [type=missing, input_value={'type': 'json_object'}, input_type=dict]
    For further information visit https://errors.pydantic.dev/2.12/v/missing
withholding_requested
  Field required [type=missing, input_value={'type': 'json_object'}, input_type=dict]
    For further information visit https://errors.pydantic.dev/2.12/v/missing
CAT_requested
  Field required [type=missing, input_value={'type': 'json_object'}, input_type=dict]
    For further information visit https://errors.pydantic.dev/2.12/v/missing
protected_ground_political_opinion
  Field required [type=missing, input_value={'type': 'json_object'}, input_type=dict]
    For further information visit https://errors.pydantic.dev/2.12/v/missing
protected_ground_particular_social_group
  Field required [type=missing, input_value={'type': 'json_object'}, input_type=dict]
    For further information visit https://errors.pydantic.dev/2.12/v/missing
past_persecution_physical_violence
  Field required [type=missing, input_value={'type': 'json_object'}, input_type=dict]
    For further information visit https://errors.pydantic.dev/2.12/v/missing
past_persecution_death_threats
  Field required [type=missing, input_value={'type': 'json_object'}, input_type=dict]
    For further information visit https://errors.pydantic.dev/2.12/v/missing
persecutor_nongovernmental_actor
  Field required [type=missing, input_value={'type': 'json_object'}, input_type=dict]
    For further information visit https://errors.pydantic.dev/2.12/v/missing
credibility_finding
  Field required [type=missing, input_value={'type': 'json_object'}, input_type=dict]
    For further information visit https://errors.pydantic.dev/2.12/v/missing
bars_one_year_deadline_missed
  Field required [type=missing, input_value={'type': 'json_object'}, input_type=dict]
    For further information visit https://errors.pydantic.dev/2.12/v/missing
nexus_requirement_met
  Field required [type=missing, input_value={'type': 'json_object'}, input_type=dict]
    For further information visit https://errors.pydantic.dev/2.12/v/missing"
22-629-2024-02-20,https://cdn.ca9.uscourts.gov/datastore/memoranda/2024/02/20/22-629.pdf,deepseek-ai/deepseek-v4-flash,persecutor_nongovernmental_actor,,,2348,"parse: ValidationError: 11 validation errors for FeatureResult
asylum_requested
  Field required [type=missing, input_value={'type': 'json_object'}, input_type=dict]
    For further information visit https://errors.pydantic.dev/2.12/v/missing
withholding_requested
  Field required [type=missing, input_value={'type': 'json_object'}, input_type=dict]
    For further information visit https://errors.pydantic.dev/2.12/v/missing
CAT_requested
  Field required [type=missing, input_value={'type': 'json_object'}, input_type=dict]
    For further information visit https://errors.pydantic.dev/2.12/v/missing
protected_ground_political_opinion
  Field required [type=missing, input_value={'type': 'json_object'}, input_type=dict]
    For further information visit https://errors.pydantic.dev/2.12/v/missing
protected_ground_particular_social_group
  Field required [type=missing, input_value={'type': 'json_object'}, input_type=dict]
    For further information visit https://errors.pydantic.dev/2.12/v/missing
past_persecution_physical_violence
  Field required [type=missing, input_value={'type': 'json_object'}, input_type=dict]
    For further information visit https://errors.pydantic.dev/2.12/v/missing
past_persecution_death_threats
  Field required [type=missing, input_value={'type': 'json_object'}, input_type=dict]
    For further information visit https://errors.pydantic.dev/2.12/v/missing
persecutor_nongovernmental_actor
  Field required [type=missing, input_value={'type': 'json_object'}, input_type=dict]
    For further information visit https://errors.pydantic.dev/2.12/v/missing
credibility_finding
  Field required [type=missing, input_value={'type': 'json_object'}, input_type=dict]
    For further information visit https://errors.pydantic.dev/2.12/v/missing
bars_one_year_deadline_missed
  Field required [type=missing, input_value={'type': 'json_object'}, input_type=dict]
    For further information visit https://errors.pydantic.dev/2.12/v/missing
nexus_requirement_met
  Field required [type=missing, input_value={'type': 'json_object'}, input_type=dict]
    For further information visit https://errors.pydantic.dev/2.12/v/missing"
22-629-2024-02-20,https://cdn.ca9.uscourts.gov/datastore/memoranda/2024/02/20/22-629.pdf,deepseek-ai/deepseek-v4-flash,credibility_finding,,,2348,"parse: ValidationError: 11 validation errors for FeatureResult
asylum_requested
  Field required [type=missing, input_value={'type': 'json_object'}, input_type=dict]
    For further information visit https://errors.pydantic.dev/2.12/v/missing
withholding_requested
  Field required [type=missing, input_value={'type': 'json_object'}, input_type=dict]
    For further information visit https://errors.pydantic.dev/2.12/v/missing
CAT_requested
  Field required [type=missing, input_value={'type': 'json_object'}, input_type=dict]
    For further information visit https://errors.pydantic.dev/2.12/v/missing
protected_ground_political_opinion
  Field required [type=missing, input_value={'type': 'json_object'}, input_type=dict]
    For further information visit https://errors.pydantic.dev/2.12/v/missing
protected_ground_particular_social_group
  Field required [type=missing, input_value={'type': 'json_object'}, input_type=dict]
    For further information visit https://errors.pydantic.dev/2.12/v/missing
past_persecution_physical_violence
  Field required [type=missing, input_value={'type': 'json_object'}, input_type=dict]
    For further information visit https://errors.pydantic.dev/2.12/v/missing
past_persecution_death_threats
  Field required [type=missing, input_value={'type': 'json_object'}, input_type=dict]
    For further information visit https://errors.pydantic.dev/2.12/v/missing
persecutor_nongovernmental_actor
  Field required [type=missing, input_value={'type': 'json_object'}, input_type=dict]
    For further information visit https://errors.pydantic.dev/2.12/v/missing
credibility_finding
  Field required [type=missing, input_value={'type': 'json_object'}, input_type=dict]
    For further information visit https://errors.pydantic.dev/2.12/v/missing
bars_one_year_deadline_missed
  Field required [type=missing, input_value={'type': 'json_object'}, input_type=dict]
    For further information visit https://errors.pydantic.dev/2.12/v/missing
nexus_requirement_met
  Field required [type=missing, input_value={'type': 'json_object'}, input_type=dict]
    For further information visit https://errors.pydantic.dev/2.12/v/missing"
22-629-2024-02-20,https://cdn.ca9.uscourts.gov/datastore/memoranda/2024/02/20/22-629.pdf,deepseek-ai/deepseek-v4-flash,bars_one_year_deadline_missed,,,2348,"parse: ValidationError: 11 validation errors for FeatureResult
asylum_requested
  Field required [type=missing, input_value={'type': 'json_object'}, input_type=dict]
    For further information visit https://errors.pydantic.dev/2.12/v/missing
withholding_requested
  Field required [type=missing, input_value={'type': 'json_object'}, input_type=dict]
    For further information visit https://errors.pydantic.dev/2.12/v/missing
CAT_requested
  Field required [type=missing, input_value={'type': 'json_object'}, input_type=dict]
    For further information visit https://errors.pydantic.dev/2.12/v/missing
protected_ground_political_opinion
  Field required [type=missing, input_value={'type': 'json_object'}, input_type=dict]
    For further information visit https://errors.pydantic.dev/2.12/v/missing
protected_ground_particular_social_group
  Field required [type=missing, input_value={'type': 'json_object'}, input_type=dict]
    For further information visit https://errors.pydantic.dev/2.12/v/missing
past_persecution_physical_violence
  Field required [type=missing, input_value={'type': 'json_object'}, input_type=dict]
    For further information visit https://errors.pydantic.dev/2.12/v/missing
past_persecution_death_threats
  Field required [type=missing, input_value={'type': 'json_object'}, input_type=dict]
    For further information visit https://errors.pydantic.dev/2.12/v/missing
persecutor_nongovernmental_actor
  Field required [type=missing, input_value={'type': 'json_object'}, input_type=dict]
    For further information visit https://errors.pydantic.dev/2.12/v/missing
credibility_finding
  Field required [type=missing, input_value={'type': 'json_object'}, input_type=dict]
    For further information visit https://errors.pydantic.dev/2.12/v/missing
bars_one_year_deadline_missed
  Field required [type=missing, input_value={'type': 'json_object'}, input_type=dict]
    For further information visit https://errors.pydantic.dev/2.12/v/missing
nexus_requirement_met
  Field required [type=missing, input_value={'type': 'json_object'}, input_type=dict]
    For further information visit https://errors.pydantic.dev/2.12/v/missing"
22-629-2024-02-20,https://cdn.ca9.uscourts.gov/datastore/memoranda/2024/02/20/22-629.pdf,deepseek-ai/deepseek-v4-flash,nexus_requirement_met,,,2348,"parse: ValidationError: 11 validation errors for FeatureResult
asylum_requested
  Field required [type=missing, input_value={'type': 'json_object'}, input_type=dict]
    For further information visit https://errors.pydantic.dev/2.12/v/missing
withholding_requested
  Field required [type=missing, input_value={'type': 'json_object'}, input_type=dict]
    For further information visit https://errors.pydantic.dev/2.12/v/missing
CAT_requested
  Field required [type=missing, input_value={'type': 'json_object'}, input_type=dict]
    For further information visit https://errors.pydantic.dev/2.12/v/missing
protected_ground_political_opinion
  Field required [type=missing, input_value={'type': 'json_object'}, input_type=dict]
    For further information visit https://errors.pydantic.dev/2.12/v/missing
protected_ground_particular_social_group
  Field required [type=missing, input_value={'type': 'json_object'}, input_type=dict]
    For further information visit https://errors.pydantic.dev/2.12/v/missing
past_persecution_physical_violence
  Field required [type=missing, input_value={'type': 'json_object'}, input_type=dict]
    For further information visit https://errors.pydantic.dev/2.12/v/missing
past_persecution_death_threats
  Field required [type=missing, input_value={'type': 'json_object'}, input_type=dict]
    For further information visit https://errors.pydantic.dev/2.12/v/missing
persecutor_nongovernmental_actor
  Field required [type=missing, input_value={'type': 'json_object'}, input_type=dict]
    For further information visit https://errors.pydantic.dev/2.12/v/missing
credibility_finding
  Field required [type=missing, input_value={'type': 'json_object'}, input_type=dict]
    For further information visit https://errors.pydantic.dev/2.12/v/missing
bars_one_year_deadline_missed
  Field required [type=missing, input_value={'type': 'json_object'}, input_type=dict]
    For further information visit https://errors.pydantic.dev/2.12/v/missing
nexus_requirement_met
  Field required [type=missing, input_value={'type': 'json_object'}, input_type=dict]
    For further information visit https://errors.pydantic.dev/2.12/v/missing"
17-71346-2020-06-17,https://cdn.ca9.uscourts.gov/datastore/memoranda/2020/06/17/17-71346.pdf,deepseek-ai/deepseek-v4-flash,asylum_requested,,,3629,"parse: ValidationError: 11 validation errors for FeatureResult
asylum_requested
  Field required [type=missing, input_value={'type': 'json_object'}, input_type=dict]
    For further information visit https://errors.pydantic.dev/2.12/v/missing
withholding_requested
  Field required [type=missing, input_value={'type': 'json_object'}, input_type=dict]
    For further information visit https://errors.pydantic.dev/2.12/v/missing
CAT_requested
  Field required [type=missing, input_value={'type': 'json_object'}, input_type=dict]
    For further information visit https://errors.pydantic.dev/2.12/v/missing
protected_ground_political_opinion
  Field required [type=missing, input_value={'type': 'json_object'}, input_type=dict]
    For further information visit https://errors.pydantic.dev/2.12/v/missing
protected_ground_particular_social_group
  Field required [type=missing, input_value={'type': 'json_object'}, input_type=dict]
    For further information visit https://errors.pydantic.dev/2.12/v/missing
past_persecution_physical_violence
  Field required [type=missing, input_value={'type': 'json_object'}, input_type=dict]
    For further information visit https://errors.pydantic.dev/2.12/v/missing
past_persecution_death_threats
  Field required [type=missing, input_value={'type': 'json_object'}, input_type=dict]
    For further information visit https://errors.pydantic.dev/2.12/v/missing
persecutor_nongovernmental_actor
  Field required [type=missing, input_value={'type': 'json_object'}, input_type=dict]
    For further information visit https://errors.pydantic.dev/2.12/v/missing
credibility_finding
  Field required [type=missing, input_value={'type': 'json_object'}, input_type=dict]
    For further information visit https://errors.pydantic.dev/2.12/v/missing
bars_one_year_deadline_missed
  Field required [type=missing, input_value={'type': 'json_object'}, input_type=dict]
    For further information visit https://errors.pydantic.dev/2.12/v/missing
nexus_requirement_met
  Field required [type=missing, input_value={'type': 'json_object'}, input_type=dict]
    For further information visit https://errors.pydantic.dev/2.12/v/missing"
17-71346-2020-06-17,https://cdn.ca9.uscourts.gov/datastore/memoranda/2020/06/17/17-71346.pdf,deepseek-ai/deepseek-v4-flash,withholding_requested,,,3629,"parse: ValidationError: 11 validation errors for FeatureResult
asylum_requested
  Field required [type=missing, input_value={'type': 'json_object'}, input_type=dict]
    For further information visit https://errors.pydantic.dev/2.12/v/missing
withholding_requested
  Field required [type=missing, input_value={'type': 'json_object'}, input_type=dict]
    For further information visit https://errors.pydantic.dev/2.12/v/missing
CAT_requested
  Field required [type=missing, input_value={'type': 'json_object'}, input_type=dict]
    For further information visit https://errors.pydantic.dev/2.12/v/missing
protected_ground_political_opinion
  Field required [type=missing, input_value={'type': 'json_object'}, input_type=dict]
    For further information visit https://errors.pydantic.dev/2.12/v/missing
protected_ground_particular_social_group
  Field required [type=missing, input_value={'type': 'json_object'}, input_type=dict]
    For further information visit https://errors.pydantic.dev/2.12/v/missing
past_persecution_physical_violence
  Field required [type=missing, input_value={'type': 'json_object'}, input_type=dict]
    For further information visit https://errors.pydantic.dev/2.12/v/missing
past_persecution_death_threats
  Field required [type=missing, input_value={'type': 'json_object'}, input_type=dict]
    For further information visit https://errors.pydantic.dev/2.12/v/missing
persecutor_nongovernmental_actor
  Field required [type=missing, input_value={'type': 'json_object'}, input_type=dict]
    For further information visit https://errors.pydantic.dev/2.12/v/missing
credibility_finding
  Field required [type=missing, input_value={'type': 'json_object'}, input_type=dict]
    For further information visit https://errors.pydantic.dev/2.12/v/missing
bars_one_year_deadline_missed
  Field required [type=missing, input_value={'type': 'json_object'}, input_type=dict]
    For further information visit https://errors.pydantic.dev/2.12/v/missing
nexus_requirement_met
  Field required [type=missing, input_value={'type': 'json_object'}, input_type=dict]
    For further information visit https://errors.pydantic.dev/2.12/v/missing"
17-71346-2020-06-17,https://cdn.ca9.uscourts.gov/datastore/memoranda/2020/06/17/17-71346.pdf,deepseek-ai/deepseek-v4-flash,CAT_requested,,,3629,"parse: ValidationError: 11 validation errors for FeatureResult
asylum_requested
  Field required [type=missing, input_value={'type': 'json_object'}, input_type=dict]
    For further information visit https://errors.pydantic.dev/2.12/v/missing
withholding_requested
  Field required [type=missing, input_value={'type': 'json_object'}, input_type=dict]
    For further information visit https://errors.pydantic.dev/2.12/v/missing
CAT_requested
  Field required [type=missing, input_value={'type': 'json_object'}, input_type=dict]
    For further information visit https://errors.pydantic.dev/2.12/v/missing
protected_ground_political_opinion
  Field required [type=missing, input_value={'type': 'json_object'}, input_type=dict]
    For further information visit https://errors.pydantic.dev/2.12/v/missing
protected_ground_particular_social_group
  Field required [type=missing, input_value={'type': 'json_object'}, input_type=dict]
    For further information visit https://errors.pydantic.dev/2.12/v/missing
past_persecution_physical_violence
  Field required [type=missing, input_value={'type': 'json_object'}, input_type=dict]
    For further information visit https://errors.pydantic.dev/2.12/v/missing
past_persecution_death_threats
  Field required [type=missing, input_value={'type': 'json_object'}, input_type=dict]
    For further information visit https://errors.pydantic.dev/2.12/v/missing
persecutor_nongovernmental_actor
  Field required [type=missing, input_value={'type': 'json_object'}, input_type=dict]
    For further information visit https://errors.pydantic.dev/2.12/v/missing
credibility_finding
  Field required [type=missing, input_value={'type': 'json_object'}, input_type=dict]
    For further information visit https://errors.pydantic.dev/2.12/v/missing
bars_one_year_deadline_missed
  Field required [type=missing, input_value={'type': 'json_object'}, input_type=dict]
    For further information visit https://errors.pydantic.dev/2.12/v/missing
nexus_requirement_met
  Field required [type=missing, input_value={'type': 'json_object'}, input_type=dict]
    For further information visit https://errors.pydantic.dev/2.12/v/missing"
17-71346-2020-06-17,https://cdn.ca9.uscourts.gov/datastore/memoranda/2020/06/17/17-71346.pdf,deepseek-ai/deepseek-v4-flash,protected_ground_political_opinion,,,3629,"parse: ValidationError: 11 validation errors for FeatureResult
asylum_requested
  Field required [type=missing, input_value={'type': 'json_object'}, input_type=dict]
    For further information visit https://errors.pydantic.dev/2.12/v/missing
withholding_requested
  Field required [type=missing, input_value={'type': 'json_object'}, input_type=dict]
    For further information visit https://errors.pydantic.dev/2.12/v/missing
CAT_requested
  Field required [type=missing, input_value={'type': 'json_object'}, input_type=dict]
    For further information visit https://errors.pydantic.dev/2.12/v/missing
protected_ground_political_opinion
  Field required [type=missing, input_value={'type': 'json_object'}, input_type=dict]
    For further information visit https://errors.pydantic.dev/2.12/v/missing
protected_ground_particular_social_group
  Field required [type=missing, input_value={'type': 'json_object'}, input_type=dict]
    For further information visit https://errors.pydantic.dev/2.12/v/missing
past_persecution_physical_violence
  Field required [type=missing, input_value={'type': 'json_object'}, input_type=dict]
    For further information visit https://errors.pydantic.dev/2.12/v/missing
past_persecution_death_threats
  Field required [type=missing, input_value={'type': 'json_object'}, input_type=dict]
    For further information visit https://errors.pydantic.dev/2.12/v/missing
persecutor_nongovernmental_actor
  Field required [type=missing, input_value={'type': 'json_object'}, input_type=dict]
    For further information visit https://errors.pydantic.dev/2.12/v/missing
credibility_finding
  Field required [type=missing, input_value={'type': 'json_object'}, input_type=dict]
    For further information visit https://errors.pydantic.dev/2.12/v/missing
bars_one_year_deadline_missed
  Field required [type=missing, input_value={'type': 'json_object'}, input_type=dict]
    For further information visit https://errors.pydantic.dev/2.12/v/missing
nexus_requirement_met
  Field required [type=missing, input_value={'type': 'json_object'}, input_type=dict]
    For further information visit https://errors.pydantic.dev/2.12/v/missing"
17-71346-2020-06-17,https://cdn.ca9.uscourts.gov/datastore/memoranda/2020/06/17/17-71346.pdf,deepseek-ai/deepseek-v4-flash,protected_ground_particular_social_group,,,3629,"parse: ValidationError: 11 validation errors for FeatureResult
asylum_requested
  Field required [type=missing, input_value={'type': 'json_object'}, input_type=dict]
    For further information visit https://errors.pydantic.dev/2.12/v/missing
withholding_requested
  Field required [type=missing, input_value={'type': 'json_object'}, input_type=dict]
    For further information visit https://errors.pydantic.dev/2.12/v/missing
CAT_requested
  Field required [type=missing, input_value={'type': 'json_object'}, input_type=dict]
    For further information visit https://errors.pydantic.dev/2.12/v/missing
protected_ground_political_opinion
  Field required [type=missing, input_value={'type': 'json_object'}, input_type=dict]
    For further information visit https://errors.pydantic.dev/2.12/v/missing
protected_ground_particular_social_group
  Field required [type=missing, input_value={'type': 'json_object'}, input_type=dict]
    For further information visit https://errors.pydantic.dev/2.12/v/missing
past_persecution_physical_violence
  Field required [type=missing, input_value={'type': 'json_object'}, input_type=dict]
    For further information visit https://errors.pydantic.dev/2.12/v/missing
past_persecution_death_threats
  Field required [type=missing, input_value={'type': 'json_object'}, input_type=dict]
    For further information visit https://errors.pydantic.dev/2.12/v/missing
persecutor_nongovernmental_actor
  Field required [type=missing, input_value={'type': 'json_object'}, input_type=dict]
    For further information visit https://errors.pydantic.dev/2.12/v/missing
credibility_finding
  Field required [type=missing, input_value={'type': 'json_object'}, input_type=dict]
    For further information visit https://errors.pydantic.dev/2.12/v/missing
bars_one_year_deadline_missed
  Field required [type=missing, input_value={'type': 'json_object'}, input_type=dict]
    For further information visit https://errors.pydantic.dev/2.12/v/missing
nexus_requirement_met
  Field required [type=missing, input_value={'type': 'json_object'}, input_type=dict]
    For further information visit https://errors.pydantic.dev/2.12/v/missing"
17-71346-2020-06-17,https://cdn.ca9.uscourts.gov/datastore/memoranda/2020/06/17/17-71346.pdf,deepseek-ai/deepseek-v4-flash,past_persecution_physical_violence,,,3629,"parse: ValidationError: 11 validation errors for FeatureResult
asylum_requested
  Field required [type=missing, input_value={'type': 'json_object'}, input_type=dict]
    For further information visit https://errors.pydantic.dev/2.12/v/missing
withholding_requested
  Field required [type=missing, input_value={'type': 'json_object'}, input_type=dict]
    For further information visit https://errors.pydantic.dev/2.12/v/missing
CAT_requested
  Field required [type=missing, input_value={'type': 'json_object'}, input_type=dict]
    For further information visit https://errors.pydantic.dev/2.12/v/missing
protected_ground_political_opinion
  Field required [type=missing, input_value={'type': 'json_object'}, input_type=dict]
    For further information visit https://errors.pydantic.dev/2.12/v/missing
protected_ground_particular_social_group
  Field required [type=missing, input_value={'type': 'json_object'}, input_type=dict]
    For further information visit https://errors.pydantic.dev/2.12/v/missing
past_persecution_physical_violence
  Field required [type=missing, input_value={'type': 'json_object'}, input_type=dict]
    For further information visit https://errors.pydantic.dev/2.12/v/missing
past_persecution_death_threats
  Field required [type=missing, input_value={'type': 'json_object'}, input_type=dict]
    For further information visit https://errors.pydantic.dev/2.12/v/missing
persecutor_nongovernmental_actor
  Field required [type=missing, input_value={'type': 'json_object'}, input_type=dict]
    For further information visit https://errors.pydantic.dev/2.12/v/missing
credibility_finding
  Field required [type=missing, input_value={'type': 'json_object'}, input_type=dict]
    For further information visit https://errors.pydantic.dev/2.12/v/missing
bars_one_year_deadline_missed
  Field required [type=missing, input_value={'type': 'json_object'}, input_type=dict]
    For further information visit https://errors.pydantic.dev/2.12/v/missing
nexus_requirement_met
  Field required [type=missing, input_value={'type': 'json_object'}, input_type=dict]
    For further information visit https://errors.pydantic.dev/2.12/v/missing"
17-71346-2020-06-17,https://cdn.ca9.uscourts.gov/datastore/memoranda/2020/06/17/17-71346.pdf,deepseek-ai/deepseek-v4-flash,past_persecution_death_threats,,,3629,"parse: ValidationError: 11 validation errors for FeatureResult
asylum_requested
  Field required [type=missing, input_value={'type': 'json_object'}, input_type=dict]
    For further information visit https://errors.pydantic.dev/2.12/v/missing
withholding_requested
  Field required [type=missing, input_value={'type': 'json_object'}, input_type=dict]
    For further information visit https://errors.pydantic.dev/2.12/v/missing
CAT_requested
  Field required [type=missing, input_value={'type': 'json_object'}, input_type=dict]
    For further information visit https://errors.pydantic.dev/2.12/v/missing
protected_ground_political_opinion
  Field required [type=missing, input_value={'type': 'json_object'}, input_type=dict]
    For further information visit https://errors.pydantic.dev/2.12/v/missing
protected_ground_particular_social_group
  Field required [type=missing, input_value={'type': 'json_object'}, input_type=dict]
    For further information visit https://errors.pydantic.dev/2.12/v/missing
past_persecution_physical_violence
  Field required [type=missing, input_value={'type': 'json_object'}, input_type=dict]
    For further information visit https://errors.pydantic.dev/2.12/v/missing
past_persecution_death_threats
  Field required [type=missing, input_value={'type': 'json_object'}, input_type=dict]
    For further information visit https://errors.pydantic.dev/2.12/v/missing
persecutor_nongovernmental_actor
  Field required [type=missing, input_value={'type': 'json_object'}, input_type=dict]
    For further information visit https://errors.pydantic.dev/2.12/v/missing
credibility_finding
  Field required [type=missing, input_value={'type': 'json_object'}, input_type=dict]
    For further information visit https://errors.pydantic.dev/2.12/v/missing
bars_one_year_deadline_missed
  Field required [type=missing, input_value={'type': 'json_object'}, input_type=dict]
    For further information visit https://errors.pydantic.dev/2.12/v/missing
nexus_requirement_met
  Field required [type=missing, input_value={'type': 'json_object'}, input_type=dict]
    For further information visit https://errors.pydantic.dev/2.12/v/missing"
17-71346-2020-06-17,https://cdn.ca9.uscourts.gov/datastore/memoranda/2020/06/17/17-71346.pdf,deepseek-ai/deepseek-v4-flash,persecutor_nongovernmental_actor,,,3629,"parse: ValidationError: 11 validation errors for FeatureResult
asylum_requested
  Field required [type=missing, input_value={'type': 'json_object'}, input_type=dict]
    For further information visit https://errors.pydantic.dev/2.12/v/missing
withholding_requested
  Field required [type=missing, input_value={'type': 'json_object'}, input_type=dict]
    For further information visit https://errors.pydantic.dev/2.12/v/missing
CAT_requested
  Field required [type=missing, input_value={'type': 'json_object'}, input_type=dict]
    For further information visit https://errors.pydantic.dev/2.12/v/missing
protected_ground_political_opinion
  Field required [type=missing, input_value={'type': 'json_object'}, input_type=dict]
    For further information visit https://errors.pydantic.dev/2.12/v/missing
protected_ground_particular_social_group
  Field required [type=missing, input_value={'type': 'json_object'}, input_type=dict]
    For further information visit https://errors.pydantic.dev/2.12/v/missing
past_persecution_physical_violence
  Field required [type=missing, input_value={'type': 'json_object'}, input_type=dict]
    For further information visit https://errors.pydantic.dev/2.12/v/missing
past_persecution_death_threats
  Field required [type=missing, input_value={'type': 'json_object'}, input_type=dict]
    For further information visit https://errors.pydantic.dev/2.12/v/missing
persecutor_nongovernmental_actor
  Field required [type=missing, input_value={'type': 'json_object'}, input_type=dict]
    For further information visit https://errors.pydantic.dev/2.12/v/missing
credibility_finding
  Field required [type=missing, input_value={'type': 'json_object'}, input_type=dict]
    For further information visit https://errors.pydantic.dev/2.12/v/missing
bars_one_year_deadline_missed
  Field required [type=missing, input_value={'type': 'json_object'}, input_type=dict]
    For further information visit https://errors.pydantic.dev/2.12/v/missing
nexus_requirement_met
  Field required [type=missing, input_value={'type': 'json_object'}, input_type=dict]
    For further information visit https://errors.pydantic.dev/2.12/v/missing"
17-71346-2020-06-17,https://cdn.ca9.uscourts.gov/datastore/memoranda/2020/06/17/17-71346.pdf,deepseek-ai/deepseek-v4-flash,credibility_finding,,,3629,"parse: ValidationError: 11 validation errors for FeatureResult
asylum_requested
  Field required [type=missing, input_value={'type': 'json_object'}, input_type=dict]
    For further information visit https://errors.pydantic.dev/2.12/v/missing
withholding_requested
  Field required [type=missing, input_value={'type': 'json_object'}, input_type=dict]
    For further information visit https://errors.pydantic.dev/2.12/v/missing
CAT_requested
  Field required [type=missing, input_value={'type': 'json_object'}, input_type=dict]
    For further information visit https://errors.pydantic.dev/2.12/v/missing
protected_ground_political_opinion
  Field required [type=missing, input_value={'type': 'json_object'}, input_type=dict]
    For further information visit https://errors.pydantic.dev/2.12/v/missing
protected_ground_particular_social_group
  Field required [type=missing, input_value={'type': 'json_object'}, input_type=dict]
    For further information visit https://errors.pydantic.dev/2.12/v/missing
past_persecution_physical_violence
  Field required [type=missing, input_value={'type': 'json_object'}, input_type=dict]
    For further information visit https://errors.pydantic.dev/2.12/v/missing
past_persecution_death_threats
  Field required [type=missing, input_value={'type': 'json_object'}, input_type=dict]
    For further information visit https://errors.pydantic.dev/2.12/v/missing
persecutor_nongovernmental_actor
  Field required [type=missing, input_value={'type': 'json_object'}, input_type=dict]
    For further information visit https://errors.pydantic.dev/2.12/v/missing
credibility_finding
  Field required [type=missing, input_value={'type': 'json_object'}, input_type=dict]
    For further information visit https://errors.pydantic.dev/2.12/v/missing
bars_one_year_deadline_missed
  Field required [type=missing, input_value={'type': 'json_object'}, input_type=dict]
    For further information visit https://errors.pydantic.dev/2.12/v/missing
nexus_requirement_met
  Field required [type=missing, input_value={'type': 'json_object'}, input_type=dict]
    For further information visit https://errors.pydantic.dev/2.12/v/missing"
17-71346-2020-06-17,https://cdn.ca9.uscourts.gov/datastore/memoranda/2020/06/17/17-71346.pdf,deepseek-ai/deepseek-v4-flash,bars_one_year_deadline_missed,,,3629,"parse: ValidationError: 11 validation errors for FeatureResult
asylum_requested
  Field required [type=missing, input_value={'type': 'json_object'}, input_type=dict]
    For further information visit https://errors.pydantic.dev/2.12/v/missing
withholding_requested
  Field required [type=missing, input_value={'type': 'json_object'}, input_type=dict]
    For further information visit https://errors.pydantic.dev/2.12/v/missing
CAT_requested
  Field required [type=missing, input_value={'type': 'json_object'}, input_type=dict]
    For further information visit https://errors.pydantic.dev/2.12/v/missing
protected_ground_political_opinion
  Field required [type=missing, input_value={'type': 'json_object'}, input_type=dict]
    For further information visit https://errors.pydantic.dev/2.12/v/missing
protected_ground_particular_social_group
  Field required [type=missing, input_value={'type': 'json_object'}, input_type=dict]
    For further information visit https://errors.pydantic.dev/2.12/v/missing
past_persecution_physical_violence
  Field required [type=missing, input_value={'type': 'json_object'}, input_type=dict]
    For further information visit https://errors.pydantic.dev/2.12/v/missing
past_persecution_death_threats
  Field required [type=missing, input_value={'type': 'json_object'}, input_type=dict]
    For further information visit https://errors.pydantic.dev/2.12/v/missing
persecutor_nongovernmental_actor
  Field required [type=missing, input_value={'type': 'json_object'}, input_type=dict]
    For further information visit https://errors.pydantic.dev/2.12/v/missing
credibility_finding
  Field required [type=missing, input_value={'type': 'json_object'}, input_type=dict]
    For further information visit https://errors.pydantic.dev/2.12/v/missing
bars_one_year_deadline_missed
  Field required [type=missing, input_value={'type': 'json_object'}, input_type=dict]
    For further information visit https://errors.pydantic.dev/2.12/v/missing
nexus_requirement_met
  Field required [type=missing, input_value={'type': 'json_object'}, input_type=dict]
    For further information visit https://errors.pydantic.dev/2.12/v/missing"
17-71346-2020-06-17,https://cdn.ca9.uscourts.gov/datastore/memoranda/2020/06/17/17-71346.pdf,deepseek-ai/deepseek-v4-flash,nexus_requirement_met,,,3629,"parse: ValidationError: 11 validation errors for FeatureResult
asylum_requested
  Field required [type=missing, input_value={'type': 'json_object'}, input_type=dict]
    For further information visit https://errors.pydantic.dev/2.12/v/missing
withholding_requested
  Field required [type=missing, input_value={'type': 'json_object'}, input_type=dict]
    For further information visit https://errors.pydantic.dev/2.12/v/missing
CAT_requested
  Field required [type=missing, input_value={'type': 'json_object'}, input_type=dict]
    For further information visit https://errors.pydantic.dev/2.12/v/missing
protected_ground_political_opinion
  Field required [type=missing, input_value={'type': 'json_object'}, input_type=dict]
    For further information visit https://errors.pydantic.dev/2.12/v/missing
protected_ground_particular_social_group
  Field required [type=missing, input_value={'type': 'json_object'}, input_type=dict]
    For further information visit https://errors.pydantic.dev/2.12/v/missing
past_persecution_physical_violence
  Field required [type=missing, input_value={'type': 'json_object'}, input_type=dict]
    For further information visit https://errors.pydantic.dev/2.12/v/missing
past_persecution_death_threats
  Field required [type=missing, input_value={'type': 'json_object'}, input_type=dict]
    For further information visit https://errors.pydantic.dev/2.12/v/missing
persecutor_nongovernmental_actor
  Field required [type=missing, input_value={'type': 'json_object'}, input_type=dict]
    For further information visit https://errors.pydantic.dev/2.12/v/missing
credibility_finding
  Field required [type=missing, input_value={'type': 'json_object'}, input_type=dict]
    For further information visit https://errors.pydantic.dev/2.12/v/missing
bars_one_year_deadline_missed
  Field required [type=missing, input_value={'type': 'json_object'}, input_type=dict]
    For further information visit https://errors.pydantic.dev/2.12/v/missing
nexus_requirement_met
  Field required [type=missing, input_value={'type': 'json_object'}, input_type=dict]
    For further information visit https://errors.pydantic.dev/2.12/v/missing"
25-120-2025-12-16,https://cdn.ca9.uscourts.gov/datastore/memoranda/2025/12/16/25-120.pdf,deepseek-ai/deepseek-v4-flash,asylum_requested,True,"Valeria Banderas Duarte, a native and citizen of Mexico, and her children as derivative asylum applicants, petition for review of the Board of Immigration Appeals' (“BIA”) decision dismissing their appeal of the immigration judge's (“IJ”) order denying Banderas Duarte's applications for asylum, withholding of removal, and protection under the Convention Against Torture (“CAT”).",116460,
25-120-2025-12-16,https://cdn.ca9.uscourts.gov/datastore/memoranda/2025/12/16/25-120.pdf,deepseek-ai/deepseek-v4-flash,withholding_requested,True,"Valeria Banderas Duarte, a native and citizen of Mexico, and her children as derivative asylum applicants, petition for review of the Board of Immigration Appeals' (“BIA”) decision dismissing their appeal of the immigration judge's (“IJ”) order denying Banderas Duarte's applications for asylum, withholding of removal, and protection under the Convention Against Torture (“CAT”).",116460,
25-120-2025-12-16,https://cdn.ca9.uscourts.gov/datastore/memoranda/2025/12/16/25-120.pdf,deepseek-ai/deepseek-v4-flash,CAT_requested,True,"Valeria Banderas Duarte, a native and citizen of Mexico, and her children as derivative asylum applicants, petition for review of the Board of Immigration Appeals' (“BIA”) decision dismissing their appeal of the immigration judge's (“IJ”) order denying Banderas Duarte's applications for asylum, withholding of removal, and protection under the Convention Against Torture (“CAT”).",116460,
25-120-2025-12-16,https://cdn.ca9.uscourts.gov/datastore/memoranda/2025/12/16/25-120.pdf,deepseek-ai/deepseek-v4-flash,protected_ground_political_opinion,False,Not mentioned in the opinion.,116460,
25-120-2025-12-16,https://cdn.ca9.uscourts.gov/datastore/memoranda/2025/12/16/25-120.pdf,deepseek-ai/deepseek-v4-flash,protected_ground_particular_social_group,True,The Agency erred by failing to address Banderas Duarte's asylum and withholding of removal claims based on her proposed particular social group (“PSG”) of Mexican women.,116460,
25-120-2025-12-16,https://cdn.ca9.uscourts.gov/datastore/memoranda/2025/12/16/25-120.pdf,deepseek-ai/deepseek-v4-flash,past_persecution_physical_violence,True,Lead Petitioner also alleged that she was sexually abused by her brother when she was a minor.,116460,
25-120-2025-12-16,https://cdn.ca9.uscourts.gov/datastore/memoranda/2025/12/16/25-120.pdf,deepseek-ai/deepseek-v4-flash,past_persecution_death_threats,False,Not mentioned in the opinion.,116460,
25-120-2025-12-16,https://cdn.ca9.uscourts.gov/datastore/memoranda/2025/12/16/25-120.pdf,deepseek-ai/deepseek-v4-flash,persecutor_nongovernmental_actor,True,Lead Petitioner alleged that she was robbed 3 or 4 times while selling food. Lead Petitioner testified that the “only reason” the robber took her money was “just to do drugs. That’s what they use [the money] for.”,116460,
25-120-2025-12-16,https://cdn.ca9.uscourts.gov/datastore/memoranda/2025/12/16/25-120.pdf,deepseek-ai/deepseek-v4-flash,credibility_finding,False,Not mentioned in the opinion.,116460,
25-120-2025-12-16,https://cdn.ca9.uscourts.gov/datastore/memoranda/2025/12/16/25-120.pdf,deepseek-ai/deepseek-v4-flash,bars_one_year_deadline_missed,False,Not mentioned in the opinion.,116460,
25-120-2025-12-16,https://cdn.ca9.uscourts.gov/datastore/memoranda/2025/12/16/25-120.pdf,deepseek-ai/deepseek-v4-flash,nexus_requirement_met,False,"The BIA ruled that lead Petitioner could not demonstrate a “nexus” to any protected ground, which is dispositive on her asylum and withholding of removal claims.",116460,
18-70505-2020-12-07,https://cdn.ca9.uscourts.gov/datastore/memoranda/2020/12/07/18-70505.pdf,deepseek-ai/deepseek-v4-flash,asylum_requested,,,1021,"parse: ValidationError: 11 validation errors for FeatureResult
asylum_requested
  Field required [type=missing, input_value={'type': 'json_object'}, input_type=dict]
    For further information visit https://errors.pydantic.dev/2.12/v/missing
withholding_requested
  Field required [type=missing, input_value={'type': 'json_object'}, input_type=dict]
    For further information visit https://errors.pydantic.dev/2.12/v/missing
CAT_requested
  Field required [type=missing, input_value={'type': 'json_object'}, input_type=dict]
    For further information visit https://errors.pydantic.dev/2.12/v/missing
protected_ground_political_opinion
  Field required [type=missing, input_value={'type': 'json_object'}, input_type=dict]
    For further information visit https://errors.pydantic.dev/2.12/v/missing
protected_ground_particular_social_group
  Field required [type=missing, input_value={'type': 'json_object'}, input_type=dict]
    For further information visit https://errors.pydantic.dev/2.12/v/missing
past_persecution_physical_violence
  Field required [type=missing, input_value={'type': 'json_object'}, input_type=dict]
    For further information visit https://errors.pydantic.dev/2.12/v/missing
past_persecution_death_threats
  Field required [type=missing, input_value={'type': 'json_object'}, input_type=dict]
    For further information visit https://errors.pydantic.dev/2.12/v/missing
persecutor_nongovernmental_actor
  Field required [type=missing, input_value={'type': 'json_object'}, input_type=dict]
    For further information visit https://errors.pydantic.dev/2.12/v/missing
credibility_finding
  Field required [type=missing, input_value={'type': 'json_object'}, input_type=dict]
    For further information visit https://errors.pydantic.dev/2.12/v/missing
bars_one_year_deadline_missed
  Field required [type=missing, input_value={'type': 'json_object'}, input_type=dict]
    For further information visit https://errors.pydantic.dev/2.12/v/missing
nexus_requirement_met
  Field required [type=missing, input_value={'type': 'json_object'}, input_type=dict]
    For further information visit https://errors.pydantic.dev/2.12/v/missing"
18-70505-2020-12-07,https://cdn.ca9.uscourts.gov/datastore/memoranda/2020/12/07/18-70505.pdf,deepseek-ai/deepseek-v4-flash,withholding_requested,,,1021,"parse: ValidationError: 11 validation errors for FeatureResult
asylum_requested
  Field required [type=missing, input_value={'type': 'json_object'}, input_type=dict]
    For further information visit https://errors.pydantic.dev/2.12/v/missing
withholding_requested
  Field required [type=missing, input_value={'type': 'json_object'}, input_type=dict]
    For further information visit https://errors.pydantic.dev/2.12/v/missing
CAT_requested
  Field required [type=missing, input_value={'type': 'json_object'}, input_type=dict]
    For further information visit https://errors.pydantic.dev/2.12/v/missing
protected_ground_political_opinion
  Field required [type=missing, input_value={'type': 'json_object'}, input_type=dict]
    For further information visit https://errors.pydantic.dev/2.12/v/missing
protected_ground_particular_social_group
  Field required [type=missing, input_value={'type': 'json_object'}, input_type=dict]
    For further information visit https://errors.pydantic.dev/2.12/v/missing
past_persecution_physical_violence
  Field required [type=missing, input_value={'type': 'json_object'}, input_type=dict]
    For further information visit https://errors.pydantic.dev/2.12/v/missing
past_persecution_death_threats
  Field required [type=missing, input_value={'type': 'json_object'}, input_type=dict]
    For further information visit https://errors.pydantic.dev/2.12/v/missing
persecutor_nongovernmental_actor
  Field required [type=missing, input_value={'type': 'json_object'}, input_type=dict]
    For further information visit https://errors.pydantic.dev/2.12/v/missing
credibility_finding
  Field required [type=missing, input_value={'type': 'json_object'}, input_type=dict]
    For further information visit https://errors.pydantic.dev/2.12/v/missing
bars_one_year_deadline_missed
  Field required [type=missing, input_value={'type': 'json_object'}, input_type=dict]
    For further information visit https://errors.pydantic.dev/2.12/v/missing
nexus_requirement_met
  Field required [type=missing, input_value={'type': 'json_object'}, input_type=dict]
    For further information visit https://errors.pydantic.dev/2.12/v/missing"
18-70505-2020-12-07,https://cdn.ca9.uscourts.gov/datastore/memoranda/2020/12/07/18-70505.pdf,deepseek-ai/deepseek-v4-flash,CAT_requested,,,1021,"parse: ValidationError: 11 validation errors for FeatureResult
asylum_requested
  Field required [type=missing, input_value={'type': 'json_object'}, input_type=dict]
    For further information visit https://errors.pydantic.dev/2.12/v/missing
withholding_requested
  Field required [type=missing, input_value={'type': 'json_object'}, input_type=dict]
    For further information visit https://errors.pydantic.dev/2.12/v/missing
CAT_requested
  Field required [type=missing, input_value={'type': 'json_object'}, input_type=dict]
    For further information visit https://errors.pydantic.dev/2.12/v/missing
protected_ground_political_opinion
  Field required [type=missing, input_value={'type': 'json_object'}, input_type=dict]
    For further information visit https://errors.pydantic.dev/2.12/v/missing
protected_ground_particular_social_group
  Field required [type=missing, input_value={'type': 'json_object'}, input_type=dict]
    For further information visit https://errors.pydantic.dev/2.12/v/missing
past_persecution_physical_violence
  Field required [type=missing, input_value={'type': 'json_object'}, input_type=dict]
    For further information visit https://errors.pydantic.dev/2.12/v/missing
past_persecution_death_threats
  Field required [type=missing, input_value={'type': 'json_object'}, input_type=dict]
    For further information visit https://errors.pydantic.dev/2.12/v/missing
persecutor_nongovernmental_actor
  Field required [type=missing, input_value={'type': 'json_object'}, input_type=dict]
    For further information visit https://errors.pydantic.dev/2.12/v/missing
credibility_finding
  Field required [type=missing, input_value={'type': 'json_object'}, input_type=dict]
    For further information visit https://errors.pydantic.dev/2.12/v/missing
bars_one_year_deadline_missed
  Field required [type=missing, input_value={'type': 'json_object'}, input_type=dict]
    For further information visit https://errors.pydantic.dev/2.12/v/missing
nexus_requirement_met
  Field required [type=missing, input_value={'type': 'json_object'}, input_type=dict]
    For further information visit https://errors.pydantic.dev/2.12/v/missing"
18-70505-2020-12-07,https://cdn.ca9.uscourts.gov/datastore/memoranda/2020/12/07/18-70505.pdf,deepseek-ai/deepseek-v4-flash,protected_ground_political_opinion,,,1021,"parse: ValidationError: 11 validation errors for FeatureResult
asylum_requested
  Field required [type=missing, input_value={'type': 'json_object'}, input_type=dict]
    For further information visit https://errors.pydantic.dev/2.12/v/missing
withholding_requested
  Field required [type=missing, input_value={'type': 'json_object'}, input_type=dict]
    For further information visit https://errors.pydantic.dev/2.12/v/missing
CAT_requested
  Field required [type=missing, input_value={'type': 'json_object'}, input_type=dict]
    For further information visit https://errors.pydantic.dev/2.12/v/missing
protected_ground_political_opinion
  Field required [type=missing, input_value={'type': 'json_object'}, input_type=dict]
    For further information visit https://errors.pydantic.dev/2.12/v/missing
protected_ground_particular_social_group
  Field required [type=missing, input_value={'type': 'json_object'}, input_type=dict]
    For further information visit https://errors.pydantic.dev/2.12/v/missing
past_persecution_physical_violence
  Field required [type=missing, input_value={'type': 'json_object'}, input_type=dict]
    For further information visit https://errors.pydantic.dev/2.12/v/missing
past_persecution_death_threats
  Field required [type=missing, input_value={'type': 'json_object'}, input_type=dict]
    For further information visit https://errors.pydantic.dev/2.12/v/missing
persecutor_nongovernmental_actor
  Field required [type=missing, input_value={'type': 'json_object'}, input_type=dict]
    For further information visit https://errors.pydantic.dev/2.12/v/missing
credibility_finding
  Field required [type=missing, input_value={'type': 'json_object'}, input_type=dict]
    For further information visit https://errors.pydantic.dev/2.12/v/missing
bars_one_year_deadline_missed
  Field required [type=missing, input_value={'type': 'json_object'}, input_type=dict]
    For further information visit https://errors.pydantic.dev/2.12/v/missing
nexus_requirement_met
  Field required [type=missing, input_value={'type': 'json_object'}, input_type=dict]
    For further information visit https://errors.pydantic.dev/2.12/v/missing"
18-70505-2020-12-07,https://cdn.ca9.uscourts.gov/datastore/memoranda/2020/12/07/18-70505.pdf,deepseek-ai/deepseek-v4-flash,protected_ground_particular_social_group,,,1021,"parse: ValidationError: 11 validation errors for FeatureResult
asylum_requested
  Field required [type=missing, input_value={'type': 'json_object'}, input_type=dict]
    For further information visit https://errors.pydantic.dev/2.12/v/missing
withholding_requested
  Field required [type=missing, input_value={'type': 'json_object'}, input_type=dict]
    For further information visit https://errors.pydantic.dev/2.12/v/missing
CAT_requested
  Field required [type=missing, input_value={'type': 'json_object'}, input_type=dict]
    For further information visit https://errors.pydantic.dev/2.12/v/missing
protected_ground_political_opinion
  Field required [type=missing, input_value={'type': 'json_object'}, input_type=dict]
    For further information visit https://errors.pydantic.dev/2.12/v/missing
protected_ground_particular_social_group
  Field required [type=missing, input_value={'type': 'json_object'}, input_type=dict]
    For further information visit https://errors.pydantic.dev/2.12/v/missing
past_persecution_physical_violence
  Field required [type=missing, input_value={'type': 'json_object'}, input_type=dict]
    For further information visit https://errors.pydantic.dev/2.12/v/missing
past_persecution_death_threats
  Field required [type=missing, input_value={'type': 'json_object'}, input_type=dict]
    For further information visit https://errors.pydantic.dev/2.12/v/missing
persecutor_nongovernmental_actor
  Field required [type=missing, input_value={'type': 'json_object'}, input_type=dict]
    For further information visit https://errors.pydantic.dev/2.12/v/missing
credibility_finding
  Field required [type=missing, input_value={'type': 'json_object'}, input_type=dict]
    For further information visit https://errors.pydantic.dev/2.12/v/missing
bars_one_year_deadline_missed
  Field required [type=missing, input_value={'type': 'json_object'}, input_type=dict]
    For further information visit https://errors.pydantic.dev/2.12/v/missing
nexus_requirement_met
  Field required [type=missing, input_value={'type': 'json_object'}, input_type=dict]
    For further information visit https://errors.pydantic.dev/2.12/v/missing"
18-70505-2020-12-07,https://cdn.ca9.uscourts.gov/datastore/memoranda/2020/12/07/18-70505.pdf,deepseek-ai/deepseek-v4-flash,past_persecution_physical_violence,,,1021,"parse: ValidationError: 11 validation errors for FeatureResult
asylum_requested
  Field required [type=missing, input_value={'type': 'json_object'}, input_type=dict]
    For further information visit https://errors.pydantic.dev/2.12/v/missing
withholding_requested
  Field required [type=missing, input_value={'type': 'json_object'}, input_type=dict]
    For further information visit https://errors.pydantic.dev/2.12/v/missing
CAT_requested
  Field required [type=missing, input_value={'type': 'json_object'}, input_type=dict]
    For further information visit https://errors.pydantic.dev/2.12/v/missing
protected_ground_political_opinion
  Field required [type=missing, input_value={'type': 'json_object'}, input_type=dict]
    For further information visit https://errors.pydantic.dev/2.12/v/missing
protected_ground_particular_social_group
  Field required [type=missing, input_value={'type': 'json_object'}, input_type=dict]
    For further information visit https://errors.pydantic.dev/2.12/v/missing
past_persecution_physical_violence
  Field required [type=missing, input_value={'type': 'json_object'}, input_type=dict]
    For further information visit https://errors.pydantic.dev/2.12/v/missing
past_persecution_death_threats
  Field required [type=missing, input_value={'type': 'json_object'}, input_type=dict]
    For further information visit https://errors.pydantic.dev/2.12/v/missing
persecutor_nongovernmental_actor
  Field required [type=missing, input_value={'type': 'json_object'}, input_type=dict]
    For further information visit https://errors.pydantic.dev/2.12/v/missing
credibility_finding
  Field required [type=missing, input_value={'type': 'json_object'}, input_type=dict]
    For further information visit https://errors.pydantic.dev/2.12/v/missing
bars_one_year_deadline_missed
  Field required [type=missing, input_value={'type': 'json_object'}, input_type=dict]
    For further information visit https://errors.pydantic.dev/2.12/v/missing
nexus_requirement_met
  Field required [type=missing, input_value={'type': 'json_object'}, input_type=dict]
    For further information visit https://errors.pydantic.dev/2.12/v/missing"
18-70505-2020-12-07,https://cdn.ca9.uscourts.gov/datastore/memoranda/2020/12/07/18-70505.pdf,deepseek-ai/deepseek-v4-flash,past_persecution_death_threats,,,1021,"parse: ValidationError: 11 validation errors for FeatureResult
asylum_requested
  Field required [type=missing, input_value={'type': 'json_object'}, input_type=dict]
    For further information visit https://errors.pydantic.dev/2.12/v/missing
withholding_requested
  Field required [type=missing, input_value={'type': 'json_object'}, input_type=dict]
    For further information visit https://errors.pydantic.dev/2.12/v/missing
CAT_requested
  Field required [type=missing, input_value={'type': 'json_object'}, input_type=dict]
    For further information visit https://errors.pydantic.dev/2.12/v/missing
protected_ground_political_opinion
  Field required [type=missing, input_value={'type': 'json_object'}, input_type=dict]
    For further information visit https://errors.pydantic.dev/2.12/v/missing
protected_ground_particular_social_group
  Field required [type=missing, input_value={'type': 'json_object'}, input_type=dict]
    For further information visit https://errors.pydantic.dev/2.12/v/missing
past_persecution_physical_violence
  Field required [type=missing, input_value={'type': 'json_object'}, input_type=dict]
    For further information visit https://errors.pydantic.dev/2.12/v/missing
past_persecution_death_threats
  Field required [type=missing, input_value={'type': 'json_object'}, input_type=dict]
    For further information visit https://errors.pydantic.dev/2.12/v/missing
persecutor_nongovernmental_actor
  Field required [type=missing, input_value={'type': 'json_object'}, input_type=dict]
    For further information visit https://errors.pydantic.dev/2.12/v/missing
credibility_finding
  Field required [type=missing, input_value={'type': 'json_object'}, input_type=dict]
    For further information visit https://errors.pydantic.dev/2.12/v/missing
bars_one_year_deadline_missed
  Field required [type=missing, input_value={'type': 'json_object'}, input_type=dict]
    For further information visit https://errors.pydantic.dev/2.12/v/missing
nexus_requirement_met
  Field required [type=missing, input_value={'type': 'json_object'}, input_type=dict]
    For further information visit https://errors.pydantic.dev/2.12/v/missing"
18-70505-2020-12-07,https://cdn.ca9.uscourts.gov/datastore/memoranda/2020/12/07/18-70505.pdf,deepseek-ai/deepseek-v4-flash,persecutor_nongovernmental_actor,,,1021,"parse: ValidationError: 11 validation errors for FeatureResult
asylum_requested
  Field required [type=missing, input_value={'type': 'json_object'}, input_type=dict]
    For further information visit https://errors.pydantic.dev/2.12/v/missing
withholding_requested
  Field required [type=missing, input_value={'type': 'json_object'}, input_type=dict]
    For further information visit https://errors.pydantic.dev/2.12/v/missing
CAT_requested
  Field required [type=missing, input_value={'type': 'json_object'}, input_type=dict]
    For further information visit https://errors.pydantic.dev/2.12/v/missing
protected_ground_political_opinion
  Field required [type=missing, input_value={'type': 'json_object'}, input_type=dict]
    For further information visit https://errors.pydantic.dev/2.12/v/missing
protected_ground_particular_social_group
  Field required [type=missing, input_value={'type': 'json_object'}, input_type=dict]
    For further information visit https://errors.pydantic.dev/2.12/v/missing
past_persecution_physical_violence
  Field required [type=missing, input_value={'type': 'json_object'}, input_type=dict]
    For further information visit https://errors.pydantic.dev/2.12/v/missing
past_persecution_death_threats
  Field required [type=missing, input_value={'type': 'json_object'}, input_type=dict]
    For further information visit https://errors.pydantic.dev/2.12/v/missing
persecutor_nongovernmental_actor
  Field required [type=missing, input_value={'type': 'json_object'}, input_type=dict]
    For further information visit https://errors.pydantic.dev/2.12/v/missing
credibility_finding
  Field required [type=missing, input_value={'type': 'json_object'}, input_type=dict]
    For further information visit https://errors.pydantic.dev/2.12/v/missing
bars_one_year_deadline_missed
  Field required [type=missing, input_value={'type': 'json_object'}, input_type=dict]
    For further information visit https://errors.pydantic.dev/2.12/v/missing
nexus_requirement_met
  Field required [type=missing, input_value={'type': 'json_object'}, input_type=dict]
    For further information visit https://errors.pydantic.dev/2.12/v/missing"
18-70505-2020-12-07,https://cdn.ca9.uscourts.gov/datastore/memoranda/2020/12/07/18-70505.pdf,deepseek-ai/deepseek-v4-flash,credibility_finding,,,1021,"parse: ValidationError: 11 validation errors for FeatureResult
asylum_requested
  Field required [type=missing, input_value={'type': 'json_object'}, input_type=dict]
    For further information visit https://errors.pydantic.dev/2.12/v/missing
withholding_requested
  Field required [type=missing, input_value={'type': 'json_object'}, input_type=dict]
    For further information visit https://errors.pydantic.dev/2.12/v/missing
CAT_requested
  Field required [type=missing, input_value={'type': 'json_object'}, input_type=dict]
    For further information visit https://errors.pydantic.dev/2.12/v/missing
protected_ground_political_opinion
  Field required [type=missing, input_value={'type': 'json_object'}, input_type=dict]
    For further information visit https://errors.pydantic.dev/2.12/v/missing
protected_ground_particular_social_group
  Field required [type=missing, input_value={'type': 'json_object'}, input_type=dict]
    For further information visit https://errors.pydantic.dev/2.12/v/missing
past_persecution_physical_violence
  Field required [type=missing, input_value={'type': 'json_object'}, input_type=dict]
    For further information visit https://errors.pydantic.dev/2.12/v/missing
past_persecution_death_threats
  Field required [type=missing, input_value={'type': 'json_object'}, input_type=dict]
    For further information visit https://errors.pydantic.dev/2.12/v/missing
persecutor_nongovernmental_actor
  Field required [type=missing, input_value={'type': 'json_object'}, input_type=dict]
    For further information visit https://errors.pydantic.dev/2.12/v/missing
credibility_finding
  Field required [type=missing, input_value={'type': 'json_object'}, input_type=dict]
    For further information visit https://errors.pydantic.dev/2.12/v/missing
bars_one_year_deadline_missed
  Field required [type=missing, input_value={'type': 'json_object'}, input_type=dict]
    For further information visit https://errors.pydantic.dev/2.12/v/missing
nexus_requirement_met
  Field required [type=missing, input_value={'type': 'json_object'}, input_type=dict]
    For further information visit https://errors.pydantic.dev/2.12/v/missing"
18-70505-2020-12-07,https://cdn.ca9.uscourts.gov/datastore/memoranda/2020/12/07/18-70505.pdf,deepseek-ai/deepseek-v4-flash,bars_one_year_deadline_missed,,,1021,"parse: ValidationError: 11 validation errors for FeatureResult
asylum_requested
  Field required [type=missing, input_value={'type': 'json_object'}, input_type=dict]
    For further information visit https://errors.pydantic.dev/2.12/v/missing
withholding_requested
  Field required [type=missing, input_value={'type': 'json_object'}, input_type=dict]
    For further information visit https://errors.pydantic.dev/2.12/v/missing
CAT_requested
  Field required [type=missing, input_value={'type': 'json_object'}, input_type=dict]
    For further information visit https://errors.pydantic.dev/2.12/v/missing
protected_ground_political_opinion
  Field required [type=missing, input_value={'type': 'json_object'}, input_type=dict]
    For further information visit https://errors.pydantic.dev/2.12/v/missing
protected_ground_particular_social_group
  Field required [type=missing, input_value={'type': 'json_object'}, input_type=dict]
    For further information visit https://errors.pydantic.dev/2.12/v/missing
past_persecution_physical_violence
  Field required [type=missing, input_value={'type': 'json_object'}, input_type=dict]
    For further information visit https://errors.pydantic.dev/2.12/v/missing
past_persecution_death_threats
  Field required [type=missing, input_value={'type': 'json_object'}, input_type=dict]
    For further information visit https://errors.pydantic.dev/2.12/v/missing
persecutor_nongovernmental_actor
  Field required [type=missing, input_value={'type': 'json_object'}, input_type=dict]
    For further information visit https://errors.pydantic.dev/2.12/v/missing
credibility_finding
  Field required [type=missing, input_value={'type': 'json_object'}, input_type=dict]
    For further information visit https://errors.pydantic.dev/2.12/v/missing
bars_one_year_deadline_missed
  Field required [type=missing, input_value={'type': 'json_object'}, input_type=dict]
    For further information visit https://errors.pydantic.dev/2.12/v/missing
nexus_requirement_met
  Field required [type=missing, input_value={'type': 'json_object'}, input_type=dict]
    For further information visit https://errors.pydantic.dev/2.12/v/missing"
18-70505-2020-12-07,https://cdn.ca9.uscourts.gov/datastore/memoranda/2020/12/07/18-70505.pdf,deepseek-ai/deepseek-v4-flash,nexus_requirement_met,,,1021,"parse: ValidationError: 11 validation errors for FeatureResult
asylum_requested
  Field required [type=missing, input_value={'type': 'json_object'}, input_type=dict]
    For further information visit https://errors.pydantic.dev/2.12/v/missing
withholding_requested
  Field required [type=missing, input_value={'type': 'json_object'}, input_type=dict]
    For further information visit https://errors.pydantic.dev/2.12/v/missing
CAT_requested
  Field required [type=missing, input_value={'type': 'json_object'}, input_type=dict]
    For further information visit https://errors.pydantic.dev/2.12/v/missing
protected_ground_political_opinion
  Field required [type=missing, input_value={'type': 'json_object'}, input_type=dict]
    For further information visit https://errors.pydantic.dev/2.12/v/missing
protected_ground_particular_social_group
  Field required [type=missing, input_value={'type': 'json_object'}, input_type=dict]
    For further information visit https://errors.pydantic.dev/2.12/v/missing
past_persecution_physical_violence
  Field required [type=missing, input_value={'type': 'json_object'}, input_type=dict]
    For further information visit https://errors.pydantic.dev/2.12/v/missing
past_persecution_death_threats
  Field required [type=missing, input_value={'type': 'json_object'}, input_type=dict]
    For further information visit https://errors.pydantic.dev/2.12/v/missing
persecutor_nongovernmental_actor
  Field required [type=missing, input_value={'type': 'json_object'}, input_type=dict]
    For further information visit https://errors.pydantic.dev/2.12/v/missing
credibility_finding
  Field required [type=missing, input_value={'type': 'json_object'}, input_type=dict]
    For further information visit https://errors.pydantic.dev/2.12/v/missing
bars_one_year_deadline_missed
  Field required [type=missing, input_value={'type': 'json_object'}, input_type=dict]
    For further information visit https://errors.pydantic.dev/2.12/v/missing
nexus_requirement_met
  Field required [type=missing, input_value={'type': 'json_object'}, input_type=dict]
    For further information visit https://errors.pydantic.dev/2.12/v/missing"
18-71905-2021-01-28,https://cdn.ca9.uscourts.gov/datastore/memoranda/2021/01/28/18-71905.pdf,deepseek-ai/deepseek-v4-flash,asylum_requested,True,"denying his application for asylum, withholding of removal, and relief under the Convention Against Torture.",31424,
18-71905-2021-01-28,https://cdn.ca9.uscourts.gov/datastore/memoranda/2021/01/28/18-71905.pdf,deepseek-ai/deepseek-v4-flash,withholding_requested,True,"denying his application for asylum, withholding of removal, and relief under the Convention Against Torture.",31424,
18-71905-2021-01-28,https://cdn.ca9.uscourts.gov/datastore/memoranda/2021/01/28/18-71905.pdf,deepseek-ai/deepseek-v4-flash,CAT_requested,True,"denying his application for asylum, withholding of removal, and relief under the Convention Against Torture.",31424,
18-71905-2021-01-28,https://cdn.ca9.uscourts.gov/datastore/memoranda/2021/01/28/18-71905.pdf,deepseek-ai/deepseek-v4-flash,protected_ground_political_opinion,False,Not mentioned in the opinion.,31424,
18-71905-2021-01-28,https://cdn.ca9.uscourts.gov/datastore/memoranda/2021/01/28/18-71905.pdf,deepseek-ai/deepseek-v4-flash,protected_ground_particular_social_group,False,Not mentioned in the opinion.,31424,
18-71905-2021-01-28,https://cdn.ca9.uscourts.gov/datastore/memoranda/2021/01/28/18-71905.pdf,deepseek-ai/deepseek-v4-flash,past_persecution_physical_violence,False,Not mentioned in the opinion.,31424,
18-71905-2021-01-28,https://cdn.ca9.uscourts.gov/datastore/memoranda/2021/01/28/18-71905.pdf,deepseek-ai/deepseek-v4-flash,past_persecution_death_threats,False,Not mentioned in the opinion.,31424,
18-71905-2021-01-28,https://cdn.ca9.uscourts.gov/datastore/memoranda/2021/01/28/18-71905.pdf,deepseek-ai/deepseek-v4-flash,persecutor_nongovernmental_actor,False,Not mentioned in the opinion.,31424,
18-71905-2021-01-28,https://cdn.ca9.uscourts.gov/datastore/memoranda/2021/01/28/18-71905.pdf,deepseek-ai/deepseek-v4-flash,credibility_finding,False,Not mentioned in the opinion.,31424,
18-71905-2021-01-28,https://cdn.ca9.uscourts.gov/datastore/memoranda/2021/01/28/18-71905.pdf,deepseek-ai/deepseek-v4-flash,bars_one_year_deadline_missed,False,Not mentioned in the opinion.,31424,
18-71905-2021-01-28,https://cdn.ca9.uscourts.gov/datastore/memoranda/2021/01/28/18-71905.pdf,deepseek-ai/deepseek-v4-flash,nexus_requirement_met,False,Not mentioned in the opinion.,31424,
18-70084-2020-07-17,https://cdn.ca9.uscourts.gov/datastore/memoranda/2020/07/17/18-70084.pdf,deepseek-ai/deepseek-v4-flash,asylum_requested,,,443,"parse: ValidationError: 11 validation errors for FeatureResult
asylum_requested
  Field required [type=missing, input_value={'type': 'json_object'}, input_type=dict]
    For further information visit https://errors.pydantic.dev/2.12/v/missing
withholding_requested
  Field required [type=missing, input_value={'type': 'json_object'}, input_type=dict]
    For further information visit https://errors.pydantic.dev/2.12/v/missing
CAT_requested
  Field required [type=missing, input_value={'type': 'json_object'}, input_type=dict]
    For further information visit https://errors.pydantic.dev/2.12/v/missing
protected_ground_political_opinion
  Field required [type=missing, input_value={'type': 'json_object'}, input_type=dict]
    For further information visit https://errors.pydantic.dev/2.12/v/missing
protected_ground_particular_social_group
  Field required [type=missing, input_value={'type': 'json_object'}, input_type=dict]
    For further information visit https://errors.pydantic.dev/2.12/v/missing
past_persecution_physical_violence
  Field required [type=missing, input_value={'type': 'json_object'}, input_type=dict]
    For further information visit https://errors.pydantic.dev/2.12/v/missing
past_persecution_death_threats
  Field required [type=missing, input_value={'type': 'json_object'}, input_type=dict]
    For further information visit https://errors.pydantic.dev/2.12/v/missing
persecutor_nongovernmental_actor
  Field required [type=missing, input_value={'type': 'json_object'}, input_type=dict]
    For further information visit https://errors.pydantic.dev/2.12/v/missing
credibility_finding
  Field required [type=missing, input_value={'type': 'json_object'}, input_type=dict]
    For further information visit https://errors.pydantic.dev/2.12/v/missing
bars_one_year_deadline_missed
  Field required [type=missing, input_value={'type': 'json_object'}, input_type=dict]
    For further information visit https://errors.pydantic.dev/2.12/v/missing
nexus_requirement_met
  Field required [type=missing, input_value={'type': 'json_object'}, input_type=dict]
    For further information visit https://errors.pydantic.dev/2.12/v/missing"
18-70084-2020-07-17,https://cdn.ca9.uscourts.gov/datastore/memoranda/2020/07/17/18-70084.pdf,deepseek-ai/deepseek-v4-flash,withholding_requested,,,443,"parse: ValidationError: 11 validation errors for FeatureResult
asylum_requested
  Field required [type=missing, input_value={'type': 'json_object'}, input_type=dict]
    For further information visit https://errors.pydantic.dev/2.12/v/missing
withholding_requested
  Field required [type=missing, input_value={'type': 'json_object'}, input_type=dict]
    For further information visit https://errors.pydantic.dev/2.12/v/missing
CAT_requested
  Field required [type=missing, input_value={'type': 'json_object'}, input_type=dict]
    For further information visit https://errors.pydantic.dev/2.12/v/missing
protected_ground_political_opinion
  Field required [type=missing, input_value={'type': 'json_object'}, input_type=dict]
    For further information visit https://errors.pydantic.dev/2.12/v/missing
protected_ground_particular_social_group
  Field required [type=missing, input_value={'type': 'json_object'}, input_type=dict]
    For further information visit https://errors.pydantic.dev/2.12/v/missing
past_persecution_physical_violence
  Field required [type=missing, input_value={'type': 'json_object'}, input_type=dict]
    For further information visit https://errors.pydantic.dev/2.12/v/missing
past_persecution_death_threats
  Field required [type=missing, input_value={'type': 'json_object'}, input_type=dict]
    For further information visit https://errors.pydantic.dev/2.12/v/missing
persecutor_nongovernmental_actor
  Field required [type=missing, input_value={'type': 'json_object'}, input_type=dict]
    For further information visit https://errors.pydantic.dev/2.12/v/missing
credibility_finding
  Field required [type=missing, input_value={'type': 'json_object'}, input_type=dict]
    For further information visit https://errors.pydantic.dev/2.12/v/missing
bars_one_year_deadline_missed
  Field required [type=missing, input_value={'type': 'json_object'}, input_type=dict]
    For further information visit https://errors.pydantic.dev/2.12/v/missing
nexus_requirement_met
  Field required [type=missing, input_value={'type': 'json_object'}, input_type=dict]
    For further information visit https://errors.pydantic.dev/2.12/v/missing"
18-70084-2020-07-17,https://cdn.ca9.uscourts.gov/datastore/memoranda/2020/07/17/18-70084.pdf,deepseek-ai/deepseek-v4-flash,CAT_requested,,,443,"parse: ValidationError: 11 validation errors for FeatureResult
asylum_requested
  Field required [type=missing, input_value={'type': 'json_object'}, input_type=dict]
    For further information visit https://errors.pydantic.dev/2.12/v/missing
withholding_requested
  Field required [type=missing, input_value={'type': 'json_object'}, input_type=dict]
    For further information visit https://errors.pydantic.dev/2.12/v/missing
CAT_requested
  Field required [type=missing, input_value={'type': 'json_object'}, input_type=dict]
    For further information visit https://errors.pydantic.dev/2.12/v/missing
protected_ground_political_opinion
  Field required [type=missing, input_value={'type': 'json_object'}, input_type=dict]
    For further information visit https://errors.pydantic.dev/2.12/v/missing
protected_ground_particular_social_group
  Field required [type=missing, input_value={'type': 'json_object'}, input_type=dict]
    For further information visit https://errors.pydantic.dev/2.12/v/missing
past_persecution_physical_violence
  Field required [type=missing, input_value={'type': 'json_object'}, input_type=dict]
    For further information visit https://errors.pydantic.dev/2.12/v/missing
past_persecution_death_threats
  Field required [type=missing, input_value={'type': 'json_object'}, input_type=dict]
    For further information visit https://errors.pydantic.dev/2.12/v/missing
persecutor_nongovernmental_actor
  Field required [type=missing, input_value={'type': 'json_object'}, input_type=dict]
    For further information visit https://errors.pydantic.dev/2.12/v/missing
credibility_finding
  Field required [type=missing, input_value={'type': 'json_object'}, input_type=dict]
    For further information visit https://errors.pydantic.dev/2.12/v/missing
bars_one_year_deadline_missed
  Field required [type=missing, input_value={'type': 'json_object'}, input_type=dict]
    For further information visit https://errors.pydantic.dev/2.12/v/missing
nexus_requirement_met
  Field required [type=missing, input_value={'type': 'json_object'}, input_type=dict]
    For further information visit https://errors.pydantic.dev/2.12/v/missing"
18-70084-2020-07-17,https://cdn.ca9.uscourts.gov/datastore/memoranda/2020/07/17/18-70084.pdf,deepseek-ai/deepseek-v4-flash,protected_ground_political_opinion,,,443,"parse: ValidationError: 11 validation errors for FeatureResult
asylum_requested
  Field required [type=missing, input_value={'type': 'json_object'}, input_type=dict]
    For further information visit https://errors.pydantic.dev/2.12/v/missing
withholding_requested
  Field required [type=missing, input_value={'type': 'json_object'}, input_type=dict]
    For further information visit https://errors.pydantic.dev/2.12/v/missing
CAT_requested
  Field required [type=missing, input_value={'type': 'json_object'}, input_type=dict]
    For further information visit https://errors.pydantic.dev/2.12/v/missing
protected_ground_political_opinion
  Field required [type=missing, input_value={'type': 'json_object'}, input_type=dict]
    For further information visit https://errors.pydantic.dev/2.12/v/missing
protected_ground_particular_social_group
  Field required [type=missing, input_value={'type': 'json_object'}, input_type=dict]
    For further information visit https://errors.pydantic.dev/2.12/v/missing
past_persecution_physical_violence
  Field required [type=missing, input_value={'type': 'json_object'}, input_type=dict]
    For further information visit https://errors.pydantic.dev/2.12/v/missing
past_persecution_death_threats
  Field required [type=missing, input_value={'type': 'json_object'}, input_type=dict]
    For further information visit https://errors.pydantic.dev/2.12/v/missing
persecutor_nongovernmental_actor
  Field required [type=missing, input_value={'type': 'json_object'}, input_type=dict]
    For further information visit https://errors.pydantic.dev/2.12/v/missing
credibility_finding
  Field required [type=missing, input_value={'type': 'json_object'}, input_type=dict]
    For further information visit https://errors.pydantic.dev/2.12/v/missing
bars_one_year_deadline_missed
  Field required [type=missing, input_value={'type': 'json_object'}, input_type=dict]
    For further information visit https://errors.pydantic.dev/2.12/v/missing
nexus_requirement_met
  Field required [type=missing, input_value={'type': 'json_object'}, input_type=dict]
    For further information visit https://errors.pydantic.dev/2.12/v/missing"
18-70084-2020-07-17,https://cdn.ca9.uscourts.gov/datastore/memoranda/2020/07/17/18-70084.pdf,deepseek-ai/deepseek-v4-flash,protected_ground_particular_social_group,,,443,"parse: ValidationError: 11 validation errors for FeatureResult
asylum_requested
  Field required [type=missing, input_value={'type': 'json_object'}, input_type=dict]
    For further information visit https://errors.pydantic.dev/2.12/v/missing
withholding_requested
  Field required [type=missing, input_value={'type': 'json_object'}, input_type=dict]
    For further information visit https://errors.pydantic.dev/2.12/v/missing
CAT_requested
  Field required [type=missing, input_value={'type': 'json_object'}, input_type=dict]
    For further information visit https://errors.pydantic.dev/2.12/v/missing
protected_ground_political_opinion
  Field required [type=missing, input_value={'type': 'json_object'}, input_type=dict]
    For further information visit https://errors.pydantic.dev/2.12/v/missing
protected_ground_particular_social_group
  Field required [type=missing, input_value={'type': 'json_object'}, input_type=dict]
    For further information visit https://errors.pydantic.dev/2.12/v/missing
past_persecution_physical_violence
  Field required [type=missing, input_value={'type': 'json_object'}, input_type=dict]
    For further information visit https://errors.pydantic.dev/2.12/v/missing
past_persecution_death_threats
  Field required [type=missing, input_value={'type': 'json_object'}, input_type=dict]
    For further information visit https://errors.pydantic.dev/2.12/v/missing
persecutor_nongovernmental_actor
  Field required [type=missing, input_value={'type': 'json_object'}, input_type=dict]
    For further information visit https://errors.pydantic.dev/2.12/v/missing
credibility_finding
  Field required [type=missing, input_value={'type': 'json_object'}, input_type=dict]
    For further information visit https://errors.pydantic.dev/2.12/v/missing
bars_one_year_deadline_missed
  Field required [type=missing, input_value={'type': 'json_object'}, input_type=dict]
    For further information visit https://errors.pydantic.dev/2.12/v/missing
nexus_requirement_met
  Field required [type=missing, input_value={'type': 'json_object'}, input_type=dict]
    For further information visit https://errors.pydantic.dev/2.12/v/missing"
18-70084-2020-07-17,https://cdn.ca9.uscourts.gov/datastore/memoranda/2020/07/17/18-70084.pdf,deepseek-ai/deepseek-v4-flash,past_persecution_physical_violence,,,443,"parse: ValidationError: 11 validation errors for FeatureResult
asylum_requested
  Field required [type=missing, input_value={'type': 'json_object'}, input_type=dict]
    For further information visit https://errors.pydantic.dev/2.12/v/missing
withholding_requested
  Field required [type=missing, input_value={'type': 'json_object'}, input_type=dict]
    For further information visit https://errors.pydantic.dev/2.12/v/missing
CAT_requested
  Field required [type=missing, input_value={'type': 'json_object'}, input_type=dict]
    For further information visit https://errors.pydantic.dev/2.12/v/missing
protected_ground_political_opinion
  Field required [type=missing, input_value={'type': 'json_object'}, input_type=dict]
    For further information visit https://errors.pydantic.dev/2.12/v/missing
protected_ground_particular_social_group
  Field required [type=missing, input_value={'type': 'json_object'}, input_type=dict]
    For further information visit https://errors.pydantic.dev/2.12/v/missing
past_persecution_physical_violence
  Field required [type=missing, input_value={'type': 'json_object'}, input_type=dict]
    For further information visit https://errors.pydantic.dev/2.12/v/missing
past_persecution_death_threats
  Field required [type=missing, input_value={'type': 'json_object'}, input_type=dict]
    For further information visit https://errors.pydantic.dev/2.12/v/missing
persecutor_nongovernmental_actor
  Field required [type=missing, input_value={'type': 'json_object'}, input_type=dict]
    For further information visit https://errors.pydantic.dev/2.12/v/missing
credibility_finding
  Field required [type=missing, input_value={'type': 'json_object'}, input_type=dict]
    For further information visit https://errors.pydantic.dev/2.12/v/missing
bars_one_year_deadline_missed
  Field required [type=missing, input_value={'type': 'json_object'}, input_type=dict]
    For further information visit https://errors.pydantic.dev/2.12/v/missing
nexus_requirement_met
  Field required [type=missing, input_value={'type': 'json_object'}, input_type=dict]
    For further information visit https://errors.pydantic.dev/2.12/v/missing"
18-70084-2020-07-17,https://cdn.ca9.uscourts.gov/datastore/memoranda/2020/07/17/18-70084.pdf,deepseek-ai/deepseek-v4-flash,past_persecution_death_threats,,,443,"parse: ValidationError: 11 validation errors for FeatureResult
asylum_requested
  Field required [type=missing, input_value={'type': 'json_object'}, input_type=dict]
    For further information visit https://errors.pydantic.dev/2.12/v/missing
withholding_requested
  Field required [type=missing, input_value={'type': 'json_object'}, input_type=dict]
    For further information visit https://errors.pydantic.dev/2.12/v/missing
CAT_requested
  Field required [type=missing, input_value={'type': 'json_object'}, input_type=dict]
    For further information visit https://errors.pydantic.dev/2.12/v/missing
protected_ground_political_opinion
  Field required [type=missing, input_value={'type': 'json_object'}, input_type=dict]
    For further information visit https://errors.pydantic.dev/2.12/v/missing
protected_ground_particular_social_group
  Field required [type=missing, input_value={'type': 'json_object'}, input_type=dict]
    For further information visit https://errors.pydantic.dev/2.12/v/missing
past_persecution_physical_violence
  Field required [type=missing, input_value={'type': 'json_object'}, input_type=dict]
    For further information visit https://errors.pydantic.dev/2.12/v/missing
past_persecution_death_threats
  Field required [type=missing, input_value={'type': 'json_object'}, input_type=dict]
    For further information visit https://errors.pydantic.dev/2.12/v/missing
persecutor_nongovernmental_actor
  Field required [type=missing, input_value={'type': 'json_object'}, input_type=dict]
    For further information visit https://errors.pydantic.dev/2.12/v/missing
credibility_finding
  Field required [type=missing, input_value={'type': 'json_object'}, input_type=dict]
    For further information visit https://errors.pydantic.dev/2.12/v/missing
bars_one_year_deadline_missed
  Field required [type=missing, input_value={'type': 'json_object'}, input_type=dict]
    For further information visit https://errors.pydantic.dev/2.12/v/missing
nexus_requirement_met
  Field required [type=missing, input_value={'type': 'json_object'}, input_type=dict]
    For further information visit https://errors.pydantic.dev/2.12/v/missing"
18-70084-2020-07-17,https://cdn.ca9.uscourts.gov/datastore/memoranda/2020/07/17/18-70084.pdf,deepseek-ai/deepseek-v4-flash,persecutor_nongovernmental_actor,,,443,"parse: ValidationError: 11 validation errors for FeatureResult
asylum_requested
  Field required [type=missing, input_value={'type': 'json_object'}, input_type=dict]
    For further information visit https://errors.pydantic.dev/2.12/v/missing
withholding_requested
  Field required [type=missing, input_value={'type': 'json_object'}, input_type=dict]
    For further information visit https://errors.pydantic.dev/2.12/v/missing
CAT_requested
  Field required [type=missing, input_value={'type': 'json_object'}, input_type=dict]
    For further information visit https://errors.pydantic.dev/2.12/v/missing
protected_ground_political_opinion
  Field required [type=missing, input_value={'type': 'json_object'}, input_type=dict]
    For further information visit https://errors.pydantic.dev/2.12/v/missing
protected_ground_particular_social_group
  Field required [type=missing, input_value={'type': 'json_object'}, input_type=dict]
    For further information visit https://errors.pydantic.dev/2.12/v/missing
past_persecution_physical_violence
  Field required [type=missing, input_value={'type': 'json_object'}, input_type=dict]
    For further information visit https://errors.pydantic.dev/2.12/v/missing
past_persecution_death_threats
  Field required [type=missing, input_value={'type': 'json_object'}, input_type=dict]
    For further information visit https://errors.pydantic.dev/2.12/v/missing
persecutor_nongovernmental_actor
  Field required [type=missing, input_value={'type': 'json_object'}, input_type=dict]
    For further information visit https://errors.pydantic.dev/2.12/v/missing
credibility_finding
  Field required [type=missing, input_value={'type': 'json_object'}, input_type=dict]
    For further information visit https://errors.pydantic.dev/2.12/v/missing
bars_one_year_deadline_missed
  Field required [type=missing, input_value={'type': 'json_object'}, input_type=dict]
    For further information visit https://errors.pydantic.dev/2.12/v/missing
nexus_requirement_met
  Field required [type=missing, input_value={'type': 'json_object'}, input_type=dict]
    For further information visit https://errors.pydantic.dev/2.12/v/missing"
18-70084-2020-07-17,https://cdn.ca9.uscourts.gov/datastore/memoranda/2020/07/17/18-70084.pdf,deepseek-ai/deepseek-v4-flash,credibility_finding,,,443,"parse: ValidationError: 11 validation errors for FeatureResult
asylum_requested
  Field required [type=missing, input_value={'type': 'json_object'}, input_type=dict]
    For further information visit https://errors.pydantic.dev/2.12/v/missing
withholding_requested
  Field required [type=missing, input_value={'type': 'json_object'}, input_type=dict]
    For further information visit https://errors.pydantic.dev/2.12/v/missing
CAT_requested
  Field required [type=missing, input_value={'type': 'json_object'}, input_type=dict]
    For further information visit https://errors.pydantic.dev/2.12/v/missing
protected_ground_political_opinion
  Field required [type=missing, input_value={'type': 'json_object'}, input_type=dict]
    For further information visit https://errors.pydantic.dev/2.12/v/missing
protected_ground_particular_social_group
  Field required [type=missing, input_value={'type': 'json_object'}, input_type=dict]
    For further information visit https://errors.pydantic.dev/2.12/v/missing
past_persecution_physical_violence
  Field required [type=missing, input_value={'type': 'json_object'}, input_type=dict]
    For further information visit https://errors.pydantic.dev/2.12/v/missing
past_persecution_death_threats
  Field required [type=missing, input_value={'type': 'json_object'}, input_type=dict]
    For further information visit https://errors.pydantic.dev/2.12/v/missing
persecutor_nongovernmental_actor
  Field required [type=missing, input_value={'type': 'json_object'}, input_type=dict]
    For further information visit https://errors.pydantic.dev/2.12/v/missing
credibility_finding
  Field required [type=missing, input_value={'type': 'json_object'}, input_type=dict]
    For further information visit https://errors.pydantic.dev/2.12/v/missing
bars_one_year_deadline_missed
  Field required [type=missing, input_value={'type': 'json_object'}, input_type=dict]
    For further information visit https://errors.pydantic.dev/2.12/v/missing
nexus_requirement_met
  Field required [type=missing, input_value={'type': 'json_object'}, input_type=dict]
    For further information visit https://errors.pydantic.dev/2.12/v/missing"
18-70084-2020-07-17,https://cdn.ca9.uscourts.gov/datastore/memoranda/2020/07/17/18-70084.pdf,deepseek-ai/deepseek-v4-flash,bars_one_year_deadline_missed,,,443,"parse: ValidationError: 11 validation errors for FeatureResult
asylum_requested
  Field required [type=missing, input_value={'type': 'json_object'}, input_type=dict]
    For further information visit https://errors.pydantic.dev/2.12/v/missing
withholding_requested
  Field required [type=missing, input_value={'type': 'json_object'}, input_type=dict]
    For further information visit https://errors.pydantic.dev/2.12/v/missing
CAT_requested
  Field required [type=missing, input_value={'type': 'json_object'}, input_type=dict]
    For further information visit https://errors.pydantic.dev/2.12/v/missing
protected_ground_political_opinion
  Field required [type=missing, input_value={'type': 'json_object'}, input_type=dict]
    For further information visit https://errors.pydantic.dev/2.12/v/missing
protected_ground_particular_social_group
  Field required [type=missing, input_value={'type': 'json_object'}, input_type=dict]
    For further information visit https://errors.pydantic.dev/2.12/v/missing
past_persecution_physical_violence
  Field required [type=missing, input_value={'type': 'json_object'}, input_type=dict]
    For further information visit https://errors.pydantic.dev/2.12/v/missing
past_persecution_death_threats
  Field required [type=missing, input_value={'type': 'json_object'}, input_type=dict]
    For further information visit https://errors.pydantic.dev/2.12/v/missing
persecutor_nongovernmental_actor
  Field required [type=missing, input_value={'type': 'json_object'}, input_type=dict]
    For further information visit https://errors.pydantic.dev/2.12/v/missing
credibility_finding
  Field required [type=missing, input_value={'type': 'json_object'}, input_type=dict]
    For further information visit https://errors.pydantic.dev/2.12/v/missing
bars_one_year_deadline_missed
  Field required [type=missing, input_value={'type': 'json_object'}, input_type=dict]
    For further information visit https://errors.pydantic.dev/2.12/v/missing
nexus_requirement_met
  Field required [type=missing, input_value={'type': 'json_object'}, input_type=dict]
    For further information visit https://errors.pydantic.dev/2.12/v/missing"
18-70084-2020-07-17,https://cdn.ca9.uscourts.gov/datastore/memoranda/2020/07/17/18-70084.pdf,deepseek-ai/deepseek-v4-flash,nexus_requirement_met,,,443,"parse: ValidationError: 11 validation errors for FeatureResult
asylum_requested
  Field required [type=missing, input_value={'type': 'json_object'}, input_type=dict]
    For further information visit https://errors.pydantic.dev/2.12/v/missing
withholding_requested
  Field required [type=missing, input_value={'type': 'json_object'}, input_type=dict]
    For further information visit https://errors.pydantic.dev/2.12/v/missing
CAT_requested
  Field required [type=missing, input_value={'type': 'json_object'}, input_type=dict]
    For further information visit https://errors.pydantic.dev/2.12/v/missing
protected_ground_political_opinion
  Field required [type=missing, input_value={'type': 'json_object'}, input_type=dict]
    For further information visit https://errors.pydantic.dev/2.12/v/missing
protected_ground_particular_social_group
  Field required [type=missing, input_value={'type': 'json_object'}, input_type=dict]
    For further information visit https://errors.pydantic.dev/2.12/v/missing
past_persecution_physical_violence
  Field required [type=missing, input_value={'type': 'json_object'}, input_type=dict]
    For further information visit https://errors.pydantic.dev/2.12/v/missing
past_persecution_death_threats
  Field required [type=missing, input_value={'type': 'json_object'}, input_type=dict]
    For further information visit https://errors.pydantic.dev/2.12/v/missing
persecutor_nongovernmental_actor
  Field required [type=missing, input_value={'type': 'json_object'}, input_type=dict]
    For further information visit https://errors.pydantic.dev/2.12/v/missing
credibility_finding
  Field required [type=missing, input_value={'type': 'json_object'}, input_type=dict]
    For further information visit https://errors.pydantic.dev/2.12/v/missing
bars_one_year_deadline_missed
  Field required [type=missing, input_value={'type': 'json_object'}, input_type=dict]
    For further information visit https://errors.pydantic.dev/2.12/v/missing
nexus_requirement_met
  Field required [type=missing, input_value={'type': 'json_object'}, input_type=dict]
    For further information visit https://errors.pydantic.dev/2.12/v/missing"
24-2787-2025-05-16,https://cdn.ca9.uscourts.gov/datastore/memoranda/2025/05/16/24-2787.pdf,deepseek-ai/deepseek-v4-flash,asylum_requested,,,13788,"parse: ValidationError: 11 validation errors for FeatureResult
asylum_requested
  Field required [type=missing, input_value={'type': 'json_object'}, input_type=dict]
    For further information visit https://errors.pydantic.dev/2.12/v/missing
withholding_requested
  Field required [type=missing, input_value={'type': 'json_object'}, input_type=dict]
    For further information visit https://errors.pydantic.dev/2.12/v/missing
CAT_requested
  Field required [type=missing, input_value={'type': 'json_object'}, input_type=dict]
    For further information visit https://errors.pydantic.dev/2.12/v/missing
protected_ground_political_opinion
  Field required [type=missing, input_value={'type': 'json_object'}, input_type=dict]
    For further information visit https://errors.pydantic.dev/2.12/v/missing
protected_ground_particular_social_group
  Field required [type=missing, input_value={'type': 'json_object'}, input_type=dict]
    For further information visit https://errors.pydantic.dev/2.12/v/missing
past_persecution_physical_violence
  Field required [type=missing, input_value={'type': 'json_object'}, input_type=dict]
    For further information visit https://errors.pydantic.dev/2.12/v/missing
past_persecution_death_threats
  Field required [type=missing, input_value={'type': 'json_object'}, input_type=dict]
    For further information visit https://errors.pydantic.dev/2.12/v/missing
persecutor_nongovernmental_actor
  Field required [type=missing, input_value={'type': 'json_object'}, input_type=dict]
    For further information visit https://errors.pydantic.dev/2.12/v/missing
credibility_finding
  Field required [type=missing, input_value={'type': 'json_object'}, input_type=dict]
    For further information visit https://errors.pydantic.dev/2.12/v/missing
bars_one_year_deadline_missed
  Field required [type=missing, input_value={'type': 'json_object'}, input_type=dict]
    For further information visit https://errors.pydantic.dev/2.12/v/missing
nexus_requirement_met
  Field required [type=missing, input_value={'type': 'json_object'}, input_type=dict]
    For further information visit https://errors.pydantic.dev/2.12/v/missing"
24-2787-2025-05-16,https://cdn.ca9.uscourts.gov/datastore/memoranda/2025/05/16/24-2787.pdf,deepseek-ai/deepseek-v4-flash,withholding_requested,,,13788,"parse: ValidationError: 11 validation errors for FeatureResult
asylum_requested
  Field required [type=missing, input_value={'type': 'json_object'}, input_type=dict]
    For further information visit https://errors.pydantic.dev/2.12/v/missing
withholding_requested
  Field required [type=missing, input_value={'type': 'json_object'}, input_type=dict]
    For further information visit https://errors.pydantic.dev/2.12/v/missing
CAT_requested
  Field required [type=missing, input_value={'type': 'json_object'}, input_type=dict]
    For further information visit https://errors.pydantic.dev/2.12/v/missing
protected_ground_political_opinion
  Field required [type=missing, input_value={'type': 'json_object'}, input_type=dict]
    For further information visit https://errors.pydantic.dev/2.12/v/missing
protected_ground_particular_social_group
  Field required [type=missing, input_value={'type': 'json_object'}, input_type=dict]
    For further information visit https://errors.pydantic.dev/2.12/v/missing
past_persecution_physical_violence
  Field required [type=missing, input_value={'type': 'json_object'}, input_type=dict]
    For further information visit https://errors.pydantic.dev/2.12/v/missing
past_persecution_death_threats
  Field required [type=missing, input_value={'type': 'json_object'}, input_type=dict]
    For further information visit https://errors.pydantic.dev/2.12/v/missing
persecutor_nongovernmental_actor
  Field required [type=missing, input_value={'type': 'json_object'}, input_type=dict]
    For further information visit https://errors.pydantic.dev/2.12/v/missing
credibility_finding
  Field required [type=missing, input_value={'type': 'json_object'}, input_type=dict]
    For further information visit https://errors.pydantic.dev/2.12/v/missing
bars_one_year_deadline_missed
  Field required [type=missing, input_value={'type': 'json_object'}, input_type=dict]
    For further information visit https://errors.pydantic.dev/2.12/v/missing
nexus_requirement_met
  Field required [type=missing, input_value={'type': 'json_object'}, input_type=dict]
    For further information visit https://errors.pydantic.dev/2.12/v/missing"
24-2787-2025-05-16,https://cdn.ca9.uscourts.gov/datastore/memoranda/2025/05/16/24-2787.pdf,deepseek-ai/deepseek-v4-flash,CAT_requested,,,13788,"parse: ValidationError: 11 validation errors for FeatureResult
asylum_requested
  Field required [type=missing, input_value={'type': 'json_object'}, input_type=dict]
    For further information visit https://errors.pydantic.dev/2.12/v/missing
withholding_requested
  Field required [type=missing, input_value={'type': 'json_object'}, input_type=dict]
    For further information visit https://errors.pydantic.dev/2.12/v/missing
CAT_requested
  Field required [type=missing, input_value={'type': 'json_object'}, input_type=dict]
    For further information visit https://errors.pydantic.dev/2.12/v/missing
protected_ground_political_opinion
  Field required [type=missing, input_value={'type': 'json_object'}, input_type=dict]
    For further information visit https://errors.pydantic.dev/2.12/v/missing
protected_ground_particular_social_group
  Field required [type=missing, input_value={'type': 'json_object'}, input_type=dict]
    For further information visit https://errors.pydantic.dev/2.12/v/missing
past_persecution_physical_violence
  Field required [type=missing, input_value={'type': 'json_object'}, input_type=dict]
    For further information visit https://errors.pydantic.dev/2.12/v/missing
past_persecution_death_threats
  Field required [type=missing, input_value={'type': 'json_object'}, input_type=dict]
    For further information visit https://errors.pydantic.dev/2.12/v/missing
persecutor_nongovernmental_actor
  Field required [type=missing, input_value={'type': 'json_object'}, input_type=dict]
    For further information visit https://errors.pydantic.dev/2.12/v/missing
credibility_finding
  Field required [type=missing, input_value={'type': 'json_object'}, input_type=dict]
    For further information visit https://errors.pydantic.dev/2.12/v/missing
bars_one_year_deadline_missed
  Field required [type=missing, input_value={'type': 'json_object'}, input_type=dict]
    For further information visit https://errors.pydantic.dev/2.12/v/missing
nexus_requirement_met
  Field required [type=missing, input_value={'type': 'json_object'}, input_type=dict]
    For further information visit https://errors.pydantic.dev/2.12/v/missing"
24-2787-2025-05-16,https://cdn.ca9.uscourts.gov/datastore/memoranda/2025/05/16/24-2787.pdf,deepseek-ai/deepseek-v4-flash,protected_ground_political_opinion,,,13788,"parse: ValidationError: 11 validation errors for FeatureResult
asylum_requested
  Field required [type=missing, input_value={'type': 'json_object'}, input_type=dict]
    For further information visit https://errors.pydantic.dev/2.12/v/missing
withholding_requested
  Field required [type=missing, input_value={'type': 'json_object'}, input_type=dict]
    For further information visit https://errors.pydantic.dev/2.12/v/missing
CAT_requested
  Field required [type=missing, input_value={'type': 'json_object'}, input_type=dict]
    For further information visit https://errors.pydantic.dev/2.12/v/missing
protected_ground_political_opinion
  Field required [type=missing, input_value={'type': 'json_object'}, input_type=dict]
    For further information visit https://errors.pydantic.dev/2.12/v/missing
protected_ground_particular_social_group
  Field required [type=missing, input_value={'type': 'json_object'}, input_type=dict]
    For further information visit https://errors.pydantic.dev/2.12/v/missing
past_persecution_physical_violence
  Field required [type=missing, input_value={'type': 'json_object'}, input_type=dict]
    For further information visit https://errors.pydantic.dev/2.12/v/missing
past_persecution_death_threats
  Field required [type=missing, input_value={'type': 'json_object'}, input_type=dict]
    For further information visit https://errors.pydantic.dev/2.12/v/missing
persecutor_nongovernmental_actor
  Field required [type=missing, input_value={'type': 'json_object'}, input_type=dict]
    For further information visit https://errors.pydantic.dev/2.12/v/missing
credibility_finding
  Field required [type=missing, input_value={'type': 'json_object'}, input_type=dict]
    For further information visit https://errors.pydantic.dev/2.12/v/missing
bars_one_year_deadline_missed
  Field required [type=missing, input_value={'type': 'json_object'}, input_type=dict]
    For further information visit https://errors.pydantic.dev/2.12/v/missing
nexus_requirement_met
  Field required [type=missing, input_value={'type': 'json_object'}, input_type=dict]
    For further information visit https://errors.pydantic.dev/2.12/v/missing"
24-2787-2025-05-16,https://cdn.ca9.uscourts.gov/datastore/memoranda/2025/05/16/24-2787.pdf,deepseek-ai/deepseek-v4-flash,protected_ground_particular_social_group,,,13788,"parse: ValidationError: 11 validation errors for FeatureResult
asylum_requested
  Field required [type=missing, input_value={'type': 'json_object'}, input_type=dict]
    For further information visit https://errors.pydantic.dev/2.12/v/missing
withholding_requested
  Field required [type=missing, input_value={'type': 'json_object'}, input_type=dict]
    For further information visit https://errors.pydantic.dev/2.12/v/missing
CAT_requested
  Field required [type=missing, input_value={'type': 'json_object'}, input_type=dict]
    For further information visit https://errors.pydantic.dev/2.12/v/missing
protected_ground_political_opinion
  Field required [type=missing, input_value={'type': 'json_object'}, input_type=dict]
    For further information visit https://errors.pydantic.dev/2.12/v/missing
protected_ground_particular_social_group
  Field required [type=missing, input_value={'type': 'json_object'}, input_type=dict]
    For further information visit https://errors.pydantic.dev/2.12/v/missing
past_persecution_physical_violence
  Field required [type=missing, input_value={'type': 'json_object'}, input_type=dict]
    For further information visit https://errors.pydantic.dev/2.12/v/missing
past_persecution_death_threats
  Field required [type=missing, input_value={'type': 'json_object'}, input_type=dict]
    For further information visit https://errors.pydantic.dev/2.12/v/missing
persecutor_nongovernmental_actor
  Field required [type=missing, input_value={'type': 'json_object'}, input_type=dict]
    For further information visit https://errors.pydantic.dev/2.12/v/missing
credibility_finding
  Field required [type=missing, input_value={'type': 'json_object'}, input_type=dict]
    For further information visit https://errors.pydantic.dev/2.12/v/missing
bars_one_year_deadline_missed
  Field required [type=missing, input_value={'type': 'json_object'}, input_type=dict]
    For further information visit https://errors.pydantic.dev/2.12/v/missing
nexus_requirement_met
  Field required [type=missing, input_value={'type': 'json_object'}, input_type=dict]
    For further information visit https://errors.pydantic.dev/2.12/v/missing"
24-2787-2025-05-16,https://cdn.ca9.uscourts.gov/datastore/memoranda/2025/05/16/24-2787.pdf,deepseek-ai/deepseek-v4-flash,past_persecution_physical_violence,,,13788,"parse: ValidationError: 11 validation errors for FeatureResult
asylum_requested
  Field required [type=missing, input_value={'type': 'json_object'}, input_type=dict]
    For further information visit https://errors.pydantic.dev/2.12/v/missing
withholding_requested
  Field required [type=missing, input_value={'type': 'json_object'}, input_type=dict]
    For further information visit https://errors.pydantic.dev/2.12/v/missing
CAT_requested
  Field required [type=missing, input_value={'type': 'json_object'}, input_type=dict]
    For further information visit https://errors.pydantic.dev/2.12/v/missing
protected_ground_political_opinion
  Field required [type=missing, input_value={'type': 'json_object'}, input_type=dict]
    For further information visit https://errors.pydantic.dev/2.12/v/missing
protected_ground_particular_social_group
  Field required [type=missing, input_value={'type': 'json_object'}, input_type=dict]
    For further information visit https://errors.pydantic.dev/2.12/v/missing
past_persecution_physical_violence
  Field required [type=missing, input_value={'type': 'json_object'}, input_type=dict]
    For further information visit https://errors.pydantic.dev/2.12/v/missing
past_persecution_death_threats
  Field required [type=missing, input_value={'type': 'json_object'}, input_type=dict]
    For further information visit https://errors.pydantic.dev/2.12/v/missing
persecutor_nongovernmental_actor
  Field required [type=missing, input_value={'type': 'json_object'}, input_type=dict]
    For further information visit https://errors.pydantic.dev/2.12/v/missing
credibility_finding
  Field required [type=missing, input_value={'type': 'json_object'}, input_type=dict]
    For further information visit https://errors.pydantic.dev/2.12/v/missing
bars_one_year_deadline_missed
  Field required [type=missing, input_value={'type': 'json_object'}, input_type=dict]
    For further information visit https://errors.pydantic.dev/2.12/v/missing
nexus_requirement_met
  Field required [type=missing, input_value={'type': 'json_object'}, input_type=dict]
    For further information visit https://errors.pydantic.dev/2.12/v/missing"
24-2787-2025-05-16,https://cdn.ca9.uscourts.gov/datastore/memoranda/2025/05/16/24-2787.pdf,deepseek-ai/deepseek-v4-flash,past_persecution_death_threats,,,13788,"parse: ValidationError: 11 validation errors for FeatureResult
asylum_requested
  Field required [type=missing, input_value={'type': 'json_object'}, input_type=dict]
    For further information visit https://errors.pydantic.dev/2.12/v/missing
withholding_requested
  Field required [type=missing, input_value={'type': 'json_object'}, input_type=dict]
    For further information visit https://errors.pydantic.dev/2.12/v/missing
CAT_requested
  Field required [type=missing, input_value={'type': 'json_object'}, input_type=dict]
    For further information visit https://errors.pydantic.dev/2.12/v/missing
protected_ground_political_opinion
  Field required [type=missing, input_value={'type': 'json_object'}, input_type=dict]
    For further information visit https://errors.pydantic.dev/2.12/v/missing
protected_ground_particular_social_group
  Field required [type=missing, input_value={'type': 'json_object'}, input_type=dict]
    For further information visit https://errors.pydantic.dev/2.12/v/missing
past_persecution_physical_violence
  Field required [type=missing, input_value={'type': 'json_object'}, input_type=dict]
    For further information visit https://errors.pydantic.dev/2.12/v/missing
past_persecution_death_threats
  Field required [type=missing, input_value={'type': 'json_object'}, input_type=dict]
    For further information visit https://errors.pydantic.dev/2.12/v/missing
persecutor_nongovernmental_actor
  Field required [type=missing, input_value={'type': 'json_object'}, input_type=dict]
    For further information visit https://errors.pydantic.dev/2.12/v/missing
credibility_finding
  Field required [type=missing, input_value={'type': 'json_object'}, input_type=dict]
    For further information visit https://errors.pydantic.dev/2.12/v/missing
bars_one_year_deadline_missed
  Field required [type=missing, input_value={'type': 'json_object'}, input_type=dict]
    For further information visit https://errors.pydantic.dev/2.12/v/missing
nexus_requirement_met
  Field required [type=missing, input_value={'type': 'json_object'}, input_type=dict]
    For further information visit https://errors.pydantic.dev/2.12/v/missing"
24-2787-2025-05-16,https://cdn.ca9.uscourts.gov/datastore/memoranda/2025/05/16/24-2787.pdf,deepseek-ai/deepseek-v4-flash,persecutor_nongovernmental_actor,,,13788,"parse: ValidationError: 11 validation errors for FeatureResult
asylum_requested
  Field required [type=missing, input_value={'type': 'json_object'}, input_type=dict]
    For further information visit https://errors.pydantic.dev/2.12/v/missing
withholding_requested
  Field required [type=missing, input_value={'type': 'json_object'}, input_type=dict]
    For further information visit https://errors.pydantic.dev/2.12/v/missing
CAT_requested
  Field required [type=missing, input_value={'type': 'json_object'}, input_type=dict]
    For further information visit https://errors.pydantic.dev/2.12/v/missing
protected_ground_political_opinion
  Field required [type=missing, input_value={'type': 'json_object'}, input_type=dict]
    For further information visit https://errors.pydantic.dev/2.12/v/missing
protected_ground_particular_social_group
  Field required [type=missing, input_value={'type': 'json_object'}, input_type=dict]
    For further information visit https://errors.pydantic.dev/2.12/v/missing
past_persecution_physical_violence
  Field required [type=missing, input_value={'type': 'json_object'}, input_type=dict]
    For further information visit https://errors.pydantic.dev/2.12/v/missing
past_persecution_death_threats
  Field required [type=missing, input_value={'type': 'json_object'}, input_type=dict]
    For further information visit https://errors.pydantic.dev/2.12/v/missing
persecutor_nongovernmental_actor
  Field required [type=missing, input_value={'type': 'json_object'}, input_type=dict]
    For further information visit https://errors.pydantic.dev/2.12/v/missing
credibility_finding
  Field required [type=missing, input_value={'type': 'json_object'}, input_type=dict]
    For further information visit https://errors.pydantic.dev/2.12/v/missing
bars_one_year_deadline_missed
  Field required [type=missing, input_value={'type': 'json_object'}, input_type=dict]
    For further information visit https://errors.pydantic.dev/2.12/v/missing
nexus_requirement_met
  Field required [type=missing, input_value={'type': 'json_object'}, input_type=dict]
    For further information visit https://errors.pydantic.dev/2.12/v/missing"
24-2787-2025-05-16,https://cdn.ca9.uscourts.gov/datastore/memoranda/2025/05/16/24-2787.pdf,deepseek-ai/deepseek-v4-flash,credibility_finding,,,13788,"parse: ValidationError: 11 validation errors for FeatureResult
asylum_requested
  Field required [type=missing, input_value={'type': 'json_object'}, input_type=dict]
    For further information visit https://errors.pydantic.dev/2.12/v/missing
withholding_requested
  Field required [type=missing, input_value={'type': 'json_object'}, input_type=dict]
    For further information visit https://errors.pydantic.dev/2.12/v/missing
CAT_requested
  Field required [type=missing, input_value={'type': 'json_object'}, input_type=dict]
    For further information visit https://errors.pydantic.dev/2.12/v/missing
protected_ground_political_opinion
  Field required [type=missing, input_value={'type': 'json_object'}, input_type=dict]
    For further information visit https://errors.pydantic.dev/2.12/v/missing
protected_ground_particular_social_group
  Field required [type=missing, input_value={'type': 'json_object'}, input_type=dict]
    For further information visit https://errors.pydantic.dev/2.12/v/missing
past_persecution_physical_violence
  Field required [type=missing, input_value={'type': 'json_object'}, input_type=dict]
    For further information visit https://errors.pydantic.dev/2.12/v/missing
past_persecution_death_threats
  Field required [type=missing, input_value={'type': 'json_object'}, input_type=dict]
    For further information visit https://errors.pydantic.dev/2.12/v/missing
persecutor_nongovernmental_actor
  Field required [type=missing, input_value={'type': 'json_object'}, input_type=dict]
    For further information visit https://errors.pydantic.dev/2.12/v/missing
credibility_finding
  Field required [type=missing, input_value={'type': 'json_object'}, input_type=dict]
    For further information visit https://errors.pydantic.dev/2.12/v/missing
bars_one_year_deadline_missed
  Field required [type=missing, input_value={'type': 'json_object'}, input_type=dict]
    For further information visit https://errors.pydantic.dev/2.12/v/missing
nexus_requirement_met
  Field required [type=missing, input_value={'type': 'json_object'}, input_type=dict]
    For further information visit https://errors.pydantic.dev/2.12/v/missing"
24-2787-2025-05-16,https://cdn.ca9.uscourts.gov/datastore/memoranda/2025/05/16/24-2787.pdf,deepseek-ai/deepseek-v4-flash,bars_one_year_deadline_missed,,,13788,"parse: ValidationError: 11 validation errors for FeatureResult
asylum_requested
  Field required [type=missing, input_value={'type': 'json_object'}, input_type=dict]
    For further information visit https://errors.pydantic.dev/2.12/v/missing
withholding_requested
  Field required [type=missing, input_value={'type': 'json_object'}, input_type=dict]
    For further information visit https://errors.pydantic.dev/2.12/v/missing
CAT_requested
  Field required [type=missing, input_value={'type': 'json_object'}, input_type=dict]
    For further information visit https://errors.pydantic.dev/2.12/v/missing
protected_ground_political_opinion
  Field required [type=missing, input_value={'type': 'json_object'}, input_type=dict]
    For further information visit https://errors.pydantic.dev/2.12/v/missing
protected_ground_particular_social_group
  Field required [type=missing, input_value={'type': 'json_object'}, input_type=dict]
    For further information visit https://errors.pydantic.dev/2.12/v/missing
past_persecution_physical_violence
  Field required [type=missing, input_value={'type': 'json_object'}, input_type=dict]
    For further information visit https://errors.pydantic.dev/2.12/v/missing
past_persecution_death_threats
  Field required [type=missing, input_value={'type': 'json_object'}, input_type=dict]
    For further information visit https://errors.pydantic.dev/2.12/v/missing
persecutor_nongovernmental_actor
  Field required [type=missing, input_value={'type': 'json_object'}, input_type=dict]
    For further information visit https://errors.pydantic.dev/2.12/v/missing
credibility_finding
  Field required [type=missing, input_value={'type': 'json_object'}, input_type=dict]
    For further information visit https://errors.pydantic.dev/2.12/v/missing
bars_one_year_deadline_missed
  Field required [type=missing, input_value={'type': 'json_object'}, input_type=dict]
    For further information visit https://errors.pydantic.dev/2.12/v/missing
nexus_requirement_met
  Field required [type=missing, input_value={'type': 'json_object'}, input_type=dict]
    For further information visit https://errors.pydantic.dev/2.12/v/missing"
24-2787-2025-05-16,https://cdn.ca9.uscourts.gov/datastore/memoranda/2025/05/16/24-2787.pdf,deepseek-ai/deepseek-v4-flash,nexus_requirement_met,,,13788,"parse: ValidationError: 11 validation errors for FeatureResult
asylum_requested
  Field required [type=missing, input_value={'type': 'json_object'}, input_type=dict]
    For further information visit https://errors.pydantic.dev/2.12/v/missing
withholding_requested
  Field required [type=missing, input_value={'type': 'json_object'}, input_type=dict]
    For further information visit https://errors.pydantic.dev/2.12/v/missing
CAT_requested
  Field required [type=missing, input_value={'type': 'json_object'}, input_type=dict]
    For further information visit https://errors.pydantic.dev/2.12/v/missing
protected_ground_political_opinion
  Field required [type=missing, input_value={'type': 'json_object'}, input_type=dict]
    For further information visit https://errors.pydantic.dev/2.12/v/missing
protected_ground_particular_social_group
  Field required [type=missing, input_value={'type': 'json_object'}, input_type=dict]
    For further information visit https://errors.pydantic.dev/2.12/v/missing
past_persecution_physical_violence
  Field required [type=missing, input_value={'type': 'json_object'}, input_type=dict]
    For further information visit https://errors.pydantic.dev/2.12/v/missing
past_persecution_death_threats
  Field required [type=missing, input_value={'type': 'json_object'}, input_type=dict]
    For further information visit https://errors.pydantic.dev/2.12/v/missing
persecutor_nongovernmental_actor
  Field required [type=missing, input_value={'type': 'json_object'}, input_type=dict]
    For further information visit https://errors.pydantic.dev/2.12/v/missing
credibility_finding
  Field required [type=missing, input_value={'type': 'json_object'}, input_type=dict]
    For further information visit https://errors.pydantic.dev/2.12/v/missing
bars_one_year_deadline_missed
  Field required [type=missing, input_value={'type': 'json_object'}, input_type=dict]
    For further information visit https://errors.pydantic.dev/2.12/v/missing
nexus_requirement_met
  Field required [type=missing, input_value={'type': 'json_object'}, input_type=dict]
    For further information visit https://errors.pydantic.dev/2.12/v/missing"
17-70324-2020-08-10,https://cdn.ca9.uscourts.gov/datastore/memoranda/2020/08/10/17-70324.pdf,deepseek-ai/deepseek-v4-flash,asylum_requested,,,412,"parse: ValidationError: 11 validation errors for FeatureResult
asylum_requested
  Field required [type=missing, input_value={'type': 'json_object'}, input_type=dict]
    For further information visit https://errors.pydantic.dev/2.12/v/missing
withholding_requested
  Field required [type=missing, input_value={'type': 'json_object'}, input_type=dict]
    For further information visit https://errors.pydantic.dev/2.12/v/missing
CAT_requested
  Field required [type=missing, input_value={'type': 'json_object'}, input_type=dict]
    For further information visit https://errors.pydantic.dev/2.12/v/missing
protected_ground_political_opinion
  Field required [type=missing, input_value={'type': 'json_object'}, input_type=dict]
    For further information visit https://errors.pydantic.dev/2.12/v/missing
protected_ground_particular_social_group
  Field required [type=missing, input_value={'type': 'json_object'}, input_type=dict]
    For further information visit https://errors.pydantic.dev/2.12/v/missing
past_persecution_physical_violence
  Field required [type=missing, input_value={'type': 'json_object'}, input_type=dict]
    For further information visit https://errors.pydantic.dev/2.12/v/missing
past_persecution_death_threats
  Field required [type=missing, input_value={'type': 'json_object'}, input_type=dict]
    For further information visit https://errors.pydantic.dev/2.12/v/missing
persecutor_nongovernmental_actor
  Field required [type=missing, input_value={'type': 'json_object'}, input_type=dict]
    For further information visit https://errors.pydantic.dev/2.12/v/missing
credibility_finding
  Field required [type=missing, input_value={'type': 'json_object'}, input_type=dict]
    For further information visit https://errors.pydantic.dev/2.12/v/missing
bars_one_year_deadline_missed
  Field required [type=missing, input_value={'type': 'json_object'}, input_type=dict]
    For further information visit https://errors.pydantic.dev/2.12/v/missing
nexus_requirement_met
  Field required [type=missing, input_value={'type': 'json_object'}, input_type=dict]
    For further information visit https://errors.pydantic.dev/2.12/v/missing"
17-70324-2020-08-10,https://cdn.ca9.uscourts.gov/datastore/memoranda/2020/08/10/17-70324.pdf,deepseek-ai/deepseek-v4-flash,withholding_requested,,,412,"parse: ValidationError: 11 validation errors for FeatureResult
asylum_requested
  Field required [type=missing, input_value={'type': 'json_object'}, input_type=dict]
    For further information visit https://errors.pydantic.dev/2.12/v/missing
withholding_requested
  Field required [type=missing, input_value={'type': 'json_object'}, input_type=dict]
    For further information visit https://errors.pydantic.dev/2.12/v/missing
CAT_requested
  Field required [type=missing, input_value={'type': 'json_object'}, input_type=dict]
    For further information visit https://errors.pydantic.dev/2.12/v/missing
protected_ground_political_opinion
  Field required [type=missing, input_value={'type': 'json_object'}, input_type=dict]
    For further information visit https://errors.pydantic.dev/2.12/v/missing
protected_ground_particular_social_group
  Field required [type=missing, input_value={'type': 'json_object'}, input_type=dict]
    For further information visit https://errors.pydantic.dev/2.12/v/missing
past_persecution_physical_violence
  Field required [type=missing, input_value={'type': 'json_object'}, input_type=dict]
    For further information visit https://errors.pydantic.dev/2.12/v/missing
past_persecution_death_threats
  Field required [type=missing, input_value={'type': 'json_object'}, input_type=dict]
    For further information visit https://errors.pydantic.dev/2.12/v/missing
persecutor_nongovernmental_actor
  Field required [type=missing, input_value={'type': 'json_object'}, input_type=dict]
    For further information visit https://errors.pydantic.dev/2.12/v/missing
credibility_finding
  Field required [type=missing, input_value={'type': 'json_object'}, input_type=dict]
    For further information visit https://errors.pydantic.dev/2.12/v/missing
bars_one_year_deadline_missed
  Field required [type=missing, input_value={'type': 'json_object'}, input_type=dict]
    For further information visit https://errors.pydantic.dev/2.12/v/missing
nexus_requirement_met
  Field required [type=missing, input_value={'type': 'json_object'}, input_type=dict]
    For further information visit https://errors.pydantic.dev/2.12/v/missing"
17-70324-2020-08-10,https://cdn.ca9.uscourts.gov/datastore/memoranda/2020/08/10/17-70324.pdf,deepseek-ai/deepseek-v4-flash,CAT_requested,,,412,"parse: ValidationError: 11 validation errors for FeatureResult
asylum_requested
  Field required [type=missing, input_value={'type': 'json_object'}, input_type=dict]
    For further information visit https://errors.pydantic.dev/2.12/v/missing
withholding_requested
  Field required [type=missing, input_value={'type': 'json_object'}, input_type=dict]
    For further information visit https://errors.pydantic.dev/2.12/v/missing
CAT_requested
  Field required [type=missing, input_value={'type': 'json_object'}, input_type=dict]
    For further information visit https://errors.pydantic.dev/2.12/v/missing
protected_ground_political_opinion
  Field required [type=missing, input_value={'type': 'json_object'}, input_type=dict]
    For further information visit https://errors.pydantic.dev/2.12/v/missing
protected_ground_particular_social_group
  Field required [type=missing, input_value={'type': 'json_object'}, input_type=dict]
    For further information visit https://errors.pydantic.dev/2.12/v/missing
past_persecution_physical_violence
  Field required [type=missing, input_value={'type': 'json_object'}, input_type=dict]
    For further information visit https://errors.pydantic.dev/2.12/v/missing
past_persecution_death_threats
  Field required [type=missing, input_value={'type': 'json_object'}, input_type=dict]
    For further information visit https://errors.pydantic.dev/2.12/v/missing
persecutor_nongovernmental_actor
  Field required [type=missing, input_value={'type': 'json_object'}, input_type=dict]
    For further information visit https://errors.pydantic.dev/2.12/v/missing
credibility_finding
  Field required [type=missing, input_value={'type': 'json_object'}, input_type=dict]
    For further information visit https://errors.pydantic.dev/2.12/v/missing
bars_one_year_deadline_missed
  Field required [type=missing, input_value={'type': 'json_object'}, input_type=dict]
    For further information visit https://errors.pydantic.dev/2.12/v/missing
nexus_requirement_met
  Field required [type=missing, input_value={'type': 'json_object'}, input_type=dict]
    For further information visit https://errors.pydantic.dev/2.12/v/missing"
17-70324-2020-08-10,https://cdn.ca9.uscourts.gov/datastore/memoranda/2020/08/10/17-70324.pdf,deepseek-ai/deepseek-v4-flash,protected_ground_political_opinion,,,412,"parse: ValidationError: 11 validation errors for FeatureResult
asylum_requested
  Field required [type=missing, input_value={'type': 'json_object'}, input_type=dict]
    For further information visit https://errors.pydantic.dev/2.12/v/missing
withholding_requested
  Field required [type=missing, input_value={'type': 'json_object'}, input_type=dict]
    For further information visit https://errors.pydantic.dev/2.12/v/missing
CAT_requested
  Field required [type=missing, input_value={'type': 'json_object'}, input_type=dict]
    For further information visit https://errors.pydantic.dev/2.12/v/missing
protected_ground_political_opinion
  Field required [type=missing, input_value={'type': 'json_object'}, input_type=dict]
    For further information visit https://errors.pydantic.dev/2.12/v/missing
protected_ground_particular_social_group
  Field required [type=missing, input_value={'type': 'json_object'}, input_type=dict]
    For further information visit https://errors.pydantic.dev/2.12/v/missing
past_persecution_physical_violence
  Field required [type=missing, input_value={'type': 'json_object'}, input_type=dict]
    For further information visit https://errors.pydantic.dev/2.12/v/missing
past_persecution_death_threats
  Field required [type=missing, input_value={'type': 'json_object'}, input_type=dict]
    For further information visit https://errors.pydantic.dev/2.12/v/missing
persecutor_nongovernmental_actor
  Field required [type=missing, input_value={'type': 'json_object'}, input_type=dict]
    For further information visit https://errors.pydantic.dev/2.12/v/missing
credibility_finding
  Field required [type=missing, input_value={'type': 'json_object'}, input_type=dict]
    For further information visit https://errors.pydantic.dev/2.12/v/missing
bars_one_year_deadline_missed
  Field required [type=missing, input_value={'type': 'json_object'}, input_type=dict]
    For further information visit https://errors.pydantic.dev/2.12/v/missing
nexus_requirement_met
  Field required [type=missing, input_value={'type': 'json_object'}, input_type=dict]
    For further information visit https://errors.pydantic.dev/2.12/v/missing"
17-70324-2020-08-10,https://cdn.ca9.uscourts.gov/datastore/memoranda/2020/08/10/17-70324.pdf,deepseek-ai/deepseek-v4-flash,protected_ground_particular_social_group,,,412,"parse: ValidationError: 11 validation errors for FeatureResult
asylum_requested
  Field required [type=missing, input_value={'type': 'json_object'}, input_type=dict]
    For further information visit https://errors.pydantic.dev/2.12/v/missing
withholding_requested
  Field required [type=missing, input_value={'type': 'json_object'}, input_type=dict]
    For further information visit https://errors.pydantic.dev/2.12/v/missing
CAT_requested
  Field required [type=missing, input_value={'type': 'json_object'}, input_type=dict]
    For further information visit https://errors.pydantic.dev/2.12/v/missing
protected_ground_political_opinion
  Field required [type=missing, input_value={'type': 'json_object'}, input_type=dict]
    For further information visit https://errors.pydantic.dev/2.12/v/missing
protected_ground_particular_social_group
  Field required [type=missing, input_value={'type': 'json_object'}, input_type=dict]
    For further information visit https://errors.pydantic.dev/2.12/v/missing
past_persecution_physical_violence
  Field required [type=missing, input_value={'type': 'json_object'}, input_type=dict]
    For further information visit https://errors.pydantic.dev/2.12/v/missing
past_persecution_death_threats
  Field required [type=missing, input_value={'type': 'json_object'}, input_type=dict]
    For further information visit https://errors.pydantic.dev/2.12/v/missing
persecutor_nongovernmental_actor
  Field required [type=missing, input_value={'type': 'json_object'}, input_type=dict]
    For further information visit https://errors.pydantic.dev/2.12/v/missing
credibility_finding
  Field required [type=missing, input_value={'type': 'json_object'}, input_type=dict]
    For further information visit https://errors.pydantic.dev/2.12/v/missing
bars_one_year_deadline_missed
  Field required [type=missing, input_value={'type': 'json_object'}, input_type=dict]
    For further information visit https://errors.pydantic.dev/2.12/v/missing
nexus_requirement_met
  Field required [type=missing, input_value={'type': 'json_object'}, input_type=dict]
    For further information visit https://errors.pydantic.dev/2.12/v/missing"
17-70324-2020-08-10,https://cdn.ca9.uscourts.gov/datastore/memoranda/2020/08/10/17-70324.pdf,deepseek-ai/deepseek-v4-flash,past_persecution_physical_violence,,,412,"parse: ValidationError: 11 validation errors for FeatureResult
asylum_requested
  Field required [type=missing, input_value={'type': 'json_object'}, input_type=dict]
    For further information visit https://errors.pydantic.dev/2.12/v/missing
withholding_requested
  Field required [type=missing, input_value={'type': 'json_object'}, input_type=dict]
    For further information visit https://errors.pydantic.dev/2.12/v/missing
CAT_requested
  Field required [type=missing, input_value={'type': 'json_object'}, input_type=dict]
    For further information visit https://errors.pydantic.dev/2.12/v/missing
protected_ground_political_opinion
  Field required [type=missing, input_value={'type': 'json_object'}, input_type=dict]
    For further information visit https://errors.pydantic.dev/2.12/v/missing
protected_ground_particular_social_group
  Field required [type=missing, input_value={'type': 'json_object'}, input_type=dict]
    For further information visit https://errors.pydantic.dev/2.12/v/missing
past_persecution_physical_violence
  Field required [type=missing, input_value={'type': 'json_object'}, input_type=dict]
    For further information visit https://errors.pydantic.dev/2.12/v/missing
past_persecution_death_threats
  Field required [type=missing, input_value={'type': 'json_object'}, input_type=dict]
    For further information visit https://errors.pydantic.dev/2.12/v/missing
persecutor_nongovernmental_actor
  Field required [type=missing, input_value={'type': 'json_object'}, input_type=dict]
    For further information visit https://errors.pydantic.dev/2.12/v/missing
credibility_finding
  Field required [type=missing, input_value={'type': 'json_object'}, input_type=dict]
    For further information visit https://errors.pydantic.dev/2.12/v/missing
bars_one_year_deadline_missed
  Field required [type=missing, input_value={'type': 'json_object'}, input_type=dict]
    For further information visit https://errors.pydantic.dev/2.12/v/missing
nexus_requirement_met
  Field required [type=missing, input_value={'type': 'json_object'}, input_type=dict]
    For further information visit https://errors.pydantic.dev/2.12/v/missing"
17-70324-2020-08-10,https://cdn.ca9.uscourts.gov/datastore/memoranda/2020/08/10/17-70324.pdf,deepseek-ai/deepseek-v4-flash,past_persecution_death_threats,,,412,"parse: ValidationError: 11 validation errors for FeatureResult
asylum_requested
  Field required [type=missing, input_value={'type': 'json_object'}, input_type=dict]
    For further information visit https://errors.pydantic.dev/2.12/v/missing
withholding_requested
  Field required [type=missing, input_value={'type': 'json_object'}, input_type=dict]
    For further information visit https://errors.pydantic.dev/2.12/v/missing
CAT_requested
  Field required [type=missing, input_value={'type': 'json_object'}, input_type=dict]
    For further information visit https://errors.pydantic.dev/2.12/v/missing
protected_ground_political_opinion
  Field required [type=missing, input_value={'type': 'json_object'}, input_type=dict]
    For further information visit https://errors.pydantic.dev/2.12/v/missing
protected_ground_particular_social_group
  Field required [type=missing, input_value={'type': 'json_object'}, input_type=dict]
    For further information visit https://errors.pydantic.dev/2.12/v/missing
past_persecution_physical_violence
  Field required [type=missing, input_value={'type': 'json_object'}, input_type=dict]
    For further information visit https://errors.pydantic.dev/2.12/v/missing
past_persecution_death_threats
  Field required [type=missing, input_value={'type': 'json_object'}, input_type=dict]
    For further information visit https://errors.pydantic.dev/2.12/v/missing
persecutor_nongovernmental_actor
  Field required [type=missing, input_value={'type': 'json_object'}, input_type=dict]
    For further information visit https://errors.pydantic.dev/2.12/v/missing
credibility_finding
  Field required [type=missing, input_value={'type': 'json_object'}, input_type=dict]
    For further information visit https://errors.pydantic.dev/2.12/v/missing
bars_one_year_deadline_missed
  Field required [type=missing, input_value={'type': 'json_object'}, input_type=dict]
    For further information visit https://errors.pydantic.dev/2.12/v/missing
nexus_requirement_met
  Field required [type=missing, input_value={'type': 'json_object'}, input_type=dict]
    For further information visit https://errors.pydantic.dev/2.12/v/missing"
17-70324-2020-08-10,https://cdn.ca9.uscourts.gov/datastore/memoranda/2020/08/10/17-70324.pdf,deepseek-ai/deepseek-v4-flash,persecutor_nongovernmental_actor,,,412,"parse: ValidationError: 11 validation errors for FeatureResult
asylum_requested
  Field required [type=missing, input_value={'type': 'json_object'}, input_type=dict]
    For further information visit https://errors.pydantic.dev/2.12/v/missing
withholding_requested
  Field required [type=missing, input_value={'type': 'json_object'}, input_type=dict]
    For further information visit https://errors.pydantic.dev/2.12/v/missing
CAT_requested
  Field required [type=missing, input_value={'type': 'json_object'}, input_type=dict]
    For further information visit https://errors.pydantic.dev/2.12/v/missing
protected_ground_political_opinion
  Field required [type=missing, input_value={'type': 'json_object'}, input_type=dict]
    For further information visit https://errors.pydantic.dev/2.12/v/missing
protected_ground_particular_social_group
  Field required [type=missing, input_value={'type': 'json_object'}, input_type=dict]
    For further information visit https://errors.pydantic.dev/2.12/v/missing
past_persecution_physical_violence
  Field required [type=missing, input_value={'type': 'json_object'}, input_type=dict]
    For further information visit https://errors.pydantic.dev/2.12/v/missing
past_persecution_death_threats
  Field required [type=missing, input_value={'type': 'json_object'}, input_type=dict]
    For further information visit https://errors.pydantic.dev/2.12/v/missing
persecutor_nongovernmental_actor
  Field required [type=missing, input_value={'type': 'json_object'}, input_type=dict]
    For further information visit https://errors.pydantic.dev/2.12/v/missing
credibility_finding
  Field required [type=missing, input_value={'type': 'json_object'}, input_type=dict]
    For further information visit https://errors.pydantic.dev/2.12/v/missing
bars_one_year_deadline_missed
  Field required [type=missing, input_value={'type': 'json_object'}, input_type=dict]
    For further information visit https://errors.pydantic.dev/2.12/v/missing
nexus_requirement_met
  Field required [type=missing, input_value={'type': 'json_object'}, input_type=dict]
    For further information visit https://errors.pydantic.dev/2.12/v/missing"
17-70324-2020-08-10,https://cdn.ca9.uscourts.gov/datastore/memoranda/2020/08/10/17-70324.pdf,deepseek-ai/deepseek-v4-flash,credibility_finding,,,412,"parse: ValidationError: 11 validation errors for FeatureResult
asylum_requested
  Field required [type=missing, input_value={'type': 'json_object'}, input_type=dict]
    For further information visit https://errors.pydantic.dev/2.12/v/missing
withholding_requested
  Field required [type=missing, input_value={'type': 'json_object'}, input_type=dict]
    For further information visit https://errors.pydantic.dev/2.12/v/missing
CAT_requested
  Field required [type=missing, input_value={'type': 'json_object'}, input_type=dict]
    For further information visit https://errors.pydantic.dev/2.12/v/missing
protected_ground_political_opinion
  Field required [type=missing, input_value={'type': 'json_object'}, input_type=dict]
    For further information visit https://errors.pydantic.dev/2.12/v/missing
protected_ground_particular_social_group
  Field required [type=missing, input_value={'type': 'json_object'}, input_type=dict]
    For further information visit https://errors.pydantic.dev/2.12/v/missing
past_persecution_physical_violence
  Field required [type=missing, input_value={'type': 'json_object'}, input_type=dict]
    For further information visit https://errors.pydantic.dev/2.12/v/missing
past_persecution_death_threats
  Field required [type=missing, input_value={'type': 'json_object'}, input_type=dict]
    For further information visit https://errors.pydantic.dev/2.12/v/missing
persecutor_nongovernmental_actor
  Field required [type=missing, input_value={'type': 'json_object'}, input_type=dict]
    For further information visit https://errors.pydantic.dev/2.12/v/missing
credibility_finding
  Field required [type=missing, input_value={'type': 'json_object'}, input_type=dict]
    For further information visit https://errors.pydantic.dev/2.12/v/missing
bars_one_year_deadline_missed
  Field required [type=missing, input_value={'type': 'json_object'}, input_type=dict]
    For further information visit https://errors.pydantic.dev/2.12/v/missing
nexus_requirement_met
  Field required [type=missing, input_value={'type': 'json_object'}, input_type=dict]
    For further information visit https://errors.pydantic.dev/2.12/v/missing"
17-70324-2020-08-10,https://cdn.ca9.uscourts.gov/datastore/memoranda/2020/08/10/17-70324.pdf,deepseek-ai/deepseek-v4-flash,bars_one_year_deadline_missed,,,412,"parse: ValidationError: 11 validation errors for FeatureResult
asylum_requested
  Field required [type=missing, input_value={'type': 'json_object'}, input_type=dict]
    For further information visit https://errors.pydantic.dev/2.12/v/missing
withholding_requested
  Field required [type=missing, input_value={'type': 'json_object'}, input_type=dict]
    For further information visit https://errors.pydantic.dev/2.12/v/missing
CAT_requested
  Field required [type=missing, input_value={'type': 'json_object'}, input_type=dict]
    For further information visit https://errors.pydantic.dev/2.12/v/missing
protected_ground_political_opinion
  Field required [type=missing, input_value={'type': 'json_object'}, input_type=dict]
    For further information visit https://errors.pydantic.dev/2.12/v/missing
protected_ground_particular_social_group
  Field required [type=missing, input_value={'type': 'json_object'}, input_type=dict]
    For further information visit https://errors.pydantic.dev/2.12/v/missing
past_persecution_physical_violence
  Field required [type=missing, input_value={'type': 'json_object'}, input_type=dict]
    For further information visit https://errors.pydantic.dev/2.12/v/missing
past_persecution_death_threats
  Field required [type=missing, input_value={'type': 'json_object'}, input_type=dict]
    For further information visit https://errors.pydantic.dev/2.12/v/missing
persecutor_nongovernmental_actor
  Field required [type=missing, input_value={'type': 'json_object'}, input_type=dict]
    For further information visit https://errors.pydantic.dev/2.12/v/missing
credibility_finding
  Field required [type=missing, input_value={'type': 'json_object'}, input_type=dict]
    For further information visit https://errors.pydantic.dev/2.12/v/missing
bars_one_year_deadline_missed
  Field required [type=missing, input_value={'type': 'json_object'}, input_type=dict]
    For further information visit https://errors.pydantic.dev/2.12/v/missing
nexus_requirement_met
  Field required [type=missing, input_value={'type': 'json_object'}, input_type=dict]
    For further information visit https://errors.pydantic.dev/2.12/v/missing"
17-70324-2020-08-10,https://cdn.ca9.uscourts.gov/datastore/memoranda/2020/08/10/17-70324.pdf,deepseek-ai/deepseek-v4-flash,nexus_requirement_met,,,412,"parse: ValidationError: 11 validation errors for FeatureResult
asylum_requested
  Field required [type=missing, input_value={'type': 'json_object'}, input_type=dict]
    For further information visit https://errors.pydantic.dev/2.12/v/missing
withholding_requested
  Field required [type=missing, input_value={'type': 'json_object'}, input_type=dict]
    For further information visit https://errors.pydantic.dev/2.12/v/missing
CAT_requested
  Field required [type=missing, input_value={'type': 'json_object'}, input_type=dict]
    For further information visit https://errors.pydantic.dev/2.12/v/missing
protected_ground_political_opinion
  Field required [type=missing, input_value={'type': 'json_object'}, input_type=dict]
    For further information visit https://errors.pydantic.dev/2.12/v/missing
protected_ground_particular_social_group
  Field required [type=missing, input_value={'type': 'json_object'}, input_type=dict]
    For further information visit https://errors.pydantic.dev/2.12/v/missing
past_persecution_physical_violence
  Field required [type=missing, input_value={'type': 'json_object'}, input_type=dict]
    For further information visit https://errors.pydantic.dev/2.12/v/missing
past_persecution_death_threats
  Field required [type=missing, input_value={'type': 'json_object'}, input_type=dict]
    For further information visit https://errors.pydantic.dev/2.12/v/missing
persecutor_nongovernmental_actor
  Field required [type=missing, input_value={'type': 'json_object'}, input_type=dict]
    For further information visit https://errors.pydantic.dev/2.12/v/missing
credibility_finding
  Field required [type=missing, input_value={'type': 'json_object'}, input_type=dict]
    For further information visit https://errors.pydantic.dev/2.12/v/missing
bars_one_year_deadline_missed
  Field required [type=missing, input_value={'type': 'json_object'}, input_type=dict]
    For further information visit https://errors.pydantic.dev/2.12/v/missing
nexus_requirement_met
  Field required [type=missing, input_value={'type': 'json_object'}, input_type=dict]
    For further information visit https://errors.pydantic.dev/2.12/v/missing"
20-71340-2021-05-10,https://cdn.ca9.uscourts.gov/datastore/memoranda/2021/05/10/20-71340.pdf,deepseek-ai/deepseek-v4-flash,asylum_requested,,,3155,"parse: ValidationError: 11 validation errors for FeatureResult
asylum_requested
  Field required [type=missing, input_value={'type': 'json_object'}, input_type=dict]
    For further information visit https://errors.pydantic.dev/2.12/v/missing
withholding_requested
  Field required [type=missing, input_value={'type': 'json_object'}, input_type=dict]
    For further information visit https://errors.pydantic.dev/2.12/v/missing
CAT_requested
  Field required [type=missing, input_value={'type': 'json_object'}, input_type=dict]
    For further information visit https://errors.pydantic.dev/2.12/v/missing
protected_ground_political_opinion
  Field required [type=missing, input_value={'type': 'json_object'}, input_type=dict]
    For further information visit https://errors.pydantic.dev/2.12/v/missing
protected_ground_particular_social_group
  Field required [type=missing, input_value={'type': 'json_object'}, input_type=dict]
    For further information visit https://errors.pydantic.dev/2.12/v/missing
past_persecution_physical_violence
  Field required [type=missing, input_value={'type': 'json_object'}, input_type=dict]
    For further information visit https://errors.pydantic.dev/2.12/v/missing
past_persecution_death_threats
  Field required [type=missing, input_value={'type': 'json_object'}, input_type=dict]
    For further information visit https://errors.pydantic.dev/2.12/v/missing
persecutor_nongovernmental_actor
  Field required [type=missing, input_value={'type': 'json_object'}, input_type=dict]
    For further information visit https://errors.pydantic.dev/2.12/v/missing
credibility_finding
  Field required [type=missing, input_value={'type': 'json_object'}, input_type=dict]
    For further information visit https://errors.pydantic.dev/2.12/v/missing
bars_one_year_deadline_missed
  Field required [type=missing, input_value={'type': 'json_object'}, input_type=dict]
    For further information visit https://errors.pydantic.dev/2.12/v/missing
nexus_requirement_met
  Field required [type=missing, input_value={'type': 'json_object'}, input_type=dict]
    For further information visit https://errors.pydantic.dev/2.12/v/missing"
20-71340-2021-05-10,https://cdn.ca9.uscourts.gov/datastore/memoranda/2021/05/10/20-71340.pdf,deepseek-ai/deepseek-v4-flash,withholding_requested,,,3155,"parse: ValidationError: 11 validation errors for FeatureResult
asylum_requested
  Field required [type=missing, input_value={'type': 'json_object'}, input_type=dict]
    For further information visit https://errors.pydantic.dev/2.12/v/missing
withholding_requested
  Field required [type=missing, input_value={'type': 'json_object'}, input_type=dict]
    For further information visit https://errors.pydantic.dev/2.12/v/missing
CAT_requested
  Field required [type=missing, input_value={'type': 'json_object'}, input_type=dict]
    For further information visit https://errors.pydantic.dev/2.12/v/missing
protected_ground_political_opinion
  Field required [type=missing, input_value={'type': 'json_object'}, input_type=dict]
    For further information visit https://errors.pydantic.dev/2.12/v/missing
protected_ground_particular_social_group
  Field required [type=missing, input_value={'type': 'json_object'}, input_type=dict]
    For further information visit https://errors.pydantic.dev/2.12/v/missing
past_persecution_physical_violence
  Field required [type=missing, input_value={'type': 'json_object'}, input_type=dict]
    For further information visit https://errors.pydantic.dev/2.12/v/missing
past_persecution_death_threats
  Field required [type=missing, input_value={'type': 'json_object'}, input_type=dict]
    For further information visit https://errors.pydantic.dev/2.12/v/missing
persecutor_nongovernmental_actor
  Field required [type=missing, input_value={'type': 'json_object'}, input_type=dict]
    For further information visit https://errors.pydantic.dev/2.12/v/missing
credibility_finding
  Field required [type=missing, input_value={'type': 'json_object'}, input_type=dict]
    For further information visit https://errors.pydantic.dev/2.12/v/missing
bars_one_year_deadline_missed
  Field required [type=missing, input_value={'type': 'json_object'}, input_type=dict]
    For further information visit https://errors.pydantic.dev/2.12/v/missing
nexus_requirement_met
  Field required [type=missing, input_value={'type': 'json_object'}, input_type=dict]
    For further information visit https://errors.pydantic.dev/2.12/v/missing"
20-71340-2021-05-10,https://cdn.ca9.uscourts.gov/datastore/memoranda/2021/05/10/20-71340.pdf,deepseek-ai/deepseek-v4-flash,CAT_requested,,,3155,"parse: ValidationError: 11 validation errors for FeatureResult
asylum_requested
  Field required [type=missing, input_value={'type': 'json_object'}, input_type=dict]
    For further information visit https://errors.pydantic.dev/2.12/v/missing
withholding_requested
  Field required [type=missing, input_value={'type': 'json_object'}, input_type=dict]
    For further information visit https://errors.pydantic.dev/2.12/v/missing
CAT_requested
  Field required [type=missing, input_value={'type': 'json_object'}, input_type=dict]
    For further information visit https://errors.pydantic.dev/2.12/v/missing
protected_ground_political_opinion
  Field required [type=missing, input_value={'type': 'json_object'}, input_type=dict]
    For further information visit https://errors.pydantic.dev/2.12/v/missing
protected_ground_particular_social_group
  Field required [type=missing, input_value={'type': 'json_object'}, input_type=dict]
    For further information visit https://errors.pydantic.dev/2.12/v/missing
past_persecution_physical_violence
  Field required [type=missing, input_value={'type': 'json_object'}, input_type=dict]
    For further information visit https://errors.pydantic.dev/2.12/v/missing
past_persecution_death_threats
  Field required [type=missing, input_value={'type': 'json_object'}, input_type=dict]
    For further information visit https://errors.pydantic.dev/2.12/v/missing
persecutor_nongovernmental_actor
  Field required [type=missing, input_value={'type': 'json_object'}, input_type=dict]
    For further information visit https://errors.pydantic.dev/2.12/v/missing
credibility_finding
  Field required [type=missing, input_value={'type': 'json_object'}, input_type=dict]
    For further information visit https://errors.pydantic.dev/2.12/v/missing
bars_one_year_deadline_missed
  Field required [type=missing, input_value={'type': 'json_object'}, input_type=dict]
    For further information visit https://errors.pydantic.dev/2.12/v/missing
nexus_requirement_met
  Field required [type=missing, input_value={'type': 'json_object'}, input_type=dict]
    For further information visit https://errors.pydantic.dev/2.12/v/missing"
20-71340-2021-05-10,https://cdn.ca9.uscourts.gov/datastore/memoranda/2021/05/10/20-71340.pdf,deepseek-ai/deepseek-v4-flash,protected_ground_political_opinion,,,3155,"parse: ValidationError: 11 validation errors for FeatureResult
asylum_requested
  Field required [type=missing, input_value={'type': 'json_object'}, input_type=dict]
    For further information visit https://errors.pydantic.dev/2.12/v/missing
withholding_requested
  Field required [type=missing, input_value={'type': 'json_object'}, input_type=dict]
    For further information visit https://errors.pydantic.dev/2.12/v/missing
CAT_requested
  Field required [type=missing, input_value={'type': 'json_object'}, input_type=dict]
    For further information visit https://errors.pydantic.dev/2.12/v/missing
protected_ground_political_opinion
  Field required [type=missing, input_value={'type': 'json_object'}, input_type=dict]
    For further information visit https://errors.pydantic.dev/2.12/v/missing
protected_ground_particular_social_group
  Field required [type=missing, input_value={'type': 'json_object'}, input_type=dict]
    For further information visit https://errors.pydantic.dev/2.12/v/missing
past_persecution_physical_violence
  Field required [type=missing, input_value={'type': 'json_object'}, input_type=dict]
    For further information visit https://errors.pydantic.dev/2.12/v/missing
past_persecution_death_threats
  Field required [type=missing, input_value={'type': 'json_object'}, input_type=dict]
    For further information visit https://errors.pydantic.dev/2.12/v/missing
persecutor_nongovernmental_actor
  Field required [type=missing, input_value={'type': 'json_object'}, input_type=dict]
    For further information visit https://errors.pydantic.dev/2.12/v/missing
credibility_finding
  Field required [type=missing, input_value={'type': 'json_object'}, input_type=dict]
    For further information visit https://errors.pydantic.dev/2.12/v/missing
bars_one_year_deadline_missed
  Field required [type=missing, input_value={'type': 'json_object'}, input_type=dict]
    For further information visit https://errors.pydantic.dev/2.12/v/missing
nexus_requirement_met
  Field required [type=missing, input_value={'type': 'json_object'}, input_type=dict]
    For further information visit https://errors.pydantic.dev/2.12/v/missing"
20-71340-2021-05-10,https://cdn.ca9.uscourts.gov/datastore/memoranda/2021/05/10/20-71340.pdf,deepseek-ai/deepseek-v4-flash,protected_ground_particular_social_group,,,3155,"parse: ValidationError: 11 validation errors for FeatureResult
asylum_requested
  Field required [type=missing, input_value={'type': 'json_object'}, input_type=dict]
    For further information visit https://errors.pydantic.dev/2.12/v/missing
withholding_requested
  Field required [type=missing, input_value={'type': 'json_object'}, input_type=dict]
    For further information visit https://errors.pydantic.dev/2.12/v/missing
CAT_requested
  Field required [type=missing, input_value={'type': 'json_object'}, input_type=dict]
    For further information visit https://errors.pydantic.dev/2.12/v/missing
protected_ground_political_opinion
  Field required [type=missing, input_value={'type': 'json_object'}, input_type=dict]
    For further information visit https://errors.pydantic.dev/2.12/v/missing
protected_ground_particular_social_group
  Field required [type=missing, input_value={'type': 'json_object'}, input_type=dict]
    For further information visit https://errors.pydantic.dev/2.12/v/missing
past_persecution_physical_violence
  Field required [type=missing, input_value={'type': 'json_object'}, input_type=dict]
    For further information visit https://errors.pydantic.dev/2.12/v/missing
past_persecution_death_threats
  Field required [type=missing, input_value={'type': 'json_object'}, input_type=dict]
    For further information visit https://errors.pydantic.dev/2.12/v/missing
persecutor_nongovernmental_actor
  Field required [type=missing, input_value={'type': 'json_object'}, input_type=dict]
    For further information visit https://errors.pydantic.dev/2.12/v/missing
credibility_finding
  Field required [type=missing, input_value={'type': 'json_object'}, input_type=dict]
    For further information visit https://errors.pydantic.dev/2.12/v/missing
bars_one_year_deadline_missed
  Field required [type=missing, input_value={'type': 'json_object'}, input_type=dict]
    For further information visit https://errors.pydantic.dev/2.12/v/missing
nexus_requirement_met
  Field required [type=missing, input_value={'type': 'json_object'}, input_type=dict]
    For further information visit https://errors.pydantic.dev/2.12/v/missing"
20-71340-2021-05-10,https://cdn.ca9.uscourts.gov/datastore/memoranda/2021/05/10/20-71340.pdf,deepseek-ai/deepseek-v4-flash,past_persecution_physical_violence,,,3155,"parse: ValidationError: 11 validation errors for FeatureResult
asylum_requested
  Field required [type=missing, input_value={'type': 'json_object'}, input_type=dict]
    For further information visit https://errors.pydantic.dev/2.12/v/missing
withholding_requested
  Field required [type=missing, input_value={'type': 'json_object'}, input_type=dict]
    For further information visit https://errors.pydantic.dev/2.12/v/missing
CAT_requested
  Field required [type=missing, input_value={'type': 'json_object'}, input_type=dict]
    For further information visit https://errors.pydantic.dev/2.12/v/missing
protected_ground_political_opinion
  Field required [type=missing, input_value={'type': 'json_object'}, input_type=dict]
    For further information visit https://errors.pydantic.dev/2.12/v/missing
protected_ground_particular_social_group
  Field required [type=missing, input_value={'type': 'json_object'}, input_type=dict]
    For further information visit https://errors.pydantic.dev/2.12/v/missing
past_persecution_physical_violence
  Field required [type=missing, input_value={'type': 'json_object'}, input_type=dict]
    For further information visit https://errors.pydantic.dev/2.12/v/missing
past_persecution_death_threats
  Field required [type=missing, input_value={'type': 'json_object'}, input_type=dict]
    For further information visit https://errors.pydantic.dev/2.12/v/missing
persecutor_nongovernmental_actor
  Field required [type=missing, input_value={'type': 'json_object'}, input_type=dict]
    For further information visit https://errors.pydantic.dev/2.12/v/missing
credibility_finding
  Field required [type=missing, input_value={'type': 'json_object'}, input_type=dict]
    For further information visit https://errors.pydantic.dev/2.12/v/missing
bars_one_year_deadline_missed
  Field required [type=missing, input_value={'type': 'json_object'}, input_type=dict]
    For further information visit https://errors.pydantic.dev/2.12/v/missing
nexus_requirement_met
  Field required [type=missing, input_value={'type': 'json_object'}, input_type=dict]
    For further information visit https://errors.pydantic.dev/2.12/v/missing"
20-71340-2021-05-10,https://cdn.ca9.uscourts.gov/datastore/memoranda/2021/05/10/20-71340.pdf,deepseek-ai/deepseek-v4-flash,past_persecution_death_threats,,,3155,"parse: ValidationError: 11 validation errors for FeatureResult
asylum_requested
  Field required [type=missing, input_value={'type': 'json_object'}, input_type=dict]
    For further information visit https://errors.pydantic.dev/2.12/v/missing
withholding_requested
  Field required [type=missing, input_value={'type': 'json_object'}, input_type=dict]
    For further information visit https://errors.pydantic.dev/2.12/v/missing
CAT_requested
  Field required [type=missing, input_value={'type': 'json_object'}, input_type=dict]
    For further information visit https://errors.pydantic.dev/2.12/v/missing
protected_ground_political_opinion
  Field required [type=missing, input_value={'type': 'json_object'}, input_type=dict]
    For further information visit https://errors.pydantic.dev/2.12/v/missing
protected_ground_particular_social_group
  Field required [type=missing, input_value={'type': 'json_object'}, input_type=dict]
    For further information visit https://errors.pydantic.dev/2.12/v/missing
past_persecution_physical_violence
  Field required [type=missing, input_value={'type': 'json_object'}, input_type=dict]
    For further information visit https://errors.pydantic.dev/2.12/v/missing
past_persecution_death_threats
  Field required [type=missing, input_value={'type': 'json_object'}, input_type=dict]
    For further information visit https://errors.pydantic.dev/2.12/v/missing
persecutor_nongovernmental_actor
  Field required [type=missing, input_value={'type': 'json_object'}, input_type=dict]
    For further information visit https://errors.pydantic.dev/2.12/v/missing
credibility_finding
  Field required [type=missing, input_value={'type': 'json_object'}, input_type=dict]
    For further information visit https://errors.pydantic.dev/2.12/v/missing
bars_one_year_deadline_missed
  Field required [type=missing, input_value={'type': 'json_object'}, input_type=dict]
    For further information visit https://errors.pydantic.dev/2.12/v/missing
nexus_requirement_met
  Field required [type=missing, input_value={'type': 'json_object'}, input_type=dict]
    For further information visit https://errors.pydantic.dev/2.12/v/missing"
20-71340-2021-05-10,https://cdn.ca9.uscourts.gov/datastore/memoranda/2021/05/10/20-71340.pdf,deepseek-ai/deepseek-v4-flash,persecutor_nongovernmental_actor,,,3155,"parse: ValidationError: 11 validation errors for FeatureResult
asylum_requested
  Field required [type=missing, input_value={'type': 'json_object'}, input_type=dict]
    For further information visit https://errors.pydantic.dev/2.12/v/missing
withholding_requested
  Field required [type=missing, input_value={'type': 'json_object'}, input_type=dict]
    For further information visit https://errors.pydantic.dev/2.12/v/missing
CAT_requested
  Field required [type=missing, input_value={'type': 'json_object'}, input_type=dict]
    For further information visit https://errors.pydantic.dev/2.12/v/missing
protected_ground_political_opinion
  Field required [type=missing, input_value={'type': 'json_object'}, input_type=dict]
    For further information visit https://errors.pydantic.dev/2.12/v/missing
protected_ground_particular_social_group
  Field required [type=missing, input_value={'type': 'json_object'}, input_type=dict]
    For further information visit https://errors.pydantic.dev/2.12/v/missing
past_persecution_physical_violence
  Field required [type=missing, input_value={'type': 'json_object'}, input_type=dict]
    For further information visit https://errors.pydantic.dev/2.12/v/missing
past_persecution_death_threats
  Field required [type=missing, input_value={'type': 'json_object'}, input_type=dict]
    For further information visit https://errors.pydantic.dev/2.12/v/missing
persecutor_nongovernmental_actor
  Field required [type=missing, input_value={'type': 'json_object'}, input_type=dict]
    For further information visit https://errors.pydantic.dev/2.12/v/missing
credibility_finding
  Field required [type=missing, input_value={'type': 'json_object'}, input_type=dict]
    For further information visit https://errors.pydantic.dev/2.12/v/missing
bars_one_year_deadline_missed
  Field required [type=missing, input_value={'type': 'json_object'}, input_type=dict]
    For further information visit https://errors.pydantic.dev/2.12/v/missing
nexus_requirement_met
  Field required [type=missing, input_value={'type': 'json_object'}, input_type=dict]
    For further information visit https://errors.pydantic.dev/2.12/v/missing"
20-71340-2021-05-10,https://cdn.ca9.uscourts.gov/datastore/memoranda/2021/05/10/20-71340.pdf,deepseek-ai/deepseek-v4-flash,credibility_finding,,,3155,"parse: ValidationError: 11 validation errors for FeatureResult
asylum_requested
  Field required [type=missing, input_value={'type': 'json_object'}, input_type=dict]
    For further information visit https://errors.pydantic.dev/2.12/v/missing
withholding_requested
  Field required [type=missing, input_value={'type': 'json_object'}, input_type=dict]
    For further information visit https://errors.pydantic.dev/2.12/v/missing
CAT_requested
  Field required [type=missing, input_value={'type': 'json_object'}, input_type=dict]
    For further information visit https://errors.pydantic.dev/2.12/v/missing
protected_ground_political_opinion
  Field required [type=missing, input_value={'type': 'json_object'}, input_type=dict]
    For further information visit https://errors.pydantic.dev/2.12/v/missing
protected_ground_particular_social_group
  Field required [type=missing, input_value={'type': 'json_object'}, input_type=dict]
    For further information visit https://errors.pydantic.dev/2.12/v/missing
past_persecution_physical_violence
  Field required [type=missing, input_value={'type': 'json_object'}, input_type=dict]
    For further information visit https://errors.pydantic.dev/2.12/v/missing
past_persecution_death_threats
  Field required [type=missing, input_value={'type': 'json_object'}, input_type=dict]
    For further information visit https://errors.pydantic.dev/2.12/v/missing
persecutor_nongovernmental_actor
  Field required [type=missing, input_value={'type': 'json_object'}, input_type=dict]
    For further information visit https://errors.pydantic.dev/2.12/v/missing
credibility_finding
  Field required [type=missing, input_value={'type': 'json_object'}, input_type=dict]
    For further information visit https://errors.pydantic.dev/2.12/v/missing
bars_one_year_deadline_missed
  Field required [type=missing, input_value={'type': 'json_object'}, input_type=dict]
    For further information visit https://errors.pydantic.dev/2.12/v/missing
nexus_requirement_met
  Field required [type=missing, input_value={'type': 'json_object'}, input_type=dict]
    For further information visit https://errors.pydantic.dev/2.12/v/missing"
20-71340-2021-05-10,https://cdn.ca9.uscourts.gov/datastore/memoranda/2021/05/10/20-71340.pdf,deepseek-ai/deepseek-v4-flash,bars_one_year_deadline_missed,,,3155,"parse: ValidationError: 11 validation errors for FeatureResult
asylum_requested
  Field required [type=missing, input_value={'type': 'json_object'}, input_type=dict]
    For further information visit https://errors.pydantic.dev/2.12/v/missing
withholding_requested
  Field required [type=missing, input_value={'type': 'json_object'}, input_type=dict]
    For further information visit https://errors.pydantic.dev/2.12/v/missing
CAT_requested
  Field required [type=missing, input_value={'type': 'json_object'}, input_type=dict]
    For further information visit https://errors.pydantic.dev/2.12/v/missing
protected_ground_political_opinion
  Field required [type=missing, input_value={'type': 'json_object'}, input_type=dict]
    For further information visit https://errors.pydantic.dev/2.12/v/missing
protected_ground_particular_social_group
  Field required [type=missing, input_value={'type': 'json_object'}, input_type=dict]
    For further information visit https://errors.pydantic.dev/2.12/v/missing
past_persecution_physical_violence
  Field required [type=missing, input_value={'type': 'json_object'}, input_type=dict]
    For further information visit https://errors.pydantic.dev/2.12/v/missing
past_persecution_death_threats
  Field required [type=missing, input_value={'type': 'json_object'}, input_type=dict]
    For further information visit https://errors.pydantic.dev/2.12/v/missing
persecutor_nongovernmental_actor
  Field required [type=missing, input_value={'type': 'json_object'}, input_type=dict]
    For further information visit https://errors.pydantic.dev/2.12/v/missing
credibility_finding
  Field required [type=missing, input_value={'type': 'json_object'}, input_type=dict]
    For further information visit https://errors.pydantic.dev/2.12/v/missing
bars_one_year_deadline_missed
  Field required [type=missing, input_value={'type': 'json_object'}, input_type=dict]
    For further information visit https://errors.pydantic.dev/2.12/v/missing
nexus_requirement_met
  Field required [type=missing, input_value={'type': 'json_object'}, input_type=dict]
    For further information visit https://errors.pydantic.dev/2.12/v/missing"
20-71340-2021-05-10,https://cdn.ca9.uscourts.gov/datastore/memoranda/2021/05/10/20-71340.pdf,deepseek-ai/deepseek-v4-flash,nexus_requirement_met,,,3155,"parse: ValidationError: 11 validation errors for FeatureResult
asylum_requested
  Field required [type=missing, input_value={'type': 'json_object'}, input_type=dict]
    For further information visit https://errors.pydantic.dev/2.12/v/missing
withholding_requested
  Field required [type=missing, input_value={'type': 'json_object'}, input_type=dict]
    For further information visit https://errors.pydantic.dev/2.12/v/missing
CAT_requested
  Field required [type=missing, input_value={'type': 'json_object'}, input_type=dict]
    For further information visit https://errors.pydantic.dev/2.12/v/missing
protected_ground_political_opinion
  Field required [type=missing, input_value={'type': 'json_object'}, input_type=dict]
    For further information visit https://errors.pydantic.dev/2.12/v/missing
protected_ground_particular_social_group
  Field required [type=missing, input_value={'type': 'json_object'}, input_type=dict]
    For further information visit https://errors.pydantic.dev/2.12/v/missing
past_persecution_physical_violence
  Field required [type=missing, input_value={'type': 'json_object'}, input_type=dict]
    For further information visit https://errors.pydantic.dev/2.12/v/missing
past_persecution_death_threats
  Field required [type=missing, input_value={'type': 'json_object'}, input_type=dict]
    For further information visit https://errors.pydantic.dev/2.12/v/missing
persecutor_nongovernmental_actor
  Field required [type=missing, input_value={'type': 'json_object'}, input_type=dict]
    For further information visit https://errors.pydantic.dev/2.12/v/missing
credibility_finding
  Field required [type=missing, input_value={'type': 'json_object'}, input_type=dict]
    For further information visit https://errors.pydantic.dev/2.12/v/missing
bars_one_year_deadline_missed
  Field required [type=missing, input_value={'type': 'json_object'}, input_type=dict]
    For further information visit https://errors.pydantic.dev/2.12/v/missing
nexus_requirement_met
  Field required [type=missing, input_value={'type': 'json_object'}, input_type=dict]
    For further information visit https://errors.pydantic.dev/2.12/v/missing"
19-71833-2021-03-23,https://cdn.ca9.uscourts.gov/datastore/memoranda/2021/03/23/19-71833.pdf,deepseek-ai/deepseek-v4-flash,asylum_requested,True,"petitioners challenge the BIA's underlying dismissal order, we lack jurisdiction to review that decision because it was issued on November 2, 2018, and Petitioners did not file this petition for review until July 22, 2019.",47370,
19-71833-2021-03-23,https://cdn.ca9.uscourts.gov/datastore/memoranda/2021/03/23/19-71833.pdf,deepseek-ai/deepseek-v4-flash,withholding_requested,False,Not mentioned in the opinion.,47370,
19-71833-2021-03-23,https://cdn.ca9.uscourts.gov/datastore/memoranda/2021/03/23/19-71833.pdf,deepseek-ai/deepseek-v4-flash,CAT_requested,False,Not mentioned in the opinion.,47370,
19-71833-2021-03-23,https://cdn.ca9.uscourts.gov/datastore/memoranda/2021/03/23/19-71833.pdf,deepseek-ai/deepseek-v4-flash,protected_ground_political_opinion,False,Not mentioned in the opinion.,47370,
19-71833-2021-03-23,https://cdn.ca9.uscourts.gov/datastore/memoranda/2021/03/23/19-71833.pdf,deepseek-ai/deepseek-v4-flash,protected_ground_particular_social_group,False,Not mentioned in the opinion.,47370,
19-71833-2021-03-23,https://cdn.ca9.uscourts.gov/datastore/memoranda/2021/03/23/19-71833.pdf,deepseek-ai/deepseek-v4-flash,past_persecution_physical_violence,False,Not mentioned in the opinion.,47370,
19-71833-2021-03-23,https://cdn.ca9.uscourts.gov/datastore/memoranda/2021/03/23/19-71833.pdf,deepseek-ai/deepseek-v4-flash,past_persecution_death_threats,False,Not mentioned in the opinion.,47370,
19-71833-2021-03-23,https://cdn.ca9.uscourts.gov/datastore/memoranda/2021/03/23/19-71833.pdf,deepseek-ai/deepseek-v4-flash,persecutor_nongovernmental_actor,False,Not mentioned in the opinion.,47370,
19-71833-2021-03-23,https://cdn.ca9.uscourts.gov/datastore/memoranda/2021/03/23/19-71833.pdf,deepseek-ai/deepseek-v4-flash,credibility_finding,False,Not mentioned in the opinion.,47370,
19-71833-2021-03-23,https://cdn.ca9.uscourts.gov/datastore/memoranda/2021/03/23/19-71833.pdf,deepseek-ai/deepseek-v4-flash,bars_one_year_deadline_missed,False,Not mentioned in the opinion.,47370,
19-71833-2021-03-23,https://cdn.ca9.uscourts.gov/datastore/memoranda/2021/03/23/19-71833.pdf,deepseek-ai/deepseek-v4-flash,nexus_requirement_met,False,Not mentioned in the opinion.,47370,
