case_id,pdf_url,model,feature,predicted,evidence,latency_ms,error,raw_output
21-70493-2022-09-14,https://cdn.ca9.uscourts.gov/datastore/opinions/2022/09/14/21-70493.pdf,meta/llama-3.3-70b-instruct,asylum_requested,False,Not mentioned in the opinion.,512311,,
21-70493-2022-09-14,https://cdn.ca9.uscourts.gov/datastore/opinions/2022/09/14/21-70493.pdf,meta/llama-3.3-70b-instruct,withholding_requested,False,Not mentioned in the opinion.,512311,,
21-70493-2022-09-14,https://cdn.ca9.uscourts.gov/datastore/opinions/2022/09/14/21-70493.pdf,meta/llama-3.3-70b-instruct,CAT_requested,False,Not mentioned in the opinion.,512311,,
21-70493-2022-09-14,https://cdn.ca9.uscourts.gov/datastore/opinions/2022/09/14/21-70493.pdf,meta/llama-3.3-70b-instruct,protected_ground_political_opinion,False,Not mentioned in the opinion.,512311,,
21-70493-2022-09-14,https://cdn.ca9.uscourts.gov/datastore/opinions/2022/09/14/21-70493.pdf,meta/llama-3.3-70b-instruct,protected_ground_particular_social_group,False,Not mentioned in the opinion.,512311,,
21-70493-2022-09-14,https://cdn.ca9.uscourts.gov/datastore/opinions/2022/09/14/21-70493.pdf,meta/llama-3.3-70b-instruct,past_persecution_physical_violence,False,Not mentioned in the opinion.,512311,,
21-70493-2022-09-14,https://cdn.ca9.uscourts.gov/datastore/opinions/2022/09/14/21-70493.pdf,meta/llama-3.3-70b-instruct,past_persecution_death_threats,False,Not mentioned in the opinion.,512311,,
21-70493-2022-09-14,https://cdn.ca9.uscourts.gov/datastore/opinions/2022/09/14/21-70493.pdf,meta/llama-3.3-70b-instruct,persecutor_nongovernmental_actor,False,Not mentioned in the opinion.,512311,,
21-70493-2022-09-14,https://cdn.ca9.uscourts.gov/datastore/opinions/2022/09/14/21-70493.pdf,meta/llama-3.3-70b-instruct,credibility_finding,False,Not mentioned in the opinion.,512311,,
21-70493-2022-09-14,https://cdn.ca9.uscourts.gov/datastore/opinions/2022/09/14/21-70493.pdf,meta/llama-3.3-70b-instruct,bars_one_year_deadline_missed,False,Not mentioned in the opinion.,512311,,
21-70493-2022-09-14,https://cdn.ca9.uscourts.gov/datastore/opinions/2022/09/14/21-70493.pdf,meta/llama-3.3-70b-instruct,nexus_requirement_met,False,Not mentioned in the opinion.,512311,,
21-70493-2022-09-14,https://cdn.ca9.uscourts.gov/datastore/opinions/2022/09/14/21-70493.pdf,mistralai/mistral-large-3-675b-instruct-2512,asylum_requested,True,Hernandez conceded removability and sought cancellation of removal under 8 U.S.C. § 1229b(a) (LPR cancellation) and asylum.,3644,,
21-70493-2022-09-14,https://cdn.ca9.uscourts.gov/datastore/opinions/2022/09/14/21-70493.pdf,mistralai/mistral-large-3-675b-instruct-2512,withholding_requested,False,Not mentioned in the opinion.,3644,,
21-70493-2022-09-14,https://cdn.ca9.uscourts.gov/datastore/opinions/2022/09/14/21-70493.pdf,mistralai/mistral-large-3-675b-instruct-2512,CAT_requested,False,Not mentioned in the opinion.,3644,,
21-70493-2022-09-14,https://cdn.ca9.uscourts.gov/datastore/opinions/2022/09/14/21-70493.pdf,mistralai/mistral-large-3-675b-instruct-2512,protected_ground_political_opinion,False,Not mentioned in the opinion.,3644,,
21-70493-2022-09-14,https://cdn.ca9.uscourts.gov/datastore/opinions/2022/09/14/21-70493.pdf,mistralai/mistral-large-3-675b-instruct-2512,protected_ground_particular_social_group,False,Not mentioned in the opinion.,3644,,
21-70493-2022-09-14,https://cdn.ca9.uscourts.gov/datastore/opinions/2022/09/14/21-70493.pdf,mistralai/mistral-large-3-675b-instruct-2512,past_persecution_physical_violence,False,Not mentioned in the opinion.,3644,,
21-70493-2022-09-14,https://cdn.ca9.uscourts.gov/datastore/opinions/2022/09/14/21-70493.pdf,mistralai/mistral-large-3-675b-instruct-2512,past_persecution_death_threats,False,Not mentioned in the opinion.,3644,,
21-70493-2022-09-14,https://cdn.ca9.uscourts.gov/datastore/opinions/2022/09/14/21-70493.pdf,mistralai/mistral-large-3-675b-instruct-2512,persecutor_nongovernmental_actor,False,Not mentioned in the opinion.,3644,,
21-70493-2022-09-14,https://cdn.ca9.uscourts.gov/datastore/opinions/2022/09/14/21-70493.pdf,mistralai/mistral-large-3-675b-instruct-2512,credibility_finding,False,Not mentioned in the opinion.,3644,,
21-70493-2022-09-14,https://cdn.ca9.uscourts.gov/datastore/opinions/2022/09/14/21-70493.pdf,mistralai/mistral-large-3-675b-instruct-2512,bars_one_year_deadline_missed,False,Not mentioned in the opinion.,3644,,
21-70493-2022-09-14,https://cdn.ca9.uscourts.gov/datastore/opinions/2022/09/14/21-70493.pdf,mistralai/mistral-large-3-675b-instruct-2512,nexus_requirement_met,False,Not mentioned in the opinion.,3644,,
17-72197-2020-12-21,https://cdn.ca9.uscourts.gov/datastore/opinions/2020/12/21/17-72197.pdf,meta/llama-3.3-70b-instruct,asylum_requested,True,"Nguyen applied for asylum, withholding of removal, and relief pursuant to the Convention Against Torture (CAT).",151890,,
17-72197-2020-12-21,https://cdn.ca9.uscourts.gov/datastore/opinions/2020/12/21/17-72197.pdf,meta/llama-3.3-70b-instruct,withholding_requested,True,"Nguyen applied for asylum, withholding of removal, and relief pursuant to the Convention Against Torture (CAT).",151890,,
17-72197-2020-12-21,https://cdn.ca9.uscourts.gov/datastore/opinions/2020/12/21/17-72197.pdf,meta/llama-3.3-70b-instruct,CAT_requested,True,"Nguyen applied for asylum, withholding of removal, and relief pursuant to the Convention Against Torture (CAT).",151890,,
17-72197-2020-12-21,https://cdn.ca9.uscourts.gov/datastore/opinions/2020/12/21/17-72197.pdf,meta/llama-3.3-70b-instruct,protected_ground_political_opinion,False,Not mentioned in the opinion.,151890,,
17-72197-2020-12-21,https://cdn.ca9.uscourts.gov/datastore/opinions/2020/12/21/17-72197.pdf,meta/llama-3.3-70b-instruct,protected_ground_particular_social_group,True,"Nguyen insisted that he feared returning to Vietnam because he is a member of two proposed particular social groups, including ""known drug users"".",151890,,
17-72197-2020-12-21,https://cdn.ca9.uscourts.gov/datastore/opinions/2020/12/21/17-72197.pdf,meta/llama-3.3-70b-instruct,past_persecution_physical_violence,False,Not mentioned in the opinion.,151890,,
17-72197-2020-12-21,https://cdn.ca9.uscourts.gov/datastore/opinions/2020/12/21/17-72197.pdf,meta/llama-3.3-70b-instruct,past_persecution_death_threats,False,Not mentioned in the opinion.,151890,,
17-72197-2020-12-21,https://cdn.ca9.uscourts.gov/datastore/opinions/2020/12/21/17-72197.pdf,meta/llama-3.3-70b-instruct,persecutor_nongovernmental_actor,False,Not mentioned in the opinion.,151890,,
17-72197-2020-12-21,https://cdn.ca9.uscourts.gov/datastore/opinions/2020/12/21/17-72197.pdf,meta/llama-3.3-70b-instruct,credibility_finding,False,Not mentioned in the opinion.,151890,,
17-72197-2020-12-21,https://cdn.ca9.uscourts.gov/datastore/opinions/2020/12/21/17-72197.pdf,meta/llama-3.3-70b-instruct,bars_one_year_deadline_missed,False,Not mentioned in the opinion.,151890,,
17-72197-2020-12-21,https://cdn.ca9.uscourts.gov/datastore/opinions/2020/12/21/17-72197.pdf,meta/llama-3.3-70b-instruct,nexus_requirement_met,False,Not mentioned in the opinion.,151890,,
17-72197-2020-12-21,https://cdn.ca9.uscourts.gov/datastore/opinions/2020/12/21/17-72197.pdf,mistralai/mistral-large-3-675b-instruct-2512,asylum_requested,True,"Nguyen applied for cancellation of removal for certain permanent residents, pursuant to 8 U.S.C. § 1229b(a), as well as asylum, withholding of removal, and relief pursuant to the Convention Against Torture (CAT).",4989,,
17-72197-2020-12-21,https://cdn.ca9.uscourts.gov/datastore/opinions/2020/12/21/17-72197.pdf,mistralai/mistral-large-3-675b-instruct-2512,withholding_requested,True,"Nguyen applied for cancellation of removal for certain permanent residents, pursuant to 8 U.S.C. § 1229b(a), as well as asylum, withholding of removal, and relief pursuant to the Convention Against Torture (CAT).",4989,,
17-72197-2020-12-21,https://cdn.ca9.uscourts.gov/datastore/opinions/2020/12/21/17-72197.pdf,mistralai/mistral-large-3-675b-instruct-2512,CAT_requested,True,"Nguyen applied for cancellation of removal for certain permanent residents, pursuant to 8 U.S.C. § 1229b(a), as well as asylum, withholding of removal, and relief pursuant to the Convention Against Torture (CAT).",4989,,
17-72197-2020-12-21,https://cdn.ca9.uscourts.gov/datastore/opinions/2020/12/21/17-72197.pdf,mistralai/mistral-large-3-675b-instruct-2512,protected_ground_political_opinion,False,Not mentioned in the opinion.,4989,,
17-72197-2020-12-21,https://cdn.ca9.uscourts.gov/datastore/opinions/2020/12/21/17-72197.pdf,mistralai/mistral-large-3-675b-instruct-2512,protected_ground_particular_social_group,True,"Nguyen insisted that he feared returning to Vietnam because he is a Buddhist and a member of two proposed particular social groups. The first proposed group is comprised of 'relatives of soldiers that directly opposed the communist government,' and the second is comprised of 'known drug users.'",4989,,
17-72197-2020-12-21,https://cdn.ca9.uscourts.gov/datastore/opinions/2020/12/21/17-72197.pdf,mistralai/mistral-large-3-675b-instruct-2512,past_persecution_physical_violence,False,Not mentioned in the opinion.,4989,,
17-72197-2020-12-21,https://cdn.ca9.uscourts.gov/datastore/opinions/2020/12/21/17-72197.pdf,mistralai/mistral-large-3-675b-instruct-2512,past_persecution_death_threats,False,Not mentioned in the opinion.,4989,,
17-72197-2020-12-21,https://cdn.ca9.uscourts.gov/datastore/opinions/2020/12/21/17-72197.pdf,mistralai/mistral-large-3-675b-instruct-2512,persecutor_nongovernmental_actor,False,Not mentioned in the opinion.,4989,,
17-72197-2020-12-21,https://cdn.ca9.uscourts.gov/datastore/opinions/2020/12/21/17-72197.pdf,mistralai/mistral-large-3-675b-instruct-2512,credibility_finding,False,Not mentioned in the opinion.,4989,,
17-72197-2020-12-21,https://cdn.ca9.uscourts.gov/datastore/opinions/2020/12/21/17-72197.pdf,mistralai/mistral-large-3-675b-instruct-2512,bars_one_year_deadline_missed,False,Not mentioned in the opinion.,4989,,
17-72197-2020-12-21,https://cdn.ca9.uscourts.gov/datastore/opinions/2020/12/21/17-72197.pdf,mistralai/mistral-large-3-675b-instruct-2512,nexus_requirement_met,False,Not mentioned in the opinion.,4989,,
23-3858-2025-04-23,https://cdn.ca9.uscourts.gov/datastore/opinions/2025/04/23/23-3858.pdf,meta/llama-3.3-70b-instruct,asylum_requested,True,"Oscar applied for asylum, withholding of removal, and relief under the CAT.",579559,,
23-3858-2025-04-23,https://cdn.ca9.uscourts.gov/datastore/opinions/2025/04/23/23-3858.pdf,meta/llama-3.3-70b-instruct,withholding_requested,True,"Oscar applied for asylum, withholding of removal, and relief under the CAT.",579559,,
23-3858-2025-04-23,https://cdn.ca9.uscourts.gov/datastore/opinions/2025/04/23/23-3858.pdf,meta/llama-3.3-70b-instruct,CAT_requested,True,"Oscar applied for asylum, withholding of removal, and relief under the CAT.",579559,,
23-3858-2025-04-23,https://cdn.ca9.uscourts.gov/datastore/opinions/2025/04/23/23-3858.pdf,meta/llama-3.3-70b-instruct,protected_ground_political_opinion,True,"According to Oscar, the PHTK members asked Oscar to join them, because his support might be influential in his community given his popularity.",579559,,
23-3858-2025-04-23,https://cdn.ca9.uscourts.gov/datastore/opinions/2025/04/23/23-3858.pdf,meta/llama-3.3-70b-instruct,protected_ground_particular_social_group,False,Not mentioned in the opinion.,579559,,
23-3858-2025-04-23,https://cdn.ca9.uscourts.gov/datastore/opinions/2025/04/23/23-3858.pdf,meta/llama-3.3-70b-instruct,past_persecution_physical_violence,True,"The men punched and kicked Oscar, pushed his then-girlfriend (now-wife) Fabienne Lorjuste, and left only when they heard the sound of a gunshot nearby, threatening to come back 'for real.'",579559,,
23-3858-2025-04-23,https://cdn.ca9.uscourts.gov/datastore/opinions/2025/04/23/23-3858.pdf,meta/llama-3.3-70b-instruct,past_persecution_death_threats,True,The men... threatening to come back 'for real.',579559,,
23-3858-2025-04-23,https://cdn.ca9.uscourts.gov/datastore/opinions/2025/04/23/23-3858.pdf,meta/llama-3.3-70b-instruct,persecutor_nongovernmental_actor,True,The PHTK is a violent gang.,579559,,
23-3858-2025-04-23,https://cdn.ca9.uscourts.gov/datastore/opinions/2025/04/23/23-3858.pdf,meta/llama-3.3-70b-instruct,credibility_finding,True,The IJ found Oscar to be not credible.,579559,,
23-3858-2025-04-23,https://cdn.ca9.uscourts.gov/datastore/opinions/2025/04/23/23-3858.pdf,meta/llama-3.3-70b-instruct,bars_one_year_deadline_missed,False,Not mentioned in the opinion.,579559,,
23-3858-2025-04-23,https://cdn.ca9.uscourts.gov/datastore/opinions/2025/04/23/23-3858.pdf,meta/llama-3.3-70b-instruct,nexus_requirement_met,False,Not mentioned in the opinion.,579559,,
23-3858-2025-04-23,https://cdn.ca9.uscourts.gov/datastore/opinions/2025/04/23/23-3858.pdf,mistralai/mistral-large-3-675b-instruct-2512,asylum_requested,True,"Oscar applied for asylum, withholding of removal, and relief under the CAT.",5687,,
23-3858-2025-04-23,https://cdn.ca9.uscourts.gov/datastore/opinions/2025/04/23/23-3858.pdf,mistralai/mistral-large-3-675b-instruct-2512,withholding_requested,True,"Oscar applied for asylum, withholding of removal, and relief under the Convention Against Torture (CAT).",5687,,
23-3858-2025-04-23,https://cdn.ca9.uscourts.gov/datastore/opinions/2025/04/23/23-3858.pdf,mistralai/mistral-large-3-675b-instruct-2512,CAT_requested,True,"Oscar applied for asylum, withholding of removal, and relief under the Convention Against Torture (CAT).",5687,,
23-3858-2025-04-23,https://cdn.ca9.uscourts.gov/datastore/opinions/2025/04/23/23-3858.pdf,mistralai/mistral-large-3-675b-instruct-2512,protected_ground_political_opinion,True,"According to Oscar, [the PHTK] is also a violent gang. In 2014, while Oscar still lived in Haiti, PHTK members asked Oscar to join them, because his support might be influential in his community given his popularity. Oscar refused.",5687,,
23-3858-2025-04-23,https://cdn.ca9.uscourts.gov/datastore/opinions/2025/04/23/23-3858.pdf,mistralai/mistral-large-3-675b-instruct-2512,protected_ground_particular_social_group,False,Not mentioned in the opinion.,5687,,
23-3858-2025-04-23,https://cdn.ca9.uscourts.gov/datastore/opinions/2025/04/23/23-3858.pdf,mistralai/mistral-large-3-675b-instruct-2512,past_persecution_physical_violence,True,"The men punched and kicked Oscar, pushed his then-girlfriend (now-wife) Fabienne Lorjuste, and left only when they heard the sound of a gunshot nearby, threatening to come back 'for real.' Oscar testified that he was 'not really injured,' and suffered only scratches.",5687,,
23-3858-2025-04-23,https://cdn.ca9.uscourts.gov/datastore/opinions/2025/04/23/23-3858.pdf,mistralai/mistral-large-3-675b-instruct-2512,past_persecution_death_threats,False,Not mentioned in the opinion.,5687,,
23-3858-2025-04-23,https://cdn.ca9.uscourts.gov/datastore/opinions/2025/04/23/23-3858.pdf,mistralai/mistral-large-3-675b-instruct-2512,persecutor_nongovernmental_actor,True,"The men punched and kicked Oscar... Oscar testified that he knew the men belonged to the PHTK, because they 'identify themselves as members of PHTK.'",5687,,
23-3858-2025-04-23,https://cdn.ca9.uscourts.gov/datastore/opinions/2025/04/23/23-3858.pdf,mistralai/mistral-large-3-675b-instruct-2512,credibility_finding,True,"As discussed in the concurrently filed memorandum disposition, the IJ found Oscar to be not credible.",5687,,
23-3858-2025-04-23,https://cdn.ca9.uscourts.gov/datastore/opinions/2025/04/23/23-3858.pdf,mistralai/mistral-large-3-675b-instruct-2512,bars_one_year_deadline_missed,False,Not mentioned in the opinion.,5687,,
23-3858-2025-04-23,https://cdn.ca9.uscourts.gov/datastore/opinions/2025/04/23/23-3858.pdf,mistralai/mistral-large-3-675b-instruct-2512,nexus_requirement_met,False,Not mentioned in the opinion.,5687,,
16-72752-2022-04-26,https://cdn.ca9.uscourts.gov/datastore/opinions/2022/04/26/16-72752.pdf,mistralai/mistral-large-3-675b-instruct-2512,asylum_requested,True,"On July 10, 2013, petitioner, now represented by a third attorney, filed a motion to reopen his 1997 removal proceedings so that he could file applications for asylum, withholding of removal, and protection under the Convention Against Torture (CAT).",7036,,
16-72752-2022-04-26,https://cdn.ca9.uscourts.gov/datastore/opinions/2022/04/26/16-72752.pdf,mistralai/mistral-large-3-675b-instruct-2512,withholding_requested,True,"On July 10, 2013, petitioner, now represented by a third attorney, filed a motion to reopen his 1997 removal proceedings so that he could file applications for asylum, withholding of removal, and protection under the Convention Against Torture (CAT).",7036,,
16-72752-2022-04-26,https://cdn.ca9.uscourts.gov/datastore/opinions/2022/04/26/16-72752.pdf,mistralai/mistral-large-3-675b-instruct-2512,CAT_requested,True,"On July 10, 2013, petitioner, now represented by a third attorney, filed a motion to reopen his 1997 removal proceedings so that he could file applications for asylum, withholding of removal, and protection under the Convention Against Torture (CAT).",7036,,
16-72752-2022-04-26,https://cdn.ca9.uscourts.gov/datastore/opinions/2022/04/26/16-72752.pdf,mistralai/mistral-large-3-675b-instruct-2512,protected_ground_political_opinion,False,Not mentioned in the opinion.,7036,,
16-72752-2022-04-26,https://cdn.ca9.uscourts.gov/datastore/opinions/2022/04/26/16-72752.pdf,mistralai/mistral-large-3-675b-instruct-2512,protected_ground_particular_social_group,True,"He argues that if he is returned to Mexico, he will be persecuted on account of his membership in a particular social group, see 8 U.S.C. §§ 1101(a)(42)(A), 1231(b)(3), consisting of 'individuals who are associated with the police and law enforcement in Mexico and who are at war with criminal elements there.'",7036,,
16-72752-2022-04-26,https://cdn.ca9.uscourts.gov/datastore/opinions/2022/04/26/16-72752.pdf,mistralai/mistral-large-3-675b-instruct-2512,past_persecution_physical_violence,False,Not mentioned in the opinion.,7036,,
16-72752-2022-04-26,https://cdn.ca9.uscourts.gov/datastore/opinions/2022/04/26/16-72752.pdf,mistralai/mistral-large-3-675b-instruct-2512,past_persecution_death_threats,True,"Petitioner claims that during these ride-alongs, he witnessed law enforcement operations against cartel members and provided assistance to the police at his brother-in-law’s direction... members of drug cartels threatened and harassed him because he was involved in police activities with his brother-in-law.",7036,,
16-72752-2022-04-26,https://cdn.ca9.uscourts.gov/datastore/opinions/2022/04/26/16-72752.pdf,mistralai/mistral-large-3-675b-instruct-2512,persecutor_nongovernmental_actor,True,Petitioner principally contended that he feared Mexican drug cartels would associate him with law enforcement and persecute him on that basis... members of drug cartels threatened and harassed him because he was involved in police activities with his brother-in-law.,7036,,
16-72752-2022-04-26,https://cdn.ca9.uscourts.gov/datastore/opinions/2022/04/26/16-72752.pdf,mistralai/mistral-large-3-675b-instruct-2512,credibility_finding,False,Not mentioned in the opinion.,7036,,
16-72752-2022-04-26,https://cdn.ca9.uscourts.gov/datastore/opinions/2022/04/26/16-72752.pdf,mistralai/mistral-large-3-675b-instruct-2512,bars_one_year_deadline_missed,True,"Petitioner’s motion to reopen was untimely by over sixteen years... He argues, however, that two exceptions to the 90-day deadline excuse the delay.",7036,,
16-72752-2022-04-26,https://cdn.ca9.uscourts.gov/datastore/opinions/2022/04/26/16-72752.pdf,mistralai/mistral-large-3-675b-instruct-2512,nexus_requirement_met,False,Not mentioned in the opinion.,7036,,
20-72806-2023-01-12,https://cdn.ca9.uscourts.gov/datastore/opinions/2023/01/12/20-72806.pdf,mistralai/mistral-large-3-675b-instruct-2512,asylum_requested,True,"Singh then filed the relevant application for asylum, withholding of removal, and protection under CAT.",6466,,
20-72806-2023-01-12,https://cdn.ca9.uscourts.gov/datastore/opinions/2023/01/12/20-72806.pdf,mistralai/mistral-large-3-675b-instruct-2512,withholding_requested,True,"Singh then filed the relevant application for asylum, withholding of removal, and protection under CAT.",6466,,
20-72806-2023-01-12,https://cdn.ca9.uscourts.gov/datastore/opinions/2023/01/12/20-72806.pdf,mistralai/mistral-large-3-675b-instruct-2512,CAT_requested,True,"Singh then filed the relevant application for asylum, withholding of removal, and protection under CAT.",6466,,
20-72806-2023-01-12,https://cdn.ca9.uscourts.gov/datastore/opinions/2023/01/12/20-72806.pdf,mistralai/mistral-large-3-675b-instruct-2512,protected_ground_political_opinion,True,"Singh asserts that he suffered past persecution and has a well-founded fear of future persecution due to his familial association with his brother, who is a member of the Shiromani Akali Dal Party (Mann Party), and his own affiliation with that Party.",6466,,
20-72806-2023-01-12,https://cdn.ca9.uscourts.gov/datastore/opinions/2023/01/12/20-72806.pdf,mistralai/mistral-large-3-675b-instruct-2512,protected_ground_particular_social_group,False,Not mentioned in the opinion.,6466,,
20-72806-2023-01-12,https://cdn.ca9.uscourts.gov/datastore/opinions/2023/01/12/20-72806.pdf,mistralai/mistral-large-3-675b-instruct-2512,past_persecution_physical_violence,True,"The men then slapped Singh on his face, hit his stomach, threw him to the ground, and started kicking his stomach. [...] The men beat Singh with hockey sticks all over his back and arms.",6466,,
20-72806-2023-01-12,https://cdn.ca9.uscourts.gov/datastore/opinions/2023/01/12/20-72806.pdf,mistralai/mistral-large-3-675b-instruct-2512,past_persecution_death_threats,True,They told Singh that they were going to kill him.,6466,,
20-72806-2023-01-12,https://cdn.ca9.uscourts.gov/datastore/opinions/2023/01/12/20-72806.pdf,mistralai/mistral-large-3-675b-instruct-2512,persecutor_nongovernmental_actor,True,"The BIA also found significant the fact that Singh’s father continues to live in India without any interactions with the unknown assailants, and that Singh was able to freely depart the country using his passport. [...] The BIA also rejected Singh’s reliance on country reports that mention mass corruption and bribes in India with regard to police officers. It determined that these reports were indicative only of a generalized fear rather than an individual fear of persecution.",6466,,
20-72806-2023-01-12,https://cdn.ca9.uscourts.gov/datastore/opinions/2023/01/12/20-72806.pdf,mistralai/mistral-large-3-675b-instruct-2512,credibility_finding,True,"The IJ found Singh to be a credible witness. [...] The BIA did not question this credibility determination, and there is no indication that 'the BIA implicitly found the presumption of credibility rebutted.'",6466,,
20-72806-2023-01-12,https://cdn.ca9.uscourts.gov/datastore/opinions/2023/01/12/20-72806.pdf,mistralai/mistral-large-3-675b-instruct-2512,bars_one_year_deadline_missed,False,Not mentioned in the opinion.,6466,,
20-72806-2023-01-12,https://cdn.ca9.uscourts.gov/datastore/opinions/2023/01/12/20-72806.pdf,mistralai/mistral-large-3-675b-instruct-2512,nexus_requirement_met,False,"The panel clarified that the BIA had not resolved other issues relevant to past persecution, including whether the Indian government was unwilling or unable to control Singh’s attackers, and whether the persecution was on account of a statutorily protected ground.",6466,,
19-70961-2023-08-15,https://cdn.ca9.uscourts.gov/datastore/opinions/2023/08/15/19-70961.pdf,meta/llama-3.3-70b-instruct,asylum_requested,False,Not mentioned in the opinion.,582585,,
19-70961-2023-08-15,https://cdn.ca9.uscourts.gov/datastore/opinions/2023/08/15/19-70961.pdf,meta/llama-3.3-70b-instruct,withholding_requested,True,"The panel denied a petition for panel rehearing and a sua sponte request for rehearing en banc in a case in which the panel... held that the Board of Immigration Appeals legally erred by failing to conduct cumulative-effect review in assessing petitioner’s evidence of past persecution, and remanded for the BIA to reassess the evidence under the correct legal framework.",582585,,
19-70961-2023-08-15,https://cdn.ca9.uscourts.gov/datastore/opinions/2023/08/15/19-70961.pdf,meta/llama-3.3-70b-instruct,CAT_requested,False,Not mentioned in the opinion.,582585,,
19-70961-2023-08-15,https://cdn.ca9.uscourts.gov/datastore/opinions/2023/08/15/19-70961.pdf,meta/llama-3.3-70b-instruct,protected_ground_political_opinion,False,Not mentioned in the opinion.,582585,,
19-70961-2023-08-15,https://cdn.ca9.uscourts.gov/datastore/opinions/2023/08/15/19-70961.pdf,meta/llama-3.3-70b-instruct,protected_ground_particular_social_group,False,Not mentioned in the opinion.,582585,,
19-70961-2023-08-15,https://cdn.ca9.uscourts.gov/datastore/opinions/2023/08/15/19-70961.pdf,meta/llama-3.3-70b-instruct,past_persecution_physical_violence,False,Not mentioned in the opinion.,582585,,
19-70961-2023-08-15,https://cdn.ca9.uscourts.gov/datastore/opinions/2023/08/15/19-70961.pdf,meta/llama-3.3-70b-instruct,past_persecution_death_threats,False,Not mentioned in the opinion.,582585,,
19-70961-2023-08-15,https://cdn.ca9.uscourts.gov/datastore/opinions/2023/08/15/19-70961.pdf,meta/llama-3.3-70b-instruct,persecutor_nongovernmental_actor,False,Not mentioned in the opinion.,582585,,
19-70961-2023-08-15,https://cdn.ca9.uscourts.gov/datastore/opinions/2023/08/15/19-70961.pdf,meta/llama-3.3-70b-instruct,credibility_finding,False,Not mentioned in the opinion.,582585,,
19-70961-2023-08-15,https://cdn.ca9.uscourts.gov/datastore/opinions/2023/08/15/19-70961.pdf,meta/llama-3.3-70b-instruct,bars_one_year_deadline_missed,False,Not mentioned in the opinion.,582585,,
19-70961-2023-08-15,https://cdn.ca9.uscourts.gov/datastore/opinions/2023/08/15/19-70961.pdf,meta/llama-3.3-70b-instruct,nexus_requirement_met,False,Not mentioned in the opinion.,582585,,
19-70961-2023-08-15,https://cdn.ca9.uscourts.gov/datastore/opinions/2023/08/15/19-70961.pdf,mistralai/mistral-large-3-675b-instruct-2512,asylum_requested,False,Not mentioned in the opinion.,3707,,
19-70961-2023-08-15,https://cdn.ca9.uscourts.gov/datastore/opinions/2023/08/15/19-70961.pdf,mistralai/mistral-large-3-675b-instruct-2512,withholding_requested,False,Not mentioned in the opinion.,3707,,
19-70961-2023-08-15,https://cdn.ca9.uscourts.gov/datastore/opinions/2023/08/15/19-70961.pdf,mistralai/mistral-large-3-675b-instruct-2512,CAT_requested,False,Not mentioned in the opinion.,3707,,
19-70961-2023-08-15,https://cdn.ca9.uscourts.gov/datastore/opinions/2023/08/15/19-70961.pdf,mistralai/mistral-large-3-675b-instruct-2512,protected_ground_political_opinion,False,Not mentioned in the opinion.,3707,,
19-70961-2023-08-15,https://cdn.ca9.uscourts.gov/datastore/opinions/2023/08/15/19-70961.pdf,mistralai/mistral-large-3-675b-instruct-2512,protected_ground_particular_social_group,False,Not mentioned in the opinion.,3707,,
19-70961-2023-08-15,https://cdn.ca9.uscourts.gov/datastore/opinions/2023/08/15/19-70961.pdf,mistralai/mistral-large-3-675b-instruct-2512,past_persecution_physical_violence,False,Not mentioned in the opinion.,3707,,
19-70961-2023-08-15,https://cdn.ca9.uscourts.gov/datastore/opinions/2023/08/15/19-70961.pdf,mistralai/mistral-large-3-675b-instruct-2512,past_persecution_death_threats,False,Not mentioned in the opinion.,3707,,
19-70961-2023-08-15,https://cdn.ca9.uscourts.gov/datastore/opinions/2023/08/15/19-70961.pdf,mistralai/mistral-large-3-675b-instruct-2512,persecutor_nongovernmental_actor,False,Not mentioned in the opinion.,3707,,
19-70961-2023-08-15,https://cdn.ca9.uscourts.gov/datastore/opinions/2023/08/15/19-70961.pdf,mistralai/mistral-large-3-675b-instruct-2512,credibility_finding,False,Not mentioned in the opinion.,3707,,
19-70961-2023-08-15,https://cdn.ca9.uscourts.gov/datastore/opinions/2023/08/15/19-70961.pdf,mistralai/mistral-large-3-675b-instruct-2512,bars_one_year_deadline_missed,False,Not mentioned in the opinion.,3707,,
19-70961-2023-08-15,https://cdn.ca9.uscourts.gov/datastore/opinions/2023/08/15/19-70961.pdf,mistralai/mistral-large-3-675b-instruct-2512,nexus_requirement_met,False,Not mentioned in the opinion.,3707,,
15-71553-2021-12-14,https://cdn.ca9.uscourts.gov/datastore/opinions/2021/12/14/15-71553.pdf,meta/llama-3.3-70b-instruct,asylum_requested,True,"Alcaraz conceded inadmissibility, but applied for asylum, withholding of removal, and protection under CAT.",128927,,
15-71553-2021-12-14,https://cdn.ca9.uscourts.gov/datastore/opinions/2021/12/14/15-71553.pdf,meta/llama-3.3-70b-instruct,withholding_requested,True,"Alcaraz conceded inadmissibility, but applied for asylum, withholding of removal, and protection under CAT.",128927,,
15-71553-2021-12-14,https://cdn.ca9.uscourts.gov/datastore/opinions/2021/12/14/15-71553.pdf,meta/llama-3.3-70b-instruct,CAT_requested,True,"Alcaraz conceded inadmissibility, but applied for asylum, withholding of removal, and protection under CAT.",128927,,
15-71553-2021-12-14,https://cdn.ca9.uscourts.gov/datastore/opinions/2021/12/14/15-71553.pdf,meta/llama-3.3-70b-instruct,protected_ground_political_opinion,False,Not mentioned in the opinion.,128927,,
15-71553-2021-12-14,https://cdn.ca9.uscourts.gov/datastore/opinions/2021/12/14/15-71553.pdf,meta/llama-3.3-70b-instruct,protected_ground_particular_social_group,False,Not mentioned in the opinion.,128927,,
15-71553-2021-12-14,https://cdn.ca9.uscourts.gov/datastore/opinions/2021/12/14/15-71553.pdf,meta/llama-3.3-70b-instruct,past_persecution_physical_violence,True,"Alcaraz claims that five policemen beat him ""all over"" with ""[t]heir clubs"" for ""about eight hours"" before taking him to jail.",128927,,
15-71553-2021-12-14,https://cdn.ca9.uscourts.gov/datastore/opinions/2021/12/14/15-71553.pdf,meta/llama-3.3-70b-instruct,past_persecution_death_threats,False,Not mentioned in the opinion.,128927,,
15-71553-2021-12-14,https://cdn.ca9.uscourts.gov/datastore/opinions/2021/12/14/15-71553.pdf,meta/llama-3.3-70b-instruct,persecutor_nongovernmental_actor,False,Not mentioned in the opinion.,128927,,
15-71553-2021-12-14,https://cdn.ca9.uscourts.gov/datastore/opinions/2021/12/14/15-71553.pdf,meta/llama-3.3-70b-instruct,credibility_finding,False,The IJ did not make an adverse credibility determination.,128927,,
15-71553-2021-12-14,https://cdn.ca9.uscourts.gov/datastore/opinions/2021/12/14/15-71553.pdf,meta/llama-3.3-70b-instruct,bars_one_year_deadline_missed,False,Not mentioned in the opinion.,128927,,
15-71553-2021-12-14,https://cdn.ca9.uscourts.gov/datastore/opinions/2021/12/14/15-71553.pdf,meta/llama-3.3-70b-instruct,nexus_requirement_met,False,Not mentioned in the opinion.,128927,,
15-71553-2021-12-14,https://cdn.ca9.uscourts.gov/datastore/opinions/2021/12/14/15-71553.pdf,mistralai/mistral-large-3-675b-instruct-2512,asylum_requested,False,Not mentioned in the opinion.,5987,,
15-71553-2021-12-14,https://cdn.ca9.uscourts.gov/datastore/opinions/2021/12/14/15-71553.pdf,mistralai/mistral-large-3-675b-instruct-2512,withholding_requested,True,"Alcaraz conceded inadmissibility, but applied for asylum, withholding of removal, and protection under CAT.",5987,,
15-71553-2021-12-14,https://cdn.ca9.uscourts.gov/datastore/opinions/2021/12/14/15-71553.pdf,mistralai/mistral-large-3-675b-instruct-2512,CAT_requested,True,"Alcaraz conceded inadmissibility, but applied for asylum, withholding of removal, and protection under CAT.",5987,,
15-71553-2021-12-14,https://cdn.ca9.uscourts.gov/datastore/opinions/2021/12/14/15-71553.pdf,mistralai/mistral-large-3-675b-instruct-2512,protected_ground_political_opinion,False,Not mentioned in the opinion.,5987,,
15-71553-2021-12-14,https://cdn.ca9.uscourts.gov/datastore/opinions/2021/12/14/15-71553.pdf,mistralai/mistral-large-3-675b-instruct-2512,protected_ground_particular_social_group,False,Not mentioned in the opinion.,5987,,
15-71553-2021-12-14,https://cdn.ca9.uscourts.gov/datastore/opinions/2021/12/14/15-71553.pdf,mistralai/mistral-large-3-675b-instruct-2512,past_persecution_physical_violence,True,Alcaraz claims that five policemen beat him 'all over' with '[t]heir clubs' for 'about eight hours' before taking him to jail.,5987,,
15-71553-2021-12-14,https://cdn.ca9.uscourts.gov/datastore/opinions/2021/12/14/15-71553.pdf,mistralai/mistral-large-3-675b-instruct-2512,past_persecution_death_threats,False,Not mentioned in the opinion.,5987,,
15-71553-2021-12-14,https://cdn.ca9.uscourts.gov/datastore/opinions/2021/12/14/15-71553.pdf,mistralai/mistral-large-3-675b-instruct-2512,persecutor_nongovernmental_actor,False,"The record describes persecution by Mexican police, which are governmental actors.",5987,,
15-71553-2021-12-14,https://cdn.ca9.uscourts.gov/datastore/opinions/2021/12/14/15-71553.pdf,mistralai/mistral-large-3-675b-instruct-2512,credibility_finding,False,The IJ did not make an adverse credibility determination.,5987,,
15-71553-2021-12-14,https://cdn.ca9.uscourts.gov/datastore/opinions/2021/12/14/15-71553.pdf,mistralai/mistral-large-3-675b-instruct-2512,bars_one_year_deadline_missed,False,Not mentioned in the opinion.,5987,,
15-71553-2021-12-14,https://cdn.ca9.uscourts.gov/datastore/opinions/2021/12/14/15-71553.pdf,mistralai/mistral-large-3-675b-instruct-2512,nexus_requirement_met,False,Not mentioned in the opinion.,5987,,
23-4420-2026-01-20,https://cdn.ca9.uscourts.gov/datastore/opinions/2026/01/20/23-4420.pdf,mistralai/mistral-large-3-675b-instruct-2512,asylum_requested,True,Petitioner credibly testified that she suffered repeated beatings at the hands of her partner who was a gang member. [...] The panel therefore granted the petition for review as to asylum and withholding and remanded for further proceedings.,5563,,
23-4420-2026-01-20,https://cdn.ca9.uscourts.gov/datastore/opinions/2026/01/20/23-4420.pdf,mistralai/mistral-large-3-675b-instruct-2512,withholding_requested,True,The panel therefore granted the petition for review as to asylum and withholding and remanded for further proceedings.,5563,,
23-4420-2026-01-20,https://cdn.ca9.uscourts.gov/datastore/opinions/2026/01/20/23-4420.pdf,mistralai/mistral-large-3-675b-instruct-2512,CAT_requested,True,"Petitioners did not challenge the IJ’s denial of their CAT claim, so the BIA appropriately deemed it waived. Accordingly, we do not address Petitioners’ CAT claim because it is unexhausted.",5563,,
23-4420-2026-01-20,https://cdn.ca9.uscourts.gov/datastore/opinions/2026/01/20/23-4420.pdf,mistralai/mistral-large-3-675b-instruct-2512,protected_ground_political_opinion,False,Not mentioned in the opinion.,5563,,
23-4420-2026-01-20,https://cdn.ca9.uscourts.gov/datastore/opinions/2026/01/20/23-4420.pdf,mistralai/mistral-large-3-675b-instruct-2512,protected_ground_particular_social_group,False,Not mentioned in the opinion.,5563,,
23-4420-2026-01-20,https://cdn.ca9.uscourts.gov/datastore/opinions/2026/01/20/23-4420.pdf,mistralai/mistral-large-3-675b-instruct-2512,past_persecution_physical_violence,True,"Petitioner credibly testified that she suffered repeated beatings at the hands of her partner, Oscar, who was a gang member. During a particularly intense beating when Oscar was intoxicated, he stabbed Petitioner in the stomach.",5563,,
23-4420-2026-01-20,https://cdn.ca9.uscourts.gov/datastore/opinions/2026/01/20/23-4420.pdf,mistralai/mistral-large-3-675b-instruct-2512,past_persecution_death_threats,True,Petitioner testified further that [...] he threatened to kill her if she tried to file a police report.,5563,,
23-4420-2026-01-20,https://cdn.ca9.uscourts.gov/datastore/opinions/2026/01/20/23-4420.pdf,mistralai/mistral-large-3-675b-instruct-2512,persecutor_nongovernmental_actor,True,"Petitioner credibly testified that she suffered repeated beatings at the hands of her partner, Oscar, who was a gang member.",5563,,
23-4420-2026-01-20,https://cdn.ca9.uscourts.gov/datastore/opinions/2026/01/20/23-4420.pdf,mistralai/mistral-large-3-675b-instruct-2512,credibility_finding,True,"Petitioner credibly testified that she suffered repeated beatings at the hands of her partner, Oscar, who was a gang member.",5563,,
23-4420-2026-01-20,https://cdn.ca9.uscourts.gov/datastore/opinions/2026/01/20/23-4420.pdf,mistralai/mistral-large-3-675b-instruct-2512,bars_one_year_deadline_missed,False,Not mentioned in the opinion.,5563,,
23-4420-2026-01-20,https://cdn.ca9.uscourts.gov/datastore/opinions/2026/01/20/23-4420.pdf,mistralai/mistral-large-3-675b-instruct-2512,nexus_requirement_met,False,The IJ concluded that Guevara-Serrano’s religion was neither 'one central reason' nor 'a reason' for Oscar’s persecution of her. I interpret the BIA as having incorporated those conclusions into its decision.,5563,,
24-631-2025-08-27,https://cdn.ca9.uscourts.gov/datastore/opinions/2025/08/27/24-631.pdf,mistralai/mistral-large-3-675b-instruct-2512,asylum_requested,True,"Ibarra-Perez filled out a pro se application for asylum, withholding of removal, and protection under the Convention Against Torture (“CAT”) on a Form I-589.",5981,,
24-631-2025-08-27,https://cdn.ca9.uscourts.gov/datastore/opinions/2025/08/27/24-631.pdf,mistralai/mistral-large-3-675b-instruct-2512,withholding_requested,True,"Ibarra-Perez filled out a pro se application for asylum, withholding of removal, and protection under the Convention Against Torture (“CAT”) on a Form I-589.",5981,,
24-631-2025-08-27,https://cdn.ca9.uscourts.gov/datastore/opinions/2025/08/27/24-631.pdf,mistralai/mistral-large-3-675b-instruct-2512,CAT_requested,True,"Ibarra-Perez filled out a pro se application for asylum, withholding of removal, and protection under the Convention Against Torture (“CAT”) on a Form I-589.",5981,,
24-631-2025-08-27,https://cdn.ca9.uscourts.gov/datastore/opinions/2025/08/27/24-631.pdf,mistralai/mistral-large-3-675b-instruct-2512,protected_ground_political_opinion,True,The IJ found that Ibarra-Perez had suffered past persecution in Cuba on account of his political opinion and granted him withholding of removal to Cuba.,5981,,
24-631-2025-08-27,https://cdn.ca9.uscourts.gov/datastore/opinions/2025/08/27/24-631.pdf,mistralai/mistral-large-3-675b-instruct-2512,protected_ground_particular_social_group,False,Not mentioned in the opinion.,5981,,
24-631-2025-08-27,https://cdn.ca9.uscourts.gov/datastore/opinions/2025/08/27/24-631.pdf,mistralai/mistral-large-3-675b-instruct-2512,past_persecution_physical_violence,True,"Ibarra-Perez fled Cuba after two decades of beatings, surveillance, threats, and harassment because of his opposition to the Castro regime.",5981,,
24-631-2025-08-27,https://cdn.ca9.uscourts.gov/datastore/opinions/2025/08/27/24-631.pdf,mistralai/mistral-large-3-675b-instruct-2512,past_persecution_death_threats,False,Not mentioned in the opinion.,5981,,
24-631-2025-08-27,https://cdn.ca9.uscourts.gov/datastore/opinions/2025/08/27/24-631.pdf,mistralai/mistral-large-3-675b-instruct-2512,persecutor_nongovernmental_actor,False,Not mentioned in the opinion.,5981,,
24-631-2025-08-27,https://cdn.ca9.uscourts.gov/datastore/opinions/2025/08/27/24-631.pdf,mistralai/mistral-large-3-675b-instruct-2512,credibility_finding,False,Not mentioned in the opinion.,5981,,
24-631-2025-08-27,https://cdn.ca9.uscourts.gov/datastore/opinions/2025/08/27/24-631.pdf,mistralai/mistral-large-3-675b-instruct-2512,bars_one_year_deadline_missed,False,Not mentioned in the opinion.,5981,,
24-631-2025-08-27,https://cdn.ca9.uscourts.gov/datastore/opinions/2025/08/27/24-631.pdf,mistralai/mistral-large-3-675b-instruct-2512,nexus_requirement_met,True,The IJ found that Ibarra-Perez had suffered past persecution in Cuba on account of his political opinion and granted him withholding of removal to Cuba.,5981,,
19-16487-2020-07-06,https://cdn.ca9.uscourts.gov/datastore/opinions/2020/07/06/19-16487.pdf,meta/llama-3.3-70b-instruct,asylum_requested,True,"The Rule creates a bar to asylum, in addition to the asylum bars that already exist in § 1158.",144176,,
19-16487-2020-07-06,https://cdn.ca9.uscourts.gov/datastore/opinions/2020/07/06/19-16487.pdf,meta/llama-3.3-70b-instruct,withholding_requested,False,Not mentioned in the opinion.,144176,,
19-16487-2020-07-06,https://cdn.ca9.uscourts.gov/datastore/opinions/2020/07/06/19-16487.pdf,meta/llama-3.3-70b-instruct,CAT_requested,False,Not mentioned in the opinion.,144176,,
19-16487-2020-07-06,https://cdn.ca9.uscourts.gov/datastore/opinions/2020/07/06/19-16487.pdf,meta/llama-3.3-70b-instruct,protected_ground_political_opinion,True,"The 1951 Convention and the 1967 Protocol defined a 'refugee' as someone who is 'unable' or 'unwilling' to return to his or her country of origin due to a 'well-founded fear of being persecuted for reasons of race, religion, nationality, membership of a particular social group or political opinion.'",144176,,
19-16487-2020-07-06,https://cdn.ca9.uscourts.gov/datastore/opinions/2020/07/06/19-16487.pdf,meta/llama-3.3-70b-instruct,protected_ground_particular_social_group,True,"The 1951 Convention and the 1967 Protocol defined a 'refugee' as someone who is 'unable' or 'unwilling' to return to his or her country of origin due to a 'well-founded fear of being persecuted for reasons of race, religion, nationality, membership of a particular social group or political opinion.'",144176,,
19-16487-2020-07-06,https://cdn.ca9.uscourts.gov/datastore/opinions/2020/07/06/19-16487.pdf,meta/llama-3.3-70b-instruct,past_persecution_physical_violence,False,Not mentioned in the opinion.,144176,,
19-16487-2020-07-06,https://cdn.ca9.uscourts.gov/datastore/opinions/2020/07/06/19-16487.pdf,meta/llama-3.3-70b-instruct,past_persecution_death_threats,False,Not mentioned in the opinion.,144176,,
19-16487-2020-07-06,https://cdn.ca9.uscourts.gov/datastore/opinions/2020/07/06/19-16487.pdf,meta/llama-3.3-70b-instruct,persecutor_nongovernmental_actor,False,Not mentioned in the opinion.,144176,,
19-16487-2020-07-06,https://cdn.ca9.uscourts.gov/datastore/opinions/2020/07/06/19-16487.pdf,meta/llama-3.3-70b-instruct,credibility_finding,False,Not mentioned in the opinion.,144176,,
19-16487-2020-07-06,https://cdn.ca9.uscourts.gov/datastore/opinions/2020/07/06/19-16487.pdf,meta/llama-3.3-70b-instruct,bars_one_year_deadline_missed,False,Not mentioned in the opinion.,144176,,
19-16487-2020-07-06,https://cdn.ca9.uscourts.gov/datastore/opinions/2020/07/06/19-16487.pdf,meta/llama-3.3-70b-instruct,nexus_requirement_met,False,Not mentioned in the opinion.,144176,,
19-16487-2020-07-06,https://cdn.ca9.uscourts.gov/datastore/opinions/2020/07/06/19-16487.pdf,mistralai/mistral-large-3-675b-instruct-2512,asylum_requested,False,Not mentioned in the opinion.,4358,,
19-16487-2020-07-06,https://cdn.ca9.uscourts.gov/datastore/opinions/2020/07/06/19-16487.pdf,mistralai/mistral-large-3-675b-instruct-2512,withholding_requested,False,Not mentioned in the opinion.,4358,,
19-16487-2020-07-06,https://cdn.ca9.uscourts.gov/datastore/opinions/2020/07/06/19-16487.pdf,mistralai/mistral-large-3-675b-instruct-2512,CAT_requested,False,Not mentioned in the opinion.,4358,,
19-16487-2020-07-06,https://cdn.ca9.uscourts.gov/datastore/opinions/2020/07/06/19-16487.pdf,mistralai/mistral-large-3-675b-instruct-2512,protected_ground_political_opinion,False,Not mentioned in the opinion.,4358,,
19-16487-2020-07-06,https://cdn.ca9.uscourts.gov/datastore/opinions/2020/07/06/19-16487.pdf,mistralai/mistral-large-3-675b-instruct-2512,protected_ground_particular_social_group,False,Not mentioned in the opinion.,4358,,
19-16487-2020-07-06,https://cdn.ca9.uscourts.gov/datastore/opinions/2020/07/06/19-16487.pdf,mistralai/mistral-large-3-675b-instruct-2512,past_persecution_physical_violence,False,Not mentioned in the opinion.,4358,,
19-16487-2020-07-06,https://cdn.ca9.uscourts.gov/datastore/opinions/2020/07/06/19-16487.pdf,mistralai/mistral-large-3-675b-instruct-2512,past_persecution_death_threats,False,Not mentioned in the opinion.,4358,,
19-16487-2020-07-06,https://cdn.ca9.uscourts.gov/datastore/opinions/2020/07/06/19-16487.pdf,mistralai/mistral-large-3-675b-instruct-2512,persecutor_nongovernmental_actor,False,Not mentioned in the opinion.,4358,,
19-16487-2020-07-06,https://cdn.ca9.uscourts.gov/datastore/opinions/2020/07/06/19-16487.pdf,mistralai/mistral-large-3-675b-instruct-2512,credibility_finding,False,Not mentioned in the opinion.,4358,,
19-16487-2020-07-06,https://cdn.ca9.uscourts.gov/datastore/opinions/2020/07/06/19-16487.pdf,mistralai/mistral-large-3-675b-instruct-2512,bars_one_year_deadline_missed,False,Not mentioned in the opinion.,4358,,
19-16487-2020-07-06,https://cdn.ca9.uscourts.gov/datastore/opinions/2020/07/06/19-16487.pdf,mistralai/mistral-large-3-675b-instruct-2512,nexus_requirement_met,False,Not mentioned in the opinion.,4358,,
25-2581-2025-07-18,https://cdn.ca9.uscourts.gov/datastore/opinions/2025/07/18/25-2581.pdf,meta/llama-3.3-70b-instruct,asylum_requested,False,Not mentioned in the opinion.,201567,,
25-2581-2025-07-18,https://cdn.ca9.uscourts.gov/datastore/opinions/2025/07/18/25-2581.pdf,meta/llama-3.3-70b-instruct,withholding_requested,False,Not mentioned in the opinion.,201567,,
25-2581-2025-07-18,https://cdn.ca9.uscourts.gov/datastore/opinions/2025/07/18/25-2581.pdf,meta/llama-3.3-70b-instruct,CAT_requested,False,Not mentioned in the opinion.,201567,,
25-2581-2025-07-18,https://cdn.ca9.uscourts.gov/datastore/opinions/2025/07/18/25-2581.pdf,meta/llama-3.3-70b-instruct,protected_ground_political_opinion,False,Not mentioned in the opinion.,201567,,
25-2581-2025-07-18,https://cdn.ca9.uscourts.gov/datastore/opinions/2025/07/18/25-2581.pdf,meta/llama-3.3-70b-instruct,protected_ground_particular_social_group,False,Not mentioned in the opinion.,201567,,
25-2581-2025-07-18,https://cdn.ca9.uscourts.gov/datastore/opinions/2025/07/18/25-2581.pdf,meta/llama-3.3-70b-instruct,past_persecution_physical_violence,False,Not mentioned in the opinion.,201567,,
25-2581-2025-07-18,https://cdn.ca9.uscourts.gov/datastore/opinions/2025/07/18/25-2581.pdf,meta/llama-3.3-70b-instruct,past_persecution_death_threats,False,Not mentioned in the opinion.,201567,,
25-2581-2025-07-18,https://cdn.ca9.uscourts.gov/datastore/opinions/2025/07/18/25-2581.pdf,meta/llama-3.3-70b-instruct,persecutor_nongovernmental_actor,False,Not mentioned in the opinion.,201567,,
25-2581-2025-07-18,https://cdn.ca9.uscourts.gov/datastore/opinions/2025/07/18/25-2581.pdf,meta/llama-3.3-70b-instruct,credibility_finding,False,Not mentioned in the opinion.,201567,,
25-2581-2025-07-18,https://cdn.ca9.uscourts.gov/datastore/opinions/2025/07/18/25-2581.pdf,meta/llama-3.3-70b-instruct,bars_one_year_deadline_missed,False,Not mentioned in the opinion.,201567,,
25-2581-2025-07-18,https://cdn.ca9.uscourts.gov/datastore/opinions/2025/07/18/25-2581.pdf,meta/llama-3.3-70b-instruct,nexus_requirement_met,False,Not mentioned in the opinion.,201567,,
25-2581-2025-07-18,https://cdn.ca9.uscourts.gov/datastore/opinions/2025/07/18/25-2581.pdf,mistralai/mistral-large-3-675b-instruct-2512,asylum_requested,False,Not mentioned in the opinion.,4837,,
25-2581-2025-07-18,https://cdn.ca9.uscourts.gov/datastore/opinions/2025/07/18/25-2581.pdf,mistralai/mistral-large-3-675b-instruct-2512,withholding_requested,False,Not mentioned in the opinion.,4837,,
25-2581-2025-07-18,https://cdn.ca9.uscourts.gov/datastore/opinions/2025/07/18/25-2581.pdf,mistralai/mistral-large-3-675b-instruct-2512,CAT_requested,False,Not mentioned in the opinion.,4837,,
25-2581-2025-07-18,https://cdn.ca9.uscourts.gov/datastore/opinions/2025/07/18/25-2581.pdf,mistralai/mistral-large-3-675b-instruct-2512,protected_ground_political_opinion,False,Not mentioned in the opinion.,4837,,
25-2581-2025-07-18,https://cdn.ca9.uscourts.gov/datastore/opinions/2025/07/18/25-2581.pdf,mistralai/mistral-large-3-675b-instruct-2512,protected_ground_particular_social_group,False,Not mentioned in the opinion.,4837,,
25-2581-2025-07-18,https://cdn.ca9.uscourts.gov/datastore/opinions/2025/07/18/25-2581.pdf,mistralai/mistral-large-3-675b-instruct-2512,past_persecution_physical_violence,False,Not mentioned in the opinion.,4837,,
25-2581-2025-07-18,https://cdn.ca9.uscourts.gov/datastore/opinions/2025/07/18/25-2581.pdf,mistralai/mistral-large-3-675b-instruct-2512,past_persecution_death_threats,False,Not mentioned in the opinion.,4837,,
25-2581-2025-07-18,https://cdn.ca9.uscourts.gov/datastore/opinions/2025/07/18/25-2581.pdf,mistralai/mistral-large-3-675b-instruct-2512,persecutor_nongovernmental_actor,False,Not mentioned in the opinion.,4837,,
25-2581-2025-07-18,https://cdn.ca9.uscourts.gov/datastore/opinions/2025/07/18/25-2581.pdf,mistralai/mistral-large-3-675b-instruct-2512,credibility_finding,False,Not mentioned in the opinion.,4837,,
25-2581-2025-07-18,https://cdn.ca9.uscourts.gov/datastore/opinions/2025/07/18/25-2581.pdf,mistralai/mistral-large-3-675b-instruct-2512,bars_one_year_deadline_missed,False,Not mentioned in the opinion.,4837,,
25-2581-2025-07-18,https://cdn.ca9.uscourts.gov/datastore/opinions/2025/07/18/25-2581.pdf,mistralai/mistral-large-3-675b-instruct-2512,nexus_requirement_met,False,Not mentioned in the opinion.,4837,,
18-17274-2021-03-24,https://cdn.ca9.uscourts.gov/datastore/opinions/2021/03/24/18-17274.pdf,mistralai/mistral-large-3-675b-instruct-2512,asylum_requested,False,Not mentioned in the opinion.,10331,,
18-17274-2021-03-24,https://cdn.ca9.uscourts.gov/datastore/opinions/2021/03/24/18-17274.pdf,mistralai/mistral-large-3-675b-instruct-2512,withholding_requested,False,Not mentioned in the opinion.,10331,,
18-17274-2021-03-24,https://cdn.ca9.uscourts.gov/datastore/opinions/2021/03/24/18-17274.pdf,mistralai/mistral-large-3-675b-instruct-2512,CAT_requested,False,Not mentioned in the opinion.,10331,,
18-17274-2021-03-24,https://cdn.ca9.uscourts.gov/datastore/opinions/2021/03/24/18-17274.pdf,mistralai/mistral-large-3-675b-instruct-2512,protected_ground_political_opinion,False,Not mentioned in the opinion.,10331,,
18-17274-2021-03-24,https://cdn.ca9.uscourts.gov/datastore/opinions/2021/03/24/18-17274.pdf,mistralai/mistral-large-3-675b-instruct-2512,protected_ground_particular_social_group,False,Not mentioned in the opinion.,10331,,
18-17274-2021-03-24,https://cdn.ca9.uscourts.gov/datastore/opinions/2021/03/24/18-17274.pdf,mistralai/mistral-large-3-675b-instruct-2512,past_persecution_physical_violence,False,Not mentioned in the opinion.,10331,,
18-17274-2021-03-24,https://cdn.ca9.uscourts.gov/datastore/opinions/2021/03/24/18-17274.pdf,mistralai/mistral-large-3-675b-instruct-2512,past_persecution_death_threats,False,Not mentioned in the opinion.,10331,,
18-17274-2021-03-24,https://cdn.ca9.uscourts.gov/datastore/opinions/2021/03/24/18-17274.pdf,mistralai/mistral-large-3-675b-instruct-2512,persecutor_nongovernmental_actor,False,Not mentioned in the opinion.,10331,,
18-17274-2021-03-24,https://cdn.ca9.uscourts.gov/datastore/opinions/2021/03/24/18-17274.pdf,mistralai/mistral-large-3-675b-instruct-2512,credibility_finding,False,Not mentioned in the opinion.,10331,,
18-17274-2021-03-24,https://cdn.ca9.uscourts.gov/datastore/opinions/2021/03/24/18-17274.pdf,mistralai/mistral-large-3-675b-instruct-2512,bars_one_year_deadline_missed,False,Not mentioned in the opinion.,10331,,
18-17274-2021-03-24,https://cdn.ca9.uscourts.gov/datastore/opinions/2021/03/24/18-17274.pdf,mistralai/mistral-large-3-675b-instruct-2512,nexus_requirement_met,False,Not mentioned in the opinion.,10331,,
20-70127-2021-08-25,https://cdn.ca9.uscourts.gov/datastore/opinions/2021/08/25/20-70127.pdf,meta/llama-3.3-70b-instruct,asylum_requested,False,Not mentioned in the opinion.,717845,,
20-70127-2021-08-25,https://cdn.ca9.uscourts.gov/datastore/opinions/2021/08/25/20-70127.pdf,meta/llama-3.3-70b-instruct,withholding_requested,True,"On April 29, 2020, the asylum officer notified Gonzalez of his determination that Gonzalez did not have a reasonable fear of persecution or torture.  That same day, Gonzalez requested review by an IJ, the Notice of Referral to Immigration Judge was issued, and a list of free legal service providers was given to him.",717845,,
20-70127-2021-08-25,https://cdn.ca9.uscourts.gov/datastore/opinions/2021/08/25/20-70127.pdf,meta/llama-3.3-70b-instruct,CAT_requested,True,"He testified that when he sought police assistance after his kidnapping, the police knew who his kidnappers were but refused to help and laughed instead.",717845,,
20-70127-2021-08-25,https://cdn.ca9.uscourts.gov/datastore/opinions/2021/08/25/20-70127.pdf,meta/llama-3.3-70b-instruct,protected_ground_political_opinion,False,Not mentioned in the opinion.,717845,,
20-70127-2021-08-25,https://cdn.ca9.uscourts.gov/datastore/opinions/2021/08/25/20-70127.pdf,meta/llama-3.3-70b-instruct,protected_ground_particular_social_group,False,Not mentioned in the opinion.,717845,,
20-70127-2021-08-25,https://cdn.ca9.uscourts.gov/datastore/opinions/2021/08/25/20-70127.pdf,meta/llama-3.3-70b-instruct,past_persecution_physical_violence,True,"Gonzalez told the asylum officer that he was physically harmed twice in Mexico in 2013.  In the first incident, he went to pick up money that his family had sent him and was surrounded by several individuals who assaulted and robbed him.",717845,,
20-70127-2021-08-25,https://cdn.ca9.uscourts.gov/datastore/opinions/2021/08/25/20-70127.pdf,meta/llama-3.3-70b-instruct,past_persecution_death_threats,False,Not mentioned in the opinion.,717845,,
20-70127-2021-08-25,https://cdn.ca9.uscourts.gov/datastore/opinions/2021/08/25/20-70127.pdf,meta/llama-3.3-70b-instruct,persecutor_nongovernmental_actor,True,"Gonzalez told the asylum officer that he was physically harmed twice in Mexico in 2013.  In the first incident, he went to pick up money that his family had sent him and was surrounded by several individuals who assaulted and robbed him.",717845,,
20-70127-2021-08-25,https://cdn.ca9.uscourts.gov/datastore/opinions/2021/08/25/20-70127.pdf,meta/llama-3.3-70b-instruct,credibility_finding,True,"The asylum officer found Gonzalez credible, but determined that he could not establish persecution or torture because he had not been targeted on account of any protected ground and was harmed only by criminals.",717845,,
20-70127-2021-08-25,https://cdn.ca9.uscourts.gov/datastore/opinions/2021/08/25/20-70127.pdf,meta/llama-3.3-70b-instruct,bars_one_year_deadline_missed,False,Not mentioned in the opinion.,717845,,
20-70127-2021-08-25,https://cdn.ca9.uscourts.gov/datastore/opinions/2021/08/25/20-70127.pdf,meta/llama-3.3-70b-instruct,nexus_requirement_met,False,Not mentioned in the opinion.,717845,,
20-70127-2021-08-25,https://cdn.ca9.uscourts.gov/datastore/opinions/2021/08/25/20-70127.pdf,mistralai/mistral-large-3-675b-instruct-2512,asylum_requested,False,Not mentioned in the opinion.,5946,,
20-70127-2021-08-25,https://cdn.ca9.uscourts.gov/datastore/opinions/2021/08/25/20-70127.pdf,mistralai/mistral-large-3-675b-instruct-2512,withholding_requested,True,"The panel observed that in Alvarado-Herrera v. Garland, 993 F.3d 1187 (9th Cir. 2021), '[a] non-citizen may be entitled to apply for withholding of removal or protection under the Convention Against Torture [(“CAT”)].'",5946,,
20-70127-2021-08-25,https://cdn.ca9.uscourts.gov/datastore/opinions/2021/08/25/20-70127.pdf,mistralai/mistral-large-3-675b-instruct-2512,CAT_requested,True,"The panel observed that in Alvarado-Herrera v. Garland, 993 F.3d 1187 (9th Cir. 2021), '[a] non-citizen may be entitled to apply for withholding of removal or protection under the Convention Against Torture [(“CAT”)].'",5946,,
20-70127-2021-08-25,https://cdn.ca9.uscourts.gov/datastore/opinions/2021/08/25/20-70127.pdf,mistralai/mistral-large-3-675b-instruct-2512,protected_ground_political_opinion,False,Not mentioned in the opinion.,5946,,
20-70127-2021-08-25,https://cdn.ca9.uscourts.gov/datastore/opinions/2021/08/25/20-70127.pdf,mistralai/mistral-large-3-675b-instruct-2512,protected_ground_particular_social_group,False,Not mentioned in the opinion.,5946,,
20-70127-2021-08-25,https://cdn.ca9.uscourts.gov/datastore/opinions/2021/08/25/20-70127.pdf,mistralai/mistral-large-3-675b-instruct-2512,past_persecution_physical_violence,True,"Gonzalez told the asylum officer that he was physically harmed twice in Mexico in 2013. In the first incident, he went to pick up money that his family had sent him and was surrounded by several individuals who assaulted and robbed him.",5946,,
20-70127-2021-08-25,https://cdn.ca9.uscourts.gov/datastore/opinions/2021/08/25/20-70127.pdf,mistralai/mistral-large-3-675b-instruct-2512,past_persecution_death_threats,False,Not mentioned in the opinion.,5946,,
20-70127-2021-08-25,https://cdn.ca9.uscourts.gov/datastore/opinions/2021/08/25/20-70127.pdf,mistralai/mistral-large-3-675b-instruct-2512,persecutor_nongovernmental_actor,True,"The asylum officer found Gonzalez credible, but determined that he could not establish persecution or torture because he had not been targeted on account of any protected ground and was harmed only by criminals.",5946,,
20-70127-2021-08-25,https://cdn.ca9.uscourts.gov/datastore/opinions/2021/08/25/20-70127.pdf,mistralai/mistral-large-3-675b-instruct-2512,credibility_finding,True,The asylum officer found Orozco-Lopez credible but determined that he had not established a reasonable fear of persecution.,5946,,
20-70127-2021-08-25,https://cdn.ca9.uscourts.gov/datastore/opinions/2021/08/25/20-70127.pdf,mistralai/mistral-large-3-675b-instruct-2512,bars_one_year_deadline_missed,False,Not mentioned in the opinion.,5946,,
20-70127-2021-08-25,https://cdn.ca9.uscourts.gov/datastore/opinions/2021/08/25/20-70127.pdf,mistralai/mistral-large-3-675b-instruct-2512,nexus_requirement_met,False,"The IJ concluded that he had not shown past harm based on a protected ground, a reasonable fear of future harm on account of a protected ground, or fear of torture by the government or with the government’s acquiescence.",5946,,
18-17274-2020-02-28,https://cdn.ca9.uscourts.gov/datastore/opinions/2020/02/28/18-17274.pdf,mistralai/mistral-large-3-675b-instruct-2512,asylum_requested,False,Not mentioned in the opinion.,4631,,
18-17274-2020-02-28,https://cdn.ca9.uscourts.gov/datastore/opinions/2020/02/28/18-17274.pdf,mistralai/mistral-large-3-675b-instruct-2512,withholding_requested,False,Not mentioned in the opinion.,4631,,
18-17274-2020-02-28,https://cdn.ca9.uscourts.gov/datastore/opinions/2020/02/28/18-17274.pdf,mistralai/mistral-large-3-675b-instruct-2512,CAT_requested,False,Not mentioned in the opinion.,4631,,
18-17274-2020-02-28,https://cdn.ca9.uscourts.gov/datastore/opinions/2020/02/28/18-17274.pdf,mistralai/mistral-large-3-675b-instruct-2512,protected_ground_political_opinion,False,Not mentioned in the opinion.,4631,,
18-17274-2020-02-28,https://cdn.ca9.uscourts.gov/datastore/opinions/2020/02/28/18-17274.pdf,mistralai/mistral-large-3-675b-instruct-2512,protected_ground_particular_social_group,False,Not mentioned in the opinion.,4631,,
18-17274-2020-02-28,https://cdn.ca9.uscourts.gov/datastore/opinions/2020/02/28/18-17274.pdf,mistralai/mistral-large-3-675b-instruct-2512,past_persecution_physical_violence,False,Not mentioned in the opinion.,4631,,
18-17274-2020-02-28,https://cdn.ca9.uscourts.gov/datastore/opinions/2020/02/28/18-17274.pdf,mistralai/mistral-large-3-675b-instruct-2512,past_persecution_death_threats,False,Not mentioned in the opinion.,4631,,
18-17274-2020-02-28,https://cdn.ca9.uscourts.gov/datastore/opinions/2020/02/28/18-17274.pdf,mistralai/mistral-large-3-675b-instruct-2512,persecutor_nongovernmental_actor,False,Not mentioned in the opinion.,4631,,
18-17274-2020-02-28,https://cdn.ca9.uscourts.gov/datastore/opinions/2020/02/28/18-17274.pdf,mistralai/mistral-large-3-675b-instruct-2512,credibility_finding,False,Not mentioned in the opinion.,4631,,
18-17274-2020-02-28,https://cdn.ca9.uscourts.gov/datastore/opinions/2020/02/28/18-17274.pdf,mistralai/mistral-large-3-675b-instruct-2512,bars_one_year_deadline_missed,False,Not mentioned in the opinion.,4631,,
18-17274-2020-02-28,https://cdn.ca9.uscourts.gov/datastore/opinions/2020/02/28/18-17274.pdf,mistralai/mistral-large-3-675b-instruct-2512,nexus_requirement_met,False,Not mentioned in the opinion.,4631,,
16-73915-2020-05-04,https://cdn.ca9.uscourts.gov/datastore/opinions/2020/05/04/16-73915.pdf,meta/llama-3.3-70b-instruct,asylum_requested,False,Not mentioned in the opinion.,208472,,
16-73915-2020-05-04,https://cdn.ca9.uscourts.gov/datastore/opinions/2020/05/04/16-73915.pdf,meta/llama-3.3-70b-instruct,withholding_requested,False,Not mentioned in the opinion.,208472,,
16-73915-2020-05-04,https://cdn.ca9.uscourts.gov/datastore/opinions/2020/05/04/16-73915.pdf,meta/llama-3.3-70b-instruct,CAT_requested,False,Not mentioned in the opinion.,208472,,
16-73915-2020-05-04,https://cdn.ca9.uscourts.gov/datastore/opinions/2020/05/04/16-73915.pdf,meta/llama-3.3-70b-instruct,protected_ground_political_opinion,False,Not mentioned in the opinion.,208472,,
16-73915-2020-05-04,https://cdn.ca9.uscourts.gov/datastore/opinions/2020/05/04/16-73915.pdf,meta/llama-3.3-70b-instruct,protected_ground_particular_social_group,False,Not mentioned in the opinion.,208472,,
16-73915-2020-05-04,https://cdn.ca9.uscourts.gov/datastore/opinions/2020/05/04/16-73915.pdf,meta/llama-3.3-70b-instruct,past_persecution_physical_violence,False,Not mentioned in the opinion.,208472,,
16-73915-2020-05-04,https://cdn.ca9.uscourts.gov/datastore/opinions/2020/05/04/16-73915.pdf,meta/llama-3.3-70b-instruct,past_persecution_death_threats,False,Not mentioned in the opinion.,208472,,
16-73915-2020-05-04,https://cdn.ca9.uscourts.gov/datastore/opinions/2020/05/04/16-73915.pdf,meta/llama-3.3-70b-instruct,persecutor_nongovernmental_actor,False,Not mentioned in the opinion.,208472,,
16-73915-2020-05-04,https://cdn.ca9.uscourts.gov/datastore/opinions/2020/05/04/16-73915.pdf,meta/llama-3.3-70b-instruct,credibility_finding,False,Not mentioned in the opinion.,208472,,
16-73915-2020-05-04,https://cdn.ca9.uscourts.gov/datastore/opinions/2020/05/04/16-73915.pdf,meta/llama-3.3-70b-instruct,bars_one_year_deadline_missed,False,Not mentioned in the opinion.,208472,,
16-73915-2020-05-04,https://cdn.ca9.uscourts.gov/datastore/opinions/2020/05/04/16-73915.pdf,meta/llama-3.3-70b-instruct,nexus_requirement_met,False,Not mentioned in the opinion.,208472,,
16-73915-2020-05-04,https://cdn.ca9.uscourts.gov/datastore/opinions/2020/05/04/16-73915.pdf,mistralai/mistral-large-3-675b-instruct-2512,asylum_requested,False,Not mentioned in the opinion.,3548,,
16-73915-2020-05-04,https://cdn.ca9.uscourts.gov/datastore/opinions/2020/05/04/16-73915.pdf,mistralai/mistral-large-3-675b-instruct-2512,withholding_requested,False,Not mentioned in the opinion.,3548,,
16-73915-2020-05-04,https://cdn.ca9.uscourts.gov/datastore/opinions/2020/05/04/16-73915.pdf,mistralai/mistral-large-3-675b-instruct-2512,CAT_requested,False,Not mentioned in the opinion.,3548,,
16-73915-2020-05-04,https://cdn.ca9.uscourts.gov/datastore/opinions/2020/05/04/16-73915.pdf,mistralai/mistral-large-3-675b-instruct-2512,protected_ground_political_opinion,False,Not mentioned in the opinion.,3548,,
16-73915-2020-05-04,https://cdn.ca9.uscourts.gov/datastore/opinions/2020/05/04/16-73915.pdf,mistralai/mistral-large-3-675b-instruct-2512,protected_ground_particular_social_group,False,Not mentioned in the opinion.,3548,,
16-73915-2020-05-04,https://cdn.ca9.uscourts.gov/datastore/opinions/2020/05/04/16-73915.pdf,mistralai/mistral-large-3-675b-instruct-2512,past_persecution_physical_violence,False,Not mentioned in the opinion.,3548,,
16-73915-2020-05-04,https://cdn.ca9.uscourts.gov/datastore/opinions/2020/05/04/16-73915.pdf,mistralai/mistral-large-3-675b-instruct-2512,past_persecution_death_threats,False,Not mentioned in the opinion.,3548,,
16-73915-2020-05-04,https://cdn.ca9.uscourts.gov/datastore/opinions/2020/05/04/16-73915.pdf,mistralai/mistral-large-3-675b-instruct-2512,persecutor_nongovernmental_actor,False,Not mentioned in the opinion.,3548,,
16-73915-2020-05-04,https://cdn.ca9.uscourts.gov/datastore/opinions/2020/05/04/16-73915.pdf,mistralai/mistral-large-3-675b-instruct-2512,credibility_finding,False,Not mentioned in the opinion.,3548,,
16-73915-2020-05-04,https://cdn.ca9.uscourts.gov/datastore/opinions/2020/05/04/16-73915.pdf,mistralai/mistral-large-3-675b-instruct-2512,bars_one_year_deadline_missed,False,Not mentioned in the opinion.,3548,,
16-73915-2020-05-04,https://cdn.ca9.uscourts.gov/datastore/opinions/2020/05/04/16-73915.pdf,mistralai/mistral-large-3-675b-instruct-2512,nexus_requirement_met,False,Not mentioned in the opinion.,3548,,
20-70397-2022-08-12,https://cdn.ca9.uscourts.gov/datastore/memoranda/2022/08/12/20-70397.pdf,meta/llama-3.3-70b-instruct,asylum_requested,False,Not mentioned in the opinion.,816605,,
20-70397-2022-08-12,https://cdn.ca9.uscourts.gov/datastore/memoranda/2022/08/12/20-70397.pdf,meta/llama-3.3-70b-instruct,withholding_requested,True,Judge (IJ) order denying withholding of removal and Convention Against Torture (CAT) relief.,816605,,
20-70397-2022-08-12,https://cdn.ca9.uscourts.gov/datastore/memoranda/2022/08/12/20-70397.pdf,meta/llama-3.3-70b-instruct,CAT_requested,True,Judge (IJ) order denying withholding of removal and Convention Against Torture (CAT) relief.,816605,,
20-70397-2022-08-12,https://cdn.ca9.uscourts.gov/datastore/memoranda/2022/08/12/20-70397.pdf,meta/llama-3.3-70b-instruct,protected_ground_political_opinion,False,Not mentioned in the opinion.,816605,,
20-70397-2022-08-12,https://cdn.ca9.uscourts.gov/datastore/memoranda/2022/08/12/20-70397.pdf,meta/llama-3.3-70b-instruct,protected_ground_particular_social_group,True,"The IJ found that Ramirez-Cordova failed to establish a nexus between the harm she fears and her membership in a protected group (i.e., the family unit).",816605,,
20-70397-2022-08-12,https://cdn.ca9.uscourts.gov/datastore/memoranda/2022/08/12/20-70397.pdf,meta/llama-3.3-70b-instruct,past_persecution_physical_violence,False,Not mentioned in the opinion.,816605,,
20-70397-2022-08-12,https://cdn.ca9.uscourts.gov/datastore/memoranda/2022/08/12/20-70397.pdf,meta/llama-3.3-70b-instruct,past_persecution_death_threats,True,"She contends that she suffered past persecution based on her brother’s former bosses asking her 15 or 20 times where he was and threatening to kill her if he did not show up,",816605,,
20-70397-2022-08-12,https://cdn.ca9.uscourts.gov/datastore/memoranda/2022/08/12/20-70397.pdf,meta/llama-3.3-70b-instruct,persecutor_nongovernmental_actor,True,"She contends that she suffered past persecution based on her brother’s former bosses asking her 15 or 20 times where he was and threatening to kill her if he did not show up,",816605,,
20-70397-2022-08-12,https://cdn.ca9.uscourts.gov/datastore/memoranda/2022/08/12/20-70397.pdf,meta/llama-3.3-70b-instruct,credibility_finding,False,Not mentioned in the opinion.,816605,,
20-70397-2022-08-12,https://cdn.ca9.uscourts.gov/datastore/memoranda/2022/08/12/20-70397.pdf,meta/llama-3.3-70b-instruct,bars_one_year_deadline_missed,False,Not mentioned in the opinion.,816605,,
20-70397-2022-08-12,https://cdn.ca9.uscourts.gov/datastore/memoranda/2022/08/12/20-70397.pdf,meta/llama-3.3-70b-instruct,nexus_requirement_met,False,"The IJ found that Ramirez-Cordova failed to establish a nexus between the harm she fears and her membership in a protected group (i.e., the family unit).",816605,,
20-70397-2022-08-12,https://cdn.ca9.uscourts.gov/datastore/memoranda/2022/08/12/20-70397.pdf,mistralai/mistral-large-3-675b-instruct-2512,asylum_requested,False,Not mentioned in the opinion.,9220,,
20-70397-2022-08-12,https://cdn.ca9.uscourts.gov/datastore/memoranda/2022/08/12/20-70397.pdf,mistralai/mistral-large-3-675b-instruct-2512,withholding_requested,True,"Brenda Bernice Ramirez-Cordova, a citizen of Mexico, seeks review of a Board of Immigration Appeals decision dismissing an appeal from an Immigration Judge (IJ) order denying withholding of removal and Convention Against Torture (CAT) relief.",9220,,
20-70397-2022-08-12,https://cdn.ca9.uscourts.gov/datastore/memoranda/2022/08/12/20-70397.pdf,mistralai/mistral-large-3-675b-instruct-2512,CAT_requested,True,"Brenda Bernice Ramirez-Cordova, a citizen of Mexico, seeks review of a Board of Immigration Appeals decision dismissing an appeal from an Immigration Judge (IJ) order denying withholding of removal and Convention Against Torture (CAT) relief.",9220,,
20-70397-2022-08-12,https://cdn.ca9.uscourts.gov/datastore/memoranda/2022/08/12/20-70397.pdf,mistralai/mistral-large-3-675b-instruct-2512,protected_ground_political_opinion,False,Not mentioned in the opinion.,9220,,
20-70397-2022-08-12,https://cdn.ca9.uscourts.gov/datastore/memoranda/2022/08/12/20-70397.pdf,mistralai/mistral-large-3-675b-instruct-2512,protected_ground_particular_social_group,True,"The IJ found that Ramirez-Cordova failed to establish a nexus between the harm she fears and her membership in a protected group (i.e., the family unit).",9220,,
20-70397-2022-08-12,https://cdn.ca9.uscourts.gov/datastore/memoranda/2022/08/12/20-70397.pdf,mistralai/mistral-large-3-675b-instruct-2512,past_persecution_physical_violence,False,Not mentioned in the opinion.,9220,,
20-70397-2022-08-12,https://cdn.ca9.uscourts.gov/datastore/memoranda/2022/08/12/20-70397.pdf,mistralai/mistral-large-3-675b-instruct-2512,past_persecution_death_threats,True,"Ramirez-Cordova contends that she suffered past persecution based on her brother’s former bosses asking her 15 or 20 times where he was and threatening to kill her if he did not show up, but she testified that she never suffered any physical harm in Mexico.",9220,,
20-70397-2022-08-12,https://cdn.ca9.uscourts.gov/datastore/memoranda/2022/08/12/20-70397.pdf,mistralai/mistral-large-3-675b-instruct-2512,persecutor_nongovernmental_actor,True,Ramirez-Cordova contends that she suffered past persecution based on her brother’s former bosses asking her 15 or 20 times where he was and threatening to kill her if he did not show up...,9220,,
20-70397-2022-08-12,https://cdn.ca9.uscourts.gov/datastore/memoranda/2022/08/12/20-70397.pdf,mistralai/mistral-large-3-675b-instruct-2512,credibility_finding,False,Not mentioned in the opinion.,9220,,
20-70397-2022-08-12,https://cdn.ca9.uscourts.gov/datastore/memoranda/2022/08/12/20-70397.pdf,mistralai/mistral-large-3-675b-instruct-2512,bars_one_year_deadline_missed,False,Not mentioned in the opinion.,9220,,
20-70397-2022-08-12,https://cdn.ca9.uscourts.gov/datastore/memoranda/2022/08/12/20-70397.pdf,mistralai/mistral-large-3-675b-instruct-2512,nexus_requirement_met,False,"The IJ found that Ramirez-Cordova failed to establish a nexus between the harm she fears and her membership in a protected group (i.e., the family unit).",9220,,
17-73156-2023-01-17,https://cdn.ca9.uscourts.gov/datastore/memoranda/2023/01/17/17-73156.pdf,meta/llama-3.3-70b-instruct,asylum_requested,True,Petitioners... petition for review of a Board of Immigration Appeals (BIA) decision dismissing their appeal from an order of an immigration judge (IJ) denying their applications for asylum...,214097,,
17-73156-2023-01-17,https://cdn.ca9.uscourts.gov/datastore/memoranda/2023/01/17/17-73156.pdf,meta/llama-3.3-70b-instruct,withholding_requested,True,Petitioners... petition for review of a Board of Immigration Appeals (BIA) decision dismissing their appeal from an order of an immigration judge (IJ) denying their applications for... withholding of removal...,214097,,
17-73156-2023-01-17,https://cdn.ca9.uscourts.gov/datastore/memoranda/2023/01/17/17-73156.pdf,meta/llama-3.3-70b-instruct,CAT_requested,True,Petitioners... petition for review of a Board of Immigration Appeals (BIA) decision dismissing their appeal from an order of an immigration judge (IJ) denying their applications for... relief under the... Convention Against Torture (CAT),214097,,
17-73156-2023-01-17,https://cdn.ca9.uscourts.gov/datastore/memoranda/2023/01/17/17-73156.pdf,meta/llama-3.3-70b-instruct,protected_ground_political_opinion,False,Not mentioned in the opinion,214097,,
17-73156-2023-01-17,https://cdn.ca9.uscourts.gov/datastore/memoranda/2023/01/17/17-73156.pdf,meta/llama-3.3-70b-instruct,protected_ground_particular_social_group,False,Not mentioned in the opinion,214097,,
17-73156-2023-01-17,https://cdn.ca9.uscourts.gov/datastore/memoranda/2023/01/17/17-73156.pdf,meta/llama-3.3-70b-instruct,past_persecution_physical_violence,False,Not mentioned in the opinion,214097,,
17-73156-2023-01-17,https://cdn.ca9.uscourts.gov/datastore/memoranda/2023/01/17/17-73156.pdf,meta/llama-3.3-70b-instruct,past_persecution_death_threats,True,Guzman-Hernandez argues that she experienced past persecution because she was the victim of death threats by gang members,214097,,
17-73156-2023-01-17,https://cdn.ca9.uscourts.gov/datastore/memoranda/2023/01/17/17-73156.pdf,meta/llama-3.3-70b-instruct,persecutor_nongovernmental_actor,True,Guzman-Hernandez argues that she experienced past persecution because she was the victim of death threats by gang members,214097,,
17-73156-2023-01-17,https://cdn.ca9.uscourts.gov/datastore/memoranda/2023/01/17/17-73156.pdf,meta/llama-3.3-70b-instruct,credibility_finding,False,Not mentioned in the opinion,214097,,
17-73156-2023-01-17,https://cdn.ca9.uscourts.gov/datastore/memoranda/2023/01/17/17-73156.pdf,meta/llama-3.3-70b-instruct,bars_one_year_deadline_missed,False,Not mentioned in the opinion,214097,,
17-73156-2023-01-17,https://cdn.ca9.uscourts.gov/datastore/memoranda/2023/01/17/17-73156.pdf,meta/llama-3.3-70b-instruct,nexus_requirement_met,False,Not mentioned in the opinion,214097,,
17-73156-2023-01-17,https://cdn.ca9.uscourts.gov/datastore/memoranda/2023/01/17/17-73156.pdf,mistralai/mistral-large-3-675b-instruct-2512,asylum_requested,True,"denying their applications for asylum, withholding of removal, and relief under the Immigration and Nationality Act and the Convention Against Torture (CAT).",3942,,
17-73156-2023-01-17,https://cdn.ca9.uscourts.gov/datastore/memoranda/2023/01/17/17-73156.pdf,mistralai/mistral-large-3-675b-instruct-2512,withholding_requested,True,"denying their applications for asylum, withholding of removal, and relief under the Immigration and Nationality Act and the Convention Against Torture (CAT).",3942,,
17-73156-2023-01-17,https://cdn.ca9.uscourts.gov/datastore/memoranda/2023/01/17/17-73156.pdf,mistralai/mistral-large-3-675b-instruct-2512,CAT_requested,True,"denying their applications for asylum, withholding of removal, and relief under the Immigration and Nationality Act and the Convention Against Torture (CAT).",3942,,
17-73156-2023-01-17,https://cdn.ca9.uscourts.gov/datastore/memoranda/2023/01/17/17-73156.pdf,mistralai/mistral-large-3-675b-instruct-2512,protected_ground_political_opinion,False,Not mentioned in the opinion.,3942,,
17-73156-2023-01-17,https://cdn.ca9.uscourts.gov/datastore/memoranda/2023/01/17/17-73156.pdf,mistralai/mistral-large-3-675b-instruct-2512,protected_ground_particular_social_group,False,Not mentioned in the opinion.,3942,,
17-73156-2023-01-17,https://cdn.ca9.uscourts.gov/datastore/memoranda/2023/01/17/17-73156.pdf,mistralai/mistral-large-3-675b-instruct-2512,past_persecution_physical_violence,False,Not mentioned in the opinion.,3942,,
17-73156-2023-01-17,https://cdn.ca9.uscourts.gov/datastore/memoranda/2023/01/17/17-73156.pdf,mistralai/mistral-large-3-675b-instruct-2512,past_persecution_death_threats,True,Guzman-Hernandez argues that she experienced past persecution because she was the victim of death threats by gang members.,3942,,
17-73156-2023-01-17,https://cdn.ca9.uscourts.gov/datastore/memoranda/2023/01/17/17-73156.pdf,mistralai/mistral-large-3-675b-instruct-2512,persecutor_nongovernmental_actor,True,Guzman-Hernandez argues that she experienced past persecution because she was the victim of death threats by gang members.,3942,,
17-73156-2023-01-17,https://cdn.ca9.uscourts.gov/datastore/memoranda/2023/01/17/17-73156.pdf,mistralai/mistral-large-3-675b-instruct-2512,credibility_finding,False,Not mentioned in the opinion.,3942,,
17-73156-2023-01-17,https://cdn.ca9.uscourts.gov/datastore/memoranda/2023/01/17/17-73156.pdf,mistralai/mistral-large-3-675b-instruct-2512,bars_one_year_deadline_missed,False,Not mentioned in the opinion.,3942,,
17-73156-2023-01-17,https://cdn.ca9.uscourts.gov/datastore/memoranda/2023/01/17/17-73156.pdf,mistralai/mistral-large-3-675b-instruct-2512,nexus_requirement_met,False,Not mentioned in the opinion.,3942,,
24-5221-2026-05-04,https://cdn.ca9.uscourts.gov/datastore/memoranda/2026/05/04/24-5221.pdf,mistralai/mistral-large-3-675b-instruct-2512,asylum_requested,False,Not mentioned in the opinion.,27987,,
24-5221-2026-05-04,https://cdn.ca9.uscourts.gov/datastore/memoranda/2026/05/04/24-5221.pdf,mistralai/mistral-large-3-675b-instruct-2512,withholding_requested,False,Not mentioned in the opinion.,27987,,
24-5221-2026-05-04,https://cdn.ca9.uscourts.gov/datastore/memoranda/2026/05/04/24-5221.pdf,mistralai/mistral-large-3-675b-instruct-2512,CAT_requested,True,The BIA affirmed the decision of an Immigration Judge (“IJ”) denying deferral of removal under the Convention Against Torture (“CAT”) as part of a final order of removal.,27987,,
24-5221-2026-05-04,https://cdn.ca9.uscourts.gov/datastore/memoranda/2026/05/04/24-5221.pdf,mistralai/mistral-large-3-675b-instruct-2512,protected_ground_political_opinion,False,Not mentioned in the opinion.,27987,,
24-5221-2026-05-04,https://cdn.ca9.uscourts.gov/datastore/memoranda/2026/05/04/24-5221.pdf,mistralai/mistral-large-3-675b-instruct-2512,protected_ground_particular_social_group,False,Not mentioned in the opinion.,27987,,
24-5221-2026-05-04,https://cdn.ca9.uscourts.gov/datastore/memoranda/2026/05/04/24-5221.pdf,mistralai/mistral-large-3-675b-instruct-2512,past_persecution_physical_violence,False,Not mentioned in the opinion.,27987,,
24-5221-2026-05-04,https://cdn.ca9.uscourts.gov/datastore/memoranda/2026/05/04/24-5221.pdf,mistralai/mistral-large-3-675b-instruct-2512,past_persecution_death_threats,False,Not mentioned in the opinion.,27987,,
24-5221-2026-05-04,https://cdn.ca9.uscourts.gov/datastore/memoranda/2026/05/04/24-5221.pdf,mistralai/mistral-large-3-675b-instruct-2512,persecutor_nongovernmental_actor,True,The BIA concluded that one link in the causal chain—that Otuya’s former criminal boss would learn of Otuya’s deportation and find Otuya if he was deported to Nigeria—was too speculative.,27987,,
24-5221-2026-05-04,https://cdn.ca9.uscourts.gov/datastore/memoranda/2026/05/04/24-5221.pdf,mistralai/mistral-large-3-675b-instruct-2512,credibility_finding,False,Not mentioned in the opinion.,27987,,
24-5221-2026-05-04,https://cdn.ca9.uscourts.gov/datastore/memoranda/2026/05/04/24-5221.pdf,mistralai/mistral-large-3-675b-instruct-2512,bars_one_year_deadline_missed,False,Not mentioned in the opinion.,27987,,
24-5221-2026-05-04,https://cdn.ca9.uscourts.gov/datastore/memoranda/2026/05/04/24-5221.pdf,mistralai/mistral-large-3-675b-instruct-2512,nexus_requirement_met,False,Not mentioned in the opinion.,27987,,
22-761-2023-04-20,https://cdn.ca9.uscourts.gov/datastore/memoranda/2023/04/20/22-761.pdf,mistralai/mistral-large-3-675b-instruct-2512,asylum_requested,True,"He moved for reopening to apply for cancellation of removal, asylum, and withholding of removal.",18344,,
22-761-2023-04-20,https://cdn.ca9.uscourts.gov/datastore/memoranda/2023/04/20/22-761.pdf,mistralai/mistral-large-3-675b-instruct-2512,withholding_requested,True,"He moved for reopening to apply for cancellation of removal, asylum, and withholding of removal.",18344,,
22-761-2023-04-20,https://cdn.ca9.uscourts.gov/datastore/memoranda/2023/04/20/22-761.pdf,mistralai/mistral-large-3-675b-instruct-2512,CAT_requested,False,Not mentioned in the opinion.,18344,,
22-761-2023-04-20,https://cdn.ca9.uscourts.gov/datastore/memoranda/2023/04/20/22-761.pdf,mistralai/mistral-large-3-675b-instruct-2512,protected_ground_political_opinion,False,Not mentioned in the opinion.,18344,,
22-761-2023-04-20,https://cdn.ca9.uscourts.gov/datastore/memoranda/2023/04/20/22-761.pdf,mistralai/mistral-large-3-675b-instruct-2512,protected_ground_particular_social_group,True,The BIA also denied Santiago Grande’s motion to reopen to apply for asylum and withholding of removal based on his membership in the proposed particular social group of 'deportees from the United States during the Covid-19 Pandemic.',18344,,
22-761-2023-04-20,https://cdn.ca9.uscourts.gov/datastore/memoranda/2023/04/20/22-761.pdf,mistralai/mistral-large-3-675b-instruct-2512,past_persecution_physical_violence,False,Not mentioned in the opinion.,18344,,
22-761-2023-04-20,https://cdn.ca9.uscourts.gov/datastore/memoranda/2023/04/20/22-761.pdf,mistralai/mistral-large-3-675b-instruct-2512,past_persecution_death_threats,False,Not mentioned in the opinion.,18344,,
22-761-2023-04-20,https://cdn.ca9.uscourts.gov/datastore/memoranda/2023/04/20/22-761.pdf,mistralai/mistral-large-3-675b-instruct-2512,persecutor_nongovernmental_actor,False,Not mentioned in the opinion.,18344,,
22-761-2023-04-20,https://cdn.ca9.uscourts.gov/datastore/memoranda/2023/04/20/22-761.pdf,mistralai/mistral-large-3-675b-instruct-2512,credibility_finding,False,Not mentioned in the opinion.,18344,,
22-761-2023-04-20,https://cdn.ca9.uscourts.gov/datastore/memoranda/2023/04/20/22-761.pdf,mistralai/mistral-large-3-675b-instruct-2512,bars_one_year_deadline_missed,False,"In light of our resolution of these claims, we need not reach the parties’ arguments concerning the one-year bar to asylum.",18344,,
22-761-2023-04-20,https://cdn.ca9.uscourts.gov/datastore/memoranda/2023/04/20/22-761.pdf,mistralai/mistral-large-3-675b-instruct-2512,nexus_requirement_met,False,Not mentioned in the opinion.,18344,,
14-70905-2020-01-28,https://cdn.ca9.uscourts.gov/datastore/memoranda/2020/01/28/14-70905.pdf,meta/llama-3.3-70b-instruct,asylum_requested,True,"The IJ denied Margosyan’s application for asylum, withholding of removal, and protection under the United Nations Convention Against Torture (“CAT”)",169839,,
14-70905-2020-01-28,https://cdn.ca9.uscourts.gov/datastore/memoranda/2020/01/28/14-70905.pdf,meta/llama-3.3-70b-instruct,withholding_requested,True,"The IJ denied Margosyan’s application for asylum, withholding of removal, and protection under the United Nations Convention Against Torture (“CAT”)",169839,,
14-70905-2020-01-28,https://cdn.ca9.uscourts.gov/datastore/memoranda/2020/01/28/14-70905.pdf,meta/llama-3.3-70b-instruct,CAT_requested,True,"The IJ denied Margosyan’s application for asylum, withholding of removal, and protection under the United Nations Convention Against Torture (“CAT”)",169839,,
14-70905-2020-01-28,https://cdn.ca9.uscourts.gov/datastore/memoranda/2020/01/28/14-70905.pdf,meta/llama-3.3-70b-instruct,protected_ground_political_opinion,True,The circumstantial evidence in the record raises an inference that the police officers sought to punish or retaliate against Margosyan for her husband’s political activities,169839,,
14-70905-2020-01-28,https://cdn.ca9.uscourts.gov/datastore/memoranda/2020/01/28/14-70905.pdf,meta/llama-3.3-70b-instruct,protected_ground_particular_social_group,False,Not mentioned in the opinion.,169839,,
14-70905-2020-01-28,https://cdn.ca9.uscourts.gov/datastore/memoranda/2020/01/28/14-70905.pdf,meta/llama-3.3-70b-instruct,past_persecution_physical_violence,True,raping her,169839,,
14-70905-2020-01-28,https://cdn.ca9.uscourts.gov/datastore/memoranda/2020/01/28/14-70905.pdf,meta/llama-3.3-70b-instruct,past_persecution_death_threats,False,Not mentioned in the opinion.,169839,,
14-70905-2020-01-28,https://cdn.ca9.uscourts.gov/datastore/memoranda/2020/01/28/14-70905.pdf,meta/llama-3.3-70b-instruct,persecutor_nongovernmental_actor,False,Not mentioned in the opinion.,169839,,
14-70905-2020-01-28,https://cdn.ca9.uscourts.gov/datastore/memoranda/2020/01/28/14-70905.pdf,meta/llama-3.3-70b-instruct,credibility_finding,True,"The IJ denied Margosyan’s application for asylum, withholding of removal, and protection under the United Nations Convention Against Torture (“CAT”), because Margosayn was not credible based on inconsistencies between her testimony and the neighbors’ affidavit",169839,,
14-70905-2020-01-28,https://cdn.ca9.uscourts.gov/datastore/memoranda/2020/01/28/14-70905.pdf,meta/llama-3.3-70b-instruct,bars_one_year_deadline_missed,False,Not mentioned in the opinion.,169839,,
14-70905-2020-01-28,https://cdn.ca9.uscourts.gov/datastore/memoranda/2020/01/28/14-70905.pdf,meta/llama-3.3-70b-instruct,nexus_requirement_met,False,Not mentioned in the opinion.,169839,,
14-70905-2020-01-28,https://cdn.ca9.uscourts.gov/datastore/memoranda/2020/01/28/14-70905.pdf,mistralai/mistral-large-3-675b-instruct-2512,asylum_requested,True,"The IJ denied Margosyan’s application for asylum, withholding of removal, and protection under the United Nations Convention Against Torture (“CAT”)",6373,,
14-70905-2020-01-28,https://cdn.ca9.uscourts.gov/datastore/memoranda/2020/01/28/14-70905.pdf,mistralai/mistral-large-3-675b-instruct-2512,withholding_requested,True,"The IJ denied Margosyan’s application for asylum, withholding of removal, and protection under the United Nations Convention Against Torture (“CAT”)",6373,,
14-70905-2020-01-28,https://cdn.ca9.uscourts.gov/datastore/memoranda/2020/01/28/14-70905.pdf,mistralai/mistral-large-3-675b-instruct-2512,CAT_requested,True,"The IJ denied Margosyan’s application for asylum, withholding of removal, and protection under the United Nations Convention Against Torture (“CAT”)",6373,,
14-70905-2020-01-28,https://cdn.ca9.uscourts.gov/datastore/memoranda/2020/01/28/14-70905.pdf,mistralai/mistral-large-3-675b-instruct-2512,protected_ground_political_opinion,True,"Although Margosyan did not have any direct evidence that her persecutors targeted her on account of an imputed political opinion, the IJ did not properly consider Margosyan’s “‘association with, or relationship to, people who are known to hold a particular political opinion’ in order to raise the inference that the persecutors have imputed a political view to [her].”",6373,,
14-70905-2020-01-28,https://cdn.ca9.uscourts.gov/datastore/memoranda/2020/01/28/14-70905.pdf,mistralai/mistral-large-3-675b-instruct-2512,protected_ground_particular_social_group,False,Not mentioned in the opinion.,6373,,
14-70905-2020-01-28,https://cdn.ca9.uscourts.gov/datastore/memoranda/2020/01/28/14-70905.pdf,mistralai/mistral-large-3-675b-instruct-2512,past_persecution_physical_violence,True,"Armenian authorities targeted Margosyan on multiple occasions based on her association with her husband by threatening her, intervening in her employment, raping her, and arresting her.",6373,,
14-70905-2020-01-28,https://cdn.ca9.uscourts.gov/datastore/memoranda/2020/01/28/14-70905.pdf,mistralai/mistral-large-3-675b-instruct-2512,past_persecution_death_threats,True,"Armenian authorities targeted Margosyan on multiple occasions based on her association with her husband by threatening her, intervening in her employment, raping her, and arresting her.",6373,,
14-70905-2020-01-28,https://cdn.ca9.uscourts.gov/datastore/memoranda/2020/01/28/14-70905.pdf,mistralai/mistral-large-3-675b-instruct-2512,persecutor_nongovernmental_actor,False,Not mentioned in the opinion.,6373,,
14-70905-2020-01-28,https://cdn.ca9.uscourts.gov/datastore/memoranda/2020/01/28/14-70905.pdf,mistralai/mistral-large-3-675b-instruct-2512,credibility_finding,True,the IJ stated that he had “considered the extent to which the respondent’s testimony [was] otherwise consistent with her written statement and the extent to which she was internally consistent in her own testimony.”,6373,,
14-70905-2020-01-28,https://cdn.ca9.uscourts.gov/datastore/memoranda/2020/01/28/14-70905.pdf,mistralai/mistral-large-3-675b-instruct-2512,bars_one_year_deadline_missed,False,Not mentioned in the opinion.,6373,,
14-70905-2020-01-28,https://cdn.ca9.uscourts.gov/datastore/memoranda/2020/01/28/14-70905.pdf,mistralai/mistral-large-3-675b-instruct-2512,nexus_requirement_met,False,Margosyan’s asylum and withholding of removal claims failed because she failed to show past or future persecution on account of a protected ground.,6373,,
22-629-2024-02-20,https://cdn.ca9.uscourts.gov/datastore/memoranda/2024/02/20/22-629.pdf,meta/llama-3.3-70b-instruct,asylum_requested,False,Not mentioned in the opinion.,542551,,
22-629-2024-02-20,https://cdn.ca9.uscourts.gov/datastore/memoranda/2024/02/20/22-629.pdf,meta/llama-3.3-70b-instruct,withholding_requested,True,"Juan Carlos Estrada-Hernandez, a native and citizen of Mexico, petitions for review of a Board of Immigration Appeals (""BIA"") dismissal of his appeal from an order of an Immigration Judge (""IJ"") denying his applications for withholding of removal under the Immigration and Naturalization Act and the Convention Against Torture (""CAT/>.""",542551,,
22-629-2024-02-20,https://cdn.ca9.uscourts.gov/datastore/memoranda/2024/02/20/22-629.pdf,meta/llama-3.3-70b-instruct,CAT_requested,True,"Juan Carlos Estrada-Hernandez, a native and citizen of Mexico, petitions for review of a Board of Immigration Appeals (""BIA"") dismissal of his appeal from an order of an Immigration Judge (""IJ"") denying his applications for withholding of removal under the Immigration and Naturalization Act and the Convention Against Torture (""CAT/>.""",542551,,
22-629-2024-02-20,https://cdn.ca9.uscourts.gov/datastore/memoranda/2024/02/20/22-629.pdf,meta/llama-3.3-70b-instruct,protected_ground_political_opinion,False,Not mentioned in the opinion.,542551,,
22-629-2024-02-20,https://cdn.ca9.uscourts.gov/datastore/memoranda/2024/02/20/22-629.pdf,meta/llama-3.3-70b-instruct,protected_ground_particular_social_group,True,"Estrada-Hernandez presented testimony that he was assaulted in Mexico when he was eleven years old because he was gay, an incident which is evidence both that he has been singled out and that he was perceptibly gay as a child;",542551,,
22-629-2024-02-20,https://cdn.ca9.uscourts.gov/datastore/memoranda/2024/02/20/22-629.pdf,meta/llama-3.3-70b-instruct,past_persecution_physical_violence,True,"Estrada-Hernandez presented testimony that he was assaulted in Mexico when he was eleven years old because he was gay, an incident which is evidence both that he has been singled out and that he was perceptibly gay as a child;",542551,,
22-629-2024-02-20,https://cdn.ca9.uscourts.gov/datastore/memoranda/2024/02/20/22-629.pdf,meta/llama-3.3-70b-instruct,past_persecution_death_threats,False,Not mentioned in the opinion.,542551,,
22-629-2024-02-20,https://cdn.ca9.uscourts.gov/datastore/memoranda/2024/02/20/22-629.pdf,meta/llama-3.3-70b-instruct,persecutor_nongovernmental_actor,False,Not mentioned in the opinion.,542551,,
22-629-2024-02-20,https://cdn.ca9.uscourts.gov/datastore/memoranda/2024/02/20/22-629.pdf,meta/llama-3.3-70b-instruct,credibility_finding,False,Not mentioned in the opinion.,542551,,
22-629-2024-02-20,https://cdn.ca9.uscourts.gov/datastore/memoranda/2024/02/20/22-629.pdf,meta/llama-3.3-70b-instruct,bars_one_year_deadline_missed,False,Not mentioned in the opinion.,542551,,
22-629-2024-02-20,https://cdn.ca9.uscourts.gov/datastore/memoranda/2024/02/20/22-629.pdf,meta/llama-3.3-70b-instruct,nexus_requirement_met,False,Not mentioned in the opinion.,542551,,
22-629-2024-02-20,https://cdn.ca9.uscourts.gov/datastore/memoranda/2024/02/20/22-629.pdf,mistralai/mistral-large-3-675b-instruct-2512,asylum_requested,False,Not mentioned in the opinion.,8514,,
22-629-2024-02-20,https://cdn.ca9.uscourts.gov/datastore/memoranda/2024/02/20/22-629.pdf,mistralai/mistral-large-3-675b-instruct-2512,withholding_requested,True,"denying his applications for withholding of removal under the Immigration and Naturalization Act and the Convention Against Torture (""CAT"").",8514,,
22-629-2024-02-20,https://cdn.ca9.uscourts.gov/datastore/memoranda/2024/02/20/22-629.pdf,mistralai/mistral-large-3-675b-instruct-2512,CAT_requested,True,"denying his applications for withholding of removal under the Immigration and Naturalization Act and the Convention Against Torture (""CAT"").",8514,,
22-629-2024-02-20,https://cdn.ca9.uscourts.gov/datastore/memoranda/2024/02/20/22-629.pdf,mistralai/mistral-large-3-675b-instruct-2512,protected_ground_political_opinion,False,Not mentioned in the opinion.,8514,,
22-629-2024-02-20,https://cdn.ca9.uscourts.gov/datastore/memoranda/2024/02/20/22-629.pdf,mistralai/mistral-large-3-675b-instruct-2512,protected_ground_particular_social_group,True,"Estrada-Hernandez presented testimony that he was assaulted in Mexico when he was eleven years old because he was gay, an incident which is evidence both that he has been singled out and that he was perceptibly gay as a child; that his mannerisms continue to make him perceptibly gay;",8514,,
22-629-2024-02-20,https://cdn.ca9.uscourts.gov/datastore/memoranda/2024/02/20/22-629.pdf,mistralai/mistral-large-3-675b-instruct-2512,past_persecution_physical_violence,True,"Estrada-Hernandez presented testimony that he was assaulted in Mexico when he was eleven years old because he was gay,",8514,,
22-629-2024-02-20,https://cdn.ca9.uscourts.gov/datastore/memoranda/2024/02/20/22-629.pdf,mistralai/mistral-large-3-675b-instruct-2512,past_persecution_death_threats,False,Not mentioned in the opinion.,8514,,
22-629-2024-02-20,https://cdn.ca9.uscourts.gov/datastore/memoranda/2024/02/20/22-629.pdf,mistralai/mistral-large-3-675b-instruct-2512,persecutor_nongovernmental_actor,True,"Estrada-Hernandez presented testimony that he was assaulted in Mexico when he was eleven years old because he was gay,",8514,,
22-629-2024-02-20,https://cdn.ca9.uscourts.gov/datastore/memoranda/2024/02/20/22-629.pdf,mistralai/mistral-large-3-675b-instruct-2512,credibility_finding,False,Not mentioned in the opinion.,8514,,
22-629-2024-02-20,https://cdn.ca9.uscourts.gov/datastore/memoranda/2024/02/20/22-629.pdf,mistralai/mistral-large-3-675b-instruct-2512,bars_one_year_deadline_missed,False,Not mentioned in the opinion.,8514,,
22-629-2024-02-20,https://cdn.ca9.uscourts.gov/datastore/memoranda/2024/02/20/22-629.pdf,mistralai/mistral-large-3-675b-instruct-2512,nexus_requirement_met,False,Not mentioned in the opinion.,8514,,
17-71346-2020-06-17,https://cdn.ca9.uscourts.gov/datastore/memoranda/2020/06/17/17-71346.pdf,meta/llama-3.3-70b-instruct,asylum_requested,True,On Petition for Review of an Order of the Board of Immigration Appeals,171699,,
17-71346-2020-06-17,https://cdn.ca9.uscourts.gov/datastore/memoranda/2020/06/17/17-71346.pdf,meta/llama-3.3-70b-instruct,withholding_requested,True,"immigration judge’s (IJ) denial of his applications for asylum, withholding of removal, and Convention Against Torture (CAT) protection",171699,,
17-71346-2020-06-17,https://cdn.ca9.uscourts.gov/datastore/memoranda/2020/06/17/17-71346.pdf,meta/llama-3.3-70b-instruct,CAT_requested,True,"immigration judge’s (IJ) denial of his applications for asylum, withholding of removal, and Convention Against Torture (CAT) protection",171699,,
17-71346-2020-06-17,https://cdn.ca9.uscourts.gov/datastore/memoranda/2020/06/17/17-71346.pdf,meta/llama-3.3-70b-instruct,protected_ground_political_opinion,False,Not mentioned in the opinion.,171699,,
17-71346-2020-06-17,https://cdn.ca9.uscourts.gov/datastore/memoranda/2020/06/17/17-71346.pdf,meta/llama-3.3-70b-instruct,protected_ground_particular_social_group,True,the Board determined that the harm was not caused “on account of” his particular social group because “the interest of the gang was to extort money from [Cruz-Ramirez and his] family”,171699,,
17-71346-2020-06-17,https://cdn.ca9.uscourts.gov/datastore/memoranda/2020/06/17/17-71346.pdf,meta/llama-3.3-70b-instruct,past_persecution_physical_violence,True,the gang’s threatening notes and phone calls and the eventual murder of his uncle were directed at Cruz-Ramirez’s family,171699,,
17-71346-2020-06-17,https://cdn.ca9.uscourts.gov/datastore/memoranda/2020/06/17/17-71346.pdf,meta/llama-3.3-70b-instruct,past_persecution_death_threats,True,the gang’s threatening notes and phone calls,171699,,
17-71346-2020-06-17,https://cdn.ca9.uscourts.gov/datastore/memoranda/2020/06/17/17-71346.pdf,meta/llama-3.3-70b-instruct,persecutor_nongovernmental_actor,True,the interest of the gang was to extort money from [Cruz-Ramirez and his] family,171699,,
17-71346-2020-06-17,https://cdn.ca9.uscourts.gov/datastore/memoranda/2020/06/17/17-71346.pdf,meta/llama-3.3-70b-instruct,credibility_finding,False,Not mentioned in the opinion.,171699,,
17-71346-2020-06-17,https://cdn.ca9.uscourts.gov/datastore/memoranda/2020/06/17/17-71346.pdf,meta/llama-3.3-70b-instruct,bars_one_year_deadline_missed,False,Not mentioned in the opinion.,171699,,
17-71346-2020-06-17,https://cdn.ca9.uscourts.gov/datastore/memoranda/2020/06/17/17-71346.pdf,meta/llama-3.3-70b-instruct,nexus_requirement_met,False,Substantial evidence supports the Board’s factual determination that Cruz-Ramirez failed to establish a nexus between the persecution he suffered and his membership in his family,171699,,
17-71346-2020-06-17,https://cdn.ca9.uscourts.gov/datastore/memoranda/2020/06/17/17-71346.pdf,mistralai/mistral-large-3-675b-instruct-2512,asylum_requested,True,"Carlos Cruz-Ramirez petitions for review of a Board of Immigration Appeals (Board) order dismissing his appeal, in which he challenged an immigration judge’s (IJ) denial of his applications for asylum, withholding of removal, and Convention Against Torture (CAT) protection.",13856,,
17-71346-2020-06-17,https://cdn.ca9.uscourts.gov/datastore/memoranda/2020/06/17/17-71346.pdf,mistralai/mistral-large-3-675b-instruct-2512,withholding_requested,True,"Carlos Cruz-Ramirez petitions for review of a Board of Immigration Appeals (Board) order dismissing his appeal, in which he challenged an immigration judge’s (IJ) denial of his applications for asylum, withholding of removal, and Convention Against Torture (CAT) protection.",13856,,
17-71346-2020-06-17,https://cdn.ca9.uscourts.gov/datastore/memoranda/2020/06/17/17-71346.pdf,mistralai/mistral-large-3-675b-instruct-2512,CAT_requested,True,"Carlos Cruz-Ramirez petitions for review of a Board of Immigration Appeals (Board) order dismissing his appeal, in which he challenged an immigration judge’s (IJ) denial of his applications for asylum, withholding of removal, and Convention Against Torture (CAT) protection.",13856,,
17-71346-2020-06-17,https://cdn.ca9.uscourts.gov/datastore/memoranda/2020/06/17/17-71346.pdf,mistralai/mistral-large-3-675b-instruct-2512,protected_ground_political_opinion,False,Not mentioned in the opinion.,13856,,
17-71346-2020-06-17,https://cdn.ca9.uscourts.gov/datastore/memoranda/2020/06/17/17-71346.pdf,mistralai/mistral-large-3-675b-instruct-2512,protected_ground_particular_social_group,True,"The Board determined that the harm was not caused 'on account of' his particular social group because 'the interest of the gang was to extort money from [Cruz-Ramirez and his] family,' and that the gang’s purpose for targeting Cruz-Ramirez was merely to further that interest.",13856,,
17-71346-2020-06-17,https://cdn.ca9.uscourts.gov/datastore/memoranda/2020/06/17/17-71346.pdf,mistralai/mistral-large-3-675b-instruct-2512,past_persecution_physical_violence,False,Not mentioned in the opinion.,13856,,
17-71346-2020-06-17,https://cdn.ca9.uscourts.gov/datastore/memoranda/2020/06/17/17-71346.pdf,mistralai/mistral-large-3-675b-instruct-2512,past_persecution_death_threats,True,While the gang’s threatening notes and phone calls and the eventual murder of his uncle were directed at Cruz-Ramirez’s family...,13856,,
17-71346-2020-06-17,https://cdn.ca9.uscourts.gov/datastore/memoranda/2020/06/17/17-71346.pdf,mistralai/mistral-large-3-675b-instruct-2512,persecutor_nongovernmental_actor,True,"the Board’s determination on this point technically conflicts with our precedents, see Ayala v. Sessions, 855 F.3d 1012, 1020–21 (9th Cir. 2017), the Board’s error was harmless because this conclusion was independent from the Board’s dispositive factual findings.",13856,,
17-71346-2020-06-17,https://cdn.ca9.uscourts.gov/datastore/memoranda/2020/06/17/17-71346.pdf,mistralai/mistral-large-3-675b-instruct-2512,credibility_finding,False,Not mentioned in the opinion.,13856,,
17-71346-2020-06-17,https://cdn.ca9.uscourts.gov/datastore/memoranda/2020/06/17/17-71346.pdf,mistralai/mistral-large-3-675b-instruct-2512,bars_one_year_deadline_missed,False,Not mentioned in the opinion.,13856,,
17-71346-2020-06-17,https://cdn.ca9.uscourts.gov/datastore/memoranda/2020/06/17/17-71346.pdf,mistralai/mistral-large-3-675b-instruct-2512,nexus_requirement_met,False,Substantial evidence supports the Board’s factual determination that Cruz-Ramirez failed to establish a nexus between the persecution he suffered and his membership in his family.,13856,,
25-120-2025-12-16,https://cdn.ca9.uscourts.gov/datastore/memoranda/2025/12/16/25-120.pdf,meta/llama-3.3-70b-instruct,asylum_requested,True,"Banderas Duarte's applications for asylum, withholding of removal, and protection under the Convention Against Torture (""CATragistics"")",107172,,
25-120-2025-12-16,https://cdn.ca9.uscourts.gov/datastore/memoranda/2025/12/16/25-120.pdf,meta/llama-3.3-70b-instruct,withholding_requested,True,"Banderas Duarte's applications for asylum, withholding of removal, and protection under the Convention Against Torture (""CATragistics"")",107172,,
25-120-2025-12-16,https://cdn.ca9.uscourts.gov/datastore/memoranda/2025/12/16/25-120.pdf,meta/llama-3.3-70b-instruct,CAT_requested,True,"Banderas Duarte's applications for asylum, withholding of removal, and protection under the Convention Against Torture (""CATragistics"")",107172,,
25-120-2025-12-16,https://cdn.ca9.uscourts.gov/datastore/memoranda/2025/12/16/25-120.pdf,meta/llama-3.3-70b-instruct,protected_ground_political_opinion,False,Not mentioned in the opinion.,107172,,
25-120-2025-12-16,https://cdn.ca9.uscourts.gov/datastore/memoranda/2025/12/16/25-120.pdf,meta/llama-3.3-70b-instruct,protected_ground_particular_social_group,True,"Banderas Duarte's I-589 application stated that she was assaulted several times ""and I think it was because I am a woman,""",107172,,
25-120-2025-12-16,https://cdn.ca9.uscourts.gov/datastore/memoranda/2025/12/16/25-120.pdf,meta/llama-3.3-70b-instruct,past_persecution_physical_violence,True,Banderas Duarte was assaulted several times,107172,,
25-120-2025-12-16,https://cdn.ca9.uscourts.gov/datastore/memoranda/2025/12/16/25-120.pdf,meta/llama-3.3-70b-instruct,past_persecution_death_threats,False,Not mentioned in the opinion.,107172,,
25-120-2025-12-16,https://cdn.ca9.uscourts.gov/datastore/memoranda/2025/12/16/25-120.pdf,meta/llama-3.3-70b-instruct,persecutor_nongovernmental_actor,True,Lead Petitioner alleged that she was robbed 3 or 4 times while selling food,107172,,
25-120-2025-12-16,https://cdn.ca9.uscourts.gov/datastore/memoranda/2025/12/16/25-120.pdf,meta/llama-3.3-70b-instruct,credibility_finding,False,Not mentioned in the opinion.,107172,,
25-120-2025-12-16,https://cdn.ca9.uscourts.gov/datastore/memoranda/2025/12/16/25-120.pdf,meta/llama-3.3-70b-instruct,bars_one_year_deadline_missed,False,Not mentioned in the opinion.,107172,,
25-120-2025-12-16,https://cdn.ca9.uscourts.gov/datastore/memoranda/2025/12/16/25-120.pdf,meta/llama-3.3-70b-instruct,nexus_requirement_met,False,"The BIA ruled that lead Petitioner could not demonstrate a ""nexus"" to any protected ground",107172,,
25-120-2025-12-16,https://cdn.ca9.uscourts.gov/datastore/memoranda/2025/12/16/25-120.pdf,mistralai/mistral-large-3-675b-instruct-2512,asylum_requested,True,"Valeria Banderas Duarte, a native and citizen of Mexico, and her children as derivative asylum applicants, petition for review of the Board of Immigration Appeals’ (“BIA”) decision dismissing their appeal of the immigration judge’s (“IJ”) order denying Banderas Duarte’s applications for asylum, withholding of removal, and protection under the Convention Against Torture (“CAT”).",25359,,
25-120-2025-12-16,https://cdn.ca9.uscourts.gov/datastore/memoranda/2025/12/16/25-120.pdf,mistralai/mistral-large-3-675b-instruct-2512,withholding_requested,True,"Valeria Banderas Duarte, a native and citizen of Mexico, and her children as derivative asylum applicants, petition for review of the Board of Immigration Appeals’ (“BIA”) decision dismissing their appeal of the immigration judge’s (“IJ”) order denying Banderas Duarte’s applications for asylum, withholding of removal, and protection under the Convention Against Torture (“CAT”).",25359,,
25-120-2025-12-16,https://cdn.ca9.uscourts.gov/datastore/memoranda/2025/12/16/25-120.pdf,mistralai/mistral-large-3-675b-instruct-2512,CAT_requested,True,"Valeria Banderas Duarte, a native and citizen of Mexico, and her children as derivative asylum applicants, petition for review of the Board of Immigration Appeals’ (“BIA”) decision dismissing their appeal of the immigration judge’s (“IJ”) order denying Banderas Duarte’s applications for asylum, withholding of removal, and protection under the Convention Against Torture (“CAT”).",25359,,
25-120-2025-12-16,https://cdn.ca9.uscourts.gov/datastore/memoranda/2025/12/16/25-120.pdf,mistralai/mistral-large-3-675b-instruct-2512,protected_ground_political_opinion,False,Not mentioned in the opinion.,25359,,
25-120-2025-12-16,https://cdn.ca9.uscourts.gov/datastore/memoranda/2025/12/16/25-120.pdf,mistralai/mistral-large-3-675b-instruct-2512,protected_ground_particular_social_group,True,"Banderas Duarte’s I-589 application stated that she was assaulted several times 'and I think it was because I am a woman,' that she was 'afraid that they will do something to me because I am a woman,' and that '[t]he government does nothing to protect women.'",25359,,
25-120-2025-12-16,https://cdn.ca9.uscourts.gov/datastore/memoranda/2025/12/16/25-120.pdf,mistralai/mistral-large-3-675b-instruct-2512,past_persecution_physical_violence,True,Lead Petitioner alleged that she was sexually abused by her brother when she was a minor.,25359,,
25-120-2025-12-16,https://cdn.ca9.uscourts.gov/datastore/memoranda/2025/12/16/25-120.pdf,mistralai/mistral-large-3-675b-instruct-2512,past_persecution_death_threats,False,Not mentioned in the opinion.,25359,,
25-120-2025-12-16,https://cdn.ca9.uscourts.gov/datastore/memoranda/2025/12/16/25-120.pdf,mistralai/mistral-large-3-675b-instruct-2512,persecutor_nongovernmental_actor,True,Lead Petitioner alleged that she was robbed 3 or 4 times while selling food... Lead Petitioner testified that the 'only reason' the robber took her money was 'just to do drugs.',25359,,
25-120-2025-12-16,https://cdn.ca9.uscourts.gov/datastore/memoranda/2025/12/16/25-120.pdf,mistralai/mistral-large-3-675b-instruct-2512,credibility_finding,False,Not mentioned in the opinion.,25359,,
25-120-2025-12-16,https://cdn.ca9.uscourts.gov/datastore/memoranda/2025/12/16/25-120.pdf,mistralai/mistral-large-3-675b-instruct-2512,bars_one_year_deadline_missed,False,Not mentioned in the opinion.,25359,,
25-120-2025-12-16,https://cdn.ca9.uscourts.gov/datastore/memoranda/2025/12/16/25-120.pdf,mistralai/mistral-large-3-675b-instruct-2512,nexus_requirement_met,False,"The BIA ruled that lead Petitioner could not demonstrate a 'nexus' to any protected ground, which is dispositive on her asylum and withholding of removal claims.",25359,,
18-70505-2020-12-07,https://cdn.ca9.uscourts.gov/datastore/memoranda/2020/12/07/18-70505.pdf,meta/llama-3.3-70b-instruct,asylum_requested,False,Not mentioned in the opinion.,242157,,
18-70505-2020-12-07,https://cdn.ca9.uscourts.gov/datastore/memoranda/2020/12/07/18-70505.pdf,meta/llama-3.3-70b-instruct,withholding_requested,False,Not mentioned in the opinion.,242157,,
18-70505-2020-12-07,https://cdn.ca9.uscourts.gov/datastore/memoranda/2020/12/07/18-70505.pdf,meta/llama-3.3-70b-instruct,CAT_requested,False,Not mentioned in the opinion.,242157,,
18-70505-2020-12-07,https://cdn.ca9.uscourts.gov/datastore/memoranda/2020/12/07/18-70505.pdf,meta/llama-3.3-70b-instruct,protected_ground_political_opinion,False,Not mentioned in the opinion.,242157,,
18-70505-2020-12-07,https://cdn.ca9.uscourts.gov/datastore/memoranda/2020/12/07/18-70505.pdf,meta/llama-3.3-70b-instruct,protected_ground_particular_social_group,False,Not mentioned in the opinion.,242157,,
18-70505-2020-12-07,https://cdn.ca9.uscourts.gov/datastore/memoranda/2020/12/07/18-70505.pdf,meta/llama-3.3-70b-instruct,past_persecution_physical_violence,False,Not mentioned in the opinion.,242157,,
18-70505-2020-12-07,https://cdn.ca9.uscourts.gov/datastore/memoranda/2020/12/07/18-70505.pdf,meta/llama-3.3-70b-instruct,past_persecution_death_threats,False,Not mentioned in the opinion.,242157,,
18-70505-2020-12-07,https://cdn.ca9.uscourts.gov/datastore/memoranda/2020/12/07/18-70505.pdf,meta/llama-3.3-70b-instruct,persecutor_nongovernmental_actor,False,Not mentioned in the opinion.,242157,,
18-70505-2020-12-07,https://cdn.ca9.uscourts.gov/datastore/memoranda/2020/12/07/18-70505.pdf,meta/llama-3.3-70b-instruct,credibility_finding,True,The BIA and IJ's finding that Li's second affidavit was 'inherently unbelievable' is not supported by substantial evidence.,242157,,
18-70505-2020-12-07,https://cdn.ca9.uscourts.gov/datastore/memoranda/2020/12/07/18-70505.pdf,meta/llama-3.3-70b-instruct,bars_one_year_deadline_missed,False,Not mentioned in the opinion.,242157,,
18-70505-2020-12-07,https://cdn.ca9.uscourts.gov/datastore/memoranda/2020/12/07/18-70505.pdf,meta/llama-3.3-70b-instruct,nexus_requirement_met,False,Not mentioned in the opinion.,242157,,
18-70505-2020-12-07,https://cdn.ca9.uscourts.gov/datastore/memoranda/2020/12/07/18-70505.pdf,mistralai/mistral-large-3-675b-instruct-2512,asylum_requested,False,Not mentioned in the opinion.,18775,,
18-70505-2020-12-07,https://cdn.ca9.uscourts.gov/datastore/memoranda/2020/12/07/18-70505.pdf,mistralai/mistral-large-3-675b-instruct-2512,withholding_requested,False,Not mentioned in the opinion.,18775,,
18-70505-2020-12-07,https://cdn.ca9.uscourts.gov/datastore/memoranda/2020/12/07/18-70505.pdf,mistralai/mistral-large-3-675b-instruct-2512,CAT_requested,False,Not mentioned in the opinion.,18775,,
18-70505-2020-12-07,https://cdn.ca9.uscourts.gov/datastore/memoranda/2020/12/07/18-70505.pdf,mistralai/mistral-large-3-675b-instruct-2512,protected_ground_political_opinion,False,Not mentioned in the opinion.,18775,,
18-70505-2020-12-07,https://cdn.ca9.uscourts.gov/datastore/memoranda/2020/12/07/18-70505.pdf,mistralai/mistral-large-3-675b-instruct-2512,protected_ground_particular_social_group,False,Not mentioned in the opinion.,18775,,
18-70505-2020-12-07,https://cdn.ca9.uscourts.gov/datastore/memoranda/2020/12/07/18-70505.pdf,mistralai/mistral-large-3-675b-instruct-2512,past_persecution_physical_violence,False,Not mentioned in the opinion.,18775,,
18-70505-2020-12-07,https://cdn.ca9.uscourts.gov/datastore/memoranda/2020/12/07/18-70505.pdf,mistralai/mistral-large-3-675b-instruct-2512,past_persecution_death_threats,False,Not mentioned in the opinion.,18775,,
18-70505-2020-12-07,https://cdn.ca9.uscourts.gov/datastore/memoranda/2020/12/07/18-70505.pdf,mistralai/mistral-large-3-675b-instruct-2512,persecutor_nongovernmental_actor,False,Not mentioned in the opinion.,18775,,
18-70505-2020-12-07,https://cdn.ca9.uscourts.gov/datastore/memoranda/2020/12/07/18-70505.pdf,mistralai/mistral-large-3-675b-instruct-2512,credibility_finding,True,The BIA and IJ’s finding that Li’s second affidavit was 'inherently unbelievable' is not supported by substantial evidence.,18775,,
18-70505-2020-12-07,https://cdn.ca9.uscourts.gov/datastore/memoranda/2020/12/07/18-70505.pdf,mistralai/mistral-large-3-675b-instruct-2512,bars_one_year_deadline_missed,False,Not mentioned in the opinion.,18775,,
18-70505-2020-12-07,https://cdn.ca9.uscourts.gov/datastore/memoranda/2020/12/07/18-70505.pdf,mistralai/mistral-large-3-675b-instruct-2512,nexus_requirement_met,False,Not mentioned in the opinion.,18775,,
18-71905-2021-01-28,https://cdn.ca9.uscourts.gov/datastore/memoranda/2021/01/28/18-71905.pdf,meta/llama-3.3-70b-instruct,asylum_requested,True,denying his application for asylum,471619,,
18-71905-2021-01-28,https://cdn.ca9.uscourts.gov/datastore/memoranda/2021/01/28/18-71905.pdf,meta/llama-3.3-70b-instruct,withholding_requested,True,"denying his application for asylum, withholding of removal",471619,,
18-71905-2021-01-28,https://cdn.ca9.uscourts.gov/datastore/memoranda/2021/01/28/18-71905.pdf,meta/llama-3.3-70b-instruct,CAT_requested,True,relief under the Convention Against Torture,471619,,
18-71905-2021-01-28,https://cdn.ca9.uscourts.gov/datastore/memoranda/2021/01/28/18-71905.pdf,meta/llama-3.3-70b-instruct,protected_ground_political_opinion,False,Not mentioned in the opinion.,471619,,
18-71905-2021-01-28,https://cdn.ca9.uscourts.gov/datastore/memoranda/2021/01/28/18-71905.pdf,meta/llama-3.3-70b-instruct,protected_ground_particular_social_group,False,Not mentioned in the opinion.,471619,,
18-71905-2021-01-28,https://cdn.ca9.uscourts.gov/datastore/memoranda/2021/01/28/18-71905.pdf,meta/llama-3.3-70b-instruct,past_persecution_physical_violence,False,Not mentioned in the opinion.,471619,,
18-71905-2021-01-28,https://cdn.ca9.uscourts.gov/datastore/memoranda/2021/01/28/18-71905.pdf,meta/llama-3.3-70b-instruct,past_persecution_death_threats,False,Not mentioned in the opinion.,471619,,
18-71905-2021-01-28,https://cdn.ca9.uscourts.gov/datastore/memoranda/2021/01/28/18-71905.pdf,meta/llama-3.3-70b-instruct,persecutor_nongovernmental_actor,False,Not mentioned in the opinion.,471619,,
18-71905-2021-01-28,https://cdn.ca9.uscourts.gov/datastore/memoranda/2021/01/28/18-71905.pdf,meta/llama-3.3-70b-instruct,credibility_finding,False,Not mentioned in the opinion.,471619,,
18-71905-2021-01-28,https://cdn.ca9.uscourts.gov/datastore/memoranda/2021/01/28/18-71905.pdf,meta/llama-3.3-70b-instruct,bars_one_year_deadline_missed,False,Not mentioned in the opinion.,471619,,
18-71905-2021-01-28,https://cdn.ca9.uscourts.gov/datastore/memoranda/2021/01/28/18-71905.pdf,meta/llama-3.3-70b-instruct,nexus_requirement_met,False,Not mentioned in the opinion.,471619,,
18-71905-2021-01-28,https://cdn.ca9.uscourts.gov/datastore/memoranda/2021/01/28/18-71905.pdf,mistralai/mistral-large-3-675b-instruct-2512,asylum_requested,True,"denying his application for asylum, withholding of removal, and relief under the Convention Against Torture.",3788,,
18-71905-2021-01-28,https://cdn.ca9.uscourts.gov/datastore/memoranda/2021/01/28/18-71905.pdf,mistralai/mistral-large-3-675b-instruct-2512,withholding_requested,True,"denying his application for asylum, withholding of removal, and relief under the Convention Against Torture.",3788,,
18-71905-2021-01-28,https://cdn.ca9.uscourts.gov/datastore/memoranda/2021/01/28/18-71905.pdf,mistralai/mistral-large-3-675b-instruct-2512,CAT_requested,True,"denying his application for asylum, withholding of removal, and relief under the Convention Against Torture.",3788,,
18-71905-2021-01-28,https://cdn.ca9.uscourts.gov/datastore/memoranda/2021/01/28/18-71905.pdf,mistralai/mistral-large-3-675b-instruct-2512,protected_ground_political_opinion,False,Not mentioned in the opinion.,3788,,
18-71905-2021-01-28,https://cdn.ca9.uscourts.gov/datastore/memoranda/2021/01/28/18-71905.pdf,mistralai/mistral-large-3-675b-instruct-2512,protected_ground_particular_social_group,False,Not mentioned in the opinion.,3788,,
18-71905-2021-01-28,https://cdn.ca9.uscourts.gov/datastore/memoranda/2021/01/28/18-71905.pdf,mistralai/mistral-large-3-675b-instruct-2512,past_persecution_physical_violence,False,Not mentioned in the opinion.,3788,,
18-71905-2021-01-28,https://cdn.ca9.uscourts.gov/datastore/memoranda/2021/01/28/18-71905.pdf,mistralai/mistral-large-3-675b-instruct-2512,past_persecution_death_threats,False,Not mentioned in the opinion.,3788,,
18-71905-2021-01-28,https://cdn.ca9.uscourts.gov/datastore/memoranda/2021/01/28/18-71905.pdf,mistralai/mistral-large-3-675b-instruct-2512,persecutor_nongovernmental_actor,False,Not mentioned in the opinion.,3788,,
18-71905-2021-01-28,https://cdn.ca9.uscourts.gov/datastore/memoranda/2021/01/28/18-71905.pdf,mistralai/mistral-large-3-675b-instruct-2512,credibility_finding,False,Not mentioned in the opinion.,3788,,
18-71905-2021-01-28,https://cdn.ca9.uscourts.gov/datastore/memoranda/2021/01/28/18-71905.pdf,mistralai/mistral-large-3-675b-instruct-2512,bars_one_year_deadline_missed,False,Not mentioned in the opinion.,3788,,
18-71905-2021-01-28,https://cdn.ca9.uscourts.gov/datastore/memoranda/2021/01/28/18-71905.pdf,mistralai/mistral-large-3-675b-instruct-2512,nexus_requirement_met,False,Not mentioned in the opinion.,3788,,
18-70084-2020-07-17,https://cdn.ca9.uscourts.gov/datastore/memoranda/2020/07/17/18-70084.pdf,meta/llama-3.3-70b-instruct,asylum_requested,False,Not mentioned in the opinion.,527978,,
18-70084-2020-07-17,https://cdn.ca9.uscourts.gov/datastore/memoranda/2020/07/17/18-70084.pdf,meta/llama-3.3-70b-instruct,withholding_requested,False,Not mentioned in the opinion.,527978,,
18-70084-2020-07-17,https://cdn.ca9.uscourts.gov/datastore/memoranda/2020/07/17/18-70084.pdf,meta/llama-3.3-70b-instruct,CAT_requested,True,He petitions for review of the Board of Immigration Appeals’ (BIA) denial of relief under the Convention against Torture (CAT).,527978,,
18-70084-2020-07-17,https://cdn.ca9.uscourts.gov/datastore/memoranda/2020/07/17/18-70084.pdf,meta/llama-3.3-70b-instruct,protected_ground_political_opinion,False,Not mentioned in the opinion.,527978,,
18-70084-2020-07-17,https://cdn.ca9.uscourts.gov/datastore/memoranda/2020/07/17/18-70084.pdf,meta/llama-3.3-70b-instruct,protected_ground_particular_social_group,False,Not mentioned in the opinion.,527978,,
18-70084-2020-07-17,https://cdn.ca9.uscourts.gov/datastore/memoranda/2020/07/17/18-70084.pdf,meta/llama-3.3-70b-instruct,past_persecution_physical_violence,True,"As many as seven members of his family in Honduras have suffered gang attacks, including rape, brutal beatings and shootings.",527978,,
18-70084-2020-07-17,https://cdn.ca9.uscourts.gov/datastore/memoranda/2020/07/17/18-70084.pdf,meta/llama-3.3-70b-instruct,past_persecution_death_threats,False,Not mentioned in the opinion.,527978,,
18-70084-2020-07-17,https://cdn.ca9.uscourts.gov/datastore/memoranda/2020/07/17/18-70084.pdf,meta/llama-3.3-70b-instruct,persecutor_nongovernmental_actor,True,"Because of his family membership, he would be a target for gangs.",527978,,
18-70084-2020-07-17,https://cdn.ca9.uscourts.gov/datastore/memoranda/2020/07/17/18-70084.pdf,meta/llama-3.3-70b-instruct,credibility_finding,False,Not mentioned in the opinion.,527978,,
18-70084-2020-07-17,https://cdn.ca9.uscourts.gov/datastore/memoranda/2020/07/17/18-70084.pdf,meta/llama-3.3-70b-instruct,bars_one_year_deadline_missed,False,Not mentioned in the opinion.,527978,,
18-70084-2020-07-17,https://cdn.ca9.uscourts.gov/datastore/memoranda/2020/07/17/18-70084.pdf,meta/llama-3.3-70b-instruct,nexus_requirement_met,True,The evidence compels the conclusion that petitioner would more likely than not face severe pain and suffering if returned.,527978,,
18-70084-2020-07-17,https://cdn.ca9.uscourts.gov/datastore/memoranda/2020/07/17/18-70084.pdf,mistralai/mistral-large-3-675b-instruct-2512,asylum_requested,False,Not mentioned in the opinion.,38992,,
18-70084-2020-07-17,https://cdn.ca9.uscourts.gov/datastore/memoranda/2020/07/17/18-70084.pdf,mistralai/mistral-large-3-675b-instruct-2512,withholding_requested,False,Not mentioned in the opinion.,38992,,
18-70084-2020-07-17,https://cdn.ca9.uscourts.gov/datastore/memoranda/2020/07/17/18-70084.pdf,mistralai/mistral-large-3-675b-instruct-2512,CAT_requested,True,He petitions for review of the Board of Immigration Appeals’ (BIA) denial of relief under the Convention against Torture (CAT).,38992,,
18-70084-2020-07-17,https://cdn.ca9.uscourts.gov/datastore/memoranda/2020/07/17/18-70084.pdf,mistralai/mistral-large-3-675b-instruct-2512,protected_ground_political_opinion,False,Not mentioned in the opinion.,38992,,
18-70084-2020-07-17,https://cdn.ca9.uscourts.gov/datastore/memoranda/2020/07/17/18-70084.pdf,mistralai/mistral-large-3-675b-instruct-2512,protected_ground_particular_social_group,True,"Because of his family membership, he would be a target for gangs.",38992,,
18-70084-2020-07-17,https://cdn.ca9.uscourts.gov/datastore/memoranda/2020/07/17/18-70084.pdf,mistralai/mistral-large-3-675b-instruct-2512,past_persecution_physical_violence,True,"As many as seven members of his family in Honduras have suffered gang attacks, including rape, brutal beatings and shootings.",38992,,
18-70084-2020-07-17,https://cdn.ca9.uscourts.gov/datastore/memoranda/2020/07/17/18-70084.pdf,mistralai/mistral-large-3-675b-instruct-2512,past_persecution_death_threats,False,Not mentioned in the opinion.,38992,,
18-70084-2020-07-17,https://cdn.ca9.uscourts.gov/datastore/memoranda/2020/07/17/18-70084.pdf,mistralai/mistral-large-3-675b-instruct-2512,persecutor_nongovernmental_actor,True,"Because of his family membership, he would be a target for gangs.",38992,,
18-70084-2020-07-17,https://cdn.ca9.uscourts.gov/datastore/memoranda/2020/07/17/18-70084.pdf,mistralai/mistral-large-3-675b-instruct-2512,credibility_finding,False,Not mentioned in the opinion.,38992,,
18-70084-2020-07-17,https://cdn.ca9.uscourts.gov/datastore/memoranda/2020/07/17/18-70084.pdf,mistralai/mistral-large-3-675b-instruct-2512,bars_one_year_deadline_missed,False,Not mentioned in the opinion.,38992,,
18-70084-2020-07-17,https://cdn.ca9.uscourts.gov/datastore/memoranda/2020/07/17/18-70084.pdf,mistralai/mistral-large-3-675b-instruct-2512,nexus_requirement_met,False,Not mentioned in the opinion.,38992,,
24-2787-2025-05-16,https://cdn.ca9.uscourts.gov/datastore/memoranda/2025/05/16/24-2787.pdf,meta/llama-3.3-70b-instruct,asylum_requested,True,Petitioners petition for review of a decision by the Board of Immigration Appeals (BIA) dismissing their appeal of a ruling by an Immigration Judge (IJ) that denied their applications for asylum,456275,,
24-2787-2025-05-16,https://cdn.ca9.uscourts.gov/datastore/memoranda/2025/05/16/24-2787.pdf,meta/llama-3.3-70b-instruct,withholding_requested,True,Petitioners petition for review of a decision by the Board of Immigration Appeals (BIA) dismissing their appeal of a ruling by an Immigration Judge (IJ) that denied their applications for withholding of removal,456275,,
24-2787-2025-05-16,https://cdn.ca9.uscourts.gov/datastore/memoranda/2025/05/16/24-2787.pdf,meta/llama-3.3-70b-instruct,CAT_requested,True,Petitioners petition for review of a decision by the Board of Immigration Appeals (BIA) dismissing their appeal of a ruling by an Immigration Judge (IJ) that denied their applications for relief under the Convention Against Torture (CAT),456275,,
24-2787-2025-05-16,https://cdn.ca9.uscourts.gov/datastore/memoranda/2025/05/16/24-2787.pdf,meta/llama-3.3-70b-instruct,protected_ground_political_opinion,True,"Alba testified that, after participating in an April 2018 antigovernment march, she received threatening text messages warning that if Petitioners 'kept supporting the protests, [they] [would] be imprisoned and tortured'",456275,,
24-2787-2025-05-16,https://cdn.ca9.uscourts.gov/datastore/memoranda/2025/05/16/24-2787.pdf,meta/llama-3.3-70b-instruct,protected_ground_particular_social_group,False,Not mentioned in the opinion.,456275,,
24-2787-2025-05-16,https://cdn.ca9.uscourts.gov/datastore/memoranda/2025/05/16/24-2787.pdf,meta/llama-3.3-70b-instruct,past_persecution_physical_violence,True,"paramilitary officers assaulted Lester with a large rock that dislocated his foot, telling Lester 'that [was] what [he got] for not supporting the Nicaraguan government and the [Nicaraguan Institute of Social Security']",456275,,
24-2787-2025-05-16,https://cdn.ca9.uscourts.gov/datastore/memoranda/2025/05/16/24-2787.pdf,meta/llama-3.3-70b-instruct,past_persecution_death_threats,True,"The officers threatened that if he 'continued supporting the marches, they would kill him and his family'",456275,,
24-2787-2025-05-16,https://cdn.ca9.uscourts.gov/datastore/memoranda/2025/05/16/24-2787.pdf,meta/llama-3.3-70b-instruct,persecutor_nongovernmental_actor,True,paramilitary officers assaulted Lester with a large rock that dislocated his foot,456275,,
24-2787-2025-05-16,https://cdn.ca9.uscourts.gov/datastore/memoranda/2025/05/16/24-2787.pdf,meta/llama-3.3-70b-instruct,credibility_finding,True,The IJ found the testimony and declarations of Petitioners to be credible and gave the evidence full weight,456275,,
24-2787-2025-05-16,https://cdn.ca9.uscourts.gov/datastore/memoranda/2025/05/16/24-2787.pdf,meta/llama-3.3-70b-instruct,bars_one_year_deadline_missed,False,Not mentioned in the opinion.,456275,,
24-2787-2025-05-16,https://cdn.ca9.uscourts.gov/datastore/memoranda/2025/05/16/24-2787.pdf,meta/llama-3.3-70b-instruct,nexus_requirement_met,False,Not mentioned in the opinion.,456275,,
24-2787-2025-05-16,https://cdn.ca9.uscourts.gov/datastore/memoranda/2025/05/16/24-2787.pdf,mistralai/mistral-large-3-675b-instruct-2512,asylum_requested,True,"denied their applications for asylum, withholding of removal, and relief under the Convention Against Torture (CAT).",6179,,
24-2787-2025-05-16,https://cdn.ca9.uscourts.gov/datastore/memoranda/2025/05/16/24-2787.pdf,mistralai/mistral-large-3-675b-instruct-2512,withholding_requested,True,"denied their applications for asylum, withholding of removal, and relief under the Convention Against Torture (CAT).",6179,,
24-2787-2025-05-16,https://cdn.ca9.uscourts.gov/datastore/memoranda/2025/05/16/24-2787.pdf,mistralai/mistral-large-3-675b-instruct-2512,CAT_requested,True,"denied their applications for asylum, withholding of removal, and relief under the Convention Against Torture (CAT).",6179,,
24-2787-2025-05-16,https://cdn.ca9.uscourts.gov/datastore/memoranda/2025/05/16/24-2787.pdf,mistralai/mistral-large-3-675b-instruct-2512,protected_ground_political_opinion,True,"Alba testified that, after participating in an April 2018 antigovernment march, she received threatening text messages warning that if Petitioners 'kept supporting the protests, [they] [would] be imprisoned and tortured.'",6179,,
24-2787-2025-05-16,https://cdn.ca9.uscourts.gov/datastore/memoranda/2025/05/16/24-2787.pdf,mistralai/mistral-large-3-675b-instruct-2512,protected_ground_particular_social_group,False,Not mentioned in the opinion.,6179,,
24-2787-2025-05-16,https://cdn.ca9.uscourts.gov/datastore/memoranda/2025/05/16/24-2787.pdf,mistralai/mistral-large-3-675b-instruct-2512,past_persecution_physical_violence,True,"paramilitary officers assaulted Lester with a large rock that dislocated his foot, telling Lester 'that [was] what [he got] for not supporting the Nicaraguan government and the [Nicaraguan Institute of Social Security].'",6179,,
24-2787-2025-05-16,https://cdn.ca9.uscourts.gov/datastore/memoranda/2025/05/16/24-2787.pdf,mistralai/mistral-large-3-675b-instruct-2512,past_persecution_death_threats,True,"Alba’s father was imprisoned for one week and was told by officers that he was 'incarcerated because he did not support the Nicaraguan government.' The officers threatened that if he 'continued supporting the marches, they would kill him and his family.'",6179,,
24-2787-2025-05-16,https://cdn.ca9.uscourts.gov/datastore/memoranda/2025/05/16/24-2787.pdf,mistralai/mistral-large-3-675b-instruct-2512,persecutor_nongovernmental_actor,True,paramilitary officers assaulted Lester with a large rock...,6179,,
24-2787-2025-05-16,https://cdn.ca9.uscourts.gov/datastore/memoranda/2025/05/16/24-2787.pdf,mistralai/mistral-large-3-675b-instruct-2512,credibility_finding,True,The IJ found the testimony and declarations of Petitioners to be credible and gave the evidence full weight.,6179,,
24-2787-2025-05-16,https://cdn.ca9.uscourts.gov/datastore/memoranda/2025/05/16/24-2787.pdf,mistralai/mistral-large-3-675b-instruct-2512,bars_one_year_deadline_missed,False,Not mentioned in the opinion.,6179,,
24-2787-2025-05-16,https://cdn.ca9.uscourts.gov/datastore/memoranda/2025/05/16/24-2787.pdf,mistralai/mistral-large-3-675b-instruct-2512,nexus_requirement_met,False,"We leave the remaining elements of past persecution (that 'the persecution was on account of one or more protected grounds' and that 'the persecution was committed by the government, or by forces that the government was unable or unwilling to control') to be addressed on remand.",6179,,
17-70324-2020-08-10,https://cdn.ca9.uscourts.gov/datastore/memoranda/2020/08/10/17-70324.pdf,mistralai/mistral-large-3-675b-instruct-2512,asylum_requested,True,"Chengyong Weng, a native and citizen of China, petitions for review of the Board of Immigration Appeals’ (“BIA”) order dismissing his appeal from an immigration judge’s decision denying his application for asylum, withholding of removal, and relief under the Convention Against Torture (“CAT”).",45600,,
17-70324-2020-08-10,https://cdn.ca9.uscourts.gov/datastore/memoranda/2020/08/10/17-70324.pdf,mistralai/mistral-large-3-675b-instruct-2512,withholding_requested,True,"Chengyong Weng, a native and citizen of China, petitions for review of the Board of Immigration Appeals’ (“BIA”) order dismissing his appeal from an immigration judge’s decision denying his application for asylum, withholding of removal, and relief under the Convention Against Torture (“CAT”).",45600,,
17-70324-2020-08-10,https://cdn.ca9.uscourts.gov/datastore/memoranda/2020/08/10/17-70324.pdf,mistralai/mistral-large-3-675b-instruct-2512,CAT_requested,True,"Chengyong Weng, a native and citizen of China, petitions for review of the Board of Immigration Appeals’ (“BIA”) order dismissing his appeal from an immigration judge’s decision denying his application for asylum, withholding of removal, and relief under the Convention Against Torture (“CAT”).",45600,,
17-70324-2020-08-10,https://cdn.ca9.uscourts.gov/datastore/memoranda/2020/08/10/17-70324.pdf,mistralai/mistral-large-3-675b-instruct-2512,protected_ground_political_opinion,False,Not mentioned in the opinion.,45600,,
17-70324-2020-08-10,https://cdn.ca9.uscourts.gov/datastore/memoranda/2020/08/10/17-70324.pdf,mistralai/mistral-large-3-675b-instruct-2512,protected_ground_particular_social_group,False,Not mentioned in the opinion.,45600,,
17-70324-2020-08-10,https://cdn.ca9.uscourts.gov/datastore/memoranda/2020/08/10/17-70324.pdf,mistralai/mistral-large-3-675b-instruct-2512,past_persecution_physical_violence,False,Not mentioned in the opinion.,45600,,
17-70324-2020-08-10,https://cdn.ca9.uscourts.gov/datastore/memoranda/2020/08/10/17-70324.pdf,mistralai/mistral-large-3-675b-instruct-2512,past_persecution_death_threats,False,Not mentioned in the opinion.,45600,,
17-70324-2020-08-10,https://cdn.ca9.uscourts.gov/datastore/memoranda/2020/08/10/17-70324.pdf,mistralai/mistral-large-3-675b-instruct-2512,persecutor_nongovernmental_actor,False,Not mentioned in the opinion.,45600,,
17-70324-2020-08-10,https://cdn.ca9.uscourts.gov/datastore/memoranda/2020/08/10/17-70324.pdf,mistralai/mistral-large-3-675b-instruct-2512,credibility_finding,True,Substantial evidence supports the agency’s adverse credibility determination based on inconsistencies between Weng’s testimony and documentary evidence as to when he began planning to travel to the United States.,45600,,
17-70324-2020-08-10,https://cdn.ca9.uscourts.gov/datastore/memoranda/2020/08/10/17-70324.pdf,mistralai/mistral-large-3-675b-instruct-2512,bars_one_year_deadline_missed,False,Not mentioned in the opinion.,45600,,
17-70324-2020-08-10,https://cdn.ca9.uscourts.gov/datastore/memoranda/2020/08/10/17-70324.pdf,mistralai/mistral-large-3-675b-instruct-2512,nexus_requirement_met,False,Not mentioned in the opinion.,45600,,
20-71340-2021-05-10,https://cdn.ca9.uscourts.gov/datastore/memoranda/2021/05/10/20-71340.pdf,meta/llama-3.3-70b-instruct,asylum_requested,False,Not mentioned in the opinion.,723112,,
20-71340-2021-05-10,https://cdn.ca9.uscourts.gov/datastore/memoranda/2021/05/10/20-71340.pdf,meta/llama-3.3-70b-instruct,withholding_requested,False,Not mentioned in the opinion.,723112,,
20-71340-2021-05-10,https://cdn.ca9.uscourts.gov/datastore/memoranda/2021/05/10/20-71340.pdf,meta/llama-3.3-70b-instruct,CAT_requested,True,"Petitioner Guillermo Avila-Arias (""Avila-Arias"") petitions for review of the Board of Immigration Appeals' (""BIA"" or ""Board"") decision denying his application for deferral of removal under the Convention Against Torture (""CAT/>.""",723112,,
20-71340-2021-05-10,https://cdn.ca9.uscourts.gov/datastore/memoranda/2021/05/10/20-71340.pdf,meta/llama-3.3-70b-instruct,protected_ground_political_opinion,False,Not mentioned in the opinion.,723112,,
20-71340-2021-05-10,https://cdn.ca9.uscourts.gov/datastore/memoranda/2021/05/10/20-71340.pdf,meta/llama-3.3-70b-instruct,protected_ground_particular_social_group,False,Not mentioned in the opinion.,723112,,
20-71340-2021-05-10,https://cdn.ca9.uscourts.gov/datastore/memoranda/2021/05/10/20-71340.pdf,meta/llama-3.3-70b-instruct,past_persecution_physical_violence,False,Not mentioned in the opinion.,723112,,
20-71340-2021-05-10,https://cdn.ca9.uscourts.gov/datastore/memoranda/2021/05/10/20-71340.pdf,meta/llama-3.3-70b-instruct,past_persecution_death_threats,True,"The BIA reviewed the record evidence, incorporated the IJ's analysis, and added its own reasoning that the circumstances surrounding the death threats and attempted abduction Avila-Arias suffered did not amount to the ""extreme and prolonged cruel and inhuman treatment"" that define torture.",723112,,
20-71340-2021-05-10,https://cdn.ca9.uscourts.gov/datastore/memoranda/2021/05/10/20-71340.pdf,meta/llama-3.3-70b-instruct,persecutor_nongovernmental_actor,True,"Dr. Gonzales described why La Union cartel viewed Avila-Arias to be a high priority target, that it is ""highly likely"" that the cartel would seek to ""capture him, hurt him, most likely torture him,"" and that La Union holds immense influence in national criminal networks, which enables it to act effectively on its interests anywhere in the country.",723112,,
20-71340-2021-05-10,https://cdn.ca9.uscourts.gov/datastore/memoranda/2021/05/10/20-71340.pdf,meta/llama-3.3-70b-instruct,credibility_finding,True,"The IJ found him entirely dishonest because ""the nature of [Avila-Arias's] testimony impact[ed] his credibility to such an extent that the court [found] that his entire testimony [was] incredible.""",723112,,
20-71340-2021-05-10,https://cdn.ca9.uscourts.gov/datastore/memoranda/2021/05/10/20-71340.pdf,meta/llama-3.3-70b-instruct,bars_one_year_deadline_missed,False,Not mentioned in the opinion.,723112,,
20-71340-2021-05-10,https://cdn.ca9.uscourts.gov/datastore/memoranda/2021/05/10/20-71340.pdf,meta/llama-3.3-70b-instruct,nexus_requirement_met,False,Not mentioned in the opinion.,723112,,
20-71340-2021-05-10,https://cdn.ca9.uscourts.gov/datastore/memoranda/2021/05/10/20-71340.pdf,mistralai/mistral-large-3-675b-instruct-2512,asylum_requested,False,Not mentioned in the opinion.,7080,,
20-71340-2021-05-10,https://cdn.ca9.uscourts.gov/datastore/memoranda/2021/05/10/20-71340.pdf,mistralai/mistral-large-3-675b-instruct-2512,withholding_requested,False,Not mentioned in the opinion.,7080,,
20-71340-2021-05-10,https://cdn.ca9.uscourts.gov/datastore/memoranda/2021/05/10/20-71340.pdf,mistralai/mistral-large-3-675b-instruct-2512,CAT_requested,True,Petitioner Guillermo Avila-Arias (“Avila-Arias”) petitions for review of the Board of Immigration Appeals’ (“BIA” or “Board”) decision denying his application for deferral of removal under the Convention Against Torture (“CAT”).,7080,,
20-71340-2021-05-10,https://cdn.ca9.uscourts.gov/datastore/memoranda/2021/05/10/20-71340.pdf,mistralai/mistral-large-3-675b-instruct-2512,protected_ground_political_opinion,False,Not mentioned in the opinion.,7080,,
20-71340-2021-05-10,https://cdn.ca9.uscourts.gov/datastore/memoranda/2021/05/10/20-71340.pdf,mistralai/mistral-large-3-675b-instruct-2512,protected_ground_particular_social_group,False,Not mentioned in the opinion.,7080,,
20-71340-2021-05-10,https://cdn.ca9.uscourts.gov/datastore/memoranda/2021/05/10/20-71340.pdf,mistralai/mistral-large-3-675b-instruct-2512,past_persecution_physical_violence,False,Not mentioned in the opinion.,7080,,
20-71340-2021-05-10,https://cdn.ca9.uscourts.gov/datastore/memoranda/2021/05/10/20-71340.pdf,mistralai/mistral-large-3-675b-instruct-2512,past_persecution_death_threats,True,the circumstances surrounding the death threats and attempted abduction Avila-Arias suffered did not amount to the 'extreme and prolonged cruel and inhuman treatment' that define torture.,7080,,
20-71340-2021-05-10,https://cdn.ca9.uscourts.gov/datastore/memoranda/2021/05/10/20-71340.pdf,mistralai/mistral-large-3-675b-instruct-2512,persecutor_nongovernmental_actor,True,"Dr. Gonzales described why La Union cartel viewed Avila-Arias to be a high priority target, that it is 'highly likely' that the cartel would seek to 'capture him, hurt him, most likely torture him,' and that La Union holds immense influence in national criminal networks, which enables it to act effectively on its interests anywhere in the country.",7080,,
20-71340-2021-05-10,https://cdn.ca9.uscourts.gov/datastore/memoranda/2021/05/10/20-71340.pdf,mistralai/mistral-large-3-675b-instruct-2512,credibility_finding,True,the IJ found him entirely dishonest because 'the nature of [Avila-Arias’s] testimony impact[ed] his credibility to such an extent that the court [found] that his entire testimony [was] incredible.',7080,,
20-71340-2021-05-10,https://cdn.ca9.uscourts.gov/datastore/memoranda/2021/05/10/20-71340.pdf,mistralai/mistral-large-3-675b-instruct-2512,bars_one_year_deadline_missed,False,Not mentioned in the opinion.,7080,,
20-71340-2021-05-10,https://cdn.ca9.uscourts.gov/datastore/memoranda/2021/05/10/20-71340.pdf,mistralai/mistral-large-3-675b-instruct-2512,nexus_requirement_met,False,Not mentioned in the opinion.,7080,,
19-71833-2021-03-23,https://cdn.ca9.uscourts.gov/datastore/memoranda/2021/03/23/19-71833.pdf,meta/llama-3.3-70b-instruct,asylum_requested,False,Not mentioned in the opinion.,160252,,
19-71833-2021-03-23,https://cdn.ca9.uscourts.gov/datastore/memoranda/2021/03/23/19-71833.pdf,meta/llama-3.3-70b-instruct,withholding_requested,False,Not mentioned in the opinion.,160252,,
19-71833-2021-03-23,https://cdn.ca9.uscourts.gov/datastore/memoranda/2021/03/23/19-71833.pdf,meta/llama-3.3-70b-instruct,CAT_requested,False,Not mentioned in the opinion.,160252,,
19-71833-2021-03-23,https://cdn.ca9.uscourts.gov/datastore/memoranda/2021/03/23/19-71833.pdf,meta/llama-3.3-70b-instruct,protected_ground_political_opinion,False,Not mentioned in the opinion.,160252,,
19-71833-2021-03-23,https://cdn.ca9.uscourts.gov/datastore/memoranda/2021/03/23/19-71833.pdf,meta/llama-3.3-70b-instruct,protected_ground_particular_social_group,False,Not mentioned in the opinion.,160252,,
19-71833-2021-03-23,https://cdn.ca9.uscourts.gov/datastore/memoranda/2021/03/23/19-71833.pdf,meta/llama-3.3-70b-instruct,past_persecution_physical_violence,False,Not mentioned in the opinion.,160252,,
19-71833-2021-03-23,https://cdn.ca9.uscourts.gov/datastore/memoranda/2021/03/23/19-71833.pdf,meta/llama-3.3-70b-instruct,past_persecution_death_threats,False,Not mentioned in the opinion.,160252,,
19-71833-2021-03-23,https://cdn.ca9.uscourts.gov/datastore/memoranda/2021/03/23/19-71833.pdf,meta/llama-3.3-70b-instruct,persecutor_nongovernmental_actor,False,Not mentioned in the opinion.,160252,,
19-71833-2021-03-23,https://cdn.ca9.uscourts.gov/datastore/memoranda/2021/03/23/19-71833.pdf,meta/llama-3.3-70b-instruct,credibility_finding,False,Not mentioned in the opinion.,160252,,
19-71833-2021-03-23,https://cdn.ca9.uscourts.gov/datastore/memoranda/2021/03/23/19-71833.pdf,meta/llama-3.3-70b-instruct,bars_one_year_deadline_missed,True,"See Singh v. Lynch, 835 F.3d 880, 882 (9th Cir. 2016) (""A petition for review must be filed not later than 30 days after the date of the final order of removal.
The BIA did not abuse its discretion in denying petitioners’ motion to reconsider, where they did not allege factual or legal error in the underlying BIA decision denying their application for relief from removal.",160252,,
19-71833-2021-03-23,https://cdn.ca9.uscourts.gov/datastore/memoranda/2021/03/23/19-71833.pdf,meta/llama-3.3-70b-instruct,nexus_requirement_met,False,Not mentioned in the opinion.,160252,,
19-71833-2021-03-23,https://cdn.ca9.uscourts.gov/datastore/memoranda/2021/03/23/19-71833.pdf,mistralai/mistral-large-3-675b-instruct-2512,asylum_requested,False,Not mentioned in the opinion.,86292,,
19-71833-2021-03-23,https://cdn.ca9.uscourts.gov/datastore/memoranda/2021/03/23/19-71833.pdf,mistralai/mistral-large-3-675b-instruct-2512,withholding_requested,False,Not mentioned in the opinion.,86292,,
19-71833-2021-03-23,https://cdn.ca9.uscourts.gov/datastore/memoranda/2021/03/23/19-71833.pdf,mistralai/mistral-large-3-675b-instruct-2512,CAT_requested,False,Not mentioned in the opinion.,86292,,
19-71833-2021-03-23,https://cdn.ca9.uscourts.gov/datastore/memoranda/2021/03/23/19-71833.pdf,mistralai/mistral-large-3-675b-instruct-2512,protected_ground_political_opinion,False,Not mentioned in the opinion.,86292,,
19-71833-2021-03-23,https://cdn.ca9.uscourts.gov/datastore/memoranda/2021/03/23/19-71833.pdf,mistralai/mistral-large-3-675b-instruct-2512,protected_ground_particular_social_group,False,Not mentioned in the opinion.,86292,,
19-71833-2021-03-23,https://cdn.ca9.uscourts.gov/datastore/memoranda/2021/03/23/19-71833.pdf,mistralai/mistral-large-3-675b-instruct-2512,past_persecution_physical_violence,False,Not mentioned in the opinion.,86292,,
19-71833-2021-03-23,https://cdn.ca9.uscourts.gov/datastore/memoranda/2021/03/23/19-71833.pdf,mistralai/mistral-large-3-675b-instruct-2512,past_persecution_death_threats,False,Not mentioned in the opinion.,86292,,
19-71833-2021-03-23,https://cdn.ca9.uscourts.gov/datastore/memoranda/2021/03/23/19-71833.pdf,mistralai/mistral-large-3-675b-instruct-2512,persecutor_nongovernmental_actor,False,Not mentioned in the opinion.,86292,,
19-71833-2021-03-23,https://cdn.ca9.uscourts.gov/datastore/memoranda/2021/03/23/19-71833.pdf,mistralai/mistral-large-3-675b-instruct-2512,credibility_finding,False,Not mentioned in the opinion.,86292,,
19-71833-2021-03-23,https://cdn.ca9.uscourts.gov/datastore/memoranda/2021/03/23/19-71833.pdf,mistralai/mistral-large-3-675b-instruct-2512,bars_one_year_deadline_missed,False,Not mentioned in the opinion.,86292,,
19-71833-2021-03-23,https://cdn.ca9.uscourts.gov/datastore/memoranda/2021/03/23/19-71833.pdf,mistralai/mistral-large-3-675b-instruct-2512,nexus_requirement_met,False,Not mentioned in the opinion.,86292,,
16-72752-2022-04-26,https://cdn.ca9.uscourts.gov/datastore/opinions/2022/04/26/16-72752.pdf,meta/llama-3.3-70b-instruct,asylum_requested,True,"He argues that if he is returned to Mexico, he will be persecuted on account of his membership in a particular social group, see 8 U.S.C. §§ 1101(a)(42)(A), 1231(b)(3), consisting of “individuals who are associated with the police and law enforcement in Mexico and who are at war with criminal elements there.”",136578,,
16-72752-2022-04-26,https://cdn.ca9.uscourts.gov/datastore/opinions/2022/04/26/16-72752.pdf,meta/llama-3.3-70b-instruct,withholding_requested,True,"He filed a motion to reopen his 1997 removal proceedings so that he could file applications for asylum, withholding of removal, and protection under the Convention Against Torture (CAT).",136578,,
16-72752-2022-04-26,https://cdn.ca9.uscourts.gov/datastore/opinions/2022/04/26/16-72752.pdf,meta/llama-3.3-70b-instruct,CAT_requested,True,"He filed a motion to reopen his 1997 removal proceedings so that he could file applications for asylum, withholding of removal, and protection under the Convention Against Torture (CAT).",136578,,
16-72752-2022-04-26,https://cdn.ca9.uscourts.gov/datastore/opinions/2022/04/26/16-72752.pdf,meta/llama-3.3-70b-instruct,protected_ground_political_opinion,False,Not mentioned in the opinion.,136578,,
16-72752-2022-04-26,https://cdn.ca9.uscourts.gov/datastore/opinions/2022/04/26/16-72752.pdf,meta/llama-3.3-70b-instruct,protected_ground_particular_social_group,True,"He argues that if he is returned to Mexico, he will be persecuted on account of his membership in a particular social group, see 8 U.S.C. §§ 1101(a)(42)(A), 1231(b)(3), consisting of “individuals who are associated with the police and law enforcement in Mexico and who are at war with criminal elements there.”",136578,,
16-72752-2022-04-26,https://cdn.ca9.uscourts.gov/datastore/opinions/2022/04/26/16-72752.pdf,meta/llama-3.3-70b-instruct,past_persecution_physical_violence,False,Not mentioned in the opinion.,136578,,
16-72752-2022-04-26,https://cdn.ca9.uscourts.gov/datastore/opinions/2022/04/26/16-72752.pdf,meta/llama-3.3-70b-instruct,past_persecution_death_threats,True,"Petitioner further alleges that, since his removal proceedings in 1997, there has been “an increase in violence” and “a high level of incompetence and corruption among the law enforcement in Mexico making the state unable or unwilling to help [him].”",136578,,
16-72752-2022-04-26,https://cdn.ca9.uscourts.gov/datastore/opinions/2022/04/26/16-72752.pdf,meta/llama-3.3-70b-instruct,persecutor_nongovernmental_actor,True,"Petitioner further alleges that, since his removal proceedings in 1997, there has been “an increase in violence” and “a high level of incompetence and corruption among the law enforcement in Mexico making the state unable or unwilling to help [him].”",136578,,
16-72752-2022-04-26,https://cdn.ca9.uscourts.gov/datastore/opinions/2022/04/26/16-72752.pdf,meta/llama-3.3-70b-instruct,credibility_finding,False,Not mentioned in the opinion.,136578,,
16-72752-2022-04-26,https://cdn.ca9.uscourts.gov/datastore/opinions/2022/04/26/16-72752.pdf,meta/llama-3.3-70b-instruct,bars_one_year_deadline_missed,True,"Although his motion to reopen was untimely by over sixteen years, petitioner claimed that he was entitled to equitable tolling because he had received ineffective assistance of counsel.",136578,,
16-72752-2022-04-26,https://cdn.ca9.uscourts.gov/datastore/opinions/2022/04/26/16-72752.pdf,meta/llama-3.3-70b-instruct,nexus_requirement_met,False,Not mentioned in the opinion.,136578,,
20-72806-2023-01-12,https://cdn.ca9.uscourts.gov/datastore/opinions/2023/01/12/20-72806.pdf,meta/llama-3.3-70b-instruct,asylum_requested,True,Singh applied for asylum under INA § 208 / 8 U.S.C. § 1158,468660,,
20-72806-2023-01-12,https://cdn.ca9.uscourts.gov/datastore/opinions/2023/01/12/20-72806.pdf,meta/llama-3.3-70b-instruct,withholding_requested,True,Singh sought withholding of removal under INA § 241(b)(3),468660,,
20-72806-2023-01-12,https://cdn.ca9.uscourts.gov/datastore/opinions/2023/01/12/20-72806.pdf,meta/llama-3.3-70b-instruct,CAT_requested,True,Singh sought protection under the Convention Against Torture under 8 C.F.R. §§ 1208.16-1208.18,468660,,
20-72806-2023-01-12,https://cdn.ca9.uscourts.gov/datastore/opinions/2023/01/12/20-72806.pdf,meta/llama-3.3-70b-instruct,protected_ground_political_opinion,True,"Singh argues that he was attacked for his own attributed political opinion and his association with his brother, a member of the Mann Party",468660,,
20-72806-2023-01-12,https://cdn.ca9.uscourts.gov/datastore/opinions/2023/01/12/20-72806.pdf,meta/llama-3.3-70b-instruct,protected_ground_particular_social_group,False,Not mentioned in the opinion,468660,,
20-72806-2023-01-12,https://cdn.ca9.uscourts.gov/datastore/opinions/2023/01/12/20-72806.pdf,meta/llama-3.3-70b-instruct,past_persecution_physical_violence,True,"Singh was physically attacked twice, once with hockey sticks, and suffered 'small bruises, scratches, blue marks and some part of swollen body'",468660,,
20-72806-2023-01-12,https://cdn.ca9.uscourts.gov/datastore/opinions/2023/01/12/20-72806.pdf,meta/llama-3.3-70b-instruct,past_persecution_death_threats,True,"One of the physical attacks involved a death threat, with the attackers telling Singh that they were going to kill him",468660,,
20-72806-2023-01-12,https://cdn.ca9.uscourts.gov/datastore/opinions/2023/01/12/20-72806.pdf,meta/llama-3.3-70b-instruct,persecutor_nongovernmental_actor,True,"The attackers were members of the Congress Party, a non-governmental entity",468660,,
20-72806-2023-01-12,https://cdn.ca9.uscourts.gov/datastore/opinions/2023/01/12/20-72806.pdf,meta/llama-3.3-70b-instruct,credibility_finding,True,"The IJ found Singh to be a credible witness, with only two minor concerns regarding his credibility that were not sufficient for an adverse credibility determination",468660,,
20-72806-2023-01-12,https://cdn.ca9.uscourts.gov/datastore/opinions/2023/01/12/20-72806.pdf,meta/llama-3.3-70b-instruct,bars_one_year_deadline_missed,False,Not mentioned in the opinion,468660,,
20-72806-2023-01-12,https://cdn.ca9.uscourts.gov/datastore/opinions/2023/01/12/20-72806.pdf,meta/llama-3.3-70b-instruct,nexus_requirement_met,False,"The BIA did not address the question of whether the government was unable or unwilling to control the attackers, and this prong of the past-persecution analysis has not yet been resolved",468660,,
23-4420-2026-01-20,https://cdn.ca9.uscourts.gov/datastore/opinions/2026/01/20/23-4420.pdf,meta/llama-3.3-70b-instruct,asylum_requested,True,Petitioner credibly testified that she suffered repeated beatings at the hands of her partner who was a gang member.,152462,,
23-4420-2026-01-20,https://cdn.ca9.uscourts.gov/datastore/opinions/2026/01/20/23-4420.pdf,meta/llama-3.3-70b-instruct,withholding_requested,True,"The panel granted in part and denied in part a petition for review of the Board of Immigration Appeals’ decision affirming the denial of asylum, withholding of removal, and protection under the Convention Against Torture, and remanded for further proceedings.",152462,,
23-4420-2026-01-20,https://cdn.ca9.uscourts.gov/datastore/opinions/2026/01/20/23-4420.pdf,meta/llama-3.3-70b-instruct,CAT_requested,True,The panel did not address Petitioners’ CAT claim because it was unexhausted.,152462,,
23-4420-2026-01-20,https://cdn.ca9.uscourts.gov/datastore/opinions/2026/01/20/23-4420.pdf,meta/llama-3.3-70b-instruct,protected_ground_political_opinion,False,Not mentioned in the opinion.,152462,,
23-4420-2026-01-20,https://cdn.ca9.uscourts.gov/datastore/opinions/2026/01/20/23-4420.pdf,meta/llama-3.3-70b-instruct,protected_ground_particular_social_group,False,Not mentioned in the opinion.,152462,,
23-4420-2026-01-20,https://cdn.ca9.uscourts.gov/datastore/opinions/2026/01/20/23-4420.pdf,meta/llama-3.3-70b-instruct,past_persecution_physical_violence,True,"During a particularly intense beating when her partner was intoxicated, he stabbed Petitioner in the stomach.",152462,,
23-4420-2026-01-20,https://cdn.ca9.uscourts.gov/datastore/opinions/2026/01/20/23-4420.pdf,meta/llama-3.3-70b-instruct,past_persecution_death_threats,True,Oscar threatened to kill her if she tried to file a police report.,152462,,
23-4420-2026-01-20,https://cdn.ca9.uscourts.gov/datastore/opinions/2026/01/20/23-4420.pdf,meta/llama-3.3-70b-instruct,persecutor_nongovernmental_actor,True,Petitioner credibly testified that she suffered repeated beatings at the hands of her partner who was a gang member.,152462,,
23-4420-2026-01-20,https://cdn.ca9.uscourts.gov/datastore/opinions/2026/01/20/23-4420.pdf,meta/llama-3.3-70b-instruct,credibility_finding,True,"The IJ found Guevara-Serrano’s testimony credible, and she testified that Oscar began to abuse her 'because [she] was going to church . . . [a]nd he said [she] shouldn’t be doing that because that’s of the devil, so he started beating [her]' and 'telling [her] not to go.'",152462,,
23-4420-2026-01-20,https://cdn.ca9.uscourts.gov/datastore/opinions/2026/01/20/23-4420.pdf,meta/llama-3.3-70b-instruct,bars_one_year_deadline_missed,False,Not mentioned in the opinion.,152462,,
23-4420-2026-01-20,https://cdn.ca9.uscourts.gov/datastore/opinions/2026/01/20/23-4420.pdf,meta/llama-3.3-70b-instruct,nexus_requirement_met,True,"The IJ’s withholding analysis cited the correct 'a reason' nexus standard for the withholding claim, but the IJ did not properly apply that standard.",152462,,
24-631-2025-08-27,https://cdn.ca9.uscourts.gov/datastore/opinions/2025/08/27/24-631.pdf,meta/llama-3.3-70b-instruct,asylum_requested,True,Ibarra-Perez applied for asylum in Mexico. Mexico denied asylum but granted a one-year humanitarian visitor permit.,690775,,
24-631-2025-08-27,https://cdn.ca9.uscourts.gov/datastore/opinions/2025/08/27/24-631.pdf,meta/llama-3.3-70b-instruct,withholding_requested,True,"Ibarra-Perez filled out a pro se application for asylum, withholding of removal, and protection under the Convention Against Torture (""CAT"") on a Form I-589.",690775,,
24-631-2025-08-27,https://cdn.ca9.uscourts.gov/datastore/opinions/2025/08/27/24-631.pdf,meta/llama-3.3-70b-instruct,CAT_requested,True,"Ibarra-Perez filled out a pro se application for asylum, withholding of removal, and protection under the Convention Against Torture (""CAT"") on a Form I-589.",690775,,
24-631-2025-08-27,https://cdn.ca9.uscourts.gov/datastore/opinions/2025/08/27/24-631.pdf,meta/llama-3.3-70b-instruct,protected_ground_political_opinion,True,"Ibarra-Perez fled Cuba after two decades of beatings, surveillance, threats, and harassment because of his opposition to the Castro regime.",690775,,
24-631-2025-08-27,https://cdn.ca9.uscourts.gov/datastore/opinions/2025/08/27/24-631.pdf,meta/llama-3.3-70b-instruct,protected_ground_particular_social_group,False,Not mentioned in the opinion.,690775,,
24-631-2025-08-27,https://cdn.ca9.uscourts.gov/datastore/opinions/2025/08/27/24-631.pdf,meta/llama-3.3-70b-instruct,past_persecution_physical_violence,True,"Ibarra-Perez fled Cuba after two decades of beatings, surveillance, threats, and harassment because of his opposition to the Castro regime.",690775,,
24-631-2025-08-27,https://cdn.ca9.uscourts.gov/datastore/opinions/2025/08/27/24-631.pdf,meta/llama-3.3-70b-instruct,past_persecution_death_threats,False,Not mentioned in the opinion.,690775,,
24-631-2025-08-27,https://cdn.ca9.uscourts.gov/datastore/opinions/2025/08/27/24-631.pdf,meta/llama-3.3-70b-instruct,persecutor_nongovernmental_actor,True,"Ibarra-Perez was ""extorted by Mexican police officers and other authorities on multiple occasions, and forced to pay officers money in order to avoid detention and deportation to Cuba.""",690775,,
24-631-2025-08-27,https://cdn.ca9.uscourts.gov/datastore/opinions/2025/08/27/24-631.pdf,meta/llama-3.3-70b-instruct,credibility_finding,False,Not mentioned in the opinion.,690775,,
24-631-2025-08-27,https://cdn.ca9.uscourts.gov/datastore/opinions/2025/08/27/24-631.pdf,meta/llama-3.3-70b-instruct,bars_one_year_deadline_missed,False,Not mentioned in the opinion.,690775,,
24-631-2025-08-27,https://cdn.ca9.uscourts.gov/datastore/opinions/2025/08/27/24-631.pdf,meta/llama-3.3-70b-instruct,nexus_requirement_met,False,Not mentioned in the opinion.,690775,,
18-17274-2021-03-24,https://cdn.ca9.uscourts.gov/datastore/opinions/2021/03/24/18-17274.pdf,meta/llama-3.3-70b-instruct,asylum_requested,True,The Organizations contend we must affirm the preliminary injunction because the published motions panel order denying a stay of the injunction pending appeal controls our decision on the merits of the preliminary injunction appeal.,409379,,
18-17274-2021-03-24,https://cdn.ca9.uscourts.gov/datastore/opinions/2021/03/24/18-17274.pdf,meta/llama-3.3-70b-instruct,withholding_requested,True,The Organizations sought withholding of removal under INA § 241(b)(3).,409379,,
18-17274-2021-03-24,https://cdn.ca9.uscourts.gov/datastore/opinions/2021/03/24/18-17274.pdf,meta/llama-3.3-70b-instruct,CAT_requested,True,The Organizations sought protection under the Convention Against Torture under 8 C.F.R. §§ 1208.16-1208.18.,409379,,
18-17274-2021-03-24,https://cdn.ca9.uscourts.gov/datastore/opinions/2021/03/24/18-17274.pdf,meta/llama-3.3-70b-instruct,protected_ground_political_opinion,True,The claim is based at least in part on actual or imputed political opinion.,409379,,
18-17274-2021-03-24,https://cdn.ca9.uscourts.gov/datastore/opinions/2021/03/24/18-17274.pdf,meta/llama-3.3-70b-instruct,protected_ground_particular_social_group,True,"The claim is based at least in part on membership in a particular social group, or PSG.",409379,,
18-17274-2021-03-24,https://cdn.ca9.uscourts.gov/datastore/opinions/2021/03/24/18-17274.pdf,meta/llama-3.3-70b-instruct,past_persecution_physical_violence,False,Not mentioned in the opinion.,409379,,
18-17274-2021-03-24,https://cdn.ca9.uscourts.gov/datastore/opinions/2021/03/24/18-17274.pdf,meta/llama-3.3-70b-instruct,past_persecution_death_threats,False,Not mentioned in the opinion.,409379,,
18-17274-2021-03-24,https://cdn.ca9.uscourts.gov/datastore/opinions/2021/03/24/18-17274.pdf,meta/llama-3.3-70b-instruct,persecutor_nongovernmental_actor,True,"The text indicates that past persecution was, or was feared to be, carried out by a non-government actor.",409379,,
18-17274-2021-03-24,https://cdn.ca9.uscourts.gov/datastore/opinions/2021/03/24/18-17274.pdf,meta/llama-3.3-70b-instruct,credibility_finding,True,The IJ or BIA made an explicit credibility finding about the petitioner.,409379,,
18-17274-2021-03-24,https://cdn.ca9.uscourts.gov/datastore/opinions/2021/03/24/18-17274.pdf,meta/llama-3.3-70b-instruct,bars_one_year_deadline_missed,False,Not mentioned in the opinion.,409379,,
18-17274-2021-03-24,https://cdn.ca9.uscourts.gov/datastore/opinions/2021/03/24/18-17274.pdf,meta/llama-3.3-70b-instruct,nexus_requirement_met,True,"The IJ or BIA found that the petitioner established the required nexus: that a protected ground was, or would be, 'at least one central reason' for the persecution, as required by INA § 208(b)(1)(B)(i).",409379,,
18-17274-2020-02-28,https://cdn.ca9.uscourts.gov/datastore/opinions/2020/02/28/18-17274.pdf,meta/llama-3.3-70b-instruct,asylum_requested,True,"The Organizations argued that the Rule was likely unlawful because it was issued without public notice and comment or complying with the thirty-day grace period required by the Administrative Procedure Act (""APA""), see 5 U.S.C. § 553(b)-(d).",401712,,
18-17274-2020-02-28,https://cdn.ca9.uscourts.gov/datastore/opinions/2020/02/28/18-17274.pdf,meta/llama-3.3-70b-instruct,withholding_requested,True,The Organizations also argued that the Rule conflicts with the plain text of the INA and is arbitrary and capricious because it constitutes a severe departure from the Board of Immigration Appeals's and the Ninth Circuit's interpretation of asylum practices in the United States.,401712,,
18-17274-2020-02-28,https://cdn.ca9.uscourts.gov/datastore/opinions/2020/02/28/18-17274.pdf,meta/llama-3.3-70b-instruct,CAT_requested,True,"The Rule will likely result in some migrants being wrongfully denied refugee status in this country.  For migrants affected by the Rule, withholding of removal and CAT protection are the only forms of relief available.",401712,,
18-17274-2020-02-28,https://cdn.ca9.uscourts.gov/datastore/opinions/2020/02/28/18-17274.pdf,meta/llama-3.3-70b-instruct,protected_ground_political_opinion,True,"Refugees are all individuals who—because of a ""well-founded fear of being persecuted for reasons of race, religion, nationality, membership in a particular social group or political opinion""—are ""unable,"" or, because of such fear, ""unwilling to return"" to their home countries.",401712,,
18-17274-2020-02-28,https://cdn.ca9.uscourts.gov/datastore/opinions/2020/02/28/18-17274.pdf,meta/llama-3.3-70b-instruct,protected_ground_particular_social_group,True,"Refugees are all individuals who—because of a ""well-founded fear of being persecuted for reasons of race, religion, nationality, membership in a particular social group or political opinion""—are ""unable,"" or, because of such fear, ""unwilling to return"" to their home countries.",401712,,
18-17274-2020-02-28,https://cdn.ca9.uscourts.gov/datastore/opinions/2020/02/28/18-17274.pdf,meta/llama-3.3-70b-instruct,past_persecution_physical_violence,False,Not mentioned in the opinion.,401712,,
18-17274-2020-02-28,https://cdn.ca9.uscourts.gov/datastore/opinions/2020/02/28/18-17274.pdf,meta/llama-3.3-70b-instruct,past_persecution_death_threats,False,Not mentioned in the opinion.,401712,,
18-17274-2020-02-28,https://cdn.ca9.uscourts.gov/datastore/opinions/2020/02/28/18-17274.pdf,meta/llama-3.3-70b-instruct,persecutor_nongovernmental_actor,False,Not mentioned in the opinion.,401712,,
18-17274-2020-02-28,https://cdn.ca9.uscourts.gov/datastore/opinions/2020/02/28/18-17274.pdf,meta/llama-3.3-70b-instruct,credibility_finding,False,Not mentioned in the opinion.,401712,,
18-17274-2020-02-28,https://cdn.ca9.uscourts.gov/datastore/opinions/2020/02/28/18-17274.pdf,meta/llama-3.3-70b-instruct,bars_one_year_deadline_missed,False,Not mentioned in the opinion.,401712,,
18-17274-2020-02-28,https://cdn.ca9.uscourts.gov/datastore/opinions/2020/02/28/18-17274.pdf,meta/llama-3.3-70b-instruct,nexus_requirement_met,False,Not mentioned in the opinion.,401712,,
22-761-2023-04-20,https://cdn.ca9.uscourts.gov/datastore/memoranda/2023/04/20/22-761.pdf,meta/llama-3.3-70b-instruct,asylum_requested,True,The BIA also denied Santiago Grande’s motion to reopen to apply for asylum and withholding of removal based on his membership in the proposed particular social group of “deportees from the United States during the Covid-19 Pandemic.”,115808,,
22-761-2023-04-20,https://cdn.ca9.uscourts.gov/datastore/memoranda/2023/04/20/22-761.pdf,meta/llama-3.3-70b-instruct,withholding_requested,True,The BIA also denied Santiago Grande’s motion to reopen to apply for asylum and withholding of removal based on his membership in the proposed particular social group of “deportees from the United States during the Covid-19 Pandemic.”,115808,,
22-761-2023-04-20,https://cdn.ca9.uscourts.gov/datastore/memoranda/2023/04/20/22-761.pdf,meta/llama-3.3-70b-instruct,CAT_requested,False,Not mentioned in the opinion.,115808,,
22-761-2023-04-20,https://cdn.ca9.uscourts.gov/datastore/memoranda/2023/04/20/22-761.pdf,meta/llama-3.3-70b-instruct,protected_ground_political_opinion,False,Not mentioned in the opinion.,115808,,
22-761-2023-04-20,https://cdn.ca9.uscourts.gov/datastore/memoranda/2023/04/20/22-761.pdf,meta/llama-3.3-70b-instruct,protected_ground_particular_social_group,True,The BIA also denied Santiago Grande’s motion to reopen to apply for asylum and withholding of removal based on his membership in the proposed particular social group of “deportees from the United States during the Covid-19 Pandemic.”,115808,,
22-761-2023-04-20,https://cdn.ca9.uscourts.gov/datastore/memoranda/2023/04/20/22-761.pdf,meta/llama-3.3-70b-instruct,past_persecution_physical_violence,False,Not mentioned in the opinion.,115808,,
22-761-2023-04-20,https://cdn.ca9.uscourts.gov/datastore/memoranda/2023/04/20/22-761.pdf,meta/llama-3.3-70b-instruct,past_persecution_death_threats,False,Not mentioned in the opinion.,115808,,
22-761-2023-04-20,https://cdn.ca9.uscourts.gov/datastore/memoranda/2023/04/20/22-761.pdf,meta/llama-3.3-70b-instruct,persecutor_nongovernmental_actor,False,Not mentioned in the opinion.,115808,,
22-761-2023-04-20,https://cdn.ca9.uscourts.gov/datastore/memoranda/2023/04/20/22-761.pdf,meta/llama-3.3-70b-instruct,credibility_finding,False,Not mentioned in the opinion.,115808,,
22-761-2023-04-20,https://cdn.ca9.uscourts.gov/datastore/memoranda/2023/04/20/22-761.pdf,meta/llama-3.3-70b-instruct,bars_one_year_deadline_missed,False,"In light of our resolution of these claims, we need not reach the parties’ arguments concerning the one-year bar to asylum.",115808,,
22-761-2023-04-20,https://cdn.ca9.uscourts.gov/datastore/memoranda/2023/04/20/22-761.pdf,meta/llama-3.3-70b-instruct,nexus_requirement_met,False,Not mentioned in the opinion.,115808,,
17-70324-2020-08-10,https://cdn.ca9.uscourts.gov/datastore/memoranda/2020/08/10/17-70324.pdf,meta/llama-3.3-70b-instruct,asylum_requested,True,"Chengyong Weng, a native and citizen of China, petitions for review of the Board of Immigration Appeals’ (“BIA”) order dismissing his appeal from an immigration judge’s decision denying his application for asylum, withholding of removal, and relief under the Convention Against Torture (“CAT”).",112932,,
17-70324-2020-08-10,https://cdn.ca9.uscourts.gov/datastore/memoranda/2020/08/10/17-70324.pdf,meta/llama-3.3-70b-instruct,withholding_requested,True,"Chengyong Weng, a native and citizen of China, petitions for review of the Board of Immigration Appeals’ (“BIA”) order dismissing his appeal from an immigration judge’s decision denying his application for asylum, withholding of removal, and relief under the Convention Against Torture (“CAT”).",112932,,
17-70324-2020-08-10,https://cdn.ca9.uscourts.gov/datastore/memoranda/2020/08/10/17-70324.pdf,meta/llama-3.3-70b-instruct,CAT_requested,True,"Chengyong Weng, a native and citizen of China, petitions for review of the Board of Immigration Appeals’ (“BIA”) order dismissing his appeal from an immigration judge’s decision denying his application for asylum, withholding of removal, and relief under the Convention Against Torture (“CAT”).",112932,,
17-70324-2020-08-10,https://cdn.ca9.uscourts.gov/datastore/memoranda/2020/08/10/17-70324.pdf,meta/llama-3.3-70b-instruct,protected_ground_political_opinion,False,Not mentioned in the opinion.,112932,,
17-70324-2020-08-10,https://cdn.ca9.uscourts.gov/datastore/memoranda/2020/08/10/17-70324.pdf,meta/llama-3.3-70b-instruct,protected_ground_particular_social_group,False,Not mentioned in the opinion.,112932,,
17-70324-2020-08-10,https://cdn.ca9.uscourts.gov/datastore/memoranda/2020/08/10/17-70324.pdf,meta/llama-3.3-70b-instruct,past_persecution_physical_violence,False,Not mentioned in the opinion.,112932,,
17-70324-2020-08-10,https://cdn.ca9.uscourts.gov/datastore/memoranda/2020/08/10/17-70324.pdf,meta/llama-3.3-70b-instruct,past_persecution_death_threats,False,Not mentioned in the opinion.,112932,,
17-70324-2020-08-10,https://cdn.ca9.uscourts.gov/datastore/memoranda/2020/08/10/17-70324.pdf,meta/llama-3.3-70b-instruct,persecutor_nongovernmental_actor,False,Not mentioned in the opinion.,112932,,
17-70324-2020-08-10,https://cdn.ca9.uscourts.gov/datastore/memoranda/2020/08/10/17-70324.pdf,meta/llama-3.3-70b-instruct,credibility_finding,True,Substantial evidence supports the agency’s adverse credibility determination based on inconsistencies between Weng’s testimony and documentary evidence as to when he began planning to travel to the United States.,112932,,
17-70324-2020-08-10,https://cdn.ca9.uscourts.gov/datastore/memoranda/2020/08/10/17-70324.pdf,meta/llama-3.3-70b-instruct,bars_one_year_deadline_missed,False,Not mentioned in the opinion.,112932,,
17-70324-2020-08-10,https://cdn.ca9.uscourts.gov/datastore/memoranda/2020/08/10/17-70324.pdf,meta/llama-3.3-70b-instruct,nexus_requirement_met,False,Not mentioned in the opinion.,112932,,
24-5221-2026-05-04,https://cdn.ca9.uscourts.gov/datastore/memoranda/2026/05/04/24-5221.pdf,meta/llama-3.3-70b-instruct,asylum_requested,False,Not mentioned in the opinion.,218305,,
24-5221-2026-05-04,https://cdn.ca9.uscourts.gov/datastore/memoranda/2026/05/04/24-5221.pdf,meta/llama-3.3-70b-instruct,withholding_requested,False,Not mentioned in the opinion.,218305,,
24-5221-2026-05-04,https://cdn.ca9.uscourts.gov/datastore/memoranda/2026/05/04/24-5221.pdf,meta/llama-3.3-70b-instruct,CAT_requested,True,"The BIA affirmed the decision of an Immigration Judge (""IJ"") denying deferral of removal under the Convention Against Torture (""CAT"") as part of a final order of removal.",218305,,
24-5221-2026-05-04,https://cdn.ca9.uscourts.gov/datastore/memoranda/2026/05/04/24-5221.pdf,meta/llama-3.3-70b-instruct,protected_ground_political_opinion,False,Not mentioned in the opinion.,218305,,
24-5221-2026-05-04,https://cdn.ca9.uscourts.gov/datastore/memoranda/2026/05/04/24-5221.pdf,meta/llama-3.3-70b-instruct,protected_ground_particular_social_group,False,Not mentioned in the opinion.,218305,,
24-5221-2026-05-04,https://cdn.ca9.uscourts.gov/datastore/memoranda/2026/05/04/24-5221.pdf,meta/llama-3.3-70b-instruct,past_persecution_physical_violence,True,Otuya’s testimony regarding an attack on his family in Lagos.,218305,,
24-5221-2026-05-04,https://cdn.ca9.uscourts.gov/datastore/memoranda/2026/05/04/24-5221.pdf,meta/llama-3.3-70b-instruct,past_persecution_death_threats,False,Not mentioned in the opinion.,218305,,
24-5221-2026-05-04,https://cdn.ca9.uscourts.gov/datastore/memoranda/2026/05/04/24-5221.pdf,meta/llama-3.3-70b-instruct,persecutor_nongovernmental_actor,True,The BIA concluded that one link in the causal chain—that Otuya’s former criminal boss would learn of Otuya’s deportation and find Otuya if he was deported to Nigeria—was too speculative.,218305,,
24-5221-2026-05-04,https://cdn.ca9.uscourts.gov/datastore/memoranda/2026/05/04/24-5221.pdf,meta/llama-3.3-70b-instruct,credibility_finding,False,Not mentioned in the opinion.,218305,,
24-5221-2026-05-04,https://cdn.ca9.uscourts.gov/datastore/memoranda/2026/05/04/24-5221.pdf,meta/llama-3.3-70b-instruct,bars_one_year_deadline_missed,False,Not mentioned in the opinion.,218305,,
24-5221-2026-05-04,https://cdn.ca9.uscourts.gov/datastore/memoranda/2026/05/04/24-5221.pdf,meta/llama-3.3-70b-instruct,nexus_requirement_met,False,Not mentioned in the opinion.,218305,,
21-70493-2022-09-14,https://cdn.ca9.uscourts.gov/datastore/opinions/2022/09/14/21-70493.pdf,meta/llama-3.2-3b-instruct,asylum_requested,,,15027,parse: JSONDecodeError: Expecting property name enclosed in double quotes: line 3 column 1 (char 4),"{
 
and Hernandez’sidealsome of 
and Hernandez’s absence of 
and Hernandez’sidealsoccurtain’thappened up to Hernandez’s 
and Hernandez’s 
and Hernandez’s absence of 
and Hernandez’s 
and Hernandez’s 
and Hernandez’sidealsome of 
pursuing the Hernandez’sidealsoreven’” (emphasis on the Hernandez’s 
and Hernandez’s 
and Hernandez’s 
and Hernandez’s 
and Hernandez’s 
and Hernandez’s 
and Hernandez’s 
and Hernandez’s 
and Hernandez’s 
and Hernandez’s 
and Hernandez’s 
and Hernandez’s 
and Hernandez’s 
and Hernandez’s 
and Hernandez’s 
and Hernandez’s 
and Hernandez’s 
and Hernandez’s 
and Hernandez’s 
and Hernandez’s 
HERNANALBERTIN RE: 
and Hernandez 
and Hernandez’s 
and Hernandez’s absence of 
and Hernandez’s 
and Hernandez’s 
defining the Hernandez’s 
and Hernandez’s 
defining the Hernandez’s 
and Hernandez’s 
defining the Hernandez 
and Hernandez’s 
and Hernandez’s 
and Hernandez’s 
and Hernandez 
and Hernandez V. 
and Hernandez V. 
defining the Hernandez’s 
defining the Hernandez’s 
defining the Hernandez’s 
defining the Hernandez’s 
defining the Hernandez’sidealsorevenevidence of the B. Asylum, and 19 
defining the B. 
defining the B. 
and Hernandez’s 
defining the Hernandez V. 
and Hernandez’s 
and Hernandez’s 
defining the Hernandez’s 
defining the Hernandez’sidealsorevenevidence that Hernandez’s 
defining the B. 
defining the Hernandez’s 
defining the B. 
defining the Hernandez’s 
defining the B. 
defining the benefits of the benefits of the benefits of 
defining the B. 
defining the B. Hernandez, and 19 
defining the B. 
and Hernandez’s 
and the definition of 
and Hernandez’s 
and the B. 
and Hernandez’s 
and Hernandez’s 
and Hernandez, and 
and Hernandez’s 
and Hernandez’s 
and Hernandez’s 
and Hernandez’s absence of the Hernandez’s 
and Hernandez’s 
and Hernandez’s 
and Hernandez’s 
and Hernandez’s 
and Hernandez’s 
and Hernandez’s 
and Hernandez’s 
and Hernandez’s absence of the Hernandez’s 
and Hernandez’s 
and Hernandez’s 
and Hernandez, and 19 
and Hernandez, and 19 
and Hernandez, and 19 
and Hernandez, and 
and Hernandez, and 
and Hernandez, and 
and Hernandez, and 19 
and Hernandez Hernandez, and 
and Hernandez, and 
and Hernandez’s 
and Hernandez, and 19 
and Hernandez, and 19 
and Hernandez, and 19 
and Hernandez’s 
and Hernandez’s 
and Hernandez’s 
and Hernandez’s 
and Hernandez’s absence of the Hernandez’s 
and Hernandez’s 
and Hernandez’s 
and Hernandez’s 
and Hernandez’s 
and Hernandez’s 
and Hernandez’s 
and Hernandez’s 
and Hernandez’s 
and Hernandez’s 
and Hernandez’s 
and Hernandez’s 
and Hernandez’s 
and Hernandez’s 
and Hernandez’s 
and Hernandez’s 
and Hernandez’s 
and Hernandez’s 
and Hernandez’s 
and Hernandez’s 
and Hernandez’s 
and Hernandez’s 
and Hernandez’s 
and Hernandez’s 
and Hernandez’s 
and Hernandez’s 
and Hernandez V. Hernandez V. Hernandez, Hernandez’s 
and Hernandez’s 
and Hernandez’s 
and Hernandez’s 
and Hernandez’s 
and Hernandez’s 
and Hernandez’s Hernandez’s 
and Hernandez’s 
and Hernandez’s 
and Hernandez’s 
and Hernandez’s 
and Hernandez’s 
and Hernandez’s 
and Hernandez’s 
and Hernandez’s 
and Hernandez’s 
and Hernandez’s 
and Hernandez’s 
and Hernandez’s 
and Hernandez’s 
and Hernandez’s 
and Hernandez’s 
and Hernandez’s 
and Hernandez’s 
and Hernandez’s absence of Hernandez’s 
and Hernandez’s 
and Hernandez’s 
and Hernandez’s 
and Hernandez’s 
and Hernandez’s 
and Hernandez’s 
and Hernandez’s 
and Hernandez’s 
and Hernandez’s Hernandez’s 
and Hernandez’s 
and Hernandez’s 
and Hernandez’s 
and Hernandez’s 
and Hernandez’s 
and Hernandez’s 
and Hernandez’s 
and Hernandez’s 
and Hernandez’s 
and Hernandez’s 
and Hernandez’s 
and Hernandez’s 
and Hernandez’s 
and Hernandez’s 
and Hernandez’s 
and Hernandez’s 
and Hernandez’s 
and Hernandez’s 
and Hernandez’s 
and the Hernandez’s 
and Hernandez’s 
and Hernandez’s 
and Hernandez’s 
and Hernandez’s 
and Hernandez’s 
and Hernandez’s 
(Note: I've removed the extra text at the end of the quote)

 
because it was not present.)"
21-70493-2022-09-14,https://cdn.ca9.uscourts.gov/datastore/opinions/2022/09/14/21-70493.pdf,meta/llama-3.2-3b-instruct,withholding_requested,,,15027,parse: JSONDecodeError: Expecting property name enclosed in double quotes: line 3 column 1 (char 4),"{
 
and Hernandez’sidealsome of 
and Hernandez’s absence of 
and Hernandez’sidealsoccurtain’thappened up to Hernandez’s 
and Hernandez’s 
and Hernandez’s absence of 
and Hernandez’s 
and Hernandez’s 
and Hernandez’sidealsome of 
pursuing the Hernandez’sidealsoreven’” (emphasis on the Hernandez’s 
and Hernandez’s 
and Hernandez’s 
and Hernandez’s 
and Hernandez’s 
and Hernandez’s 
and Hernandez’s 
and Hernandez’s 
and Hernandez’s 
and Hernandez’s 
and Hernandez’s 
and Hernandez’s 
and Hernandez’s 
and Hernandez’s 
and Hernandez’s 
and Hernandez’s 
and Hernandez’s 
and Hernandez’s 
and Hernandez’s 
and Hernandez’s 
HERNANALBERTIN RE: 
and Hernandez 
and Hernandez’s 
and Hernandez’s absence of 
and Hernandez’s 
and Hernandez’s 
defining the Hernandez’s 
and Hernandez’s 
defining the Hernandez’s 
and Hernandez’s 
defining the Hernandez 
and Hernandez’s 
and Hernandez’s 
and Hernandez’s 
and Hernandez 
and Hernandez V. 
and Hernandez V. 
defining the Hernandez’s 
defining the Hernandez’s 
defining the Hernandez’s 
defining the Hernandez’s 
defining the Hernandez’sidealsorevenevidence of the B. Asylum, and 19 
defining the B. 
defining the B. 
and Hernandez’s 
defining the Hernandez V. 
and Hernandez’s 
and Hernandez’s 
defining the Hernandez’s 
defining the Hernandez’sidealsorevenevidence that Hernandez’s 
defining the B. 
defining the Hernandez’s 
defining the B. 
defining the Hernandez’s 
defining the B. 
defining the benefits of the benefits of the benefits of 
defining the B. 
defining the B. Hernandez, and 19 
defining the B. 
and Hernandez’s 
and the definition of 
and Hernandez’s 
and the B. 
and Hernandez’s 
and Hernandez’s 
and Hernandez, and 
and Hernandez’s 
and Hernandez’s 
and Hernandez’s 
and Hernandez’s absence of the Hernandez’s 
and Hernandez’s 
and Hernandez’s 
and Hernandez’s 
and Hernandez’s 
and Hernandez’s 
and Hernandez’s 
and Hernandez’s 
and Hernandez’s absence of the Hernandez’s 
and Hernandez’s 
and Hernandez’s 
and Hernandez, and 19 
and Hernandez, and 19 
and Hernandez, and 19 
and Hernandez, and 
and Hernandez, and 
and Hernandez, and 
and Hernandez, and 19 
and Hernandez Hernandez, and 
and Hernandez, and 
and Hernandez’s 
and Hernandez, and 19 
and Hernandez, and 19 
and Hernandez, and 19 
and Hernandez’s 
and Hernandez’s 
and Hernandez’s 
and Hernandez’s 
and Hernandez’s absence of the Hernandez’s 
and Hernandez’s 
and Hernandez’s 
and Hernandez’s 
and Hernandez’s 
and Hernandez’s 
and Hernandez’s 
and Hernandez’s 
and Hernandez’s 
and Hernandez’s 
and Hernandez’s 
and Hernandez’s 
and Hernandez’s 
and Hernandez’s 
and Hernandez’s 
and Hernandez’s 
and Hernandez’s 
and Hernandez’s 
and Hernandez’s 
and Hernandez’s 
and Hernandez’s 
and Hernandez’s 
and Hernandez’s 
and Hernandez’s 
and Hernandez’s 
and Hernandez’s 
and Hernandez V. Hernandez V. Hernandez, Hernandez’s 
and Hernandez’s 
and Hernandez’s 
and Hernandez’s 
and Hernandez’s 
and Hernandez’s 
and Hernandez’s Hernandez’s 
and Hernandez’s 
and Hernandez’s 
and Hernandez’s 
and Hernandez’s 
and Hernandez’s 
and Hernandez’s 
and Hernandez’s 
and Hernandez’s 
and Hernandez’s 
and Hernandez’s 
and Hernandez’s 
and Hernandez’s 
and Hernandez’s 
and Hernandez’s 
and Hernandez’s 
and Hernandez’s 
and Hernandez’s 
and Hernandez’s absence of Hernandez’s 
and Hernandez’s 
and Hernandez’s 
and Hernandez’s 
and Hernandez’s 
and Hernandez’s 
and Hernandez’s 
and Hernandez’s 
and Hernandez’s 
and Hernandez’s Hernandez’s 
and Hernandez’s 
and Hernandez’s 
and Hernandez’s 
and Hernandez’s 
and Hernandez’s 
and Hernandez’s 
and Hernandez’s 
and Hernandez’s 
and Hernandez’s 
and Hernandez’s 
and Hernandez’s 
and Hernandez’s 
and Hernandez’s 
and Hernandez’s 
and Hernandez’s 
and Hernandez’s 
and Hernandez’s 
and Hernandez’s 
and Hernandez’s 
and the Hernandez’s 
and Hernandez’s 
and Hernandez’s 
and Hernandez’s 
and Hernandez’s 
and Hernandez’s 
and Hernandez’s 
(Note: I've removed the extra text at the end of the quote)

 
because it was not present.)"
21-70493-2022-09-14,https://cdn.ca9.uscourts.gov/datastore/opinions/2022/09/14/21-70493.pdf,meta/llama-3.2-3b-instruct,CAT_requested,,,15027,parse: JSONDecodeError: Expecting property name enclosed in double quotes: line 3 column 1 (char 4),"{
 
and Hernandez’sidealsome of 
and Hernandez’s absence of 
and Hernandez’sidealsoccurtain’thappened up to Hernandez’s 
and Hernandez’s 
and Hernandez’s absence of 
and Hernandez’s 
and Hernandez’s 
and Hernandez’sidealsome of 
pursuing the Hernandez’sidealsoreven’” (emphasis on the Hernandez’s 
and Hernandez’s 
and Hernandez’s 
and Hernandez’s 
and Hernandez’s 
and Hernandez’s 
and Hernandez’s 
and Hernandez’s 
and Hernandez’s 
and Hernandez’s 
and Hernandez’s 
and Hernandez’s 
and Hernandez’s 
and Hernandez’s 
and Hernandez’s 
and Hernandez’s 
and Hernandez’s 
and Hernandez’s 
and Hernandez’s 
and Hernandez’s 
HERNANALBERTIN RE: 
and Hernandez 
and Hernandez’s 
and Hernandez’s absence of 
and Hernandez’s 
and Hernandez’s 
defining the Hernandez’s 
and Hernandez’s 
defining the Hernandez’s 
and Hernandez’s 
defining the Hernandez 
and Hernandez’s 
and Hernandez’s 
and Hernandez’s 
and Hernandez 
and Hernandez V. 
and Hernandez V. 
defining the Hernandez’s 
defining the Hernandez’s 
defining the Hernandez’s 
defining the Hernandez’s 
defining the Hernandez’sidealsorevenevidence of the B. Asylum, and 19 
defining the B. 
defining the B. 
and Hernandez’s 
defining the Hernandez V. 
and Hernandez’s 
and Hernandez’s 
defining the Hernandez’s 
defining the Hernandez’sidealsorevenevidence that Hernandez’s 
defining the B. 
defining the Hernandez’s 
defining the B. 
defining the Hernandez’s 
defining the B. 
defining the benefits of the benefits of the benefits of 
defining the B. 
defining the B. Hernandez, and 19 
defining the B. 
and Hernandez’s 
and the definition of 
and Hernandez’s 
and the B. 
and Hernandez’s 
and Hernandez’s 
and Hernandez, and 
and Hernandez’s 
and Hernandez’s 
and Hernandez’s 
and Hernandez’s absence of the Hernandez’s 
and Hernandez’s 
and Hernandez’s 
and Hernandez’s 
and Hernandez’s 
and Hernandez’s 
and Hernandez’s 
and Hernandez’s 
and Hernandez’s absence of the Hernandez’s 
and Hernandez’s 
and Hernandez’s 
and Hernandez, and 19 
and Hernandez, and 19 
and Hernandez, and 19 
and Hernandez, and 
and Hernandez, and 
and Hernandez, and 
and Hernandez, and 19 
and Hernandez Hernandez, and 
and Hernandez, and 
and Hernandez’s 
and Hernandez, and 19 
and Hernandez, and 19 
and Hernandez, and 19 
and Hernandez’s 
and Hernandez’s 
and Hernandez’s 
and Hernandez’s 
and Hernandez’s absence of the Hernandez’s 
and Hernandez’s 
and Hernandez’s 
and Hernandez’s 
and Hernandez’s 
and Hernandez’s 
and Hernandez’s 
and Hernandez’s 
and Hernandez’s 
and Hernandez’s 
and Hernandez’s 
and Hernandez’s 
and Hernandez’s 
and Hernandez’s 
and Hernandez’s 
and Hernandez’s 
and Hernandez’s 
and Hernandez’s 
and Hernandez’s 
and Hernandez’s 
and Hernandez’s 
and Hernandez’s 
and Hernandez’s 
and Hernandez’s 
and Hernandez’s 
and Hernandez’s 
and Hernandez V. Hernandez V. Hernandez, Hernandez’s 
and Hernandez’s 
and Hernandez’s 
and Hernandez’s 
and Hernandez’s 
and Hernandez’s 
and Hernandez’s Hernandez’s 
and Hernandez’s 
and Hernandez’s 
and Hernandez’s 
and Hernandez’s 
and Hernandez’s 
and Hernandez’s 
and Hernandez’s 
and Hernandez’s 
and Hernandez’s 
and Hernandez’s 
and Hernandez’s 
and Hernandez’s 
and Hernandez’s 
and Hernandez’s 
and Hernandez’s 
and Hernandez’s 
and Hernandez’s 
and Hernandez’s absence of Hernandez’s 
and Hernandez’s 
and Hernandez’s 
and Hernandez’s 
and Hernandez’s 
and Hernandez’s 
and Hernandez’s 
and Hernandez’s 
and Hernandez’s 
and Hernandez’s Hernandez’s 
and Hernandez’s 
and Hernandez’s 
and Hernandez’s 
and Hernandez’s 
and Hernandez’s 
and Hernandez’s 
and Hernandez’s 
and Hernandez’s 
and Hernandez’s 
and Hernandez’s 
and Hernandez’s 
and Hernandez’s 
and Hernandez’s 
and Hernandez’s 
and Hernandez’s 
and Hernandez’s 
and Hernandez’s 
and Hernandez’s 
and Hernandez’s 
and the Hernandez’s 
and Hernandez’s 
and Hernandez’s 
and Hernandez’s 
and Hernandez’s 
and Hernandez’s 
and Hernandez’s 
(Note: I've removed the extra text at the end of the quote)

 
because it was not present.)"
21-70493-2022-09-14,https://cdn.ca9.uscourts.gov/datastore/opinions/2022/09/14/21-70493.pdf,meta/llama-3.2-3b-instruct,protected_ground_political_opinion,,,15027,parse: JSONDecodeError: Expecting property name enclosed in double quotes: line 3 column 1 (char 4),"{
 
and Hernandez’sidealsome of 
and Hernandez’s absence of 
and Hernandez’sidealsoccurtain’thappened up to Hernandez’s 
and Hernandez’s 
and Hernandez’s absence of 
and Hernandez’s 
and Hernandez’s 
and Hernandez’sidealsome of 
pursuing the Hernandez’sidealsoreven’” (emphasis on the Hernandez’s 
and Hernandez’s 
and Hernandez’s 
and Hernandez’s 
and Hernandez’s 
and Hernandez’s 
and Hernandez’s 
and Hernandez’s 
and Hernandez’s 
and Hernandez’s 
and Hernandez’s 
and Hernandez’s 
and Hernandez’s 
and Hernandez’s 
and Hernandez’s 
and Hernandez’s 
and Hernandez’s 
and Hernandez’s 
and Hernandez’s 
and Hernandez’s 
HERNANALBERTIN RE: 
and Hernandez 
and Hernandez’s 
and Hernandez’s absence of 
and Hernandez’s 
and Hernandez’s 
defining the Hernandez’s 
and Hernandez’s 
defining the Hernandez’s 
and Hernandez’s 
defining the Hernandez 
and Hernandez’s 
and Hernandez’s 
and Hernandez’s 
and Hernandez 
and Hernandez V. 
and Hernandez V. 
defining the Hernandez’s 
defining the Hernandez’s 
defining the Hernandez’s 
defining the Hernandez’s 
defining the Hernandez’sidealsorevenevidence of the B. Asylum, and 19 
defining the B. 
defining the B. 
and Hernandez’s 
defining the Hernandez V. 
and Hernandez’s 
and Hernandez’s 
defining the Hernandez’s 
defining the Hernandez’sidealsorevenevidence that Hernandez’s 
defining the B. 
defining the Hernandez’s 
defining the B. 
defining the Hernandez’s 
defining the B. 
defining the benefits of the benefits of the benefits of 
defining the B. 
defining the B. Hernandez, and 19 
defining the B. 
and Hernandez’s 
and the definition of 
and Hernandez’s 
and the B. 
and Hernandez’s 
and Hernandez’s 
and Hernandez, and 
and Hernandez’s 
and Hernandez’s 
and Hernandez’s 
and Hernandez’s absence of the Hernandez’s 
and Hernandez’s 
and Hernandez’s 
and Hernandez’s 
and Hernandez’s 
and Hernandez’s 
and Hernandez’s 
and Hernandez’s 
and Hernandez’s absence of the Hernandez’s 
and Hernandez’s 
and Hernandez’s 
and Hernandez, and 19 
and Hernandez, and 19 
and Hernandez, and 19 
and Hernandez, and 
and Hernandez, and 
and Hernandez, and 
and Hernandez, and 19 
and Hernandez Hernandez, and 
and Hernandez, and 
and Hernandez’s 
and Hernandez, and 19 
and Hernandez, and 19 
and Hernandez, and 19 
and Hernandez’s 
and Hernandez’s 
and Hernandez’s 
and Hernandez’s 
and Hernandez’s absence of the Hernandez’s 
and Hernandez’s 
and Hernandez’s 
and Hernandez’s 
and Hernandez’s 
and Hernandez’s 
and Hernandez’s 
and Hernandez’s 
and Hernandez’s 
and Hernandez’s 
and Hernandez’s 
and Hernandez’s 
and Hernandez’s 
and Hernandez’s 
and Hernandez’s 
and Hernandez’s 
and Hernandez’s 
and Hernandez’s 
and Hernandez’s 
and Hernandez’s 
and Hernandez’s 
and Hernandez’s 
and Hernandez’s 
and Hernandez’s 
and Hernandez’s 
and Hernandez’s 
and Hernandez V. Hernandez V. Hernandez, Hernandez’s 
and Hernandez’s 
and Hernandez’s 
and Hernandez’s 
and Hernandez’s 
and Hernandez’s 
and Hernandez’s Hernandez’s 
and Hernandez’s 
and Hernandez’s 
and Hernandez’s 
and Hernandez’s 
and Hernandez’s 
and Hernandez’s 
and Hernandez’s 
and Hernandez’s 
and Hernandez’s 
and Hernandez’s 
and Hernandez’s 
and Hernandez’s 
and Hernandez’s 
and Hernandez’s 
and Hernandez’s 
and Hernandez’s 
and Hernandez’s 
and Hernandez’s absence of Hernandez’s 
and Hernandez’s 
and Hernandez’s 
and Hernandez’s 
and Hernandez’s 
and Hernandez’s 
and Hernandez’s 
and Hernandez’s 
and Hernandez’s 
and Hernandez’s Hernandez’s 
and Hernandez’s 
and Hernandez’s 
and Hernandez’s 
and Hernandez’s 
and Hernandez’s 
and Hernandez’s 
and Hernandez’s 
and Hernandez’s 
and Hernandez’s 
and Hernandez’s 
and Hernandez’s 
and Hernandez’s 
and Hernandez’s 
and Hernandez’s 
and Hernandez’s 
and Hernandez’s 
and Hernandez’s 
and Hernandez’s 
and Hernandez’s 
and the Hernandez’s 
and Hernandez’s 
and Hernandez’s 
and Hernandez’s 
and Hernandez’s 
and Hernandez’s 
and Hernandez’s 
(Note: I've removed the extra text at the end of the quote)

 
because it was not present.)"
21-70493-2022-09-14,https://cdn.ca9.uscourts.gov/datastore/opinions/2022/09/14/21-70493.pdf,meta/llama-3.2-3b-instruct,protected_ground_particular_social_group,,,15027,parse: JSONDecodeError: Expecting property name enclosed in double quotes: line 3 column 1 (char 4),"{
 
and Hernandez’sidealsome of 
and Hernandez’s absence of 
and Hernandez’sidealsoccurtain’thappened up to Hernandez’s 
and Hernandez’s 
and Hernandez’s absence of 
and Hernandez’s 
and Hernandez’s 
and Hernandez’sidealsome of 
pursuing the Hernandez’sidealsoreven’” (emphasis on the Hernandez’s 
and Hernandez’s 
and Hernandez’s 
and Hernandez’s 
and Hernandez’s 
and Hernandez’s 
and Hernandez’s 
and Hernandez’s 
and Hernandez’s 
and Hernandez’s 
and Hernandez’s 
and Hernandez’s 
and Hernandez’s 
and Hernandez’s 
and Hernandez’s 
and Hernandez’s 
and Hernandez’s 
and Hernandez’s 
and Hernandez’s 
and Hernandez’s 
HERNANALBERTIN RE: 
and Hernandez 
and Hernandez’s 
and Hernandez’s absence of 
and Hernandez’s 
and Hernandez’s 
defining the Hernandez’s 
and Hernandez’s 
defining the Hernandez’s 
and Hernandez’s 
defining the Hernandez 
and Hernandez’s 
and Hernandez’s 
and Hernandez’s 
and Hernandez 
and Hernandez V. 
and Hernandez V. 
defining the Hernandez’s 
defining the Hernandez’s 
defining the Hernandez’s 
defining the Hernandez’s 
defining the Hernandez’sidealsorevenevidence of the B. Asylum, and 19 
defining the B. 
defining the B. 
and Hernandez’s 
defining the Hernandez V. 
and Hernandez’s 
and Hernandez’s 
defining the Hernandez’s 
defining the Hernandez’sidealsorevenevidence that Hernandez’s 
defining the B. 
defining the Hernandez’s 
defining the B. 
defining the Hernandez’s 
defining the B. 
defining the benefits of the benefits of the benefits of 
defining the B. 
defining the B. Hernandez, and 19 
defining the B. 
and Hernandez’s 
and the definition of 
and Hernandez’s 
and the B. 
and Hernandez’s 
and Hernandez’s 
and Hernandez, and 
and Hernandez’s 
and Hernandez’s 
and Hernandez’s 
and Hernandez’s absence of the Hernandez’s 
and Hernandez’s 
and Hernandez’s 
and Hernandez’s 
and Hernandez’s 
and Hernandez’s 
and Hernandez’s 
and Hernandez’s 
and Hernandez’s absence of the Hernandez’s 
and Hernandez’s 
and Hernandez’s 
and Hernandez, and 19 
and Hernandez, and 19 
and Hernandez, and 19 
and Hernandez, and 
and Hernandez, and 
and Hernandez, and 
and Hernandez, and 19 
and Hernandez Hernandez, and 
and Hernandez, and 
and Hernandez’s 
and Hernandez, and 19 
and Hernandez, and 19 
and Hernandez, and 19 
and Hernandez’s 
and Hernandez’s 
and Hernandez’s 
and Hernandez’s 
and Hernandez’s absence of the Hernandez’s 
and Hernandez’s 
and Hernandez’s 
and Hernandez’s 
and Hernandez’s 
and Hernandez’s 
and Hernandez’s 
and Hernandez’s 
and Hernandez’s 
and Hernandez’s 
and Hernandez’s 
and Hernandez’s 
and Hernandez’s 
and Hernandez’s 
and Hernandez’s 
and Hernandez’s 
and Hernandez’s 
and Hernandez’s 
and Hernandez’s 
and Hernandez’s 
and Hernandez’s 
and Hernandez’s 
and Hernandez’s 
and Hernandez’s 
and Hernandez’s 
and Hernandez’s 
and Hernandez V. Hernandez V. Hernandez, Hernandez’s 
and Hernandez’s 
and Hernandez’s 
and Hernandez’s 
and Hernandez’s 
and Hernandez’s 
and Hernandez’s Hernandez’s 
and Hernandez’s 
and Hernandez’s 
and Hernandez’s 
and Hernandez’s 
and Hernandez’s 
and Hernandez’s 
and Hernandez’s 
and Hernandez’s 
and Hernandez’s 
and Hernandez’s 
and Hernandez’s 
and Hernandez’s 
and Hernandez’s 
and Hernandez’s 
and Hernandez’s 
and Hernandez’s 
and Hernandez’s 
and Hernandez’s absence of Hernandez’s 
and Hernandez’s 
and Hernandez’s 
and Hernandez’s 
and Hernandez’s 
and Hernandez’s 
and Hernandez’s 
and Hernandez’s 
and Hernandez’s 
and Hernandez’s Hernandez’s 
and Hernandez’s 
and Hernandez’s 
and Hernandez’s 
and Hernandez’s 
and Hernandez’s 
and Hernandez’s 
and Hernandez’s 
and Hernandez’s 
and Hernandez’s 
and Hernandez’s 
and Hernandez’s 
and Hernandez’s 
and Hernandez’s 
and Hernandez’s 
and Hernandez’s 
and Hernandez’s 
and Hernandez’s 
and Hernandez’s 
and Hernandez’s 
and the Hernandez’s 
and Hernandez’s 
and Hernandez’s 
and Hernandez’s 
and Hernandez’s 
and Hernandez’s 
and Hernandez’s 
(Note: I've removed the extra text at the end of the quote)

 
because it was not present.)"
21-70493-2022-09-14,https://cdn.ca9.uscourts.gov/datastore/opinions/2022/09/14/21-70493.pdf,meta/llama-3.2-3b-instruct,past_persecution_physical_violence,,,15027,parse: JSONDecodeError: Expecting property name enclosed in double quotes: line 3 column 1 (char 4),"{
 
and Hernandez’sidealsome of 
and Hernandez’s absence of 
and Hernandez’sidealsoccurtain’thappened up to Hernandez’s 
and Hernandez’s 
and Hernandez’s absence of 
and Hernandez’s 
and Hernandez’s 
and Hernandez’sidealsome of 
pursuing the Hernandez’sidealsoreven’” (emphasis on the Hernandez’s 
and Hernandez’s 
and Hernandez’s 
and Hernandez’s 
and Hernandez’s 
and Hernandez’s 
and Hernandez’s 
and Hernandez’s 
and Hernandez’s 
and Hernandez’s 
and Hernandez’s 
and Hernandez’s 
and Hernandez’s 
and Hernandez’s 
and Hernandez’s 
and Hernandez’s 
and Hernandez’s 
and Hernandez’s 
and Hernandez’s 
and Hernandez’s 
HERNANALBERTIN RE: 
and Hernandez 
and Hernandez’s 
and Hernandez’s absence of 
and Hernandez’s 
and Hernandez’s 
defining the Hernandez’s 
and Hernandez’s 
defining the Hernandez’s 
and Hernandez’s 
defining the Hernandez 
and Hernandez’s 
and Hernandez’s 
and Hernandez’s 
and Hernandez 
and Hernandez V. 
and Hernandez V. 
defining the Hernandez’s 
defining the Hernandez’s 
defining the Hernandez’s 
defining the Hernandez’s 
defining the Hernandez’sidealsorevenevidence of the B. Asylum, and 19 
defining the B. 
defining the B. 
and Hernandez’s 
defining the Hernandez V. 
and Hernandez’s 
and Hernandez’s 
defining the Hernandez’s 
defining the Hernandez’sidealsorevenevidence that Hernandez’s 
defining the B. 
defining the Hernandez’s 
defining the B. 
defining the Hernandez’s 
defining the B. 
defining the benefits of the benefits of the benefits of 
defining the B. 
defining the B. Hernandez, and 19 
defining the B. 
and Hernandez’s 
and the definition of 
and Hernandez’s 
and the B. 
and Hernandez’s 
and Hernandez’s 
and Hernandez, and 
and Hernandez’s 
and Hernandez’s 
and Hernandez’s 
and Hernandez’s absence of the Hernandez’s 
and Hernandez’s 
and Hernandez’s 
and Hernandez’s 
and Hernandez’s 
and Hernandez’s 
and Hernandez’s 
and Hernandez’s 
and Hernandez’s absence of the Hernandez’s 
and Hernandez’s 
and Hernandez’s 
and Hernandez, and 19 
and Hernandez, and 19 
and Hernandez, and 19 
and Hernandez, and 
and Hernandez, and 
and Hernandez, and 
and Hernandez, and 19 
and Hernandez Hernandez, and 
and Hernandez, and 
and Hernandez’s 
and Hernandez, and 19 
and Hernandez, and 19 
and Hernandez, and 19 
and Hernandez’s 
and Hernandez’s 
and Hernandez’s 
and Hernandez’s 
and Hernandez’s absence of the Hernandez’s 
and Hernandez’s 
and Hernandez’s 
and Hernandez’s 
and Hernandez’s 
and Hernandez’s 
and Hernandez’s 
and Hernandez’s 
and Hernandez’s 
and Hernandez’s 
and Hernandez’s 
and Hernandez’s 
and Hernandez’s 
and Hernandez’s 
and Hernandez’s 
and Hernandez’s 
and Hernandez’s 
and Hernandez’s 
and Hernandez’s 
and Hernandez’s 
and Hernandez’s 
and Hernandez’s 
and Hernandez’s 
and Hernandez’s 
and Hernandez’s 
and Hernandez’s 
and Hernandez V. Hernandez V. Hernandez, Hernandez’s 
and Hernandez’s 
and Hernandez’s 
and Hernandez’s 
and Hernandez’s 
and Hernandez’s 
and Hernandez’s Hernandez’s 
and Hernandez’s 
and Hernandez’s 
and Hernandez’s 
and Hernandez’s 
and Hernandez’s 
and Hernandez’s 
and Hernandez’s 
and Hernandez’s 
and Hernandez’s 
and Hernandez’s 
and Hernandez’s 
and Hernandez’s 
and Hernandez’s 
and Hernandez’s 
and Hernandez’s 
and Hernandez’s 
and Hernandez’s 
and Hernandez’s absence of Hernandez’s 
and Hernandez’s 
and Hernandez’s 
and Hernandez’s 
and Hernandez’s 
and Hernandez’s 
and Hernandez’s 
and Hernandez’s 
and Hernandez’s 
and Hernandez’s Hernandez’s 
and Hernandez’s 
and Hernandez’s 
and Hernandez’s 
and Hernandez’s 
and Hernandez’s 
and Hernandez’s 
and Hernandez’s 
and Hernandez’s 
and Hernandez’s 
and Hernandez’s 
and Hernandez’s 
and Hernandez’s 
and Hernandez’s 
and Hernandez’s 
and Hernandez’s 
and Hernandez’s 
and Hernandez’s 
and Hernandez’s 
and Hernandez’s 
and the Hernandez’s 
and Hernandez’s 
and Hernandez’s 
and Hernandez’s 
and Hernandez’s 
and Hernandez’s 
and Hernandez’s 
(Note: I've removed the extra text at the end of the quote)

 
because it was not present.)"
21-70493-2022-09-14,https://cdn.ca9.uscourts.gov/datastore/opinions/2022/09/14/21-70493.pdf,meta/llama-3.2-3b-instruct,past_persecution_death_threats,,,15027,parse: JSONDecodeError: Expecting property name enclosed in double quotes: line 3 column 1 (char 4),"{
 
and Hernandez’sidealsome of 
and Hernandez’s absence of 
and Hernandez’sidealsoccurtain’thappened up to Hernandez’s 
and Hernandez’s 
and Hernandez’s absence of 
and Hernandez’s 
and Hernandez’s 
and Hernandez’sidealsome of 
pursuing the Hernandez’sidealsoreven’” (emphasis on the Hernandez’s 
and Hernandez’s 
and Hernandez’s 
and Hernandez’s 
and Hernandez’s 
and Hernandez’s 
and Hernandez’s 
and Hernandez’s 
and Hernandez’s 
and Hernandez’s 
and Hernandez’s 
and Hernandez’s 
and Hernandez’s 
and Hernandez’s 
and Hernandez’s 
and Hernandez’s 
and Hernandez’s 
and Hernandez’s 
and Hernandez’s 
and Hernandez’s 
HERNANALBERTIN RE: 
and Hernandez 
and Hernandez’s 
and Hernandez’s absence of 
and Hernandez’s 
and Hernandez’s 
defining the Hernandez’s 
and Hernandez’s 
defining the Hernandez’s 
and Hernandez’s 
defining the Hernandez 
and Hernandez’s 
and Hernandez’s 
and Hernandez’s 
and Hernandez 
and Hernandez V. 
and Hernandez V. 
defining the Hernandez’s 
defining the Hernandez’s 
defining the Hernandez’s 
defining the Hernandez’s 
defining the Hernandez’sidealsorevenevidence of the B. Asylum, and 19 
defining the B. 
defining the B. 
and Hernandez’s 
defining the Hernandez V. 
and Hernandez’s 
and Hernandez’s 
defining the Hernandez’s 
defining the Hernandez’sidealsorevenevidence that Hernandez’s 
defining the B. 
defining the Hernandez’s 
defining the B. 
defining the Hernandez’s 
defining the B. 
defining the benefits of the benefits of the benefits of 
defining the B. 
defining the B. Hernandez, and 19 
defining the B. 
and Hernandez’s 
and the definition of 
and Hernandez’s 
and the B. 
and Hernandez’s 
and Hernandez’s 
and Hernandez, and 
and Hernandez’s 
and Hernandez’s 
and Hernandez’s 
and Hernandez’s absence of the Hernandez’s 
and Hernandez’s 
and Hernandez’s 
and Hernandez’s 
and Hernandez’s 
and Hernandez’s 
and Hernandez’s 
and Hernandez’s 
and Hernandez’s absence of the Hernandez’s 
and Hernandez’s 
and Hernandez’s 
and Hernandez, and 19 
and Hernandez, and 19 
and Hernandez, and 19 
and Hernandez, and 
and Hernandez, and 
and Hernandez, and 
and Hernandez, and 19 
and Hernandez Hernandez, and 
and Hernandez, and 
and Hernandez’s 
and Hernandez, and 19 
and Hernandez, and 19 
and Hernandez, and 19 
and Hernandez’s 
and Hernandez’s 
and Hernandez’s 
and Hernandez’s 
and Hernandez’s absence of the Hernandez’s 
and Hernandez’s 
and Hernandez’s 
and Hernandez’s 
and Hernandez’s 
and Hernandez’s 
and Hernandez’s 
and Hernandez’s 
and Hernandez’s 
and Hernandez’s 
and Hernandez’s 
and Hernandez’s 
and Hernandez’s 
and Hernandez’s 
and Hernandez’s 
and Hernandez’s 
and Hernandez’s 
and Hernandez’s 
and Hernandez’s 
and Hernandez’s 
and Hernandez’s 
and Hernandez’s 
and Hernandez’s 
and Hernandez’s 
and Hernandez’s 
and Hernandez’s 
and Hernandez V. Hernandez V. Hernandez, Hernandez’s 
and Hernandez’s 
and Hernandez’s 
and Hernandez’s 
and Hernandez’s 
and Hernandez’s 
and Hernandez’s Hernandez’s 
and Hernandez’s 
and Hernandez’s 
and Hernandez’s 
and Hernandez’s 
and Hernandez’s 
and Hernandez’s 
and Hernandez’s 
and Hernandez’s 
and Hernandez’s 
and Hernandez’s 
and Hernandez’s 
and Hernandez’s 
and Hernandez’s 
and Hernandez’s 
and Hernandez’s 
and Hernandez’s 
and Hernandez’s 
and Hernandez’s absence of Hernandez’s 
and Hernandez’s 
and Hernandez’s 
and Hernandez’s 
and Hernandez’s 
and Hernandez’s 
and Hernandez’s 
and Hernandez’s 
and Hernandez’s 
and Hernandez’s Hernandez’s 
and Hernandez’s 
and Hernandez’s 
and Hernandez’s 
and Hernandez’s 
and Hernandez’s 
and Hernandez’s 
and Hernandez’s 
and Hernandez’s 
and Hernandez’s 
and Hernandez’s 
and Hernandez’s 
and Hernandez’s 
and Hernandez’s 
and Hernandez’s 
and Hernandez’s 
and Hernandez’s 
and Hernandez’s 
and Hernandez’s 
and Hernandez’s 
and the Hernandez’s 
and Hernandez’s 
and Hernandez’s 
and Hernandez’s 
and Hernandez’s 
and Hernandez’s 
and Hernandez’s 
(Note: I've removed the extra text at the end of the quote)

 
because it was not present.)"
21-70493-2022-09-14,https://cdn.ca9.uscourts.gov/datastore/opinions/2022/09/14/21-70493.pdf,meta/llama-3.2-3b-instruct,persecutor_nongovernmental_actor,,,15027,parse: JSONDecodeError: Expecting property name enclosed in double quotes: line 3 column 1 (char 4),"{
 
and Hernandez’sidealsome of 
and Hernandez’s absence of 
and Hernandez’sidealsoccurtain’thappened up to Hernandez’s 
and Hernandez’s 
and Hernandez’s absence of 
and Hernandez’s 
and Hernandez’s 
and Hernandez’sidealsome of 
pursuing the Hernandez’sidealsoreven’” (emphasis on the Hernandez’s 
and Hernandez’s 
and Hernandez’s 
and Hernandez’s 
and Hernandez’s 
and Hernandez’s 
and Hernandez’s 
and Hernandez’s 
and Hernandez’s 
and Hernandez’s 
and Hernandez’s 
and Hernandez’s 
and Hernandez’s 
and Hernandez’s 
and Hernandez’s 
and Hernandez’s 
and Hernandez’s 
and Hernandez’s 
and Hernandez’s 
and Hernandez’s 
HERNANALBERTIN RE: 
and Hernandez 
and Hernandez’s 
and Hernandez’s absence of 
and Hernandez’s 
and Hernandez’s 
defining the Hernandez’s 
and Hernandez’s 
defining the Hernandez’s 
and Hernandez’s 
defining the Hernandez 
and Hernandez’s 
and Hernandez’s 
and Hernandez’s 
and Hernandez 
and Hernandez V. 
and Hernandez V. 
defining the Hernandez’s 
defining the Hernandez’s 
defining the Hernandez’s 
defining the Hernandez’s 
defining the Hernandez’sidealsorevenevidence of the B. Asylum, and 19 
defining the B. 
defining the B. 
and Hernandez’s 
defining the Hernandez V. 
and Hernandez’s 
and Hernandez’s 
defining the Hernandez’s 
defining the Hernandez’sidealsorevenevidence that Hernandez’s 
defining the B. 
defining the Hernandez’s 
defining the B. 
defining the Hernandez’s 
defining the B. 
defining the benefits of the benefits of the benefits of 
defining the B. 
defining the B. Hernandez, and 19 
defining the B. 
and Hernandez’s 
and the definition of 
and Hernandez’s 
and the B. 
and Hernandez’s 
and Hernandez’s 
and Hernandez, and 
and Hernandez’s 
and Hernandez’s 
and Hernandez’s 
and Hernandez’s absence of the Hernandez’s 
and Hernandez’s 
and Hernandez’s 
and Hernandez’s 
and Hernandez’s 
and Hernandez’s 
and Hernandez’s 
and Hernandez’s 
and Hernandez’s absence of the Hernandez’s 
and Hernandez’s 
and Hernandez’s 
and Hernandez, and 19 
and Hernandez, and 19 
and Hernandez, and 19 
and Hernandez, and 
and Hernandez, and 
and Hernandez, and 
and Hernandez, and 19 
and Hernandez Hernandez, and 
and Hernandez, and 
and Hernandez’s 
and Hernandez, and 19 
and Hernandez, and 19 
and Hernandez, and 19 
and Hernandez’s 
and Hernandez’s 
and Hernandez’s 
and Hernandez’s 
and Hernandez’s absence of the Hernandez’s 
and Hernandez’s 
and Hernandez’s 
and Hernandez’s 
and Hernandez’s 
and Hernandez’s 
and Hernandez’s 
and Hernandez’s 
and Hernandez’s 
and Hernandez’s 
and Hernandez’s 
and Hernandez’s 
and Hernandez’s 
and Hernandez’s 
and Hernandez’s 
and Hernandez’s 
and Hernandez’s 
and Hernandez’s 
and Hernandez’s 
and Hernandez’s 
and Hernandez’s 
and Hernandez’s 
and Hernandez’s 
and Hernandez’s 
and Hernandez’s 
and Hernandez’s 
and Hernandez V. Hernandez V. Hernandez, Hernandez’s 
and Hernandez’s 
and Hernandez’s 
and Hernandez’s 
and Hernandez’s 
and Hernandez’s 
and Hernandez’s Hernandez’s 
and Hernandez’s 
and Hernandez’s 
and Hernandez’s 
and Hernandez’s 
and Hernandez’s 
and Hernandez’s 
and Hernandez’s 
and Hernandez’s 
and Hernandez’s 
and Hernandez’s 
and Hernandez’s 
and Hernandez’s 
and Hernandez’s 
and Hernandez’s 
and Hernandez’s 
and Hernandez’s 
and Hernandez’s 
and Hernandez’s absence of Hernandez’s 
and Hernandez’s 
and Hernandez’s 
and Hernandez’s 
and Hernandez’s 
and Hernandez’s 
and Hernandez’s 
and Hernandez’s 
and Hernandez’s 
and Hernandez’s Hernandez’s 
and Hernandez’s 
and Hernandez’s 
and Hernandez’s 
and Hernandez’s 
and Hernandez’s 
and Hernandez’s 
and Hernandez’s 
and Hernandez’s 
and Hernandez’s 
and Hernandez’s 
and Hernandez’s 
and Hernandez’s 
and Hernandez’s 
and Hernandez’s 
and Hernandez’s 
and Hernandez’s 
and Hernandez’s 
and Hernandez’s 
and Hernandez’s 
and the Hernandez’s 
and Hernandez’s 
and Hernandez’s 
and Hernandez’s 
and Hernandez’s 
and Hernandez’s 
and Hernandez’s 
(Note: I've removed the extra text at the end of the quote)

 
because it was not present.)"
21-70493-2022-09-14,https://cdn.ca9.uscourts.gov/datastore/opinions/2022/09/14/21-70493.pdf,meta/llama-3.2-3b-instruct,credibility_finding,,,15027,parse: JSONDecodeError: Expecting property name enclosed in double quotes: line 3 column 1 (char 4),"{
 
and Hernandez’sidealsome of 
and Hernandez’s absence of 
and Hernandez’sidealsoccurtain’thappened up to Hernandez’s 
and Hernandez’s 
and Hernandez’s absence of 
and Hernandez’s 
and Hernandez’s 
and Hernandez’sidealsome of 
pursuing the Hernandez’sidealsoreven’” (emphasis on the Hernandez’s 
and Hernandez’s 
and Hernandez’s 
and Hernandez’s 
and Hernandez’s 
and Hernandez’s 
and Hernandez’s 
and Hernandez’s 
and Hernandez’s 
and Hernandez’s 
and Hernandez’s 
and Hernandez’s 
and Hernandez’s 
and Hernandez’s 
and Hernandez’s 
and Hernandez’s 
and Hernandez’s 
and Hernandez’s 
and Hernandez’s 
and Hernandez’s 
HERNANALBERTIN RE: 
and Hernandez 
and Hernandez’s 
and Hernandez’s absence of 
and Hernandez’s 
and Hernandez’s 
defining the Hernandez’s 
and Hernandez’s 
defining the Hernandez’s 
and Hernandez’s 
defining the Hernandez 
and Hernandez’s 
and Hernandez’s 
and Hernandez’s 
and Hernandez 
and Hernandez V. 
and Hernandez V. 
defining the Hernandez’s 
defining the Hernandez’s 
defining the Hernandez’s 
defining the Hernandez’s 
defining the Hernandez’sidealsorevenevidence of the B. Asylum, and 19 
defining the B. 
defining the B. 
and Hernandez’s 
defining the Hernandez V. 
and Hernandez’s 
and Hernandez’s 
defining the Hernandez’s 
defining the Hernandez’sidealsorevenevidence that Hernandez’s 
defining the B. 
defining the Hernandez’s 
defining the B. 
defining the Hernandez’s 
defining the B. 
defining the benefits of the benefits of the benefits of 
defining the B. 
defining the B. Hernandez, and 19 
defining the B. 
and Hernandez’s 
and the definition of 
and Hernandez’s 
and the B. 
and Hernandez’s 
and Hernandez’s 
and Hernandez, and 
and Hernandez’s 
and Hernandez’s 
and Hernandez’s 
and Hernandez’s absence of the Hernandez’s 
and Hernandez’s 
and Hernandez’s 
and Hernandez’s 
and Hernandez’s 
and Hernandez’s 
and Hernandez’s 
and Hernandez’s 
and Hernandez’s absence of the Hernandez’s 
and Hernandez’s 
and Hernandez’s 
and Hernandez, and 19 
and Hernandez, and 19 
and Hernandez, and 19 
and Hernandez, and 
and Hernandez, and 
and Hernandez, and 
and Hernandez, and 19 
and Hernandez Hernandez, and 
and Hernandez, and 
and Hernandez’s 
and Hernandez, and 19 
and Hernandez, and 19 
and Hernandez, and 19 
and Hernandez’s 
and Hernandez’s 
and Hernandez’s 
and Hernandez’s 
and Hernandez’s absence of the Hernandez’s 
and Hernandez’s 
and Hernandez’s 
and Hernandez’s 
and Hernandez’s 
and Hernandez’s 
and Hernandez’s 
and Hernandez’s 
and Hernandez’s 
and Hernandez’s 
and Hernandez’s 
and Hernandez’s 
and Hernandez’s 
and Hernandez’s 
and Hernandez’s 
and Hernandez’s 
and Hernandez’s 
and Hernandez’s 
and Hernandez’s 
and Hernandez’s 
and Hernandez’s 
and Hernandez’s 
and Hernandez’s 
and Hernandez’s 
and Hernandez’s 
and Hernandez’s 
and Hernandez V. Hernandez V. Hernandez, Hernandez’s 
and Hernandez’s 
and Hernandez’s 
and Hernandez’s 
and Hernandez’s 
and Hernandez’s 
and Hernandez’s Hernandez’s 
and Hernandez’s 
and Hernandez’s 
and Hernandez’s 
and Hernandez’s 
and Hernandez’s 
and Hernandez’s 
and Hernandez’s 
and Hernandez’s 
and Hernandez’s 
and Hernandez’s 
and Hernandez’s 
and Hernandez’s 
and Hernandez’s 
and Hernandez’s 
and Hernandez’s 
and Hernandez’s 
and Hernandez’s 
and Hernandez’s absence of Hernandez’s 
and Hernandez’s 
and Hernandez’s 
and Hernandez’s 
and Hernandez’s 
and Hernandez’s 
and Hernandez’s 
and Hernandez’s 
and Hernandez’s 
and Hernandez’s Hernandez’s 
and Hernandez’s 
and Hernandez’s 
and Hernandez’s 
and Hernandez’s 
and Hernandez’s 
and Hernandez’s 
and Hernandez’s 
and Hernandez’s 
and Hernandez’s 
and Hernandez’s 
and Hernandez’s 
and Hernandez’s 
and Hernandez’s 
and Hernandez’s 
and Hernandez’s 
and Hernandez’s 
and Hernandez’s 
and Hernandez’s 
and Hernandez’s 
and the Hernandez’s 
and Hernandez’s 
and Hernandez’s 
and Hernandez’s 
and Hernandez’s 
and Hernandez’s 
and Hernandez’s 
(Note: I've removed the extra text at the end of the quote)

 
because it was not present.)"
21-70493-2022-09-14,https://cdn.ca9.uscourts.gov/datastore/opinions/2022/09/14/21-70493.pdf,meta/llama-3.2-3b-instruct,bars_one_year_deadline_missed,,,15027,parse: JSONDecodeError: Expecting property name enclosed in double quotes: line 3 column 1 (char 4),"{
 
and Hernandez’sidealsome of 
and Hernandez’s absence of 
and Hernandez’sidealsoccurtain’thappened up to Hernandez’s 
and Hernandez’s 
and Hernandez’s absence of 
and Hernandez’s 
and Hernandez’s 
and Hernandez’sidealsome of 
pursuing the Hernandez’sidealsoreven’” (emphasis on the Hernandez’s 
and Hernandez’s 
and Hernandez’s 
and Hernandez’s 
and Hernandez’s 
and Hernandez’s 
and Hernandez’s 
and Hernandez’s 
and Hernandez’s 
and Hernandez’s 
and Hernandez’s 
and Hernandez’s 
and Hernandez’s 
and Hernandez’s 
and Hernandez’s 
and Hernandez’s 
and Hernandez’s 
and Hernandez’s 
and Hernandez’s 
and Hernandez’s 
HERNANALBERTIN RE: 
and Hernandez 
and Hernandez’s 
and Hernandez’s absence of 
and Hernandez’s 
and Hernandez’s 
defining the Hernandez’s 
and Hernandez’s 
defining the Hernandez’s 
and Hernandez’s 
defining the Hernandez 
and Hernandez’s 
and Hernandez’s 
and Hernandez’s 
and Hernandez 
and Hernandez V. 
and Hernandez V. 
defining the Hernandez’s 
defining the Hernandez’s 
defining the Hernandez’s 
defining the Hernandez’s 
defining the Hernandez’sidealsorevenevidence of the B. Asylum, and 19 
defining the B. 
defining the B. 
and Hernandez’s 
defining the Hernandez V. 
and Hernandez’s 
and Hernandez’s 
defining the Hernandez’s 
defining the Hernandez’sidealsorevenevidence that Hernandez’s 
defining the B. 
defining the Hernandez’s 
defining the B. 
defining the Hernandez’s 
defining the B. 
defining the benefits of the benefits of the benefits of 
defining the B. 
defining the B. Hernandez, and 19 
defining the B. 
and Hernandez’s 
and the definition of 
and Hernandez’s 
and the B. 
and Hernandez’s 
and Hernandez’s 
and Hernandez, and 
and Hernandez’s 
and Hernandez’s 
and Hernandez’s 
and Hernandez’s absence of the Hernandez’s 
and Hernandez’s 
and Hernandez’s 
and Hernandez’s 
and Hernandez’s 
and Hernandez’s 
and Hernandez’s 
and Hernandez’s 
and Hernandez’s absence of the Hernandez’s 
and Hernandez’s 
and Hernandez’s 
and Hernandez, and 19 
and Hernandez, and 19 
and Hernandez, and 19 
and Hernandez, and 
and Hernandez, and 
and Hernandez, and 
and Hernandez, and 19 
and Hernandez Hernandez, and 
and Hernandez, and 
and Hernandez’s 
and Hernandez, and 19 
and Hernandez, and 19 
and Hernandez, and 19 
and Hernandez’s 
and Hernandez’s 
and Hernandez’s 
and Hernandez’s 
and Hernandez’s absence of the Hernandez’s 
and Hernandez’s 
and Hernandez’s 
and Hernandez’s 
and Hernandez’s 
and Hernandez’s 
and Hernandez’s 
and Hernandez’s 
and Hernandez’s 
and Hernandez’s 
and Hernandez’s 
and Hernandez’s 
and Hernandez’s 
and Hernandez’s 
and Hernandez’s 
and Hernandez’s 
and Hernandez’s 
and Hernandez’s 
and Hernandez’s 
and Hernandez’s 
and Hernandez’s 
and Hernandez’s 
and Hernandez’s 
and Hernandez’s 
and Hernandez’s 
and Hernandez’s 
and Hernandez V. Hernandez V. Hernandez, Hernandez’s 
and Hernandez’s 
and Hernandez’s 
and Hernandez’s 
and Hernandez’s 
and Hernandez’s 
and Hernandez’s Hernandez’s 
and Hernandez’s 
and Hernandez’s 
and Hernandez’s 
and Hernandez’s 
and Hernandez’s 
and Hernandez’s 
and Hernandez’s 
and Hernandez’s 
and Hernandez’s 
and Hernandez’s 
and Hernandez’s 
and Hernandez’s 
and Hernandez’s 
and Hernandez’s 
and Hernandez’s 
and Hernandez’s 
and Hernandez’s 
and Hernandez’s absence of Hernandez’s 
and Hernandez’s 
and Hernandez’s 
and Hernandez’s 
and Hernandez’s 
and Hernandez’s 
and Hernandez’s 
and Hernandez’s 
and Hernandez’s 
and Hernandez’s Hernandez’s 
and Hernandez’s 
and Hernandez’s 
and Hernandez’s 
and Hernandez’s 
and Hernandez’s 
and Hernandez’s 
and Hernandez’s 
and Hernandez’s 
and Hernandez’s 
and Hernandez’s 
and Hernandez’s 
and Hernandez’s 
and Hernandez’s 
and Hernandez’s 
and Hernandez’s 
and Hernandez’s 
and Hernandez’s 
and Hernandez’s 
and Hernandez’s 
and the Hernandez’s 
and Hernandez’s 
and Hernandez’s 
and Hernandez’s 
and Hernandez’s 
and Hernandez’s 
and Hernandez’s 
(Note: I've removed the extra text at the end of the quote)

 
because it was not present.)"
21-70493-2022-09-14,https://cdn.ca9.uscourts.gov/datastore/opinions/2022/09/14/21-70493.pdf,meta/llama-3.2-3b-instruct,nexus_requirement_met,,,15027,parse: JSONDecodeError: Expecting property name enclosed in double quotes: line 3 column 1 (char 4),"{
 
and Hernandez’sidealsome of 
and Hernandez’s absence of 
and Hernandez’sidealsoccurtain’thappened up to Hernandez’s 
and Hernandez’s 
and Hernandez’s absence of 
and Hernandez’s 
and Hernandez’s 
and Hernandez’sidealsome of 
pursuing the Hernandez’sidealsoreven’” (emphasis on the Hernandez’s 
and Hernandez’s 
and Hernandez’s 
and Hernandez’s 
and Hernandez’s 
and Hernandez’s 
and Hernandez’s 
and Hernandez’s 
and Hernandez’s 
and Hernandez’s 
and Hernandez’s 
and Hernandez’s 
and Hernandez’s 
and Hernandez’s 
and Hernandez’s 
and Hernandez’s 
and Hernandez’s 
and Hernandez’s 
and Hernandez’s 
and Hernandez’s 
HERNANALBERTIN RE: 
and Hernandez 
and Hernandez’s 
and Hernandez’s absence of 
and Hernandez’s 
and Hernandez’s 
defining the Hernandez’s 
and Hernandez’s 
defining the Hernandez’s 
and Hernandez’s 
defining the Hernandez 
and Hernandez’s 
and Hernandez’s 
and Hernandez’s 
and Hernandez 
and Hernandez V. 
and Hernandez V. 
defining the Hernandez’s 
defining the Hernandez’s 
defining the Hernandez’s 
defining the Hernandez’s 
defining the Hernandez’sidealsorevenevidence of the B. Asylum, and 19 
defining the B. 
defining the B. 
and Hernandez’s 
defining the Hernandez V. 
and Hernandez’s 
and Hernandez’s 
defining the Hernandez’s 
defining the Hernandez’sidealsorevenevidence that Hernandez’s 
defining the B. 
defining the Hernandez’s 
defining the B. 
defining the Hernandez’s 
defining the B. 
defining the benefits of the benefits of the benefits of 
defining the B. 
defining the B. Hernandez, and 19 
defining the B. 
and Hernandez’s 
and the definition of 
and Hernandez’s 
and the B. 
and Hernandez’s 
and Hernandez’s 
and Hernandez, and 
and Hernandez’s 
and Hernandez’s 
and Hernandez’s 
and Hernandez’s absence of the Hernandez’s 
and Hernandez’s 
and Hernandez’s 
and Hernandez’s 
and Hernandez’s 
and Hernandez’s 
and Hernandez’s 
and Hernandez’s 
and Hernandez’s absence of the Hernandez’s 
and Hernandez’s 
and Hernandez’s 
and Hernandez, and 19 
and Hernandez, and 19 
and Hernandez, and 19 
and Hernandez, and 
and Hernandez, and 
and Hernandez, and 
and Hernandez, and 19 
and Hernandez Hernandez, and 
and Hernandez, and 
and Hernandez’s 
and Hernandez, and 19 
and Hernandez, and 19 
and Hernandez, and 19 
and Hernandez’s 
and Hernandez’s 
and Hernandez’s 
and Hernandez’s 
and Hernandez’s absence of the Hernandez’s 
and Hernandez’s 
and Hernandez’s 
and Hernandez’s 
and Hernandez’s 
and Hernandez’s 
and Hernandez’s 
and Hernandez’s 
and Hernandez’s 
and Hernandez’s 
and Hernandez’s 
and Hernandez’s 
and Hernandez’s 
and Hernandez’s 
and Hernandez’s 
and Hernandez’s 
and Hernandez’s 
and Hernandez’s 
and Hernandez’s 
and Hernandez’s 
and Hernandez’s 
and Hernandez’s 
and Hernandez’s 
and Hernandez’s 
and Hernandez’s 
and Hernandez’s 
and Hernandez V. Hernandez V. Hernandez, Hernandez’s 
and Hernandez’s 
and Hernandez’s 
and Hernandez’s 
and Hernandez’s 
and Hernandez’s 
and Hernandez’s Hernandez’s 
and Hernandez’s 
and Hernandez’s 
and Hernandez’s 
and Hernandez’s 
and Hernandez’s 
and Hernandez’s 
and Hernandez’s 
and Hernandez’s 
and Hernandez’s 
and Hernandez’s 
and Hernandez’s 
and Hernandez’s 
and Hernandez’s 
and Hernandez’s 
and Hernandez’s 
and Hernandez’s 
and Hernandez’s 
and Hernandez’s absence of Hernandez’s 
and Hernandez’s 
and Hernandez’s 
and Hernandez’s 
and Hernandez’s 
and Hernandez’s 
and Hernandez’s 
and Hernandez’s 
and Hernandez’s 
and Hernandez’s Hernandez’s 
and Hernandez’s 
and Hernandez’s 
and Hernandez’s 
and Hernandez’s 
and Hernandez’s 
and Hernandez’s 
and Hernandez’s 
and Hernandez’s 
and Hernandez’s 
and Hernandez’s 
and Hernandez’s 
and Hernandez’s 
and Hernandez’s 
and Hernandez’s 
and Hernandez’s 
and Hernandez’s 
and Hernandez’s 
and Hernandez’s 
and Hernandez’s 
and the Hernandez’s 
and Hernandez’s 
and Hernandez’s 
and Hernandez’s 
and Hernandez’s 
and Hernandez’s 
and Hernandez’s 
(Note: I've removed the extra text at the end of the quote)

 
because it was not present.)"
17-72197-2020-12-21,https://cdn.ca9.uscourts.gov/datastore/opinions/2020/12/21/17-72197.pdf,meta/llama-3.2-3b-instruct,asylum_requested,True,"Nguyen asserted a fear of persecution in Vietnam, including possible placement in a compulsory drug rehabilitation center, based on his prior drug use history and criminal record.",5853,,"{
  ""asylum_requested"": true,
  ""asylum_requested_evidence"": ""Nguyen asserted a fear of persecution in Vietnam, including possible placement in a compulsory drug rehabilitation center, based on his prior drug use history and criminal record."",
  ""withholding_requested"": false,
  ""withholding_requested_evidence"": ""Not mentioned in the opinion."",
  ""CAT_requested"": false,
  ""CAT_requested_evidence"": ""Not mentioned in the opinion."",
  ""protected_ground_political_opinion"": false,
  ""protected_ground_political_opinion_evidence"": ""Not mentioned in the opinion."",
  ""protected_ground_particular_social_group"": true,
  ""protected_ground_particular_social_group_evidence"": ""The IJ held that Nguyen had established his membership in a cognizable particular social group: known drug users."",
  ""past_persecution_physical_violence"": false,
  ""past_persecution_physical_violence_evidence"": ""Not mentioned in the opinion."",
  ""past_persecution_death_threats"": false,
  ""past_persecution_death_threats_evidence"": ""Not mentioned in the opinion."",
  ""persecutor_nongovernmental_actor"": false,
  ""persecutor_nongovernmental_actor_evidence"": ""Not mentioned in the opinion."",
  ""credibility_finding"": false,
  ""credibility_finding_evidence"": ""Not mentioned in the opinion."",
  ""bars_one_year_deadline_missed"": true,
  ""bars_one_year_deadline_missed_evidence"": ""The Department served Nguyen with a Notice to Appear for removal proceedings and charged him as inadmissible due to his controlled substance offense identified by Customs and Border Patrol, pursuant to 8 U.S.C. § 1182(a)(2)(A)(i)(II)."",
  ""nexus_requirement_met"": false,
  ""nexus_requirement_met_evidence"": ""Not mentioned in the opinion.""
}"
17-72197-2020-12-21,https://cdn.ca9.uscourts.gov/datastore/opinions/2020/12/21/17-72197.pdf,meta/llama-3.2-3b-instruct,withholding_requested,False,Not mentioned in the opinion.,5853,,"{
  ""asylum_requested"": true,
  ""asylum_requested_evidence"": ""Nguyen asserted a fear of persecution in Vietnam, including possible placement in a compulsory drug rehabilitation center, based on his prior drug use history and criminal record."",
  ""withholding_requested"": false,
  ""withholding_requested_evidence"": ""Not mentioned in the opinion."",
  ""CAT_requested"": false,
  ""CAT_requested_evidence"": ""Not mentioned in the opinion."",
  ""protected_ground_political_opinion"": false,
  ""protected_ground_political_opinion_evidence"": ""Not mentioned in the opinion."",
  ""protected_ground_particular_social_group"": true,
  ""protected_ground_particular_social_group_evidence"": ""The IJ held that Nguyen had established his membership in a cognizable particular social group: known drug users."",
  ""past_persecution_physical_violence"": false,
  ""past_persecution_physical_violence_evidence"": ""Not mentioned in the opinion."",
  ""past_persecution_death_threats"": false,
  ""past_persecution_death_threats_evidence"": ""Not mentioned in the opinion."",
  ""persecutor_nongovernmental_actor"": false,
  ""persecutor_nongovernmental_actor_evidence"": ""Not mentioned in the opinion."",
  ""credibility_finding"": false,
  ""credibility_finding_evidence"": ""Not mentioned in the opinion."",
  ""bars_one_year_deadline_missed"": true,
  ""bars_one_year_deadline_missed_evidence"": ""The Department served Nguyen with a Notice to Appear for removal proceedings and charged him as inadmissible due to his controlled substance offense identified by Customs and Border Patrol, pursuant to 8 U.S.C. § 1182(a)(2)(A)(i)(II)."",
  ""nexus_requirement_met"": false,
  ""nexus_requirement_met_evidence"": ""Not mentioned in the opinion.""
}"
17-72197-2020-12-21,https://cdn.ca9.uscourts.gov/datastore/opinions/2020/12/21/17-72197.pdf,meta/llama-3.2-3b-instruct,CAT_requested,False,Not mentioned in the opinion.,5853,,"{
  ""asylum_requested"": true,
  ""asylum_requested_evidence"": ""Nguyen asserted a fear of persecution in Vietnam, including possible placement in a compulsory drug rehabilitation center, based on his prior drug use history and criminal record."",
  ""withholding_requested"": false,
  ""withholding_requested_evidence"": ""Not mentioned in the opinion."",
  ""CAT_requested"": false,
  ""CAT_requested_evidence"": ""Not mentioned in the opinion."",
  ""protected_ground_political_opinion"": false,
  ""protected_ground_political_opinion_evidence"": ""Not mentioned in the opinion."",
  ""protected_ground_particular_social_group"": true,
  ""protected_ground_particular_social_group_evidence"": ""The IJ held that Nguyen had established his membership in a cognizable particular social group: known drug users."",
  ""past_persecution_physical_violence"": false,
  ""past_persecution_physical_violence_evidence"": ""Not mentioned in the opinion."",
  ""past_persecution_death_threats"": false,
  ""past_persecution_death_threats_evidence"": ""Not mentioned in the opinion."",
  ""persecutor_nongovernmental_actor"": false,
  ""persecutor_nongovernmental_actor_evidence"": ""Not mentioned in the opinion."",
  ""credibility_finding"": false,
  ""credibility_finding_evidence"": ""Not mentioned in the opinion."",
  ""bars_one_year_deadline_missed"": true,
  ""bars_one_year_deadline_missed_evidence"": ""The Department served Nguyen with a Notice to Appear for removal proceedings and charged him as inadmissible due to his controlled substance offense identified by Customs and Border Patrol, pursuant to 8 U.S.C. § 1182(a)(2)(A)(i)(II)."",
  ""nexus_requirement_met"": false,
  ""nexus_requirement_met_evidence"": ""Not mentioned in the opinion.""
}"
17-72197-2020-12-21,https://cdn.ca9.uscourts.gov/datastore/opinions/2020/12/21/17-72197.pdf,meta/llama-3.2-3b-instruct,protected_ground_political_opinion,False,Not mentioned in the opinion.,5853,,"{
  ""asylum_requested"": true,
  ""asylum_requested_evidence"": ""Nguyen asserted a fear of persecution in Vietnam, including possible placement in a compulsory drug rehabilitation center, based on his prior drug use history and criminal record."",
  ""withholding_requested"": false,
  ""withholding_requested_evidence"": ""Not mentioned in the opinion."",
  ""CAT_requested"": false,
  ""CAT_requested_evidence"": ""Not mentioned in the opinion."",
  ""protected_ground_political_opinion"": false,
  ""protected_ground_political_opinion_evidence"": ""Not mentioned in the opinion."",
  ""protected_ground_particular_social_group"": true,
  ""protected_ground_particular_social_group_evidence"": ""The IJ held that Nguyen had established his membership in a cognizable particular social group: known drug users."",
  ""past_persecution_physical_violence"": false,
  ""past_persecution_physical_violence_evidence"": ""Not mentioned in the opinion."",
  ""past_persecution_death_threats"": false,
  ""past_persecution_death_threats_evidence"": ""Not mentioned in the opinion."",
  ""persecutor_nongovernmental_actor"": false,
  ""persecutor_nongovernmental_actor_evidence"": ""Not mentioned in the opinion."",
  ""credibility_finding"": false,
  ""credibility_finding_evidence"": ""Not mentioned in the opinion."",
  ""bars_one_year_deadline_missed"": true,
  ""bars_one_year_deadline_missed_evidence"": ""The Department served Nguyen with a Notice to Appear for removal proceedings and charged him as inadmissible due to his controlled substance offense identified by Customs and Border Patrol, pursuant to 8 U.S.C. § 1182(a)(2)(A)(i)(II)."",
  ""nexus_requirement_met"": false,
  ""nexus_requirement_met_evidence"": ""Not mentioned in the opinion.""
}"
17-72197-2020-12-21,https://cdn.ca9.uscourts.gov/datastore/opinions/2020/12/21/17-72197.pdf,meta/llama-3.2-3b-instruct,protected_ground_particular_social_group,True,The IJ held that Nguyen had established his membership in a cognizable particular social group: known drug users.,5853,,"{
  ""asylum_requested"": true,
  ""asylum_requested_evidence"": ""Nguyen asserted a fear of persecution in Vietnam, including possible placement in a compulsory drug rehabilitation center, based on his prior drug use history and criminal record."",
  ""withholding_requested"": false,
  ""withholding_requested_evidence"": ""Not mentioned in the opinion."",
  ""CAT_requested"": false,
  ""CAT_requested_evidence"": ""Not mentioned in the opinion."",
  ""protected_ground_political_opinion"": false,
  ""protected_ground_political_opinion_evidence"": ""Not mentioned in the opinion."",
  ""protected_ground_particular_social_group"": true,
  ""protected_ground_particular_social_group_evidence"": ""The IJ held that Nguyen had established his membership in a cognizable particular social group: known drug users."",
  ""past_persecution_physical_violence"": false,
  ""past_persecution_physical_violence_evidence"": ""Not mentioned in the opinion."",
  ""past_persecution_death_threats"": false,
  ""past_persecution_death_threats_evidence"": ""Not mentioned in the opinion."",
  ""persecutor_nongovernmental_actor"": false,
  ""persecutor_nongovernmental_actor_evidence"": ""Not mentioned in the opinion."",
  ""credibility_finding"": false,
  ""credibility_finding_evidence"": ""Not mentioned in the opinion."",
  ""bars_one_year_deadline_missed"": true,
  ""bars_one_year_deadline_missed_evidence"": ""The Department served Nguyen with a Notice to Appear for removal proceedings and charged him as inadmissible due to his controlled substance offense identified by Customs and Border Patrol, pursuant to 8 U.S.C. § 1182(a)(2)(A)(i)(II)."",
  ""nexus_requirement_met"": false,
  ""nexus_requirement_met_evidence"": ""Not mentioned in the opinion.""
}"
17-72197-2020-12-21,https://cdn.ca9.uscourts.gov/datastore/opinions/2020/12/21/17-72197.pdf,meta/llama-3.2-3b-instruct,past_persecution_physical_violence,False,Not mentioned in the opinion.,5853,,"{
  ""asylum_requested"": true,
  ""asylum_requested_evidence"": ""Nguyen asserted a fear of persecution in Vietnam, including possible placement in a compulsory drug rehabilitation center, based on his prior drug use history and criminal record."",
  ""withholding_requested"": false,
  ""withholding_requested_evidence"": ""Not mentioned in the opinion."",
  ""CAT_requested"": false,
  ""CAT_requested_evidence"": ""Not mentioned in the opinion."",
  ""protected_ground_political_opinion"": false,
  ""protected_ground_political_opinion_evidence"": ""Not mentioned in the opinion."",
  ""protected_ground_particular_social_group"": true,
  ""protected_ground_particular_social_group_evidence"": ""The IJ held that Nguyen had established his membership in a cognizable particular social group: known drug users."",
  ""past_persecution_physical_violence"": false,
  ""past_persecution_physical_violence_evidence"": ""Not mentioned in the opinion."",
  ""past_persecution_death_threats"": false,
  ""past_persecution_death_threats_evidence"": ""Not mentioned in the opinion."",
  ""persecutor_nongovernmental_actor"": false,
  ""persecutor_nongovernmental_actor_evidence"": ""Not mentioned in the opinion."",
  ""credibility_finding"": false,
  ""credibility_finding_evidence"": ""Not mentioned in the opinion."",
  ""bars_one_year_deadline_missed"": true,
  ""bars_one_year_deadline_missed_evidence"": ""The Department served Nguyen with a Notice to Appear for removal proceedings and charged him as inadmissible due to his controlled substance offense identified by Customs and Border Patrol, pursuant to 8 U.S.C. § 1182(a)(2)(A)(i)(II)."",
  ""nexus_requirement_met"": false,
  ""nexus_requirement_met_evidence"": ""Not mentioned in the opinion.""
}"
17-72197-2020-12-21,https://cdn.ca9.uscourts.gov/datastore/opinions/2020/12/21/17-72197.pdf,meta/llama-3.2-3b-instruct,past_persecution_death_threats,False,Not mentioned in the opinion.,5853,,"{
  ""asylum_requested"": true,
  ""asylum_requested_evidence"": ""Nguyen asserted a fear of persecution in Vietnam, including possible placement in a compulsory drug rehabilitation center, based on his prior drug use history and criminal record."",
  ""withholding_requested"": false,
  ""withholding_requested_evidence"": ""Not mentioned in the opinion."",
  ""CAT_requested"": false,
  ""CAT_requested_evidence"": ""Not mentioned in the opinion."",
  ""protected_ground_political_opinion"": false,
  ""protected_ground_political_opinion_evidence"": ""Not mentioned in the opinion."",
  ""protected_ground_particular_social_group"": true,
  ""protected_ground_particular_social_group_evidence"": ""The IJ held that Nguyen had established his membership in a cognizable particular social group: known drug users."",
  ""past_persecution_physical_violence"": false,
  ""past_persecution_physical_violence_evidence"": ""Not mentioned in the opinion."",
  ""past_persecution_death_threats"": false,
  ""past_persecution_death_threats_evidence"": ""Not mentioned in the opinion."",
  ""persecutor_nongovernmental_actor"": false,
  ""persecutor_nongovernmental_actor_evidence"": ""Not mentioned in the opinion."",
  ""credibility_finding"": false,
  ""credibility_finding_evidence"": ""Not mentioned in the opinion."",
  ""bars_one_year_deadline_missed"": true,
  ""bars_one_year_deadline_missed_evidence"": ""The Department served Nguyen with a Notice to Appear for removal proceedings and charged him as inadmissible due to his controlled substance offense identified by Customs and Border Patrol, pursuant to 8 U.S.C. § 1182(a)(2)(A)(i)(II)."",
  ""nexus_requirement_met"": false,
  ""nexus_requirement_met_evidence"": ""Not mentioned in the opinion.""
}"
17-72197-2020-12-21,https://cdn.ca9.uscourts.gov/datastore/opinions/2020/12/21/17-72197.pdf,meta/llama-3.2-3b-instruct,persecutor_nongovernmental_actor,False,Not mentioned in the opinion.,5853,,"{
  ""asylum_requested"": true,
  ""asylum_requested_evidence"": ""Nguyen asserted a fear of persecution in Vietnam, including possible placement in a compulsory drug rehabilitation center, based on his prior drug use history and criminal record."",
  ""withholding_requested"": false,
  ""withholding_requested_evidence"": ""Not mentioned in the opinion."",
  ""CAT_requested"": false,
  ""CAT_requested_evidence"": ""Not mentioned in the opinion."",
  ""protected_ground_political_opinion"": false,
  ""protected_ground_political_opinion_evidence"": ""Not mentioned in the opinion."",
  ""protected_ground_particular_social_group"": true,
  ""protected_ground_particular_social_group_evidence"": ""The IJ held that Nguyen had established his membership in a cognizable particular social group: known drug users."",
  ""past_persecution_physical_violence"": false,
  ""past_persecution_physical_violence_evidence"": ""Not mentioned in the opinion."",
  ""past_persecution_death_threats"": false,
  ""past_persecution_death_threats_evidence"": ""Not mentioned in the opinion."",
  ""persecutor_nongovernmental_actor"": false,
  ""persecutor_nongovernmental_actor_evidence"": ""Not mentioned in the opinion."",
  ""credibility_finding"": false,
  ""credibility_finding_evidence"": ""Not mentioned in the opinion."",
  ""bars_one_year_deadline_missed"": true,
  ""bars_one_year_deadline_missed_evidence"": ""The Department served Nguyen with a Notice to Appear for removal proceedings and charged him as inadmissible due to his controlled substance offense identified by Customs and Border Patrol, pursuant to 8 U.S.C. § 1182(a)(2)(A)(i)(II)."",
  ""nexus_requirement_met"": false,
  ""nexus_requirement_met_evidence"": ""Not mentioned in the opinion.""
}"
17-72197-2020-12-21,https://cdn.ca9.uscourts.gov/datastore/opinions/2020/12/21/17-72197.pdf,meta/llama-3.2-3b-instruct,credibility_finding,False,Not mentioned in the opinion.,5853,,"{
  ""asylum_requested"": true,
  ""asylum_requested_evidence"": ""Nguyen asserted a fear of persecution in Vietnam, including possible placement in a compulsory drug rehabilitation center, based on his prior drug use history and criminal record."",
  ""withholding_requested"": false,
  ""withholding_requested_evidence"": ""Not mentioned in the opinion."",
  ""CAT_requested"": false,
  ""CAT_requested_evidence"": ""Not mentioned in the opinion."",
  ""protected_ground_political_opinion"": false,
  ""protected_ground_political_opinion_evidence"": ""Not mentioned in the opinion."",
  ""protected_ground_particular_social_group"": true,
  ""protected_ground_particular_social_group_evidence"": ""The IJ held that Nguyen had established his membership in a cognizable particular social group: known drug users."",
  ""past_persecution_physical_violence"": false,
  ""past_persecution_physical_violence_evidence"": ""Not mentioned in the opinion."",
  ""past_persecution_death_threats"": false,
  ""past_persecution_death_threats_evidence"": ""Not mentioned in the opinion."",
  ""persecutor_nongovernmental_actor"": false,
  ""persecutor_nongovernmental_actor_evidence"": ""Not mentioned in the opinion."",
  ""credibility_finding"": false,
  ""credibility_finding_evidence"": ""Not mentioned in the opinion."",
  ""bars_one_year_deadline_missed"": true,
  ""bars_one_year_deadline_missed_evidence"": ""The Department served Nguyen with a Notice to Appear for removal proceedings and charged him as inadmissible due to his controlled substance offense identified by Customs and Border Patrol, pursuant to 8 U.S.C. § 1182(a)(2)(A)(i)(II)."",
  ""nexus_requirement_met"": false,
  ""nexus_requirement_met_evidence"": ""Not mentioned in the opinion.""
}"
17-72197-2020-12-21,https://cdn.ca9.uscourts.gov/datastore/opinions/2020/12/21/17-72197.pdf,meta/llama-3.2-3b-instruct,bars_one_year_deadline_missed,True,"The Department served Nguyen with a Notice to Appear for removal proceedings and charged him as inadmissible due to his controlled substance offense identified by Customs and Border Patrol, pursuant to 8 U.S.C. § 1182(a)(2)(A)(i)(II).",5853,,"{
  ""asylum_requested"": true,
  ""asylum_requested_evidence"": ""Nguyen asserted a fear of persecution in Vietnam, including possible placement in a compulsory drug rehabilitation center, based on his prior drug use history and criminal record."",
  ""withholding_requested"": false,
  ""withholding_requested_evidence"": ""Not mentioned in the opinion."",
  ""CAT_requested"": false,
  ""CAT_requested_evidence"": ""Not mentioned in the opinion."",
  ""protected_ground_political_opinion"": false,
  ""protected_ground_political_opinion_evidence"": ""Not mentioned in the opinion."",
  ""protected_ground_particular_social_group"": true,
  ""protected_ground_particular_social_group_evidence"": ""The IJ held that Nguyen had established his membership in a cognizable particular social group: known drug users."",
  ""past_persecution_physical_violence"": false,
  ""past_persecution_physical_violence_evidence"": ""Not mentioned in the opinion."",
  ""past_persecution_death_threats"": false,
  ""past_persecution_death_threats_evidence"": ""Not mentioned in the opinion."",
  ""persecutor_nongovernmental_actor"": false,
  ""persecutor_nongovernmental_actor_evidence"": ""Not mentioned in the opinion."",
  ""credibility_finding"": false,
  ""credibility_finding_evidence"": ""Not mentioned in the opinion."",
  ""bars_one_year_deadline_missed"": true,
  ""bars_one_year_deadline_missed_evidence"": ""The Department served Nguyen with a Notice to Appear for removal proceedings and charged him as inadmissible due to his controlled substance offense identified by Customs and Border Patrol, pursuant to 8 U.S.C. § 1182(a)(2)(A)(i)(II)."",
  ""nexus_requirement_met"": false,
  ""nexus_requirement_met_evidence"": ""Not mentioned in the opinion.""
}"
17-72197-2020-12-21,https://cdn.ca9.uscourts.gov/datastore/opinions/2020/12/21/17-72197.pdf,meta/llama-3.2-3b-instruct,nexus_requirement_met,False,Not mentioned in the opinion.,5853,,"{
  ""asylum_requested"": true,
  ""asylum_requested_evidence"": ""Nguyen asserted a fear of persecution in Vietnam, including possible placement in a compulsory drug rehabilitation center, based on his prior drug use history and criminal record."",
  ""withholding_requested"": false,
  ""withholding_requested_evidence"": ""Not mentioned in the opinion."",
  ""CAT_requested"": false,
  ""CAT_requested_evidence"": ""Not mentioned in the opinion."",
  ""protected_ground_political_opinion"": false,
  ""protected_ground_political_opinion_evidence"": ""Not mentioned in the opinion."",
  ""protected_ground_particular_social_group"": true,
  ""protected_ground_particular_social_group_evidence"": ""The IJ held that Nguyen had established his membership in a cognizable particular social group: known drug users."",
  ""past_persecution_physical_violence"": false,
  ""past_persecution_physical_violence_evidence"": ""Not mentioned in the opinion."",
  ""past_persecution_death_threats"": false,
  ""past_persecution_death_threats_evidence"": ""Not mentioned in the opinion."",
  ""persecutor_nongovernmental_actor"": false,
  ""persecutor_nongovernmental_actor_evidence"": ""Not mentioned in the opinion."",
  ""credibility_finding"": false,
  ""credibility_finding_evidence"": ""Not mentioned in the opinion."",
  ""bars_one_year_deadline_missed"": true,
  ""bars_one_year_deadline_missed_evidence"": ""The Department served Nguyen with a Notice to Appear for removal proceedings and charged him as inadmissible due to his controlled substance offense identified by Customs and Border Patrol, pursuant to 8 U.S.C. § 1182(a)(2)(A)(i)(II)."",
  ""nexus_requirement_met"": false,
  ""nexus_requirement_met_evidence"": ""Not mentioned in the opinion.""
}"
23-3858-2025-04-23,https://cdn.ca9.uscourts.gov/datastore/opinions/2025/04/23/23-3858.pdf,meta/llama-3.2-3b-instruct,asylum_requested,,,6633,"parse: JSONDecodeError: Expecting ',' delimiter: line 23 column 68 (char 1739)","{
  ""asylum_requested"": true,
  ""asylum_requested_evidence"": ""The statute does not define what it means to be a refugee within the meaning of section 1101(a)(42)(A), but a regulation provides the definition."",
  ""withholding_requested"": false,
  ""withholding_requested_evidence"": ""Not mentioned in the opinion."",
  ""CAT_requested"": false,
  ""CAT_requested_evidence"": ""Not mentioned in the opinion."",
  ""protected_ground_political_opinion"": false,
  ""protected_ground_political_opinion_evidence"": ""Not mentioned in the opinion."",
  ""protected_ground_particular_social_group"": false,
  ""protected_ground_particular_social_group_evidence"": ""Not mentioned in the opinion."",
  ""past_persecution_physical_violence"": true,
  ""past_persecution_physical_violence_evidence"": ""The men punched and kicked Oscar, pushed his then-girlfriend (now-wife) Fabienne Lorjuste, and left only when they heard the sound of a gunshot nearby, threatening to come back “for real.” Oscar testified that he was “not really injured,” and suffered only scratches."",
  ""past_persecution_death_threats"": true,
  ""past_persecution_death_threats_evidence"": ""The men threatened to come back “for real” after they left Oscar."",
  ""persecutor_nongovernmental_actor"": true,
  ""persecutor_nongovernmental_actor_evidence"": ""The men belonged to the PHTK, which Oscar testified was a violent gang."",
  ""credibility_finding"": false,
  ""credibility_finding_evidence"": ""The IJ found Oscar to be not credible."",
  ""bars_one_year_deadline_missed"": true,
  ""bars_one_year_deadline_missed_evidence"": ""The petitioner missed the one-year asylum filing deadline under INA § 208(a)(2)(B)."",
  ""nexus_requirement_met"": false,
  ""nexus_requirement_met_evidence"": ""Not mentioned in the opinion."""
23-3858-2025-04-23,https://cdn.ca9.uscourts.gov/datastore/opinions/2025/04/23/23-3858.pdf,meta/llama-3.2-3b-instruct,withholding_requested,,,6633,"parse: JSONDecodeError: Expecting ',' delimiter: line 23 column 68 (char 1739)","{
  ""asylum_requested"": true,
  ""asylum_requested_evidence"": ""The statute does not define what it means to be a refugee within the meaning of section 1101(a)(42)(A), but a regulation provides the definition."",
  ""withholding_requested"": false,
  ""withholding_requested_evidence"": ""Not mentioned in the opinion."",
  ""CAT_requested"": false,
  ""CAT_requested_evidence"": ""Not mentioned in the opinion."",
  ""protected_ground_political_opinion"": false,
  ""protected_ground_political_opinion_evidence"": ""Not mentioned in the opinion."",
  ""protected_ground_particular_social_group"": false,
  ""protected_ground_particular_social_group_evidence"": ""Not mentioned in the opinion."",
  ""past_persecution_physical_violence"": true,
  ""past_persecution_physical_violence_evidence"": ""The men punched and kicked Oscar, pushed his then-girlfriend (now-wife) Fabienne Lorjuste, and left only when they heard the sound of a gunshot nearby, threatening to come back “for real.” Oscar testified that he was “not really injured,” and suffered only scratches."",
  ""past_persecution_death_threats"": true,
  ""past_persecution_death_threats_evidence"": ""The men threatened to come back “for real” after they left Oscar."",
  ""persecutor_nongovernmental_actor"": true,
  ""persecutor_nongovernmental_actor_evidence"": ""The men belonged to the PHTK, which Oscar testified was a violent gang."",
  ""credibility_finding"": false,
  ""credibility_finding_evidence"": ""The IJ found Oscar to be not credible."",
  ""bars_one_year_deadline_missed"": true,
  ""bars_one_year_deadline_missed_evidence"": ""The petitioner missed the one-year asylum filing deadline under INA § 208(a)(2)(B)."",
  ""nexus_requirement_met"": false,
  ""nexus_requirement_met_evidence"": ""Not mentioned in the opinion."""
23-3858-2025-04-23,https://cdn.ca9.uscourts.gov/datastore/opinions/2025/04/23/23-3858.pdf,meta/llama-3.2-3b-instruct,CAT_requested,,,6633,"parse: JSONDecodeError: Expecting ',' delimiter: line 23 column 68 (char 1739)","{
  ""asylum_requested"": true,
  ""asylum_requested_evidence"": ""The statute does not define what it means to be a refugee within the meaning of section 1101(a)(42)(A), but a regulation provides the definition."",
  ""withholding_requested"": false,
  ""withholding_requested_evidence"": ""Not mentioned in the opinion."",
  ""CAT_requested"": false,
  ""CAT_requested_evidence"": ""Not mentioned in the opinion."",
  ""protected_ground_political_opinion"": false,
  ""protected_ground_political_opinion_evidence"": ""Not mentioned in the opinion."",
  ""protected_ground_particular_social_group"": false,
  ""protected_ground_particular_social_group_evidence"": ""Not mentioned in the opinion."",
  ""past_persecution_physical_violence"": true,
  ""past_persecution_physical_violence_evidence"": ""The men punched and kicked Oscar, pushed his then-girlfriend (now-wife) Fabienne Lorjuste, and left only when they heard the sound of a gunshot nearby, threatening to come back “for real.” Oscar testified that he was “not really injured,” and suffered only scratches."",
  ""past_persecution_death_threats"": true,
  ""past_persecution_death_threats_evidence"": ""The men threatened to come back “for real” after they left Oscar."",
  ""persecutor_nongovernmental_actor"": true,
  ""persecutor_nongovernmental_actor_evidence"": ""The men belonged to the PHTK, which Oscar testified was a violent gang."",
  ""credibility_finding"": false,
  ""credibility_finding_evidence"": ""The IJ found Oscar to be not credible."",
  ""bars_one_year_deadline_missed"": true,
  ""bars_one_year_deadline_missed_evidence"": ""The petitioner missed the one-year asylum filing deadline under INA § 208(a)(2)(B)."",
  ""nexus_requirement_met"": false,
  ""nexus_requirement_met_evidence"": ""Not mentioned in the opinion."""
23-3858-2025-04-23,https://cdn.ca9.uscourts.gov/datastore/opinions/2025/04/23/23-3858.pdf,meta/llama-3.2-3b-instruct,protected_ground_political_opinion,,,6633,"parse: JSONDecodeError: Expecting ',' delimiter: line 23 column 68 (char 1739)","{
  ""asylum_requested"": true,
  ""asylum_requested_evidence"": ""The statute does not define what it means to be a refugee within the meaning of section 1101(a)(42)(A), but a regulation provides the definition."",
  ""withholding_requested"": false,
  ""withholding_requested_evidence"": ""Not mentioned in the opinion."",
  ""CAT_requested"": false,
  ""CAT_requested_evidence"": ""Not mentioned in the opinion."",
  ""protected_ground_political_opinion"": false,
  ""protected_ground_political_opinion_evidence"": ""Not mentioned in the opinion."",
  ""protected_ground_particular_social_group"": false,
  ""protected_ground_particular_social_group_evidence"": ""Not mentioned in the opinion."",
  ""past_persecution_physical_violence"": true,
  ""past_persecution_physical_violence_evidence"": ""The men punched and kicked Oscar, pushed his then-girlfriend (now-wife) Fabienne Lorjuste, and left only when they heard the sound of a gunshot nearby, threatening to come back “for real.” Oscar testified that he was “not really injured,” and suffered only scratches."",
  ""past_persecution_death_threats"": true,
  ""past_persecution_death_threats_evidence"": ""The men threatened to come back “for real” after they left Oscar."",
  ""persecutor_nongovernmental_actor"": true,
  ""persecutor_nongovernmental_actor_evidence"": ""The men belonged to the PHTK, which Oscar testified was a violent gang."",
  ""credibility_finding"": false,
  ""credibility_finding_evidence"": ""The IJ found Oscar to be not credible."",
  ""bars_one_year_deadline_missed"": true,
  ""bars_one_year_deadline_missed_evidence"": ""The petitioner missed the one-year asylum filing deadline under INA § 208(a)(2)(B)."",
  ""nexus_requirement_met"": false,
  ""nexus_requirement_met_evidence"": ""Not mentioned in the opinion."""
23-3858-2025-04-23,https://cdn.ca9.uscourts.gov/datastore/opinions/2025/04/23/23-3858.pdf,meta/llama-3.2-3b-instruct,protected_ground_particular_social_group,,,6633,"parse: JSONDecodeError: Expecting ',' delimiter: line 23 column 68 (char 1739)","{
  ""asylum_requested"": true,
  ""asylum_requested_evidence"": ""The statute does not define what it means to be a refugee within the meaning of section 1101(a)(42)(A), but a regulation provides the definition."",
  ""withholding_requested"": false,
  ""withholding_requested_evidence"": ""Not mentioned in the opinion."",
  ""CAT_requested"": false,
  ""CAT_requested_evidence"": ""Not mentioned in the opinion."",
  ""protected_ground_political_opinion"": false,
  ""protected_ground_political_opinion_evidence"": ""Not mentioned in the opinion."",
  ""protected_ground_particular_social_group"": false,
  ""protected_ground_particular_social_group_evidence"": ""Not mentioned in the opinion."",
  ""past_persecution_physical_violence"": true,
  ""past_persecution_physical_violence_evidence"": ""The men punched and kicked Oscar, pushed his then-girlfriend (now-wife) Fabienne Lorjuste, and left only when they heard the sound of a gunshot nearby, threatening to come back “for real.” Oscar testified that he was “not really injured,” and suffered only scratches."",
  ""past_persecution_death_threats"": true,
  ""past_persecution_death_threats_evidence"": ""The men threatened to come back “for real” after they left Oscar."",
  ""persecutor_nongovernmental_actor"": true,
  ""persecutor_nongovernmental_actor_evidence"": ""The men belonged to the PHTK, which Oscar testified was a violent gang."",
  ""credibility_finding"": false,
  ""credibility_finding_evidence"": ""The IJ found Oscar to be not credible."",
  ""bars_one_year_deadline_missed"": true,
  ""bars_one_year_deadline_missed_evidence"": ""The petitioner missed the one-year asylum filing deadline under INA § 208(a)(2)(B)."",
  ""nexus_requirement_met"": false,
  ""nexus_requirement_met_evidence"": ""Not mentioned in the opinion."""
23-3858-2025-04-23,https://cdn.ca9.uscourts.gov/datastore/opinions/2025/04/23/23-3858.pdf,meta/llama-3.2-3b-instruct,past_persecution_physical_violence,,,6633,"parse: JSONDecodeError: Expecting ',' delimiter: line 23 column 68 (char 1739)","{
  ""asylum_requested"": true,
  ""asylum_requested_evidence"": ""The statute does not define what it means to be a refugee within the meaning of section 1101(a)(42)(A), but a regulation provides the definition."",
  ""withholding_requested"": false,
  ""withholding_requested_evidence"": ""Not mentioned in the opinion."",
  ""CAT_requested"": false,
  ""CAT_requested_evidence"": ""Not mentioned in the opinion."",
  ""protected_ground_political_opinion"": false,
  ""protected_ground_political_opinion_evidence"": ""Not mentioned in the opinion."",
  ""protected_ground_particular_social_group"": false,
  ""protected_ground_particular_social_group_evidence"": ""Not mentioned in the opinion."",
  ""past_persecution_physical_violence"": true,
  ""past_persecution_physical_violence_evidence"": ""The men punched and kicked Oscar, pushed his then-girlfriend (now-wife) Fabienne Lorjuste, and left only when they heard the sound of a gunshot nearby, threatening to come back “for real.” Oscar testified that he was “not really injured,” and suffered only scratches."",
  ""past_persecution_death_threats"": true,
  ""past_persecution_death_threats_evidence"": ""The men threatened to come back “for real” after they left Oscar."",
  ""persecutor_nongovernmental_actor"": true,
  ""persecutor_nongovernmental_actor_evidence"": ""The men belonged to the PHTK, which Oscar testified was a violent gang."",
  ""credibility_finding"": false,
  ""credibility_finding_evidence"": ""The IJ found Oscar to be not credible."",
  ""bars_one_year_deadline_missed"": true,
  ""bars_one_year_deadline_missed_evidence"": ""The petitioner missed the one-year asylum filing deadline under INA § 208(a)(2)(B)."",
  ""nexus_requirement_met"": false,
  ""nexus_requirement_met_evidence"": ""Not mentioned in the opinion."""
23-3858-2025-04-23,https://cdn.ca9.uscourts.gov/datastore/opinions/2025/04/23/23-3858.pdf,meta/llama-3.2-3b-instruct,past_persecution_death_threats,,,6633,"parse: JSONDecodeError: Expecting ',' delimiter: line 23 column 68 (char 1739)","{
  ""asylum_requested"": true,
  ""asylum_requested_evidence"": ""The statute does not define what it means to be a refugee within the meaning of section 1101(a)(42)(A), but a regulation provides the definition."",
  ""withholding_requested"": false,
  ""withholding_requested_evidence"": ""Not mentioned in the opinion."",
  ""CAT_requested"": false,
  ""CAT_requested_evidence"": ""Not mentioned in the opinion."",
  ""protected_ground_political_opinion"": false,
  ""protected_ground_political_opinion_evidence"": ""Not mentioned in the opinion."",
  ""protected_ground_particular_social_group"": false,
  ""protected_ground_particular_social_group_evidence"": ""Not mentioned in the opinion."",
  ""past_persecution_physical_violence"": true,
  ""past_persecution_physical_violence_evidence"": ""The men punched and kicked Oscar, pushed his then-girlfriend (now-wife) Fabienne Lorjuste, and left only when they heard the sound of a gunshot nearby, threatening to come back “for real.” Oscar testified that he was “not really injured,” and suffered only scratches."",
  ""past_persecution_death_threats"": true,
  ""past_persecution_death_threats_evidence"": ""The men threatened to come back “for real” after they left Oscar."",
  ""persecutor_nongovernmental_actor"": true,
  ""persecutor_nongovernmental_actor_evidence"": ""The men belonged to the PHTK, which Oscar testified was a violent gang."",
  ""credibility_finding"": false,
  ""credibility_finding_evidence"": ""The IJ found Oscar to be not credible."",
  ""bars_one_year_deadline_missed"": true,
  ""bars_one_year_deadline_missed_evidence"": ""The petitioner missed the one-year asylum filing deadline under INA § 208(a)(2)(B)."",
  ""nexus_requirement_met"": false,
  ""nexus_requirement_met_evidence"": ""Not mentioned in the opinion."""
23-3858-2025-04-23,https://cdn.ca9.uscourts.gov/datastore/opinions/2025/04/23/23-3858.pdf,meta/llama-3.2-3b-instruct,persecutor_nongovernmental_actor,,,6633,"parse: JSONDecodeError: Expecting ',' delimiter: line 23 column 68 (char 1739)","{
  ""asylum_requested"": true,
  ""asylum_requested_evidence"": ""The statute does not define what it means to be a refugee within the meaning of section 1101(a)(42)(A), but a regulation provides the definition."",
  ""withholding_requested"": false,
  ""withholding_requested_evidence"": ""Not mentioned in the opinion."",
  ""CAT_requested"": false,
  ""CAT_requested_evidence"": ""Not mentioned in the opinion."",
  ""protected_ground_political_opinion"": false,
  ""protected_ground_political_opinion_evidence"": ""Not mentioned in the opinion."",
  ""protected_ground_particular_social_group"": false,
  ""protected_ground_particular_social_group_evidence"": ""Not mentioned in the opinion."",
  ""past_persecution_physical_violence"": true,
  ""past_persecution_physical_violence_evidence"": ""The men punched and kicked Oscar, pushed his then-girlfriend (now-wife) Fabienne Lorjuste, and left only when they heard the sound of a gunshot nearby, threatening to come back “for real.” Oscar testified that he was “not really injured,” and suffered only scratches."",
  ""past_persecution_death_threats"": true,
  ""past_persecution_death_threats_evidence"": ""The men threatened to come back “for real” after they left Oscar."",
  ""persecutor_nongovernmental_actor"": true,
  ""persecutor_nongovernmental_actor_evidence"": ""The men belonged to the PHTK, which Oscar testified was a violent gang."",
  ""credibility_finding"": false,
  ""credibility_finding_evidence"": ""The IJ found Oscar to be not credible."",
  ""bars_one_year_deadline_missed"": true,
  ""bars_one_year_deadline_missed_evidence"": ""The petitioner missed the one-year asylum filing deadline under INA § 208(a)(2)(B)."",
  ""nexus_requirement_met"": false,
  ""nexus_requirement_met_evidence"": ""Not mentioned in the opinion."""
23-3858-2025-04-23,https://cdn.ca9.uscourts.gov/datastore/opinions/2025/04/23/23-3858.pdf,meta/llama-3.2-3b-instruct,credibility_finding,,,6633,"parse: JSONDecodeError: Expecting ',' delimiter: line 23 column 68 (char 1739)","{
  ""asylum_requested"": true,
  ""asylum_requested_evidence"": ""The statute does not define what it means to be a refugee within the meaning of section 1101(a)(42)(A), but a regulation provides the definition."",
  ""withholding_requested"": false,
  ""withholding_requested_evidence"": ""Not mentioned in the opinion."",
  ""CAT_requested"": false,
  ""CAT_requested_evidence"": ""Not mentioned in the opinion."",
  ""protected_ground_political_opinion"": false,
  ""protected_ground_political_opinion_evidence"": ""Not mentioned in the opinion."",
  ""protected_ground_particular_social_group"": false,
  ""protected_ground_particular_social_group_evidence"": ""Not mentioned in the opinion."",
  ""past_persecution_physical_violence"": true,
  ""past_persecution_physical_violence_evidence"": ""The men punched and kicked Oscar, pushed his then-girlfriend (now-wife) Fabienne Lorjuste, and left only when they heard the sound of a gunshot nearby, threatening to come back “for real.” Oscar testified that he was “not really injured,” and suffered only scratches."",
  ""past_persecution_death_threats"": true,
  ""past_persecution_death_threats_evidence"": ""The men threatened to come back “for real” after they left Oscar."",
  ""persecutor_nongovernmental_actor"": true,
  ""persecutor_nongovernmental_actor_evidence"": ""The men belonged to the PHTK, which Oscar testified was a violent gang."",
  ""credibility_finding"": false,
  ""credibility_finding_evidence"": ""The IJ found Oscar to be not credible."",
  ""bars_one_year_deadline_missed"": true,
  ""bars_one_year_deadline_missed_evidence"": ""The petitioner missed the one-year asylum filing deadline under INA § 208(a)(2)(B)."",
  ""nexus_requirement_met"": false,
  ""nexus_requirement_met_evidence"": ""Not mentioned in the opinion."""
23-3858-2025-04-23,https://cdn.ca9.uscourts.gov/datastore/opinions/2025/04/23/23-3858.pdf,meta/llama-3.2-3b-instruct,bars_one_year_deadline_missed,,,6633,"parse: JSONDecodeError: Expecting ',' delimiter: line 23 column 68 (char 1739)","{
  ""asylum_requested"": true,
  ""asylum_requested_evidence"": ""The statute does not define what it means to be a refugee within the meaning of section 1101(a)(42)(A), but a regulation provides the definition."",
  ""withholding_requested"": false,
  ""withholding_requested_evidence"": ""Not mentioned in the opinion."",
  ""CAT_requested"": false,
  ""CAT_requested_evidence"": ""Not mentioned in the opinion."",
  ""protected_ground_political_opinion"": false,
  ""protected_ground_political_opinion_evidence"": ""Not mentioned in the opinion."",
  ""protected_ground_particular_social_group"": false,
  ""protected_ground_particular_social_group_evidence"": ""Not mentioned in the opinion."",
  ""past_persecution_physical_violence"": true,
  ""past_persecution_physical_violence_evidence"": ""The men punched and kicked Oscar, pushed his then-girlfriend (now-wife) Fabienne Lorjuste, and left only when they heard the sound of a gunshot nearby, threatening to come back “for real.” Oscar testified that he was “not really injured,” and suffered only scratches."",
  ""past_persecution_death_threats"": true,
  ""past_persecution_death_threats_evidence"": ""The men threatened to come back “for real” after they left Oscar."",
  ""persecutor_nongovernmental_actor"": true,
  ""persecutor_nongovernmental_actor_evidence"": ""The men belonged to the PHTK, which Oscar testified was a violent gang."",
  ""credibility_finding"": false,
  ""credibility_finding_evidence"": ""The IJ found Oscar to be not credible."",
  ""bars_one_year_deadline_missed"": true,
  ""bars_one_year_deadline_missed_evidence"": ""The petitioner missed the one-year asylum filing deadline under INA § 208(a)(2)(B)."",
  ""nexus_requirement_met"": false,
  ""nexus_requirement_met_evidence"": ""Not mentioned in the opinion."""
23-3858-2025-04-23,https://cdn.ca9.uscourts.gov/datastore/opinions/2025/04/23/23-3858.pdf,meta/llama-3.2-3b-instruct,nexus_requirement_met,,,6633,"parse: JSONDecodeError: Expecting ',' delimiter: line 23 column 68 (char 1739)","{
  ""asylum_requested"": true,
  ""asylum_requested_evidence"": ""The statute does not define what it means to be a refugee within the meaning of section 1101(a)(42)(A), but a regulation provides the definition."",
  ""withholding_requested"": false,
  ""withholding_requested_evidence"": ""Not mentioned in the opinion."",
  ""CAT_requested"": false,
  ""CAT_requested_evidence"": ""Not mentioned in the opinion."",
  ""protected_ground_political_opinion"": false,
  ""protected_ground_political_opinion_evidence"": ""Not mentioned in the opinion."",
  ""protected_ground_particular_social_group"": false,
  ""protected_ground_particular_social_group_evidence"": ""Not mentioned in the opinion."",
  ""past_persecution_physical_violence"": true,
  ""past_persecution_physical_violence_evidence"": ""The men punched and kicked Oscar, pushed his then-girlfriend (now-wife) Fabienne Lorjuste, and left only when they heard the sound of a gunshot nearby, threatening to come back “for real.” Oscar testified that he was “not really injured,” and suffered only scratches."",
  ""past_persecution_death_threats"": true,
  ""past_persecution_death_threats_evidence"": ""The men threatened to come back “for real” after they left Oscar."",
  ""persecutor_nongovernmental_actor"": true,
  ""persecutor_nongovernmental_actor_evidence"": ""The men belonged to the PHTK, which Oscar testified was a violent gang."",
  ""credibility_finding"": false,
  ""credibility_finding_evidence"": ""The IJ found Oscar to be not credible."",
  ""bars_one_year_deadline_missed"": true,
  ""bars_one_year_deadline_missed_evidence"": ""The petitioner missed the one-year asylum filing deadline under INA § 208(a)(2)(B)."",
  ""nexus_requirement_met"": false,
  ""nexus_requirement_met_evidence"": ""Not mentioned in the opinion."""
16-72752-2022-04-26,https://cdn.ca9.uscourts.gov/datastore/opinions/2022/04/26/16-72752.pdf,meta/llama-3.2-3b-instruct,asylum_requested,,,13607,parse: JSONDecodeError: Expecting property name enclosed in double quotes: line 2 column 1 (char 2),"{
HERN 
HERN 
HERN 
HERN 
HERN 
HERN 
HERN 
similar to demonstrate 
similar to the BIA 
HERN 
HERN 
similar to the BIA 
similar to the BIA 
N 
HERN 
HERN 
HERN 
similar 
similar to the BIA 
similar to the BIA 
“ 
similar to his 
similar to the BIA 
similar to his 
HERN 
similar to his 
HERN 
and 
HERN 
and did not only 
and/or 
pursuing 
“ 
and that the BIA 
HERN 
HERN 
pursuing the BIA 
HERN 
HERANALthough the BIA 
of the BIA 
HERN 
HERN 
HERN 
because the BIA 
because the BIA 
HERN 
because the BIA 
because the BIA 
of the BIA 
HERN 
HERN 
HERN 
HERN 
HERN 
because the BIA 
her 
her 
HERN 
and the BIA 
because the BIA 
HERN 
because 
because the BIA 
because the BIA 
because the BIA 
her 
because the BIA 
HERN 
because the BIA 
because the BIA 
and did not only 
because the BIA 
HERN 
HERN 
HERN 
because the BIA 
because the BIA 
HERN 
HERN 
HERN 
HER 
because 
case 
HERN 
her 
because the BIA 
her 
her 
because the BIA 
herewithout of the BIA 
because the BIA 
because the BIA 
“ 
because the BIA 
because the BIA 
Herternserved in 
herewithout of 
her 
HERN 
because the BIA 
HERN 
HERN 
himself-represented. 18 
HERN 
her 
her 
her 
HERN 
her 
her 
HERN 
HERN 
her 
her 
her 
herewithout of the BIA 
her 
her 
her 
her 
her 
her 
her 
herewithout of her 
herewithout of 
her 
her 
because the BIA 
her 
because the BIA 
her 
her 
her 
because the BIA 
herewithout of 
herewithout of 
her 
her 
HERN 
her 
her 
herewithout of 
her 
her 
her 
her 
her 
herewithout of 
herewithout of 
her 
her 
herewith 
her 
HERN 
HER 
HERN 
HERN 
her 
her 
HERN 
HERN 
her 
HERN 
HERN 
HERN 
her 
HERN 
herewithout of 
herewithout of 
HERN 
HERN 
HER 
because the BIA 
herewithout of 
herewithout of 
herewithoutcomes to demonstrate 
Herternsufficiently 
because the B 
Herternsufficiently 
Her 
Herternsufficiently 
although the B 
Herternsufficiently 
Herternsufficiently 
although the BIA 
Herternative 
Herternative 
herewithout of 
Her 
Herternsufficiently 
herewithout of 
herewithout of 
herewithout of 
herewithout of 
herewithout of 
HER 
herewithout of 
herewithin this 
HERN 
herewithout of 
herewithout of 
herewithout of 
herewithout of 
HERN 
herewithout of 
although the BIA 
herewithout of 
herewith 
case 
herewithout of 
herewithout of 
HERN 
HERN 
although the BIA 
HERN 
herewithout of 
although the B 
HERN 
HERN 
HERN 
HERN 
HERN 
HER 
HERN 
although the B 
HER 
HERN 
HERN 
HERN 
HERN 
HERN 
HERN 
HERN 
HERN 
HERN 
HERN 
HERN 
HERN 
HERN 
HER 
HERN 
HERN 
although the B 
although the BIA 
   "
16-72752-2022-04-26,https://cdn.ca9.uscourts.gov/datastore/opinions/2022/04/26/16-72752.pdf,meta/llama-3.2-3b-instruct,withholding_requested,,,13607,parse: JSONDecodeError: Expecting property name enclosed in double quotes: line 2 column 1 (char 2),"{
HERN 
HERN 
HERN 
HERN 
HERN 
HERN 
HERN 
similar to demonstrate 
similar to the BIA 
HERN 
HERN 
similar to the BIA 
similar to the BIA 
N 
HERN 
HERN 
HERN 
similar 
similar to the BIA 
similar to the BIA 
“ 
similar to his 
similar to the BIA 
similar to his 
HERN 
similar to his 
HERN 
and 
HERN 
and did not only 
and/or 
pursuing 
“ 
and that the BIA 
HERN 
HERN 
pursuing the BIA 
HERN 
HERANALthough the BIA 
of the BIA 
HERN 
HERN 
HERN 
because the BIA 
because the BIA 
HERN 
because the BIA 
because the BIA 
of the BIA 
HERN 
HERN 
HERN 
HERN 
HERN 
because the BIA 
her 
her 
HERN 
and the BIA 
because the BIA 
HERN 
because 
because the BIA 
because the BIA 
because the BIA 
her 
because the BIA 
HERN 
because the BIA 
because the BIA 
and did not only 
because the BIA 
HERN 
HERN 
HERN 
because the BIA 
because the BIA 
HERN 
HERN 
HERN 
HER 
because 
case 
HERN 
her 
because the BIA 
her 
her 
because the BIA 
herewithout of the BIA 
because the BIA 
because the BIA 
“ 
because the BIA 
because the BIA 
Herternserved in 
herewithout of 
her 
HERN 
because the BIA 
HERN 
HERN 
himself-represented. 18 
HERN 
her 
her 
her 
HERN 
her 
her 
HERN 
HERN 
her 
her 
her 
herewithout of the BIA 
her 
her 
her 
her 
her 
her 
her 
herewithout of her 
herewithout of 
her 
her 
because the BIA 
her 
because the BIA 
her 
her 
her 
because the BIA 
herewithout of 
herewithout of 
her 
her 
HERN 
her 
her 
herewithout of 
her 
her 
her 
her 
her 
herewithout of 
herewithout of 
her 
her 
herewith 
her 
HERN 
HER 
HERN 
HERN 
her 
her 
HERN 
HERN 
her 
HERN 
HERN 
HERN 
her 
HERN 
herewithout of 
herewithout of 
HERN 
HERN 
HER 
because the BIA 
herewithout of 
herewithout of 
herewithoutcomes to demonstrate 
Herternsufficiently 
because the B 
Herternsufficiently 
Her 
Herternsufficiently 
although the B 
Herternsufficiently 
Herternsufficiently 
although the BIA 
Herternative 
Herternative 
herewithout of 
Her 
Herternsufficiently 
herewithout of 
herewithout of 
herewithout of 
herewithout of 
herewithout of 
HER 
herewithout of 
herewithin this 
HERN 
herewithout of 
herewithout of 
herewithout of 
herewithout of 
HERN 
herewithout of 
although the BIA 
herewithout of 
herewith 
case 
herewithout of 
herewithout of 
HERN 
HERN 
although the BIA 
HERN 
herewithout of 
although the B 
HERN 
HERN 
HERN 
HERN 
HERN 
HER 
HERN 
although the B 
HER 
HERN 
HERN 
HERN 
HERN 
HERN 
HERN 
HERN 
HERN 
HERN 
HERN 
HERN 
HERN 
HERN 
HER 
HERN 
HERN 
although the B 
although the BIA 
   "
16-72752-2022-04-26,https://cdn.ca9.uscourts.gov/datastore/opinions/2022/04/26/16-72752.pdf,meta/llama-3.2-3b-instruct,CAT_requested,,,13607,parse: JSONDecodeError: Expecting property name enclosed in double quotes: line 2 column 1 (char 2),"{
HERN 
HERN 
HERN 
HERN 
HERN 
HERN 
HERN 
similar to demonstrate 
similar to the BIA 
HERN 
HERN 
similar to the BIA 
similar to the BIA 
N 
HERN 
HERN 
HERN 
similar 
similar to the BIA 
similar to the BIA 
“ 
similar to his 
similar to the BIA 
similar to his 
HERN 
similar to his 
HERN 
and 
HERN 
and did not only 
and/or 
pursuing 
“ 
and that the BIA 
HERN 
HERN 
pursuing the BIA 
HERN 
HERANALthough the BIA 
of the BIA 
HERN 
HERN 
HERN 
because the BIA 
because the BIA 
HERN 
because the BIA 
because the BIA 
of the BIA 
HERN 
HERN 
HERN 
HERN 
HERN 
because the BIA 
her 
her 
HERN 
and the BIA 
because the BIA 
HERN 
because 
because the BIA 
because the BIA 
because the BIA 
her 
because the BIA 
HERN 
because the BIA 
because the BIA 
and did not only 
because the BIA 
HERN 
HERN 
HERN 
because the BIA 
because the BIA 
HERN 
HERN 
HERN 
HER 
because 
case 
HERN 
her 
because the BIA 
her 
her 
because the BIA 
herewithout of the BIA 
because the BIA 
because the BIA 
“ 
because the BIA 
because the BIA 
Herternserved in 
herewithout of 
her 
HERN 
because the BIA 
HERN 
HERN 
himself-represented. 18 
HERN 
her 
her 
her 
HERN 
her 
her 
HERN 
HERN 
her 
her 
her 
herewithout of the BIA 
her 
her 
her 
her 
her 
her 
her 
herewithout of her 
herewithout of 
her 
her 
because the BIA 
her 
because the BIA 
her 
her 
her 
because the BIA 
herewithout of 
herewithout of 
her 
her 
HERN 
her 
her 
herewithout of 
her 
her 
her 
her 
her 
herewithout of 
herewithout of 
her 
her 
herewith 
her 
HERN 
HER 
HERN 
HERN 
her 
her 
HERN 
HERN 
her 
HERN 
HERN 
HERN 
her 
HERN 
herewithout of 
herewithout of 
HERN 
HERN 
HER 
because the BIA 
herewithout of 
herewithout of 
herewithoutcomes to demonstrate 
Herternsufficiently 
because the B 
Herternsufficiently 
Her 
Herternsufficiently 
although the B 
Herternsufficiently 
Herternsufficiently 
although the BIA 
Herternative 
Herternative 
herewithout of 
Her 
Herternsufficiently 
herewithout of 
herewithout of 
herewithout of 
herewithout of 
herewithout of 
HER 
herewithout of 
herewithin this 
HERN 
herewithout of 
herewithout of 
herewithout of 
herewithout of 
HERN 
herewithout of 
although the BIA 
herewithout of 
herewith 
case 
herewithout of 
herewithout of 
HERN 
HERN 
although the BIA 
HERN 
herewithout of 
although the B 
HERN 
HERN 
HERN 
HERN 
HERN 
HER 
HERN 
although the B 
HER 
HERN 
HERN 
HERN 
HERN 
HERN 
HERN 
HERN 
HERN 
HERN 
HERN 
HERN 
HERN 
HERN 
HER 
HERN 
HERN 
although the B 
although the BIA 
   "
16-72752-2022-04-26,https://cdn.ca9.uscourts.gov/datastore/opinions/2022/04/26/16-72752.pdf,meta/llama-3.2-3b-instruct,protected_ground_political_opinion,,,13607,parse: JSONDecodeError: Expecting property name enclosed in double quotes: line 2 column 1 (char 2),"{
HERN 
HERN 
HERN 
HERN 
HERN 
HERN 
HERN 
similar to demonstrate 
similar to the BIA 
HERN 
HERN 
similar to the BIA 
similar to the BIA 
N 
HERN 
HERN 
HERN 
similar 
similar to the BIA 
similar to the BIA 
“ 
similar to his 
similar to the BIA 
similar to his 
HERN 
similar to his 
HERN 
and 
HERN 
and did not only 
and/or 
pursuing 
“ 
and that the BIA 
HERN 
HERN 
pursuing the BIA 
HERN 
HERANALthough the BIA 
of the BIA 
HERN 
HERN 
HERN 
because the BIA 
because the BIA 
HERN 
because the BIA 
because the BIA 
of the BIA 
HERN 
HERN 
HERN 
HERN 
HERN 
because the BIA 
her 
her 
HERN 
and the BIA 
because the BIA 
HERN 
because 
because the BIA 
because the BIA 
because the BIA 
her 
because the BIA 
HERN 
because the BIA 
because the BIA 
and did not only 
because the BIA 
HERN 
HERN 
HERN 
because the BIA 
because the BIA 
HERN 
HERN 
HERN 
HER 
because 
case 
HERN 
her 
because the BIA 
her 
her 
because the BIA 
herewithout of the BIA 
because the BIA 
because the BIA 
“ 
because the BIA 
because the BIA 
Herternserved in 
herewithout of 
her 
HERN 
because the BIA 
HERN 
HERN 
himself-represented. 18 
HERN 
her 
her 
her 
HERN 
her 
her 
HERN 
HERN 
her 
her 
her 
herewithout of the BIA 
her 
her 
her 
her 
her 
her 
her 
herewithout of her 
herewithout of 
her 
her 
because the BIA 
her 
because the BIA 
her 
her 
her 
because the BIA 
herewithout of 
herewithout of 
her 
her 
HERN 
her 
her 
herewithout of 
her 
her 
her 
her 
her 
herewithout of 
herewithout of 
her 
her 
herewith 
her 
HERN 
HER 
HERN 
HERN 
her 
her 
HERN 
HERN 
her 
HERN 
HERN 
HERN 
her 
HERN 
herewithout of 
herewithout of 
HERN 
HERN 
HER 
because the BIA 
herewithout of 
herewithout of 
herewithoutcomes to demonstrate 
Herternsufficiently 
because the B 
Herternsufficiently 
Her 
Herternsufficiently 
although the B 
Herternsufficiently 
Herternsufficiently 
although the BIA 
Herternative 
Herternative 
herewithout of 
Her 
Herternsufficiently 
herewithout of 
herewithout of 
herewithout of 
herewithout of 
herewithout of 
HER 
herewithout of 
herewithin this 
HERN 
herewithout of 
herewithout of 
herewithout of 
herewithout of 
HERN 
herewithout of 
although the BIA 
herewithout of 
herewith 
case 
herewithout of 
herewithout of 
HERN 
HERN 
although the BIA 
HERN 
herewithout of 
although the B 
HERN 
HERN 
HERN 
HERN 
HERN 
HER 
HERN 
although the B 
HER 
HERN 
HERN 
HERN 
HERN 
HERN 
HERN 
HERN 
HERN 
HERN 
HERN 
HERN 
HERN 
HERN 
HER 
HERN 
HERN 
although the B 
although the BIA 
   "
16-72752-2022-04-26,https://cdn.ca9.uscourts.gov/datastore/opinions/2022/04/26/16-72752.pdf,meta/llama-3.2-3b-instruct,protected_ground_particular_social_group,,,13607,parse: JSONDecodeError: Expecting property name enclosed in double quotes: line 2 column 1 (char 2),"{
HERN 
HERN 
HERN 
HERN 
HERN 
HERN 
HERN 
similar to demonstrate 
similar to the BIA 
HERN 
HERN 
similar to the BIA 
similar to the BIA 
N 
HERN 
HERN 
HERN 
similar 
similar to the BIA 
similar to the BIA 
“ 
similar to his 
similar to the BIA 
similar to his 
HERN 
similar to his 
HERN 
and 
HERN 
and did not only 
and/or 
pursuing 
“ 
and that the BIA 
HERN 
HERN 
pursuing the BIA 
HERN 
HERANALthough the BIA 
of the BIA 
HERN 
HERN 
HERN 
because the BIA 
because the BIA 
HERN 
because the BIA 
because the BIA 
of the BIA 
HERN 
HERN 
HERN 
HERN 
HERN 
because the BIA 
her 
her 
HERN 
and the BIA 
because the BIA 
HERN 
because 
because the BIA 
because the BIA 
because the BIA 
her 
because the BIA 
HERN 
because the BIA 
because the BIA 
and did not only 
because the BIA 
HERN 
HERN 
HERN 
because the BIA 
because the BIA 
HERN 
HERN 
HERN 
HER 
because 
case 
HERN 
her 
because the BIA 
her 
her 
because the BIA 
herewithout of the BIA 
because the BIA 
because the BIA 
“ 
because the BIA 
because the BIA 
Herternserved in 
herewithout of 
her 
HERN 
because the BIA 
HERN 
HERN 
himself-represented. 18 
HERN 
her 
her 
her 
HERN 
her 
her 
HERN 
HERN 
her 
her 
her 
herewithout of the BIA 
her 
her 
her 
her 
her 
her 
her 
herewithout of her 
herewithout of 
her 
her 
because the BIA 
her 
because the BIA 
her 
her 
her 
because the BIA 
herewithout of 
herewithout of 
her 
her 
HERN 
her 
her 
herewithout of 
her 
her 
her 
her 
her 
herewithout of 
herewithout of 
her 
her 
herewith 
her 
HERN 
HER 
HERN 
HERN 
her 
her 
HERN 
HERN 
her 
HERN 
HERN 
HERN 
her 
HERN 
herewithout of 
herewithout of 
HERN 
HERN 
HER 
because the BIA 
herewithout of 
herewithout of 
herewithoutcomes to demonstrate 
Herternsufficiently 
because the B 
Herternsufficiently 
Her 
Herternsufficiently 
although the B 
Herternsufficiently 
Herternsufficiently 
although the BIA 
Herternative 
Herternative 
herewithout of 
Her 
Herternsufficiently 
herewithout of 
herewithout of 
herewithout of 
herewithout of 
herewithout of 
HER 
herewithout of 
herewithin this 
HERN 
herewithout of 
herewithout of 
herewithout of 
herewithout of 
HERN 
herewithout of 
although the BIA 
herewithout of 
herewith 
case 
herewithout of 
herewithout of 
HERN 
HERN 
although the BIA 
HERN 
herewithout of 
although the B 
HERN 
HERN 
HERN 
HERN 
HERN 
HER 
HERN 
although the B 
HER 
HERN 
HERN 
HERN 
HERN 
HERN 
HERN 
HERN 
HERN 
HERN 
HERN 
HERN 
HERN 
HERN 
HER 
HERN 
HERN 
although the B 
although the BIA 
   "
16-72752-2022-04-26,https://cdn.ca9.uscourts.gov/datastore/opinions/2022/04/26/16-72752.pdf,meta/llama-3.2-3b-instruct,past_persecution_physical_violence,,,13607,parse: JSONDecodeError: Expecting property name enclosed in double quotes: line 2 column 1 (char 2),"{
HERN 
HERN 
HERN 
HERN 
HERN 
HERN 
HERN 
similar to demonstrate 
similar to the BIA 
HERN 
HERN 
similar to the BIA 
similar to the BIA 
N 
HERN 
HERN 
HERN 
similar 
similar to the BIA 
similar to the BIA 
“ 
similar to his 
similar to the BIA 
similar to his 
HERN 
similar to his 
HERN 
and 
HERN 
and did not only 
and/or 
pursuing 
“ 
and that the BIA 
HERN 
HERN 
pursuing the BIA 
HERN 
HERANALthough the BIA 
of the BIA 
HERN 
HERN 
HERN 
because the BIA 
because the BIA 
HERN 
because the BIA 
because the BIA 
of the BIA 
HERN 
HERN 
HERN 
HERN 
HERN 
because the BIA 
her 
her 
HERN 
and the BIA 
because the BIA 
HERN 
because 
because the BIA 
because the BIA 
because the BIA 
her 
because the BIA 
HERN 
because the BIA 
because the BIA 
and did not only 
because the BIA 
HERN 
HERN 
HERN 
because the BIA 
because the BIA 
HERN 
HERN 
HERN 
HER 
because 
case 
HERN 
her 
because the BIA 
her 
her 
because the BIA 
herewithout of the BIA 
because the BIA 
because the BIA 
“ 
because the BIA 
because the BIA 
Herternserved in 
herewithout of 
her 
HERN 
because the BIA 
HERN 
HERN 
himself-represented. 18 
HERN 
her 
her 
her 
HERN 
her 
her 
HERN 
HERN 
her 
her 
her 
herewithout of the BIA 
her 
her 
her 
her 
her 
her 
her 
herewithout of her 
herewithout of 
her 
her 
because the BIA 
her 
because the BIA 
her 
her 
her 
because the BIA 
herewithout of 
herewithout of 
her 
her 
HERN 
her 
her 
herewithout of 
her 
her 
her 
her 
her 
herewithout of 
herewithout of 
her 
her 
herewith 
her 
HERN 
HER 
HERN 
HERN 
her 
her 
HERN 
HERN 
her 
HERN 
HERN 
HERN 
her 
HERN 
herewithout of 
herewithout of 
HERN 
HERN 
HER 
because the BIA 
herewithout of 
herewithout of 
herewithoutcomes to demonstrate 
Herternsufficiently 
because the B 
Herternsufficiently 
Her 
Herternsufficiently 
although the B 
Herternsufficiently 
Herternsufficiently 
although the BIA 
Herternative 
Herternative 
herewithout of 
Her 
Herternsufficiently 
herewithout of 
herewithout of 
herewithout of 
herewithout of 
herewithout of 
HER 
herewithout of 
herewithin this 
HERN 
herewithout of 
herewithout of 
herewithout of 
herewithout of 
HERN 
herewithout of 
although the BIA 
herewithout of 
herewith 
case 
herewithout of 
herewithout of 
HERN 
HERN 
although the BIA 
HERN 
herewithout of 
although the B 
HERN 
HERN 
HERN 
HERN 
HERN 
HER 
HERN 
although the B 
HER 
HERN 
HERN 
HERN 
HERN 
HERN 
HERN 
HERN 
HERN 
HERN 
HERN 
HERN 
HERN 
HERN 
HER 
HERN 
HERN 
although the B 
although the BIA 
   "
16-72752-2022-04-26,https://cdn.ca9.uscourts.gov/datastore/opinions/2022/04/26/16-72752.pdf,meta/llama-3.2-3b-instruct,past_persecution_death_threats,,,13607,parse: JSONDecodeError: Expecting property name enclosed in double quotes: line 2 column 1 (char 2),"{
HERN 
HERN 
HERN 
HERN 
HERN 
HERN 
HERN 
similar to demonstrate 
similar to the BIA 
HERN 
HERN 
similar to the BIA 
similar to the BIA 
N 
HERN 
HERN 
HERN 
similar 
similar to the BIA 
similar to the BIA 
“ 
similar to his 
similar to the BIA 
similar to his 
HERN 
similar to his 
HERN 
and 
HERN 
and did not only 
and/or 
pursuing 
“ 
and that the BIA 
HERN 
HERN 
pursuing the BIA 
HERN 
HERANALthough the BIA 
of the BIA 
HERN 
HERN 
HERN 
because the BIA 
because the BIA 
HERN 
because the BIA 
because the BIA 
of the BIA 
HERN 
HERN 
HERN 
HERN 
HERN 
because the BIA 
her 
her 
HERN 
and the BIA 
because the BIA 
HERN 
because 
because the BIA 
because the BIA 
because the BIA 
her 
because the BIA 
HERN 
because the BIA 
because the BIA 
and did not only 
because the BIA 
HERN 
HERN 
HERN 
because the BIA 
because the BIA 
HERN 
HERN 
HERN 
HER 
because 
case 
HERN 
her 
because the BIA 
her 
her 
because the BIA 
herewithout of the BIA 
because the BIA 
because the BIA 
“ 
because the BIA 
because the BIA 
Herternserved in 
herewithout of 
her 
HERN 
because the BIA 
HERN 
HERN 
himself-represented. 18 
HERN 
her 
her 
her 
HERN 
her 
her 
HERN 
HERN 
her 
her 
her 
herewithout of the BIA 
her 
her 
her 
her 
her 
her 
her 
herewithout of her 
herewithout of 
her 
her 
because the BIA 
her 
because the BIA 
her 
her 
her 
because the BIA 
herewithout of 
herewithout of 
her 
her 
HERN 
her 
her 
herewithout of 
her 
her 
her 
her 
her 
herewithout of 
herewithout of 
her 
her 
herewith 
her 
HERN 
HER 
HERN 
HERN 
her 
her 
HERN 
HERN 
her 
HERN 
HERN 
HERN 
her 
HERN 
herewithout of 
herewithout of 
HERN 
HERN 
HER 
because the BIA 
herewithout of 
herewithout of 
herewithoutcomes to demonstrate 
Herternsufficiently 
because the B 
Herternsufficiently 
Her 
Herternsufficiently 
although the B 
Herternsufficiently 
Herternsufficiently 
although the BIA 
Herternative 
Herternative 
herewithout of 
Her 
Herternsufficiently 
herewithout of 
herewithout of 
herewithout of 
herewithout of 
herewithout of 
HER 
herewithout of 
herewithin this 
HERN 
herewithout of 
herewithout of 
herewithout of 
herewithout of 
HERN 
herewithout of 
although the BIA 
herewithout of 
herewith 
case 
herewithout of 
herewithout of 
HERN 
HERN 
although the BIA 
HERN 
herewithout of 
although the B 
HERN 
HERN 
HERN 
HERN 
HERN 
HER 
HERN 
although the B 
HER 
HERN 
HERN 
HERN 
HERN 
HERN 
HERN 
HERN 
HERN 
HERN 
HERN 
HERN 
HERN 
HERN 
HER 
HERN 
HERN 
although the B 
although the BIA 
   "
16-72752-2022-04-26,https://cdn.ca9.uscourts.gov/datastore/opinions/2022/04/26/16-72752.pdf,meta/llama-3.2-3b-instruct,persecutor_nongovernmental_actor,,,13607,parse: JSONDecodeError: Expecting property name enclosed in double quotes: line 2 column 1 (char 2),"{
HERN 
HERN 
HERN 
HERN 
HERN 
HERN 
HERN 
similar to demonstrate 
similar to the BIA 
HERN 
HERN 
similar to the BIA 
similar to the BIA 
N 
HERN 
HERN 
HERN 
similar 
similar to the BIA 
similar to the BIA 
“ 
similar to his 
similar to the BIA 
similar to his 
HERN 
similar to his 
HERN 
and 
HERN 
and did not only 
and/or 
pursuing 
“ 
and that the BIA 
HERN 
HERN 
pursuing the BIA 
HERN 
HERANALthough the BIA 
of the BIA 
HERN 
HERN 
HERN 
because the BIA 
because the BIA 
HERN 
because the BIA 
because the BIA 
of the BIA 
HERN 
HERN 
HERN 
HERN 
HERN 
because the BIA 
her 
her 
HERN 
and the BIA 
because the BIA 
HERN 
because 
because the BIA 
because the BIA 
because the BIA 
her 
because the BIA 
HERN 
because the BIA 
because the BIA 
and did not only 
because the BIA 
HERN 
HERN 
HERN 
because the BIA 
because the BIA 
HERN 
HERN 
HERN 
HER 
because 
case 
HERN 
her 
because the BIA 
her 
her 
because the BIA 
herewithout of the BIA 
because the BIA 
because the BIA 
“ 
because the BIA 
because the BIA 
Herternserved in 
herewithout of 
her 
HERN 
because the BIA 
HERN 
HERN 
himself-represented. 18 
HERN 
her 
her 
her 
HERN 
her 
her 
HERN 
HERN 
her 
her 
her 
herewithout of the BIA 
her 
her 
her 
her 
her 
her 
her 
herewithout of her 
herewithout of 
her 
her 
because the BIA 
her 
because the BIA 
her 
her 
her 
because the BIA 
herewithout of 
herewithout of 
her 
her 
HERN 
her 
her 
herewithout of 
her 
her 
her 
her 
her 
herewithout of 
herewithout of 
her 
her 
herewith 
her 
HERN 
HER 
HERN 
HERN 
her 
her 
HERN 
HERN 
her 
HERN 
HERN 
HERN 
her 
HERN 
herewithout of 
herewithout of 
HERN 
HERN 
HER 
because the BIA 
herewithout of 
herewithout of 
herewithoutcomes to demonstrate 
Herternsufficiently 
because the B 
Herternsufficiently 
Her 
Herternsufficiently 
although the B 
Herternsufficiently 
Herternsufficiently 
although the BIA 
Herternative 
Herternative 
herewithout of 
Her 
Herternsufficiently 
herewithout of 
herewithout of 
herewithout of 
herewithout of 
herewithout of 
HER 
herewithout of 
herewithin this 
HERN 
herewithout of 
herewithout of 
herewithout of 
herewithout of 
HERN 
herewithout of 
although the BIA 
herewithout of 
herewith 
case 
herewithout of 
herewithout of 
HERN 
HERN 
although the BIA 
HERN 
herewithout of 
although the B 
HERN 
HERN 
HERN 
HERN 
HERN 
HER 
HERN 
although the B 
HER 
HERN 
HERN 
HERN 
HERN 
HERN 
HERN 
HERN 
HERN 
HERN 
HERN 
HERN 
HERN 
HERN 
HER 
HERN 
HERN 
although the B 
although the BIA 
   "
16-72752-2022-04-26,https://cdn.ca9.uscourts.gov/datastore/opinions/2022/04/26/16-72752.pdf,meta/llama-3.2-3b-instruct,credibility_finding,,,13607,parse: JSONDecodeError: Expecting property name enclosed in double quotes: line 2 column 1 (char 2),"{
HERN 
HERN 
HERN 
HERN 
HERN 
HERN 
HERN 
similar to demonstrate 
similar to the BIA 
HERN 
HERN 
similar to the BIA 
similar to the BIA 
N 
HERN 
HERN 
HERN 
similar 
similar to the BIA 
similar to the BIA 
“ 
similar to his 
similar to the BIA 
similar to his 
HERN 
similar to his 
HERN 
and 
HERN 
and did not only 
and/or 
pursuing 
“ 
and that the BIA 
HERN 
HERN 
pursuing the BIA 
HERN 
HERANALthough the BIA 
of the BIA 
HERN 
HERN 
HERN 
because the BIA 
because the BIA 
HERN 
because the BIA 
because the BIA 
of the BIA 
HERN 
HERN 
HERN 
HERN 
HERN 
because the BIA 
her 
her 
HERN 
and the BIA 
because the BIA 
HERN 
because 
because the BIA 
because the BIA 
because the BIA 
her 
because the BIA 
HERN 
because the BIA 
because the BIA 
and did not only 
because the BIA 
HERN 
HERN 
HERN 
because the BIA 
because the BIA 
HERN 
HERN 
HERN 
HER 
because 
case 
HERN 
her 
because the BIA 
her 
her 
because the BIA 
herewithout of the BIA 
because the BIA 
because the BIA 
“ 
because the BIA 
because the BIA 
Herternserved in 
herewithout of 
her 
HERN 
because the BIA 
HERN 
HERN 
himself-represented. 18 
HERN 
her 
her 
her 
HERN 
her 
her 
HERN 
HERN 
her 
her 
her 
herewithout of the BIA 
her 
her 
her 
her 
her 
her 
her 
herewithout of her 
herewithout of 
her 
her 
because the BIA 
her 
because the BIA 
her 
her 
her 
because the BIA 
herewithout of 
herewithout of 
her 
her 
HERN 
her 
her 
herewithout of 
her 
her 
her 
her 
her 
herewithout of 
herewithout of 
her 
her 
herewith 
her 
HERN 
HER 
HERN 
HERN 
her 
her 
HERN 
HERN 
her 
HERN 
HERN 
HERN 
her 
HERN 
herewithout of 
herewithout of 
HERN 
HERN 
HER 
because the BIA 
herewithout of 
herewithout of 
herewithoutcomes to demonstrate 
Herternsufficiently 
because the B 
Herternsufficiently 
Her 
Herternsufficiently 
although the B 
Herternsufficiently 
Herternsufficiently 
although the BIA 
Herternative 
Herternative 
herewithout of 
Her 
Herternsufficiently 
herewithout of 
herewithout of 
herewithout of 
herewithout of 
herewithout of 
HER 
herewithout of 
herewithin this 
HERN 
herewithout of 
herewithout of 
herewithout of 
herewithout of 
HERN 
herewithout of 
although the BIA 
herewithout of 
herewith 
case 
herewithout of 
herewithout of 
HERN 
HERN 
although the BIA 
HERN 
herewithout of 
although the B 
HERN 
HERN 
HERN 
HERN 
HERN 
HER 
HERN 
although the B 
HER 
HERN 
HERN 
HERN 
HERN 
HERN 
HERN 
HERN 
HERN 
HERN 
HERN 
HERN 
HERN 
HERN 
HER 
HERN 
HERN 
although the B 
although the BIA 
   "
16-72752-2022-04-26,https://cdn.ca9.uscourts.gov/datastore/opinions/2022/04/26/16-72752.pdf,meta/llama-3.2-3b-instruct,bars_one_year_deadline_missed,,,13607,parse: JSONDecodeError: Expecting property name enclosed in double quotes: line 2 column 1 (char 2),"{
HERN 
HERN 
HERN 
HERN 
HERN 
HERN 
HERN 
similar to demonstrate 
similar to the BIA 
HERN 
HERN 
similar to the BIA 
similar to the BIA 
N 
HERN 
HERN 
HERN 
similar 
similar to the BIA 
similar to the BIA 
“ 
similar to his 
similar to the BIA 
similar to his 
HERN 
similar to his 
HERN 
and 
HERN 
and did not only 
and/or 
pursuing 
“ 
and that the BIA 
HERN 
HERN 
pursuing the BIA 
HERN 
HERANALthough the BIA 
of the BIA 
HERN 
HERN 
HERN 
because the BIA 
because the BIA 
HERN 
because the BIA 
because the BIA 
of the BIA 
HERN 
HERN 
HERN 
HERN 
HERN 
because the BIA 
her 
her 
HERN 
and the BIA 
because the BIA 
HERN 
because 
because the BIA 
because the BIA 
because the BIA 
her 
because the BIA 
HERN 
because the BIA 
because the BIA 
and did not only 
because the BIA 
HERN 
HERN 
HERN 
because the BIA 
because the BIA 
HERN 
HERN 
HERN 
HER 
because 
case 
HERN 
her 
because the BIA 
her 
her 
because the BIA 
herewithout of the BIA 
because the BIA 
because the BIA 
“ 
because the BIA 
because the BIA 
Herternserved in 
herewithout of 
her 
HERN 
because the BIA 
HERN 
HERN 
himself-represented. 18 
HERN 
her 
her 
her 
HERN 
her 
her 
HERN 
HERN 
her 
her 
her 
herewithout of the BIA 
her 
her 
her 
her 
her 
her 
her 
herewithout of her 
herewithout of 
her 
her 
because the BIA 
her 
because the BIA 
her 
her 
her 
because the BIA 
herewithout of 
herewithout of 
her 
her 
HERN 
her 
her 
herewithout of 
her 
her 
her 
her 
her 
herewithout of 
herewithout of 
her 
her 
herewith 
her 
HERN 
HER 
HERN 
HERN 
her 
her 
HERN 
HERN 
her 
HERN 
HERN 
HERN 
her 
HERN 
herewithout of 
herewithout of 
HERN 
HERN 
HER 
because the BIA 
herewithout of 
herewithout of 
herewithoutcomes to demonstrate 
Herternsufficiently 
because the B 
Herternsufficiently 
Her 
Herternsufficiently 
although the B 
Herternsufficiently 
Herternsufficiently 
although the BIA 
Herternative 
Herternative 
herewithout of 
Her 
Herternsufficiently 
herewithout of 
herewithout of 
herewithout of 
herewithout of 
herewithout of 
HER 
herewithout of 
herewithin this 
HERN 
herewithout of 
herewithout of 
herewithout of 
herewithout of 
HERN 
herewithout of 
although the BIA 
herewithout of 
herewith 
case 
herewithout of 
herewithout of 
HERN 
HERN 
although the BIA 
HERN 
herewithout of 
although the B 
HERN 
HERN 
HERN 
HERN 
HERN 
HER 
HERN 
although the B 
HER 
HERN 
HERN 
HERN 
HERN 
HERN 
HERN 
HERN 
HERN 
HERN 
HERN 
HERN 
HERN 
HERN 
HER 
HERN 
HERN 
although the B 
although the BIA 
   "
16-72752-2022-04-26,https://cdn.ca9.uscourts.gov/datastore/opinions/2022/04/26/16-72752.pdf,meta/llama-3.2-3b-instruct,nexus_requirement_met,,,13607,parse: JSONDecodeError: Expecting property name enclosed in double quotes: line 2 column 1 (char 2),"{
HERN 
HERN 
HERN 
HERN 
HERN 
HERN 
HERN 
similar to demonstrate 
similar to the BIA 
HERN 
HERN 
similar to the BIA 
similar to the BIA 
N 
HERN 
HERN 
HERN 
similar 
similar to the BIA 
similar to the BIA 
“ 
similar to his 
similar to the BIA 
similar to his 
HERN 
similar to his 
HERN 
and 
HERN 
and did not only 
and/or 
pursuing 
“ 
and that the BIA 
HERN 
HERN 
pursuing the BIA 
HERN 
HERANALthough the BIA 
of the BIA 
HERN 
HERN 
HERN 
because the BIA 
because the BIA 
HERN 
because the BIA 
because the BIA 
of the BIA 
HERN 
HERN 
HERN 
HERN 
HERN 
because the BIA 
her 
her 
HERN 
and the BIA 
because the BIA 
HERN 
because 
because the BIA 
because the BIA 
because the BIA 
her 
because the BIA 
HERN 
because the BIA 
because the BIA 
and did not only 
because the BIA 
HERN 
HERN 
HERN 
because the BIA 
because the BIA 
HERN 
HERN 
HERN 
HER 
because 
case 
HERN 
her 
because the BIA 
her 
her 
because the BIA 
herewithout of the BIA 
because the BIA 
because the BIA 
“ 
because the BIA 
because the BIA 
Herternserved in 
herewithout of 
her 
HERN 
because the BIA 
HERN 
HERN 
himself-represented. 18 
HERN 
her 
her 
her 
HERN 
her 
her 
HERN 
HERN 
her 
her 
her 
herewithout of the BIA 
her 
her 
her 
her 
her 
her 
her 
herewithout of her 
herewithout of 
her 
her 
because the BIA 
her 
because the BIA 
her 
her 
her 
because the BIA 
herewithout of 
herewithout of 
her 
her 
HERN 
her 
her 
herewithout of 
her 
her 
her 
her 
her 
herewithout of 
herewithout of 
her 
her 
herewith 
her 
HERN 
HER 
HERN 
HERN 
her 
her 
HERN 
HERN 
her 
HERN 
HERN 
HERN 
her 
HERN 
herewithout of 
herewithout of 
HERN 
HERN 
HER 
because the BIA 
herewithout of 
herewithout of 
herewithoutcomes to demonstrate 
Herternsufficiently 
because the B 
Herternsufficiently 
Her 
Herternsufficiently 
although the B 
Herternsufficiently 
Herternsufficiently 
although the BIA 
Herternative 
Herternative 
herewithout of 
Her 
Herternsufficiently 
herewithout of 
herewithout of 
herewithout of 
herewithout of 
herewithout of 
HER 
herewithout of 
herewithin this 
HERN 
herewithout of 
herewithout of 
herewithout of 
herewithout of 
HERN 
herewithout of 
although the BIA 
herewithout of 
herewith 
case 
herewithout of 
herewithout of 
HERN 
HERN 
although the BIA 
HERN 
herewithout of 
although the B 
HERN 
HERN 
HERN 
HERN 
HERN 
HER 
HERN 
although the B 
HER 
HERN 
HERN 
HERN 
HERN 
HERN 
HERN 
HERN 
HERN 
HERN 
HERN 
HERN 
HERN 
HERN 
HER 
HERN 
HERN 
although the B 
although the BIA 
   "
20-72806-2023-01-12,https://cdn.ca9.uscourts.gov/datastore/opinions/2023/01/12/20-72806.pdf,meta/llama-3.2-3b-instruct,asylum_requested,,,2560,parse: JSONDecodeError: Expecting property name enclosed in double quotes: line 3 column 1 (char 4),"{
 
that the B."
20-72806-2023-01-12,https://cdn.ca9.uscourts.gov/datastore/opinions/2023/01/12/20-72806.pdf,meta/llama-3.2-3b-instruct,withholding_requested,,,2560,parse: JSONDecodeError: Expecting property name enclosed in double quotes: line 3 column 1 (char 4),"{
 
that the B."
20-72806-2023-01-12,https://cdn.ca9.uscourts.gov/datastore/opinions/2023/01/12/20-72806.pdf,meta/llama-3.2-3b-instruct,CAT_requested,,,2560,parse: JSONDecodeError: Expecting property name enclosed in double quotes: line 3 column 1 (char 4),"{
 
that the B."
20-72806-2023-01-12,https://cdn.ca9.uscourts.gov/datastore/opinions/2023/01/12/20-72806.pdf,meta/llama-3.2-3b-instruct,protected_ground_political_opinion,,,2560,parse: JSONDecodeError: Expecting property name enclosed in double quotes: line 3 column 1 (char 4),"{
 
that the B."
20-72806-2023-01-12,https://cdn.ca9.uscourts.gov/datastore/opinions/2023/01/12/20-72806.pdf,meta/llama-3.2-3b-instruct,protected_ground_particular_social_group,,,2560,parse: JSONDecodeError: Expecting property name enclosed in double quotes: line 3 column 1 (char 4),"{
 
that the B."
20-72806-2023-01-12,https://cdn.ca9.uscourts.gov/datastore/opinions/2023/01/12/20-72806.pdf,meta/llama-3.2-3b-instruct,past_persecution_physical_violence,,,2560,parse: JSONDecodeError: Expecting property name enclosed in double quotes: line 3 column 1 (char 4),"{
 
that the B."
20-72806-2023-01-12,https://cdn.ca9.uscourts.gov/datastore/opinions/2023/01/12/20-72806.pdf,meta/llama-3.2-3b-instruct,past_persecution_death_threats,,,2560,parse: JSONDecodeError: Expecting property name enclosed in double quotes: line 3 column 1 (char 4),"{
 
that the B."
20-72806-2023-01-12,https://cdn.ca9.uscourts.gov/datastore/opinions/2023/01/12/20-72806.pdf,meta/llama-3.2-3b-instruct,persecutor_nongovernmental_actor,,,2560,parse: JSONDecodeError: Expecting property name enclosed in double quotes: line 3 column 1 (char 4),"{
 
that the B."
20-72806-2023-01-12,https://cdn.ca9.uscourts.gov/datastore/opinions/2023/01/12/20-72806.pdf,meta/llama-3.2-3b-instruct,credibility_finding,,,2560,parse: JSONDecodeError: Expecting property name enclosed in double quotes: line 3 column 1 (char 4),"{
 
that the B."
20-72806-2023-01-12,https://cdn.ca9.uscourts.gov/datastore/opinions/2023/01/12/20-72806.pdf,meta/llama-3.2-3b-instruct,bars_one_year_deadline_missed,,,2560,parse: JSONDecodeError: Expecting property name enclosed in double quotes: line 3 column 1 (char 4),"{
 
that the B."
20-72806-2023-01-12,https://cdn.ca9.uscourts.gov/datastore/opinions/2023/01/12/20-72806.pdf,meta/llama-3.2-3b-instruct,nexus_requirement_met,,,2560,parse: JSONDecodeError: Expecting property name enclosed in double quotes: line 3 column 1 (char 4),"{
 
that the B."
19-70961-2023-08-15,https://cdn.ca9.uscourts.gov/datastore/opinions/2023/08/15/19-70961.pdf,meta/llama-3.2-3b-instruct,asylum_requested,,,2597,parse: JSONDecodeError: Expecting property name enclosed in double quotes: line 1 column 2 (char 1),"{
   "
19-70961-2023-08-15,https://cdn.ca9.uscourts.gov/datastore/opinions/2023/08/15/19-70961.pdf,meta/llama-3.2-3b-instruct,withholding_requested,,,2597,parse: JSONDecodeError: Expecting property name enclosed in double quotes: line 1 column 2 (char 1),"{
   "
19-70961-2023-08-15,https://cdn.ca9.uscourts.gov/datastore/opinions/2023/08/15/19-70961.pdf,meta/llama-3.2-3b-instruct,CAT_requested,,,2597,parse: JSONDecodeError: Expecting property name enclosed in double quotes: line 1 column 2 (char 1),"{
   "
19-70961-2023-08-15,https://cdn.ca9.uscourts.gov/datastore/opinions/2023/08/15/19-70961.pdf,meta/llama-3.2-3b-instruct,protected_ground_political_opinion,,,2597,parse: JSONDecodeError: Expecting property name enclosed in double quotes: line 1 column 2 (char 1),"{
   "
19-70961-2023-08-15,https://cdn.ca9.uscourts.gov/datastore/opinions/2023/08/15/19-70961.pdf,meta/llama-3.2-3b-instruct,protected_ground_particular_social_group,,,2597,parse: JSONDecodeError: Expecting property name enclosed in double quotes: line 1 column 2 (char 1),"{
   "
19-70961-2023-08-15,https://cdn.ca9.uscourts.gov/datastore/opinions/2023/08/15/19-70961.pdf,meta/llama-3.2-3b-instruct,past_persecution_physical_violence,,,2597,parse: JSONDecodeError: Expecting property name enclosed in double quotes: line 1 column 2 (char 1),"{
   "
19-70961-2023-08-15,https://cdn.ca9.uscourts.gov/datastore/opinions/2023/08/15/19-70961.pdf,meta/llama-3.2-3b-instruct,past_persecution_death_threats,,,2597,parse: JSONDecodeError: Expecting property name enclosed in double quotes: line 1 column 2 (char 1),"{
   "
19-70961-2023-08-15,https://cdn.ca9.uscourts.gov/datastore/opinions/2023/08/15/19-70961.pdf,meta/llama-3.2-3b-instruct,persecutor_nongovernmental_actor,,,2597,parse: JSONDecodeError: Expecting property name enclosed in double quotes: line 1 column 2 (char 1),"{
   "
19-70961-2023-08-15,https://cdn.ca9.uscourts.gov/datastore/opinions/2023/08/15/19-70961.pdf,meta/llama-3.2-3b-instruct,credibility_finding,,,2597,parse: JSONDecodeError: Expecting property name enclosed in double quotes: line 1 column 2 (char 1),"{
   "
19-70961-2023-08-15,https://cdn.ca9.uscourts.gov/datastore/opinions/2023/08/15/19-70961.pdf,meta/llama-3.2-3b-instruct,bars_one_year_deadline_missed,,,2597,parse: JSONDecodeError: Expecting property name enclosed in double quotes: line 1 column 2 (char 1),"{
   "
19-70961-2023-08-15,https://cdn.ca9.uscourts.gov/datastore/opinions/2023/08/15/19-70961.pdf,meta/llama-3.2-3b-instruct,nexus_requirement_met,,,2597,parse: JSONDecodeError: Expecting property name enclosed in double quotes: line 1 column 2 (char 1),"{
   "
15-71553-2021-12-14,https://cdn.ca9.uscourts.gov/datastore/opinions/2021/12/14/15-71553.pdf,meta/llama-3.2-3b-instruct,asylum_requested,,,3018,parse: JSONDecodeError: Expecting property name enclosed in double quotes: line 4 column 3 (char 191),"{
  ""asylum_requested"": true,
  ""asylum_requested_evidence"": ""Petitioner applied for asylum under INA §  under INA §  under INA §  under INA §  under INA §  under INA §  under INA §  ..."",
  ..."",
  ..."",
  under INA §  ..."",
  ..."",
  applying INA §  — Petitioner’s"": "",
  — Petitioner’s"": ""Not mentioned"",
  ..."",
  ..."",
  so that the B.  — Petitioner’some to cross-excepterredemption. 
    Alcarried to the B.  submitted that the B. 
    Alcarried to the B. 
   "
15-71553-2021-12-14,https://cdn.ca9.uscourts.gov/datastore/opinions/2021/12/14/15-71553.pdf,meta/llama-3.2-3b-instruct,withholding_requested,,,3018,parse: JSONDecodeError: Expecting property name enclosed in double quotes: line 4 column 3 (char 191),"{
  ""asylum_requested"": true,
  ""asylum_requested_evidence"": ""Petitioner applied for asylum under INA §  under INA §  under INA §  under INA §  under INA §  under INA §  under INA §  ..."",
  ..."",
  ..."",
  under INA §  ..."",
  ..."",
  applying INA §  — Petitioner’s"": "",
  — Petitioner’s"": ""Not mentioned"",
  ..."",
  ..."",
  so that the B.  — Petitioner’some to cross-excepterredemption. 
    Alcarried to the B.  submitted that the B. 
    Alcarried to the B. 
   "
15-71553-2021-12-14,https://cdn.ca9.uscourts.gov/datastore/opinions/2021/12/14/15-71553.pdf,meta/llama-3.2-3b-instruct,CAT_requested,,,3018,parse: JSONDecodeError: Expecting property name enclosed in double quotes: line 4 column 3 (char 191),"{
  ""asylum_requested"": true,
  ""asylum_requested_evidence"": ""Petitioner applied for asylum under INA §  under INA §  under INA §  under INA §  under INA §  under INA §  under INA §  ..."",
  ..."",
  ..."",
  under INA §  ..."",
  ..."",
  applying INA §  — Petitioner’s"": "",
  — Petitioner’s"": ""Not mentioned"",
  ..."",
  ..."",
  so that the B.  — Petitioner’some to cross-excepterredemption. 
    Alcarried to the B.  submitted that the B. 
    Alcarried to the B. 
   "
15-71553-2021-12-14,https://cdn.ca9.uscourts.gov/datastore/opinions/2021/12/14/15-71553.pdf,meta/llama-3.2-3b-instruct,protected_ground_political_opinion,,,3018,parse: JSONDecodeError: Expecting property name enclosed in double quotes: line 4 column 3 (char 191),"{
  ""asylum_requested"": true,
  ""asylum_requested_evidence"": ""Petitioner applied for asylum under INA §  under INA §  under INA §  under INA §  under INA §  under INA §  under INA §  ..."",
  ..."",
  ..."",
  under INA §  ..."",
  ..."",
  applying INA §  — Petitioner’s"": "",
  — Petitioner’s"": ""Not mentioned"",
  ..."",
  ..."",
  so that the B.  — Petitioner’some to cross-excepterredemption. 
    Alcarried to the B.  submitted that the B. 
    Alcarried to the B. 
   "
15-71553-2021-12-14,https://cdn.ca9.uscourts.gov/datastore/opinions/2021/12/14/15-71553.pdf,meta/llama-3.2-3b-instruct,protected_ground_particular_social_group,,,3018,parse: JSONDecodeError: Expecting property name enclosed in double quotes: line 4 column 3 (char 191),"{
  ""asylum_requested"": true,
  ""asylum_requested_evidence"": ""Petitioner applied for asylum under INA §  under INA §  under INA §  under INA §  under INA §  under INA §  under INA §  ..."",
  ..."",
  ..."",
  under INA §  ..."",
  ..."",
  applying INA §  — Petitioner’s"": "",
  — Petitioner’s"": ""Not mentioned"",
  ..."",
  ..."",
  so that the B.  — Petitioner’some to cross-excepterredemption. 
    Alcarried to the B.  submitted that the B. 
    Alcarried to the B. 
   "
15-71553-2021-12-14,https://cdn.ca9.uscourts.gov/datastore/opinions/2021/12/14/15-71553.pdf,meta/llama-3.2-3b-instruct,past_persecution_physical_violence,,,3018,parse: JSONDecodeError: Expecting property name enclosed in double quotes: line 4 column 3 (char 191),"{
  ""asylum_requested"": true,
  ""asylum_requested_evidence"": ""Petitioner applied for asylum under INA §  under INA §  under INA §  under INA §  under INA §  under INA §  under INA §  ..."",
  ..."",
  ..."",
  under INA §  ..."",
  ..."",
  applying INA §  — Petitioner’s"": "",
  — Petitioner’s"": ""Not mentioned"",
  ..."",
  ..."",
  so that the B.  — Petitioner’some to cross-excepterredemption. 
    Alcarried to the B.  submitted that the B. 
    Alcarried to the B. 
   "
15-71553-2021-12-14,https://cdn.ca9.uscourts.gov/datastore/opinions/2021/12/14/15-71553.pdf,meta/llama-3.2-3b-instruct,past_persecution_death_threats,,,3018,parse: JSONDecodeError: Expecting property name enclosed in double quotes: line 4 column 3 (char 191),"{
  ""asylum_requested"": true,
  ""asylum_requested_evidence"": ""Petitioner applied for asylum under INA §  under INA §  under INA §  under INA §  under INA §  under INA §  under INA §  ..."",
  ..."",
  ..."",
  under INA §  ..."",
  ..."",
  applying INA §  — Petitioner’s"": "",
  — Petitioner’s"": ""Not mentioned"",
  ..."",
  ..."",
  so that the B.  — Petitioner’some to cross-excepterredemption. 
    Alcarried to the B.  submitted that the B. 
    Alcarried to the B. 
   "
15-71553-2021-12-14,https://cdn.ca9.uscourts.gov/datastore/opinions/2021/12/14/15-71553.pdf,meta/llama-3.2-3b-instruct,persecutor_nongovernmental_actor,,,3018,parse: JSONDecodeError: Expecting property name enclosed in double quotes: line 4 column 3 (char 191),"{
  ""asylum_requested"": true,
  ""asylum_requested_evidence"": ""Petitioner applied for asylum under INA §  under INA §  under INA §  under INA §  under INA §  under INA §  under INA §  ..."",
  ..."",
  ..."",
  under INA §  ..."",
  ..."",
  applying INA §  — Petitioner’s"": "",
  — Petitioner’s"": ""Not mentioned"",
  ..."",
  ..."",
  so that the B.  — Petitioner’some to cross-excepterredemption. 
    Alcarried to the B.  submitted that the B. 
    Alcarried to the B. 
   "
15-71553-2021-12-14,https://cdn.ca9.uscourts.gov/datastore/opinions/2021/12/14/15-71553.pdf,meta/llama-3.2-3b-instruct,credibility_finding,,,3018,parse: JSONDecodeError: Expecting property name enclosed in double quotes: line 4 column 3 (char 191),"{
  ""asylum_requested"": true,
  ""asylum_requested_evidence"": ""Petitioner applied for asylum under INA §  under INA §  under INA §  under INA §  under INA §  under INA §  under INA §  ..."",
  ..."",
  ..."",
  under INA §  ..."",
  ..."",
  applying INA §  — Petitioner’s"": "",
  — Petitioner’s"": ""Not mentioned"",
  ..."",
  ..."",
  so that the B.  — Petitioner’some to cross-excepterredemption. 
    Alcarried to the B.  submitted that the B. 
    Alcarried to the B. 
   "
15-71553-2021-12-14,https://cdn.ca9.uscourts.gov/datastore/opinions/2021/12/14/15-71553.pdf,meta/llama-3.2-3b-instruct,bars_one_year_deadline_missed,,,3018,parse: JSONDecodeError: Expecting property name enclosed in double quotes: line 4 column 3 (char 191),"{
  ""asylum_requested"": true,
  ""asylum_requested_evidence"": ""Petitioner applied for asylum under INA §  under INA §  under INA §  under INA §  under INA §  under INA §  under INA §  ..."",
  ..."",
  ..."",
  under INA §  ..."",
  ..."",
  applying INA §  — Petitioner’s"": "",
  — Petitioner’s"": ""Not mentioned"",
  ..."",
  ..."",
  so that the B.  — Petitioner’some to cross-excepterredemption. 
    Alcarried to the B.  submitted that the B. 
    Alcarried to the B. 
   "
15-71553-2021-12-14,https://cdn.ca9.uscourts.gov/datastore/opinions/2021/12/14/15-71553.pdf,meta/llama-3.2-3b-instruct,nexus_requirement_met,,,3018,parse: JSONDecodeError: Expecting property name enclosed in double quotes: line 4 column 3 (char 191),"{
  ""asylum_requested"": true,
  ""asylum_requested_evidence"": ""Petitioner applied for asylum under INA §  under INA §  under INA §  under INA §  under INA §  under INA §  under INA §  ..."",
  ..."",
  ..."",
  under INA §  ..."",
  ..."",
  applying INA §  — Petitioner’s"": "",
  — Petitioner’s"": ""Not mentioned"",
  ..."",
  ..."",
  so that the B.  — Petitioner’some to cross-excepterredemption. 
    Alcarried to the B.  submitted that the B. 
    Alcarried to the B. 
   "
23-4420-2026-01-20,https://cdn.ca9.uscourts.gov/datastore/opinions/2026/01/20/23-4420.pdf,meta/llama-3.2-3b-instruct,asylum_requested,,,6449,"parse: JSONDecodeError: Expecting ',' delimiter: line 23 column 187 (char 1825)","{
  ""asylum_requested"": true,
  ""asylum_requested_evidence"": ""Petitioner credibly testified that she suffered repeated beatings at the hands of her partner, Oscar, who was a gang member."",
  ""withholding_requested"": true,
  ""withholding_requested_evidence"": ""The IJ denied relief, and the BIA dismissed her appeal."",
  ""CAT_requested"": false,
  ""CAT_requested_evidence"": ""Not mentioned in the opinion."",
  ""protected_ground_political_opinion"": false,
  ""protected_ground_political_opinion_evidence"": ""Not mentioned in the opinion."",
  ""protected_ground_particular_social_group"": false,
  ""protected_ground_particular_social_group_evidence"": ""Not mentioned in the opinion."",
  ""past_persecution_physical_violence"": true,
  ""past_persecution_physical_violence_evidence"": ""Petitioner credibly testified that Oscar stabbed her, wanted to keep her from going to church, and threatened to kill her if she tried to file a police report."",
  ""past_persecution_death_threats"": true,
  ""past_persecution_death_threats_evidence"": ""Petitioner credibly testified that Oscar threatened to kill her if she tried to file a police report."",
  ""persecutor_nongovernmental_actor"": true,
  ""persecutor_nongovernmental_actor_evidence"": ""Petitioner credibly testified that Oscar was a gang member who abused her."",
  ""credibility_finding"": true,
  ""credibility_finding_evidence"": ""Petitioner credibly testified that she suffered repeated beatings at the hands of her partner, Oscar, who was a gang member."",
  ""bars_one_year_deadline_missed"": false,
  ""bars_one_year_deadline_missed_evidence"": ""Not mentioned in the opinion."",
  ""nexus_requirement_met"": false,
  ""nexus_requirement_met_evidence"": ""The IJ’s witholding analysis cited the correct “a reason” nexus standard for the withholding claim, but the IJ did not properly apply that standard."""
23-4420-2026-01-20,https://cdn.ca9.uscourts.gov/datastore/opinions/2026/01/20/23-4420.pdf,meta/llama-3.2-3b-instruct,withholding_requested,,,6449,"parse: JSONDecodeError: Expecting ',' delimiter: line 23 column 187 (char 1825)","{
  ""asylum_requested"": true,
  ""asylum_requested_evidence"": ""Petitioner credibly testified that she suffered repeated beatings at the hands of her partner, Oscar, who was a gang member."",
  ""withholding_requested"": true,
  ""withholding_requested_evidence"": ""The IJ denied relief, and the BIA dismissed her appeal."",
  ""CAT_requested"": false,
  ""CAT_requested_evidence"": ""Not mentioned in the opinion."",
  ""protected_ground_political_opinion"": false,
  ""protected_ground_political_opinion_evidence"": ""Not mentioned in the opinion."",
  ""protected_ground_particular_social_group"": false,
  ""protected_ground_particular_social_group_evidence"": ""Not mentioned in the opinion."",
  ""past_persecution_physical_violence"": true,
  ""past_persecution_physical_violence_evidence"": ""Petitioner credibly testified that Oscar stabbed her, wanted to keep her from going to church, and threatened to kill her if she tried to file a police report."",
  ""past_persecution_death_threats"": true,
  ""past_persecution_death_threats_evidence"": ""Petitioner credibly testified that Oscar threatened to kill her if she tried to file a police report."",
  ""persecutor_nongovernmental_actor"": true,
  ""persecutor_nongovernmental_actor_evidence"": ""Petitioner credibly testified that Oscar was a gang member who abused her."",
  ""credibility_finding"": true,
  ""credibility_finding_evidence"": ""Petitioner credibly testified that she suffered repeated beatings at the hands of her partner, Oscar, who was a gang member."",
  ""bars_one_year_deadline_missed"": false,
  ""bars_one_year_deadline_missed_evidence"": ""Not mentioned in the opinion."",
  ""nexus_requirement_met"": false,
  ""nexus_requirement_met_evidence"": ""The IJ’s witholding analysis cited the correct “a reason” nexus standard for the withholding claim, but the IJ did not properly apply that standard."""
23-4420-2026-01-20,https://cdn.ca9.uscourts.gov/datastore/opinions/2026/01/20/23-4420.pdf,meta/llama-3.2-3b-instruct,CAT_requested,,,6449,"parse: JSONDecodeError: Expecting ',' delimiter: line 23 column 187 (char 1825)","{
  ""asylum_requested"": true,
  ""asylum_requested_evidence"": ""Petitioner credibly testified that she suffered repeated beatings at the hands of her partner, Oscar, who was a gang member."",
  ""withholding_requested"": true,
  ""withholding_requested_evidence"": ""The IJ denied relief, and the BIA dismissed her appeal."",
  ""CAT_requested"": false,
  ""CAT_requested_evidence"": ""Not mentioned in the opinion."",
  ""protected_ground_political_opinion"": false,
  ""protected_ground_political_opinion_evidence"": ""Not mentioned in the opinion."",
  ""protected_ground_particular_social_group"": false,
  ""protected_ground_particular_social_group_evidence"": ""Not mentioned in the opinion."",
  ""past_persecution_physical_violence"": true,
  ""past_persecution_physical_violence_evidence"": ""Petitioner credibly testified that Oscar stabbed her, wanted to keep her from going to church, and threatened to kill her if she tried to file a police report."",
  ""past_persecution_death_threats"": true,
  ""past_persecution_death_threats_evidence"": ""Petitioner credibly testified that Oscar threatened to kill her if she tried to file a police report."",
  ""persecutor_nongovernmental_actor"": true,
  ""persecutor_nongovernmental_actor_evidence"": ""Petitioner credibly testified that Oscar was a gang member who abused her."",
  ""credibility_finding"": true,
  ""credibility_finding_evidence"": ""Petitioner credibly testified that she suffered repeated beatings at the hands of her partner, Oscar, who was a gang member."",
  ""bars_one_year_deadline_missed"": false,
  ""bars_one_year_deadline_missed_evidence"": ""Not mentioned in the opinion."",
  ""nexus_requirement_met"": false,
  ""nexus_requirement_met_evidence"": ""The IJ’s witholding analysis cited the correct “a reason” nexus standard for the withholding claim, but the IJ did not properly apply that standard."""
23-4420-2026-01-20,https://cdn.ca9.uscourts.gov/datastore/opinions/2026/01/20/23-4420.pdf,meta/llama-3.2-3b-instruct,protected_ground_political_opinion,,,6449,"parse: JSONDecodeError: Expecting ',' delimiter: line 23 column 187 (char 1825)","{
  ""asylum_requested"": true,
  ""asylum_requested_evidence"": ""Petitioner credibly testified that she suffered repeated beatings at the hands of her partner, Oscar, who was a gang member."",
  ""withholding_requested"": true,
  ""withholding_requested_evidence"": ""The IJ denied relief, and the BIA dismissed her appeal."",
  ""CAT_requested"": false,
  ""CAT_requested_evidence"": ""Not mentioned in the opinion."",
  ""protected_ground_political_opinion"": false,
  ""protected_ground_political_opinion_evidence"": ""Not mentioned in the opinion."",
  ""protected_ground_particular_social_group"": false,
  ""protected_ground_particular_social_group_evidence"": ""Not mentioned in the opinion."",
  ""past_persecution_physical_violence"": true,
  ""past_persecution_physical_violence_evidence"": ""Petitioner credibly testified that Oscar stabbed her, wanted to keep her from going to church, and threatened to kill her if she tried to file a police report."",
  ""past_persecution_death_threats"": true,
  ""past_persecution_death_threats_evidence"": ""Petitioner credibly testified that Oscar threatened to kill her if she tried to file a police report."",
  ""persecutor_nongovernmental_actor"": true,
  ""persecutor_nongovernmental_actor_evidence"": ""Petitioner credibly testified that Oscar was a gang member who abused her."",
  ""credibility_finding"": true,
  ""credibility_finding_evidence"": ""Petitioner credibly testified that she suffered repeated beatings at the hands of her partner, Oscar, who was a gang member."",
  ""bars_one_year_deadline_missed"": false,
  ""bars_one_year_deadline_missed_evidence"": ""Not mentioned in the opinion."",
  ""nexus_requirement_met"": false,
  ""nexus_requirement_met_evidence"": ""The IJ’s witholding analysis cited the correct “a reason” nexus standard for the withholding claim, but the IJ did not properly apply that standard."""
23-4420-2026-01-20,https://cdn.ca9.uscourts.gov/datastore/opinions/2026/01/20/23-4420.pdf,meta/llama-3.2-3b-instruct,protected_ground_particular_social_group,,,6449,"parse: JSONDecodeError: Expecting ',' delimiter: line 23 column 187 (char 1825)","{
  ""asylum_requested"": true,
  ""asylum_requested_evidence"": ""Petitioner credibly testified that she suffered repeated beatings at the hands of her partner, Oscar, who was a gang member."",
  ""withholding_requested"": true,
  ""withholding_requested_evidence"": ""The IJ denied relief, and the BIA dismissed her appeal."",
  ""CAT_requested"": false,
  ""CAT_requested_evidence"": ""Not mentioned in the opinion."",
  ""protected_ground_political_opinion"": false,
  ""protected_ground_political_opinion_evidence"": ""Not mentioned in the opinion."",
  ""protected_ground_particular_social_group"": false,
  ""protected_ground_particular_social_group_evidence"": ""Not mentioned in the opinion."",
  ""past_persecution_physical_violence"": true,
  ""past_persecution_physical_violence_evidence"": ""Petitioner credibly testified that Oscar stabbed her, wanted to keep her from going to church, and threatened to kill her if she tried to file a police report."",
  ""past_persecution_death_threats"": true,
  ""past_persecution_death_threats_evidence"": ""Petitioner credibly testified that Oscar threatened to kill her if she tried to file a police report."",
  ""persecutor_nongovernmental_actor"": true,
  ""persecutor_nongovernmental_actor_evidence"": ""Petitioner credibly testified that Oscar was a gang member who abused her."",
  ""credibility_finding"": true,
  ""credibility_finding_evidence"": ""Petitioner credibly testified that she suffered repeated beatings at the hands of her partner, Oscar, who was a gang member."",
  ""bars_one_year_deadline_missed"": false,
  ""bars_one_year_deadline_missed_evidence"": ""Not mentioned in the opinion."",
  ""nexus_requirement_met"": false,
  ""nexus_requirement_met_evidence"": ""The IJ’s witholding analysis cited the correct “a reason” nexus standard for the withholding claim, but the IJ did not properly apply that standard."""
23-4420-2026-01-20,https://cdn.ca9.uscourts.gov/datastore/opinions/2026/01/20/23-4420.pdf,meta/llama-3.2-3b-instruct,past_persecution_physical_violence,,,6449,"parse: JSONDecodeError: Expecting ',' delimiter: line 23 column 187 (char 1825)","{
  ""asylum_requested"": true,
  ""asylum_requested_evidence"": ""Petitioner credibly testified that she suffered repeated beatings at the hands of her partner, Oscar, who was a gang member."",
  ""withholding_requested"": true,
  ""withholding_requested_evidence"": ""The IJ denied relief, and the BIA dismissed her appeal."",
  ""CAT_requested"": false,
  ""CAT_requested_evidence"": ""Not mentioned in the opinion."",
  ""protected_ground_political_opinion"": false,
  ""protected_ground_political_opinion_evidence"": ""Not mentioned in the opinion."",
  ""protected_ground_particular_social_group"": false,
  ""protected_ground_particular_social_group_evidence"": ""Not mentioned in the opinion."",
  ""past_persecution_physical_violence"": true,
  ""past_persecution_physical_violence_evidence"": ""Petitioner credibly testified that Oscar stabbed her, wanted to keep her from going to church, and threatened to kill her if she tried to file a police report."",
  ""past_persecution_death_threats"": true,
  ""past_persecution_death_threats_evidence"": ""Petitioner credibly testified that Oscar threatened to kill her if she tried to file a police report."",
  ""persecutor_nongovernmental_actor"": true,
  ""persecutor_nongovernmental_actor_evidence"": ""Petitioner credibly testified that Oscar was a gang member who abused her."",
  ""credibility_finding"": true,
  ""credibility_finding_evidence"": ""Petitioner credibly testified that she suffered repeated beatings at the hands of her partner, Oscar, who was a gang member."",
  ""bars_one_year_deadline_missed"": false,
  ""bars_one_year_deadline_missed_evidence"": ""Not mentioned in the opinion."",
  ""nexus_requirement_met"": false,
  ""nexus_requirement_met_evidence"": ""The IJ’s witholding analysis cited the correct “a reason” nexus standard for the withholding claim, but the IJ did not properly apply that standard."""
23-4420-2026-01-20,https://cdn.ca9.uscourts.gov/datastore/opinions/2026/01/20/23-4420.pdf,meta/llama-3.2-3b-instruct,past_persecution_death_threats,,,6449,"parse: JSONDecodeError: Expecting ',' delimiter: line 23 column 187 (char 1825)","{
  ""asylum_requested"": true,
  ""asylum_requested_evidence"": ""Petitioner credibly testified that she suffered repeated beatings at the hands of her partner, Oscar, who was a gang member."",
  ""withholding_requested"": true,
  ""withholding_requested_evidence"": ""The IJ denied relief, and the BIA dismissed her appeal."",
  ""CAT_requested"": false,
  ""CAT_requested_evidence"": ""Not mentioned in the opinion."",
  ""protected_ground_political_opinion"": false,
  ""protected_ground_political_opinion_evidence"": ""Not mentioned in the opinion."",
  ""protected_ground_particular_social_group"": false,
  ""protected_ground_particular_social_group_evidence"": ""Not mentioned in the opinion."",
  ""past_persecution_physical_violence"": true,
  ""past_persecution_physical_violence_evidence"": ""Petitioner credibly testified that Oscar stabbed her, wanted to keep her from going to church, and threatened to kill her if she tried to file a police report."",
  ""past_persecution_death_threats"": true,
  ""past_persecution_death_threats_evidence"": ""Petitioner credibly testified that Oscar threatened to kill her if she tried to file a police report."",
  ""persecutor_nongovernmental_actor"": true,
  ""persecutor_nongovernmental_actor_evidence"": ""Petitioner credibly testified that Oscar was a gang member who abused her."",
  ""credibility_finding"": true,
  ""credibility_finding_evidence"": ""Petitioner credibly testified that she suffered repeated beatings at the hands of her partner, Oscar, who was a gang member."",
  ""bars_one_year_deadline_missed"": false,
  ""bars_one_year_deadline_missed_evidence"": ""Not mentioned in the opinion."",
  ""nexus_requirement_met"": false,
  ""nexus_requirement_met_evidence"": ""The IJ’s witholding analysis cited the correct “a reason” nexus standard for the withholding claim, but the IJ did not properly apply that standard."""
23-4420-2026-01-20,https://cdn.ca9.uscourts.gov/datastore/opinions/2026/01/20/23-4420.pdf,meta/llama-3.2-3b-instruct,persecutor_nongovernmental_actor,,,6449,"parse: JSONDecodeError: Expecting ',' delimiter: line 23 column 187 (char 1825)","{
  ""asylum_requested"": true,
  ""asylum_requested_evidence"": ""Petitioner credibly testified that she suffered repeated beatings at the hands of her partner, Oscar, who was a gang member."",
  ""withholding_requested"": true,
  ""withholding_requested_evidence"": ""The IJ denied relief, and the BIA dismissed her appeal."",
  ""CAT_requested"": false,
  ""CAT_requested_evidence"": ""Not mentioned in the opinion."",
  ""protected_ground_political_opinion"": false,
  ""protected_ground_political_opinion_evidence"": ""Not mentioned in the opinion."",
  ""protected_ground_particular_social_group"": false,
  ""protected_ground_particular_social_group_evidence"": ""Not mentioned in the opinion."",
  ""past_persecution_physical_violence"": true,
  ""past_persecution_physical_violence_evidence"": ""Petitioner credibly testified that Oscar stabbed her, wanted to keep her from going to church, and threatened to kill her if she tried to file a police report."",
  ""past_persecution_death_threats"": true,
  ""past_persecution_death_threats_evidence"": ""Petitioner credibly testified that Oscar threatened to kill her if she tried to file a police report."",
  ""persecutor_nongovernmental_actor"": true,
  ""persecutor_nongovernmental_actor_evidence"": ""Petitioner credibly testified that Oscar was a gang member who abused her."",
  ""credibility_finding"": true,
  ""credibility_finding_evidence"": ""Petitioner credibly testified that she suffered repeated beatings at the hands of her partner, Oscar, who was a gang member."",
  ""bars_one_year_deadline_missed"": false,
  ""bars_one_year_deadline_missed_evidence"": ""Not mentioned in the opinion."",
  ""nexus_requirement_met"": false,
  ""nexus_requirement_met_evidence"": ""The IJ’s witholding analysis cited the correct “a reason” nexus standard for the withholding claim, but the IJ did not properly apply that standard."""
23-4420-2026-01-20,https://cdn.ca9.uscourts.gov/datastore/opinions/2026/01/20/23-4420.pdf,meta/llama-3.2-3b-instruct,credibility_finding,,,6449,"parse: JSONDecodeError: Expecting ',' delimiter: line 23 column 187 (char 1825)","{
  ""asylum_requested"": true,
  ""asylum_requested_evidence"": ""Petitioner credibly testified that she suffered repeated beatings at the hands of her partner, Oscar, who was a gang member."",
  ""withholding_requested"": true,
  ""withholding_requested_evidence"": ""The IJ denied relief, and the BIA dismissed her appeal."",
  ""CAT_requested"": false,
  ""CAT_requested_evidence"": ""Not mentioned in the opinion."",
  ""protected_ground_political_opinion"": false,
  ""protected_ground_political_opinion_evidence"": ""Not mentioned in the opinion."",
  ""protected_ground_particular_social_group"": false,
  ""protected_ground_particular_social_group_evidence"": ""Not mentioned in the opinion."",
  ""past_persecution_physical_violence"": true,
  ""past_persecution_physical_violence_evidence"": ""Petitioner credibly testified that Oscar stabbed her, wanted to keep her from going to church, and threatened to kill her if she tried to file a police report."",
  ""past_persecution_death_threats"": true,
  ""past_persecution_death_threats_evidence"": ""Petitioner credibly testified that Oscar threatened to kill her if she tried to file a police report."",
  ""persecutor_nongovernmental_actor"": true,
  ""persecutor_nongovernmental_actor_evidence"": ""Petitioner credibly testified that Oscar was a gang member who abused her."",
  ""credibility_finding"": true,
  ""credibility_finding_evidence"": ""Petitioner credibly testified that she suffered repeated beatings at the hands of her partner, Oscar, who was a gang member."",
  ""bars_one_year_deadline_missed"": false,
  ""bars_one_year_deadline_missed_evidence"": ""Not mentioned in the opinion."",
  ""nexus_requirement_met"": false,
  ""nexus_requirement_met_evidence"": ""The IJ’s witholding analysis cited the correct “a reason” nexus standard for the withholding claim, but the IJ did not properly apply that standard."""
23-4420-2026-01-20,https://cdn.ca9.uscourts.gov/datastore/opinions/2026/01/20/23-4420.pdf,meta/llama-3.2-3b-instruct,bars_one_year_deadline_missed,,,6449,"parse: JSONDecodeError: Expecting ',' delimiter: line 23 column 187 (char 1825)","{
  ""asylum_requested"": true,
  ""asylum_requested_evidence"": ""Petitioner credibly testified that she suffered repeated beatings at the hands of her partner, Oscar, who was a gang member."",
  ""withholding_requested"": true,
  ""withholding_requested_evidence"": ""The IJ denied relief, and the BIA dismissed her appeal."",
  ""CAT_requested"": false,
  ""CAT_requested_evidence"": ""Not mentioned in the opinion."",
  ""protected_ground_political_opinion"": false,
  ""protected_ground_political_opinion_evidence"": ""Not mentioned in the opinion."",
  ""protected_ground_particular_social_group"": false,
  ""protected_ground_particular_social_group_evidence"": ""Not mentioned in the opinion."",
  ""past_persecution_physical_violence"": true,
  ""past_persecution_physical_violence_evidence"": ""Petitioner credibly testified that Oscar stabbed her, wanted to keep her from going to church, and threatened to kill her if she tried to file a police report."",
  ""past_persecution_death_threats"": true,
  ""past_persecution_death_threats_evidence"": ""Petitioner credibly testified that Oscar threatened to kill her if she tried to file a police report."",
  ""persecutor_nongovernmental_actor"": true,
  ""persecutor_nongovernmental_actor_evidence"": ""Petitioner credibly testified that Oscar was a gang member who abused her."",
  ""credibility_finding"": true,
  ""credibility_finding_evidence"": ""Petitioner credibly testified that she suffered repeated beatings at the hands of her partner, Oscar, who was a gang member."",
  ""bars_one_year_deadline_missed"": false,
  ""bars_one_year_deadline_missed_evidence"": ""Not mentioned in the opinion."",
  ""nexus_requirement_met"": false,
  ""nexus_requirement_met_evidence"": ""The IJ’s witholding analysis cited the correct “a reason” nexus standard for the withholding claim, but the IJ did not properly apply that standard."""
23-4420-2026-01-20,https://cdn.ca9.uscourts.gov/datastore/opinions/2026/01/20/23-4420.pdf,meta/llama-3.2-3b-instruct,nexus_requirement_met,,,6449,"parse: JSONDecodeError: Expecting ',' delimiter: line 23 column 187 (char 1825)","{
  ""asylum_requested"": true,
  ""asylum_requested_evidence"": ""Petitioner credibly testified that she suffered repeated beatings at the hands of her partner, Oscar, who was a gang member."",
  ""withholding_requested"": true,
  ""withholding_requested_evidence"": ""The IJ denied relief, and the BIA dismissed her appeal."",
  ""CAT_requested"": false,
  ""CAT_requested_evidence"": ""Not mentioned in the opinion."",
  ""protected_ground_political_opinion"": false,
  ""protected_ground_political_opinion_evidence"": ""Not mentioned in the opinion."",
  ""protected_ground_particular_social_group"": false,
  ""protected_ground_particular_social_group_evidence"": ""Not mentioned in the opinion."",
  ""past_persecution_physical_violence"": true,
  ""past_persecution_physical_violence_evidence"": ""Petitioner credibly testified that Oscar stabbed her, wanted to keep her from going to church, and threatened to kill her if she tried to file a police report."",
  ""past_persecution_death_threats"": true,
  ""past_persecution_death_threats_evidence"": ""Petitioner credibly testified that Oscar threatened to kill her if she tried to file a police report."",
  ""persecutor_nongovernmental_actor"": true,
  ""persecutor_nongovernmental_actor_evidence"": ""Petitioner credibly testified that Oscar was a gang member who abused her."",
  ""credibility_finding"": true,
  ""credibility_finding_evidence"": ""Petitioner credibly testified that she suffered repeated beatings at the hands of her partner, Oscar, who was a gang member."",
  ""bars_one_year_deadline_missed"": false,
  ""bars_one_year_deadline_missed_evidence"": ""Not mentioned in the opinion."",
  ""nexus_requirement_met"": false,
  ""nexus_requirement_met_evidence"": ""The IJ’s witholding analysis cited the correct “a reason” nexus standard for the withholding claim, but the IJ did not properly apply that standard."""
24-631-2025-08-27,https://cdn.ca9.uscourts.gov/datastore/opinions/2025/08/27/24-631.pdf,meta/llama-3.2-3b-instruct,asylum_requested,,,4172,parse: JSONDecodeError: Expecting property name enclosed in double quotes: line 3 column 1 (char 4),"{
 
& 
& 
(2 
Please see also applies to the country of the country of the other than the removal proceedings. . . . . . . . . . . . . . .”"
24-631-2025-08-27,https://cdn.ca9.uscourts.gov/datastore/opinions/2025/08/27/24-631.pdf,meta/llama-3.2-3b-instruct,withholding_requested,,,4172,parse: JSONDecodeError: Expecting property name enclosed in double quotes: line 3 column 1 (char 4),"{
 
& 
& 
(2 
Please see also applies to the country of the country of the other than the removal proceedings. . . . . . . . . . . . . . .”"
24-631-2025-08-27,https://cdn.ca9.uscourts.gov/datastore/opinions/2025/08/27/24-631.pdf,meta/llama-3.2-3b-instruct,CAT_requested,,,4172,parse: JSONDecodeError: Expecting property name enclosed in double quotes: line 3 column 1 (char 4),"{
 
& 
& 
(2 
Please see also applies to the country of the country of the other than the removal proceedings. . . . . . . . . . . . . . .”"
24-631-2025-08-27,https://cdn.ca9.uscourts.gov/datastore/opinions/2025/08/27/24-631.pdf,meta/llama-3.2-3b-instruct,protected_ground_political_opinion,,,4172,parse: JSONDecodeError: Expecting property name enclosed in double quotes: line 3 column 1 (char 4),"{
 
& 
& 
(2 
Please see also applies to the country of the country of the other than the removal proceedings. . . . . . . . . . . . . . .”"
24-631-2025-08-27,https://cdn.ca9.uscourts.gov/datastore/opinions/2025/08/27/24-631.pdf,meta/llama-3.2-3b-instruct,protected_ground_particular_social_group,,,4172,parse: JSONDecodeError: Expecting property name enclosed in double quotes: line 3 column 1 (char 4),"{
 
& 
& 
(2 
Please see also applies to the country of the country of the other than the removal proceedings. . . . . . . . . . . . . . .”"
24-631-2025-08-27,https://cdn.ca9.uscourts.gov/datastore/opinions/2025/08/27/24-631.pdf,meta/llama-3.2-3b-instruct,past_persecution_physical_violence,,,4172,parse: JSONDecodeError: Expecting property name enclosed in double quotes: line 3 column 1 (char 4),"{
 
& 
& 
(2 
Please see also applies to the country of the country of the other than the removal proceedings. . . . . . . . . . . . . . .”"
24-631-2025-08-27,https://cdn.ca9.uscourts.gov/datastore/opinions/2025/08/27/24-631.pdf,meta/llama-3.2-3b-instruct,past_persecution_death_threats,,,4172,parse: JSONDecodeError: Expecting property name enclosed in double quotes: line 3 column 1 (char 4),"{
 
& 
& 
(2 
Please see also applies to the country of the country of the other than the removal proceedings. . . . . . . . . . . . . . .”"
24-631-2025-08-27,https://cdn.ca9.uscourts.gov/datastore/opinions/2025/08/27/24-631.pdf,meta/llama-3.2-3b-instruct,persecutor_nongovernmental_actor,,,4172,parse: JSONDecodeError: Expecting property name enclosed in double quotes: line 3 column 1 (char 4),"{
 
& 
& 
(2 
Please see also applies to the country of the country of the other than the removal proceedings. . . . . . . . . . . . . . .”"
24-631-2025-08-27,https://cdn.ca9.uscourts.gov/datastore/opinions/2025/08/27/24-631.pdf,meta/llama-3.2-3b-instruct,credibility_finding,,,4172,parse: JSONDecodeError: Expecting property name enclosed in double quotes: line 3 column 1 (char 4),"{
 
& 
& 
(2 
Please see also applies to the country of the country of the other than the removal proceedings. . . . . . . . . . . . . . .”"
24-631-2025-08-27,https://cdn.ca9.uscourts.gov/datastore/opinions/2025/08/27/24-631.pdf,meta/llama-3.2-3b-instruct,bars_one_year_deadline_missed,,,4172,parse: JSONDecodeError: Expecting property name enclosed in double quotes: line 3 column 1 (char 4),"{
 
& 
& 
(2 
Please see also applies to the country of the country of the other than the removal proceedings. . . . . . . . . . . . . . .”"
24-631-2025-08-27,https://cdn.ca9.uscourts.gov/datastore/opinions/2025/08/27/24-631.pdf,meta/llama-3.2-3b-instruct,nexus_requirement_met,,,4172,parse: JSONDecodeError: Expecting property name enclosed in double quotes: line 3 column 1 (char 4),"{
 
& 
& 
(2 
Please see also applies to the country of the country of the other than the removal proceedings. . . . . . . . . . . . . . .”"
19-16487-2020-07-06,https://cdn.ca9.uscourts.gov/datastore/opinions/2020/07/06/19-16487.pdf,meta/llama-3.2-3b-instruct,asylum_requested,,,26009,parse: JSONDecodeError: Expecting property name enclosed in double quotes: line 2 column 1 (char 2),"{
because the Rule of the Rule of the Rule of the Rule is not consistent with the statutory language of 1158.  We note, however,  is
29
29
8
29
29
29
29
29
29
29
29
C.  is not be the Rule.  is not be the Rule.  is not be the Rule is not only the Rule is not only
*  of 1158(b)(2)(COUR
EASTEROASTEROIDentitledis not only one of the Rule of the Rule of the Rule of the Rule of the Rule of the Rule of 2
EASTEROASTEROASTEROASTEROASTEROASTEROASTEROASTEROASTEROASTEROASTEROASTEROASTEROASTEROASTEROASTEROASTEROASTEROAST
EASTEROASTEROASTEROASTEROASTEROASTEROASTEROASTEROASTEROASTA EAST BAYEASTEROASTEROASTERO
EASTA EAST BARRA. . . . . . . . . . . . . . . . . . . . . . . . . . . . . . . . . . . . . . . . . . . . . . . . . . . . . . . . . . . . . . . . . . . . . . . . . . . . . . . . . . . . . . . . . . . . . . . . . . . . . . . . . . . . . . . . . . . . . . . . . . . . . . . . . . . . . . . . . . . . . . . . . . . . . . . . . . . . . . . . . . . . . . . . . . . . . . . . . . . . . . . . . . . . . . . . . . . . . . . . . . . . . . . . . . . . . . . . . . . . . . . . . . . . . . . . . . . . . . . . . . . . . . . . . . . . . . . . . . . . . . . . . . . . . . . . . . . . . . . . . . . . . . . . . . . . . . . . . . . . . . . . . . . . . . . . . . . . . . . . . . . . . . . . . . . . . . . . . . . . . . . . . . . . . . . . . . . . . . . . . . . . . . . . . . . . . . . . . . . . . . . . . . . . . . . . . . . . . . . . . . . . . . . . . . . . . . . . . . . . . . . . . . . . . . . . . . . . . . . . . . . . . . . . . . . . . . . . . . . . . . . . . . . . . . . . . . . . . . . . . . . . . . . . . . . . . . . . . . . . . . . . . . . . . . . . . . . . . . . . . . . . . . . . . . . . . . . . . . . . . . . . . . . . . . . . . . . . . . . . . . . . . . . . . . . . . . . . . . . . . . . . . . . . . . . . . . . . . . . . . . . . . . . . . . . . . . . . . . . . . . . . . . . . . . . . . . . . . . . . . . . . . . . . . . . . . . . . . . . . . . . . . . . . . . . . . . . . . . . . . . . . . . . . . . . . . . . . . . . . . . . . . . . . . . . . . . . . . . . . . . . . . . . . . . . . . . . . . . . . . . . . . . . . . . . . . . . . . . . . . . . . . . . . . . . . . . . . . . . . . . . . . . . . . . . . . . . . . . . . . . . . . . . . . . . . . . . . . . . . . . . . . . . . . . . . . . . . . . . . . . . . . . . . . . . . . . . . . . . . . . . . . . . . . . . . . . . . . . . . . . . . . . . . . . . . . . . . . . . . . . . . . . . . . . . . . . . . . . . . . . . . . . . . . . . . . . . . . . . . . . . . . . . . . . . . . . .”  Barr v. E. Bay Sanctuary Covenant , 140 S.Ct."
19-16487-2020-07-06,https://cdn.ca9.uscourts.gov/datastore/opinions/2020/07/06/19-16487.pdf,meta/llama-3.2-3b-instruct,withholding_requested,,,26009,parse: JSONDecodeError: Expecting property name enclosed in double quotes: line 2 column 1 (char 2),"{
because the Rule of the Rule of the Rule of the Rule is not consistent with the statutory language of 1158.  We note, however,  is
29
29
8
29
29
29
29
29
29
29
29
C.  is not be the Rule.  is not be the Rule.  is not be the Rule is not only the Rule is not only
*  of 1158(b)(2)(COUR
EASTEROASTEROIDentitledis not only one of the Rule of the Rule of the Rule of the Rule of the Rule of the Rule of 2
EASTEROASTEROASTEROASTEROASTEROASTEROASTEROASTEROASTEROASTEROASTEROASTEROASTEROASTEROASTEROASTEROASTEROASTEROAST
EASTEROASTEROASTEROASTEROASTEROASTEROASTEROASTEROASTEROASTA EAST BAYEASTEROASTEROASTERO
EASTA EAST BARRA. . . . . . . . . . . . . . . . . . . . . . . . . . . . . . . . . . . . . . . . . . . . . . . . . . . . . . . . . . . . . . . . . . . . . . . . . . . . . . . . . . . . . . . . . . . . . . . . . . . . . . . . . . . . . . . . . . . . . . . . . . . . . . . . . . . . . . . . . . . . . . . . . . . . . . . . . . . . . . . . . . . . . . . . . . . . . . . . . . . . . . . . . . . . . . . . . . . . . . . . . . . . . . . . . . . . . . . . . . . . . . . . . . . . . . . . . . . . . . . . . . . . . . . . . . . . . . . . . . . . . . . . . . . . . . . . . . . . . . . . . . . . . . . . . . . . . . . . . . . . . . . . . . . . . . . . . . . . . . . . . . . . . . . . . . . . . . . . . . . . . . . . . . . . . . . . . . . . . . . . . . . . . . . . . . . . . . . . . . . . . . . . . . . . . . . . . . . . . . . . . . . . . . . . . . . . . . . . . . . . . . . . . . . . . . . . . . . . . . . . . . . . . . . . . . . . . . . . . . . . . . . . . . . . . . . . . . . . . . . . . . . . . . . . . . . . . . . . . . . . . . . . . . . . . . . . . . . . . . . . . . . . . . . . . . . . . . . . . . . . . . . . . . . . . . . . . . . . . . . . . . . . . . . . . . . . . . . . . . . . . . . . . . . . . . . . . . . . . . . . . . . . . . . . . . . . . . . . . . . . . . . . . . . . . . . . . . . . . . . . . . . . . . . . . . . . . . . . . . . . . . . . . . . . . . . . . . . . . . . . . . . . . . . . . . . . . . . . . . . . . . . . . . . . . . . . . . . . . . . . . . . . . . . . . . . . . . . . . . . . . . . . . . . . . . . . . . . . . . . . . . . . . . . . . . . . . . . . . . . . . . . . . . . . . . . . . . . . . . . . . . . . . . . . . . . . . . . . . . . . . . . . . . . . . . . . . . . . . . . . . . . . . . . . . . . . . . . . . . . . . . . . . . . . . . . . . . . . . . . . . . . . . . . . . . . . . . . . . . . . . . . . . . . . . . . . . . . . . . . . . . . . . . . . . . . . . . . . . . . . . . . . . . . . . . . . . . .”  Barr v. E. Bay Sanctuary Covenant , 140 S.Ct."
19-16487-2020-07-06,https://cdn.ca9.uscourts.gov/datastore/opinions/2020/07/06/19-16487.pdf,meta/llama-3.2-3b-instruct,CAT_requested,,,26009,parse: JSONDecodeError: Expecting property name enclosed in double quotes: line 2 column 1 (char 2),"{
because the Rule of the Rule of the Rule of the Rule is not consistent with the statutory language of 1158.  We note, however,  is
29
29
8
29
29
29
29
29
29
29
29
C.  is not be the Rule.  is not be the Rule.  is not be the Rule is not only the Rule is not only
*  of 1158(b)(2)(COUR
EASTEROASTEROIDentitledis not only one of the Rule of the Rule of the Rule of the Rule of the Rule of the Rule of 2
EASTEROASTEROASTEROASTEROASTEROASTEROASTEROASTEROASTEROASTEROASTEROASTEROASTEROASTEROASTEROASTEROASTEROASTEROAST
EASTEROASTEROASTEROASTEROASTEROASTEROASTEROASTEROASTEROASTA EAST BAYEASTEROASTEROASTERO
EASTA EAST BARRA. . . . . . . . . . . . . . . . . . . . . . . . . . . . . . . . . . . . . . . . . . . . . . . . . . . . . . . . . . . . . . . . . . . . . . . . . . . . . . . . . . . . . . . . . . . . . . . . . . . . . . . . . . . . . . . . . . . . . . . . . . . . . . . . . . . . . . . . . . . . . . . . . . . . . . . . . . . . . . . . . . . . . . . . . . . . . . . . . . . . . . . . . . . . . . . . . . . . . . . . . . . . . . . . . . . . . . . . . . . . . . . . . . . . . . . . . . . . . . . . . . . . . . . . . . . . . . . . . . . . . . . . . . . . . . . . . . . . . . . . . . . . . . . . . . . . . . . . . . . . . . . . . . . . . . . . . . . . . . . . . . . . . . . . . . . . . . . . . . . . . . . . . . . . . . . . . . . . . . . . . . . . . . . . . . . . . . . . . . . . . . . . . . . . . . . . . . . . . . . . . . . . . . . . . . . . . . . . . . . . . . . . . . . . . . . . . . . . . . . . . . . . . . . . . . . . . . . . . . . . . . . . . . . . . . . . . . . . . . . . . . . . . . . . . . . . . . . . . . . . . . . . . . . . . . . . . . . . . . . . . . . . . . . . . . . . . . . . . . . . . . . . . . . . . . . . . . . . . . . . . . . . . . . . . . . . . . . . . . . . . . . . . . . . . . . . . . . . . . . . . . . . . . . . . . . . . . . . . . . . . . . . . . . . . . . . . . . . . . . . . . . . . . . . . . . . . . . . . . . . . . . . . . . . . . . . . . . . . . . . . . . . . . . . . . . . . . . . . . . . . . . . . . . . . . . . . . . . . . . . . . . . . . . . . . . . . . . . . . . . . . . . . . . . . . . . . . . . . . . . . . . . . . . . . . . . . . . . . . . . . . . . . . . . . . . . . . . . . . . . . . . . . . . . . . . . . . . . . . . . . . . . . . . . . . . . . . . . . . . . . . . . . . . . . . . . . . . . . . . . . . . . . . . . . . . . . . . . . . . . . . . . . . . . . . . . . . . . . . . . . . . . . . . . . . . . . . . . . . . . . . . . . . . . . . . . . . . . . . . . . . . . . . . . . . . . . . .”  Barr v. E. Bay Sanctuary Covenant , 140 S.Ct."
19-16487-2020-07-06,https://cdn.ca9.uscourts.gov/datastore/opinions/2020/07/06/19-16487.pdf,meta/llama-3.2-3b-instruct,protected_ground_political_opinion,,,26009,parse: JSONDecodeError: Expecting property name enclosed in double quotes: line 2 column 1 (char 2),"{
because the Rule of the Rule of the Rule of the Rule is not consistent with the statutory language of 1158.  We note, however,  is
29
29
8
29
29
29
29
29
29
29
29
C.  is not be the Rule.  is not be the Rule.  is not be the Rule is not only the Rule is not only
*  of 1158(b)(2)(COUR
EASTEROASTEROIDentitledis not only one of the Rule of the Rule of the Rule of the Rule of the Rule of the Rule of 2
EASTEROASTEROASTEROASTEROASTEROASTEROASTEROASTEROASTEROASTEROASTEROASTEROASTEROASTEROASTEROASTEROASTEROASTEROAST
EASTEROASTEROASTEROASTEROASTEROASTEROASTEROASTEROASTEROASTA EAST BAYEASTEROASTEROASTERO
EASTA EAST BARRA. . . . . . . . . . . . . . . . . . . . . . . . . . . . . . . . . . . . . . . . . . . . . . . . . . . . . . . . . . . . . . . . . . . . . . . . . . . . . . . . . . . . . . . . . . . . . . . . . . . . . . . . . . . . . . . . . . . . . . . . . . . . . . . . . . . . . . . . . . . . . . . . . . . . . . . . . . . . . . . . . . . . . . . . . . . . . . . . . . . . . . . . . . . . . . . . . . . . . . . . . . . . . . . . . . . . . . . . . . . . . . . . . . . . . . . . . . . . . . . . . . . . . . . . . . . . . . . . . . . . . . . . . . . . . . . . . . . . . . . . . . . . . . . . . . . . . . . . . . . . . . . . . . . . . . . . . . . . . . . . . . . . . . . . . . . . . . . . . . . . . . . . . . . . . . . . . . . . . . . . . . . . . . . . . . . . . . . . . . . . . . . . . . . . . . . . . . . . . . . . . . . . . . . . . . . . . . . . . . . . . . . . . . . . . . . . . . . . . . . . . . . . . . . . . . . . . . . . . . . . . . . . . . . . . . . . . . . . . . . . . . . . . . . . . . . . . . . . . . . . . . . . . . . . . . . . . . . . . . . . . . . . . . . . . . . . . . . . . . . . . . . . . . . . . . . . . . . . . . . . . . . . . . . . . . . . . . . . . . . . . . . . . . . . . . . . . . . . . . . . . . . . . . . . . . . . . . . . . . . . . . . . . . . . . . . . . . . . . . . . . . . . . . . . . . . . . . . . . . . . . . . . . . . . . . . . . . . . . . . . . . . . . . . . . . . . . . . . . . . . . . . . . . . . . . . . . . . . . . . . . . . . . . . . . . . . . . . . . . . . . . . . . . . . . . . . . . . . . . . . . . . . . . . . . . . . . . . . . . . . . . . . . . . . . . . . . . . . . . . . . . . . . . . . . . . . . . . . . . . . . . . . . . . . . . . . . . . . . . . . . . . . . . . . . . . . . . . . . . . . . . . . . . . . . . . . . . . . . . . . . . . . . . . . . . . . . . . . . . . . . . . . . . . . . . . . . . . . . . . . . . . . . . . . . . . . . . . . . . . . . . . . . . . . . . . . . . .”  Barr v. E. Bay Sanctuary Covenant , 140 S.Ct."
19-16487-2020-07-06,https://cdn.ca9.uscourts.gov/datastore/opinions/2020/07/06/19-16487.pdf,meta/llama-3.2-3b-instruct,protected_ground_particular_social_group,,,26009,parse: JSONDecodeError: Expecting property name enclosed in double quotes: line 2 column 1 (char 2),"{
because the Rule of the Rule of the Rule of the Rule is not consistent with the statutory language of 1158.  We note, however,  is
29
29
8
29
29
29
29
29
29
29
29
C.  is not be the Rule.  is not be the Rule.  is not be the Rule is not only the Rule is not only
*  of 1158(b)(2)(COUR
EASTEROASTEROIDentitledis not only one of the Rule of the Rule of the Rule of the Rule of the Rule of the Rule of 2
EASTEROASTEROASTEROASTEROASTEROASTEROASTEROASTEROASTEROASTEROASTEROASTEROASTEROASTEROASTEROASTEROASTEROASTEROAST
EASTEROASTEROASTEROASTEROASTEROASTEROASTEROASTEROASTEROASTA EAST BAYEASTEROASTEROASTERO
EASTA EAST BARRA. . . . . . . . . . . . . . . . . . . . . . . . . . . . . . . . . . . . . . . . . . . . . . . . . . . . . . . . . . . . . . . . . . . . . . . . . . . . . . . . . . . . . . . . . . . . . . . . . . . . . . . . . . . . . . . . . . . . . . . . . . . . . . . . . . . . . . . . . . . . . . . . . . . . . . . . . . . . . . . . . . . . . . . . . . . . . . . . . . . . . . . . . . . . . . . . . . . . . . . . . . . . . . . . . . . . . . . . . . . . . . . . . . . . . . . . . . . . . . . . . . . . . . . . . . . . . . . . . . . . . . . . . . . . . . . . . . . . . . . . . . . . . . . . . . . . . . . . . . . . . . . . . . . . . . . . . . . . . . . . . . . . . . . . . . . . . . . . . . . . . . . . . . . . . . . . . . . . . . . . . . . . . . . . . . . . . . . . . . . . . . . . . . . . . . . . . . . . . . . . . . . . . . . . . . . . . . . . . . . . . . . . . . . . . . . . . . . . . . . . . . . . . . . . . . . . . . . . . . . . . . . . . . . . . . . . . . . . . . . . . . . . . . . . . . . . . . . . . . . . . . . . . . . . . . . . . . . . . . . . . . . . . . . . . . . . . . . . . . . . . . . . . . . . . . . . . . . . . . . . . . . . . . . . . . . . . . . . . . . . . . . . . . . . . . . . . . . . . . . . . . . . . . . . . . . . . . . . . . . . . . . . . . . . . . . . . . . . . . . . . . . . . . . . . . . . . . . . . . . . . . . . . . . . . . . . . . . . . . . . . . . . . . . . . . . . . . . . . . . . . . . . . . . . . . . . . . . . . . . . . . . . . . . . . . . . . . . . . . . . . . . . . . . . . . . . . . . . . . . . . . . . . . . . . . . . . . . . . . . . . . . . . . . . . . . . . . . . . . . . . . . . . . . . . . . . . . . . . . . . . . . . . . . . . . . . . . . . . . . . . . . . . . . . . . . . . . . . . . . . . . . . . . . . . . . . . . . . . . . . . . . . . . . . . . . . . . . . . . . . . . . . . . . . . . . . . . . . . . . . . . . . . . . . . . . . . . . . . . . . . . . . . . . . . . . . . . .”  Barr v. E. Bay Sanctuary Covenant , 140 S.Ct."
19-16487-2020-07-06,https://cdn.ca9.uscourts.gov/datastore/opinions/2020/07/06/19-16487.pdf,meta/llama-3.2-3b-instruct,past_persecution_physical_violence,,,26009,parse: JSONDecodeError: Expecting property name enclosed in double quotes: line 2 column 1 (char 2),"{
because the Rule of the Rule of the Rule of the Rule is not consistent with the statutory language of 1158.  We note, however,  is
29
29
8
29
29
29
29
29
29
29
29
C.  is not be the Rule.  is not be the Rule.  is not be the Rule is not only the Rule is not only
*  of 1158(b)(2)(COUR
EASTEROASTEROIDentitledis not only one of the Rule of the Rule of the Rule of the Rule of the Rule of the Rule of 2
EASTEROASTEROASTEROASTEROASTEROASTEROASTEROASTEROASTEROASTEROASTEROASTEROASTEROASTEROASTEROASTEROASTEROASTEROAST
EASTEROASTEROASTEROASTEROASTEROASTEROASTEROASTEROASTEROASTA EAST BAYEASTEROASTEROASTERO
EASTA EAST BARRA. . . . . . . . . . . . . . . . . . . . . . . . . . . . . . . . . . . . . . . . . . . . . . . . . . . . . . . . . . . . . . . . . . . . . . . . . . . . . . . . . . . . . . . . . . . . . . . . . . . . . . . . . . . . . . . . . . . . . . . . . . . . . . . . . . . . . . . . . . . . . . . . . . . . . . . . . . . . . . . . . . . . . . . . . . . . . . . . . . . . . . . . . . . . . . . . . . . . . . . . . . . . . . . . . . . . . . . . . . . . . . . . . . . . . . . . . . . . . . . . . . . . . . . . . . . . . . . . . . . . . . . . . . . . . . . . . . . . . . . . . . . . . . . . . . . . . . . . . . . . . . . . . . . . . . . . . . . . . . . . . . . . . . . . . . . . . . . . . . . . . . . . . . . . . . . . . . . . . . . . . . . . . . . . . . . . . . . . . . . . . . . . . . . . . . . . . . . . . . . . . . . . . . . . . . . . . . . . . . . . . . . . . . . . . . . . . . . . . . . . . . . . . . . . . . . . . . . . . . . . . . . . . . . . . . . . . . . . . . . . . . . . . . . . . . . . . . . . . . . . . . . . . . . . . . . . . . . . . . . . . . . . . . . . . . . . . . . . . . . . . . . . . . . . . . . . . . . . . . . . . . . . . . . . . . . . . . . . . . . . . . . . . . . . . . . . . . . . . . . . . . . . . . . . . . . . . . . . . . . . . . . . . . . . . . . . . . . . . . . . . . . . . . . . . . . . . . . . . . . . . . . . . . . . . . . . . . . . . . . . . . . . . . . . . . . . . . . . . . . . . . . . . . . . . . . . . . . . . . . . . . . . . . . . . . . . . . . . . . . . . . . . . . . . . . . . . . . . . . . . . . . . . . . . . . . . . . . . . . . . . . . . . . . . . . . . . . . . . . . . . . . . . . . . . . . . . . . . . . . . . . . . . . . . . . . . . . . . . . . . . . . . . . . . . . . . . . . . . . . . . . . . . . . . . . . . . . . . . . . . . . . . . . . . . . . . . . . . . . . . . . . . . . . . . . . . . . . . . . . . . . . . . . . . . . . . . . . . . . . . . . . . . . . . . . . . . . .”  Barr v. E. Bay Sanctuary Covenant , 140 S.Ct."
19-16487-2020-07-06,https://cdn.ca9.uscourts.gov/datastore/opinions/2020/07/06/19-16487.pdf,meta/llama-3.2-3b-instruct,past_persecution_death_threats,,,26009,parse: JSONDecodeError: Expecting property name enclosed in double quotes: line 2 column 1 (char 2),"{
because the Rule of the Rule of the Rule of the Rule is not consistent with the statutory language of 1158.  We note, however,  is
29
29
8
29
29
29
29
29
29
29
29
C.  is not be the Rule.  is not be the Rule.  is not be the Rule is not only the Rule is not only
*  of 1158(b)(2)(COUR
EASTEROASTEROIDentitledis not only one of the Rule of the Rule of the Rule of the Rule of the Rule of the Rule of 2
EASTEROASTEROASTEROASTEROASTEROASTEROASTEROASTEROASTEROASTEROASTEROASTEROASTEROASTEROASTEROASTEROASTEROASTEROAST
EASTEROASTEROASTEROASTEROASTEROASTEROASTEROASTEROASTEROASTA EAST BAYEASTEROASTEROASTERO
EASTA EAST BARRA. . . . . . . . . . . . . . . . . . . . . . . . . . . . . . . . . . . . . . . . . . . . . . . . . . . . . . . . . . . . . . . . . . . . . . . . . . . . . . . . . . . . . . . . . . . . . . . . . . . . . . . . . . . . . . . . . . . . . . . . . . . . . . . . . . . . . . . . . . . . . . . . . . . . . . . . . . . . . . . . . . . . . . . . . . . . . . . . . . . . . . . . . . . . . . . . . . . . . . . . . . . . . . . . . . . . . . . . . . . . . . . . . . . . . . . . . . . . . . . . . . . . . . . . . . . . . . . . . . . . . . . . . . . . . . . . . . . . . . . . . . . . . . . . . . . . . . . . . . . . . . . . . . . . . . . . . . . . . . . . . . . . . . . . . . . . . . . . . . . . . . . . . . . . . . . . . . . . . . . . . . . . . . . . . . . . . . . . . . . . . . . . . . . . . . . . . . . . . . . . . . . . . . . . . . . . . . . . . . . . . . . . . . . . . . . . . . . . . . . . . . . . . . . . . . . . . . . . . . . . . . . . . . . . . . . . . . . . . . . . . . . . . . . . . . . . . . . . . . . . . . . . . . . . . . . . . . . . . . . . . . . . . . . . . . . . . . . . . . . . . . . . . . . . . . . . . . . . . . . . . . . . . . . . . . . . . . . . . . . . . . . . . . . . . . . . . . . . . . . . . . . . . . . . . . . . . . . . . . . . . . . . . . . . . . . . . . . . . . . . . . . . . . . . . . . . . . . . . . . . . . . . . . . . . . . . . . . . . . . . . . . . . . . . . . . . . . . . . . . . . . . . . . . . . . . . . . . . . . . . . . . . . . . . . . . . . . . . . . . . . . . . . . . . . . . . . . . . . . . . . . . . . . . . . . . . . . . . . . . . . . . . . . . . . . . . . . . . . . . . . . . . . . . . . . . . . . . . . . . . . . . . . . . . . . . . . . . . . . . . . . . . . . . . . . . . . . . . . . . . . . . . . . . . . . . . . . . . . . . . . . . . . . . . . . . . . . . . . . . . . . . . . . . . . . . . . . . . . . . . . . . . . . . . . . . . . . . . . . . . . . . . . . . . . . . . . . .”  Barr v. E. Bay Sanctuary Covenant , 140 S.Ct."
19-16487-2020-07-06,https://cdn.ca9.uscourts.gov/datastore/opinions/2020/07/06/19-16487.pdf,meta/llama-3.2-3b-instruct,persecutor_nongovernmental_actor,,,26009,parse: JSONDecodeError: Expecting property name enclosed in double quotes: line 2 column 1 (char 2),"{
because the Rule of the Rule of the Rule of the Rule is not consistent with the statutory language of 1158.  We note, however,  is
29
29
8
29
29
29
29
29
29
29
29
C.  is not be the Rule.  is not be the Rule.  is not be the Rule is not only the Rule is not only
*  of 1158(b)(2)(COUR
EASTEROASTEROIDentitledis not only one of the Rule of the Rule of the Rule of the Rule of the Rule of the Rule of 2
EASTEROASTEROASTEROASTEROASTEROASTEROASTEROASTEROASTEROASTEROASTEROASTEROASTEROASTEROASTEROASTEROASTEROASTEROAST
EASTEROASTEROASTEROASTEROASTEROASTEROASTEROASTEROASTEROASTA EAST BAYEASTEROASTEROASTERO
EASTA EAST BARRA. . . . . . . . . . . . . . . . . . . . . . . . . . . . . . . . . . . . . . . . . . . . . . . . . . . . . . . . . . . . . . . . . . . . . . . . . . . . . . . . . . . . . . . . . . . . . . . . . . . . . . . . . . . . . . . . . . . . . . . . . . . . . . . . . . . . . . . . . . . . . . . . . . . . . . . . . . . . . . . . . . . . . . . . . . . . . . . . . . . . . . . . . . . . . . . . . . . . . . . . . . . . . . . . . . . . . . . . . . . . . . . . . . . . . . . . . . . . . . . . . . . . . . . . . . . . . . . . . . . . . . . . . . . . . . . . . . . . . . . . . . . . . . . . . . . . . . . . . . . . . . . . . . . . . . . . . . . . . . . . . . . . . . . . . . . . . . . . . . . . . . . . . . . . . . . . . . . . . . . . . . . . . . . . . . . . . . . . . . . . . . . . . . . . . . . . . . . . . . . . . . . . . . . . . . . . . . . . . . . . . . . . . . . . . . . . . . . . . . . . . . . . . . . . . . . . . . . . . . . . . . . . . . . . . . . . . . . . . . . . . . . . . . . . . . . . . . . . . . . . . . . . . . . . . . . . . . . . . . . . . . . . . . . . . . . . . . . . . . . . . . . . . . . . . . . . . . . . . . . . . . . . . . . . . . . . . . . . . . . . . . . . . . . . . . . . . . . . . . . . . . . . . . . . . . . . . . . . . . . . . . . . . . . . . . . . . . . . . . . . . . . . . . . . . . . . . . . . . . . . . . . . . . . . . . . . . . . . . . . . . . . . . . . . . . . . . . . . . . . . . . . . . . . . . . . . . . . . . . . . . . . . . . . . . . . . . . . . . . . . . . . . . . . . . . . . . . . . . . . . . . . . . . . . . . . . . . . . . . . . . . . . . . . . . . . . . . . . . . . . . . . . . . . . . . . . . . . . . . . . . . . . . . . . . . . . . . . . . . . . . . . . . . . . . . . . . . . . . . . . . . . . . . . . . . . . . . . . . . . . . . . . . . . . . . . . . . . . . . . . . . . . . . . . . . . . . . . . . . . . . . . . . . . . . . . . . . . . . . . . . . . . . . . . . . . . . . .”  Barr v. E. Bay Sanctuary Covenant , 140 S.Ct."
19-16487-2020-07-06,https://cdn.ca9.uscourts.gov/datastore/opinions/2020/07/06/19-16487.pdf,meta/llama-3.2-3b-instruct,credibility_finding,,,26009,parse: JSONDecodeError: Expecting property name enclosed in double quotes: line 2 column 1 (char 2),"{
because the Rule of the Rule of the Rule of the Rule is not consistent with the statutory language of 1158.  We note, however,  is
29
29
8
29
29
29
29
29
29
29
29
C.  is not be the Rule.  is not be the Rule.  is not be the Rule is not only the Rule is not only
*  of 1158(b)(2)(COUR
EASTEROASTEROIDentitledis not only one of the Rule of the Rule of the Rule of the Rule of the Rule of the Rule of 2
EASTEROASTEROASTEROASTEROASTEROASTEROASTEROASTEROASTEROASTEROASTEROASTEROASTEROASTEROASTEROASTEROASTEROASTEROAST
EASTEROASTEROASTEROASTEROASTEROASTEROASTEROASTEROASTEROASTA EAST BAYEASTEROASTEROASTERO
EASTA EAST BARRA. . . . . . . . . . . . . . . . . . . . . . . . . . . . . . . . . . . . . . . . . . . . . . . . . . . . . . . . . . . . . . . . . . . . . . . . . . . . . . . . . . . . . . . . . . . . . . . . . . . . . . . . . . . . . . . . . . . . . . . . . . . . . . . . . . . . . . . . . . . . . . . . . . . . . . . . . . . . . . . . . . . . . . . . . . . . . . . . . . . . . . . . . . . . . . . . . . . . . . . . . . . . . . . . . . . . . . . . . . . . . . . . . . . . . . . . . . . . . . . . . . . . . . . . . . . . . . . . . . . . . . . . . . . . . . . . . . . . . . . . . . . . . . . . . . . . . . . . . . . . . . . . . . . . . . . . . . . . . . . . . . . . . . . . . . . . . . . . . . . . . . . . . . . . . . . . . . . . . . . . . . . . . . . . . . . . . . . . . . . . . . . . . . . . . . . . . . . . . . . . . . . . . . . . . . . . . . . . . . . . . . . . . . . . . . . . . . . . . . . . . . . . . . . . . . . . . . . . . . . . . . . . . . . . . . . . . . . . . . . . . . . . . . . . . . . . . . . . . . . . . . . . . . . . . . . . . . . . . . . . . . . . . . . . . . . . . . . . . . . . . . . . . . . . . . . . . . . . . . . . . . . . . . . . . . . . . . . . . . . . . . . . . . . . . . . . . . . . . . . . . . . . . . . . . . . . . . . . . . . . . . . . . . . . . . . . . . . . . . . . . . . . . . . . . . . . . . . . . . . . . . . . . . . . . . . . . . . . . . . . . . . . . . . . . . . . . . . . . . . . . . . . . . . . . . . . . . . . . . . . . . . . . . . . . . . . . . . . . . . . . . . . . . . . . . . . . . . . . . . . . . . . . . . . . . . . . . . . . . . . . . . . . . . . . . . . . . . . . . . . . . . . . . . . . . . . . . . . . . . . . . . . . . . . . . . . . . . . . . . . . . . . . . . . . . . . . . . . . . . . . . . . . . . . . . . . . . . . . . . . . . . . . . . . . . . . . . . . . . . . . . . . . . . . . . . . . . . . . . . . . . . . . . . . . . . . . . . . . . . . . . . . . . . . . . . . . . .”  Barr v. E. Bay Sanctuary Covenant , 140 S.Ct."
19-16487-2020-07-06,https://cdn.ca9.uscourts.gov/datastore/opinions/2020/07/06/19-16487.pdf,meta/llama-3.2-3b-instruct,bars_one_year_deadline_missed,,,26009,parse: JSONDecodeError: Expecting property name enclosed in double quotes: line 2 column 1 (char 2),"{
because the Rule of the Rule of the Rule of the Rule is not consistent with the statutory language of 1158.  We note, however,  is
29
29
8
29
29
29
29
29
29
29
29
C.  is not be the Rule.  is not be the Rule.  is not be the Rule is not only the Rule is not only
*  of 1158(b)(2)(COUR
EASTEROASTEROIDentitledis not only one of the Rule of the Rule of the Rule of the Rule of the Rule of the Rule of 2
EASTEROASTEROASTEROASTEROASTEROASTEROASTEROASTEROASTEROASTEROASTEROASTEROASTEROASTEROASTEROASTEROASTEROASTEROAST
EASTEROASTEROASTEROASTEROASTEROASTEROASTEROASTEROASTEROASTA EAST BAYEASTEROASTEROASTERO
EASTA EAST BARRA. . . . . . . . . . . . . . . . . . . . . . . . . . . . . . . . . . . . . . . . . . . . . . . . . . . . . . . . . . . . . . . . . . . . . . . . . . . . . . . . . . . . . . . . . . . . . . . . . . . . . . . . . . . . . . . . . . . . . . . . . . . . . . . . . . . . . . . . . . . . . . . . . . . . . . . . . . . . . . . . . . . . . . . . . . . . . . . . . . . . . . . . . . . . . . . . . . . . . . . . . . . . . . . . . . . . . . . . . . . . . . . . . . . . . . . . . . . . . . . . . . . . . . . . . . . . . . . . . . . . . . . . . . . . . . . . . . . . . . . . . . . . . . . . . . . . . . . . . . . . . . . . . . . . . . . . . . . . . . . . . . . . . . . . . . . . . . . . . . . . . . . . . . . . . . . . . . . . . . . . . . . . . . . . . . . . . . . . . . . . . . . . . . . . . . . . . . . . . . . . . . . . . . . . . . . . . . . . . . . . . . . . . . . . . . . . . . . . . . . . . . . . . . . . . . . . . . . . . . . . . . . . . . . . . . . . . . . . . . . . . . . . . . . . . . . . . . . . . . . . . . . . . . . . . . . . . . . . . . . . . . . . . . . . . . . . . . . . . . . . . . . . . . . . . . . . . . . . . . . . . . . . . . . . . . . . . . . . . . . . . . . . . . . . . . . . . . . . . . . . . . . . . . . . . . . . . . . . . . . . . . . . . . . . . . . . . . . . . . . . . . . . . . . . . . . . . . . . . . . . . . . . . . . . . . . . . . . . . . . . . . . . . . . . . . . . . . . . . . . . . . . . . . . . . . . . . . . . . . . . . . . . . . . . . . . . . . . . . . . . . . . . . . . . . . . . . . . . . . . . . . . . . . . . . . . . . . . . . . . . . . . . . . . . . . . . . . . . . . . . . . . . . . . . . . . . . . . . . . . . . . . . . . . . . . . . . . . . . . . . . . . . . . . . . . . . . . . . . . . . . . . . . . . . . . . . . . . . . . . . . . . . . . . . . . . . . . . . . . . . . . . . . . . . . . . . . . . . . . . . . . . . . . . . . . . . . . . . . . . . . . . . . . . . . . . . . . .”  Barr v. E. Bay Sanctuary Covenant , 140 S.Ct."
19-16487-2020-07-06,https://cdn.ca9.uscourts.gov/datastore/opinions/2020/07/06/19-16487.pdf,meta/llama-3.2-3b-instruct,nexus_requirement_met,,,26009,parse: JSONDecodeError: Expecting property name enclosed in double quotes: line 2 column 1 (char 2),"{
because the Rule of the Rule of the Rule of the Rule is not consistent with the statutory language of 1158.  We note, however,  is
29
29
8
29
29
29
29
29
29
29
29
C.  is not be the Rule.  is not be the Rule.  is not be the Rule is not only the Rule is not only
*  of 1158(b)(2)(COUR
EASTEROASTEROIDentitledis not only one of the Rule of the Rule of the Rule of the Rule of the Rule of the Rule of 2
EASTEROASTEROASTEROASTEROASTEROASTEROASTEROASTEROASTEROASTEROASTEROASTEROASTEROASTEROASTEROASTEROASTEROASTEROAST
EASTEROASTEROASTEROASTEROASTEROASTEROASTEROASTEROASTEROASTA EAST BAYEASTEROASTEROASTERO
EASTA EAST BARRA. . . . . . . . . . . . . . . . . . . . . . . . . . . . . . . . . . . . . . . . . . . . . . . . . . . . . . . . . . . . . . . . . . . . . . . . . . . . . . . . . . . . . . . . . . . . . . . . . . . . . . . . . . . . . . . . . . . . . . . . . . . . . . . . . . . . . . . . . . . . . . . . . . . . . . . . . . . . . . . . . . . . . . . . . . . . . . . . . . . . . . . . . . . . . . . . . . . . . . . . . . . . . . . . . . . . . . . . . . . . . . . . . . . . . . . . . . . . . . . . . . . . . . . . . . . . . . . . . . . . . . . . . . . . . . . . . . . . . . . . . . . . . . . . . . . . . . . . . . . . . . . . . . . . . . . . . . . . . . . . . . . . . . . . . . . . . . . . . . . . . . . . . . . . . . . . . . . . . . . . . . . . . . . . . . . . . . . . . . . . . . . . . . . . . . . . . . . . . . . . . . . . . . . . . . . . . . . . . . . . . . . . . . . . . . . . . . . . . . . . . . . . . . . . . . . . . . . . . . . . . . . . . . . . . . . . . . . . . . . . . . . . . . . . . . . . . . . . . . . . . . . . . . . . . . . . . . . . . . . . . . . . . . . . . . . . . . . . . . . . . . . . . . . . . . . . . . . . . . . . . . . . . . . . . . . . . . . . . . . . . . . . . . . . . . . . . . . . . . . . . . . . . . . . . . . . . . . . . . . . . . . . . . . . . . . . . . . . . . . . . . . . . . . . . . . . . . . . . . . . . . . . . . . . . . . . . . . . . . . . . . . . . . . . . . . . . . . . . . . . . . . . . . . . . . . . . . . . . . . . . . . . . . . . . . . . . . . . . . . . . . . . . . . . . . . . . . . . . . . . . . . . . . . . . . . . . . . . . . . . . . . . . . . . . . . . . . . . . . . . . . . . . . . . . . . . . . . . . . . . . . . . . . . . . . . . . . . . . . . . . . . . . . . . . . . . . . . . . . . . . . . . . . . . . . . . . . . . . . . . . . . . . . . . . . . . . . . . . . . . . . . . . . . . . . . . . . . . . . . . . . . . . . . . . . . . . . . . . . . . . . . . . . . . . . . . . . .”  Barr v. E. Bay Sanctuary Covenant , 140 S.Ct."
25-2581-2025-07-18,https://cdn.ca9.uscourts.gov/datastore/opinions/2025/07/18/25-2581.pdf,meta/llama-3.2-3b-instruct,asylum_requested,,,10103,parse: JSONDecodeError: Expecting value: line 1 column 1 (char 0),"Here is not only 
pursing, the statement, and 
pursing, and 
the first 
than in this is not only 
than, or 
than in the first 
pursuant to § 705 of the APA, and the APA, see 5
. 
pursuing the Court, and the APA, and the district court’s “would be granted the APA, and the other than the APA, and the fourth, and the APA, and the APA, and the first 
pursuing the district court proceedings. 
pursuing the APA, and the APA, see 5 U.S.C. § 706(b)(2)(C).  The government has made a showing of irreparable harm, albeit a
.  is not only if the APA, and the APA, and the APA, and the APA, and the APA, and the government, and the first 
the most 
pursing, and 
pursing, and 
pursing of the government 
pursing the government 
pursuant of the government, and 
pursing. 18 
pursing the government. 18 
pursing 
pursing. 18 
pursing the government). 

IMMIGMIGMIG"
25-2581-2025-07-18,https://cdn.ca9.uscourts.gov/datastore/opinions/2025/07/18/25-2581.pdf,meta/llama-3.2-3b-instruct,withholding_requested,,,10103,parse: JSONDecodeError: Expecting value: line 1 column 1 (char 0),"Here is not only 
pursing, the statement, and 
pursing, and 
the first 
than in this is not only 
than, or 
than in the first 
pursuant to § 705 of the APA, and the APA, see 5
. 
pursuing the Court, and the APA, and the district court’s “would be granted the APA, and the other than the APA, and the fourth, and the APA, and the APA, and the first 
pursuing the district court proceedings. 
pursuing the APA, and the APA, see 5 U.S.C. § 706(b)(2)(C).  The government has made a showing of irreparable harm, albeit a
.  is not only if the APA, and the APA, and the APA, and the APA, and the APA, and the government, and the first 
the most 
pursing, and 
pursing, and 
pursing of the government 
pursing the government 
pursuant of the government, and 
pursing. 18 
pursing the government. 18 
pursing 
pursing. 18 
pursing the government). 

IMMIGMIGMIG"
25-2581-2025-07-18,https://cdn.ca9.uscourts.gov/datastore/opinions/2025/07/18/25-2581.pdf,meta/llama-3.2-3b-instruct,CAT_requested,,,10103,parse: JSONDecodeError: Expecting value: line 1 column 1 (char 0),"Here is not only 
pursing, the statement, and 
pursing, and 
the first 
than in this is not only 
than, or 
than in the first 
pursuant to § 705 of the APA, and the APA, see 5
. 
pursuing the Court, and the APA, and the district court’s “would be granted the APA, and the other than the APA, and the fourth, and the APA, and the APA, and the first 
pursuing the district court proceedings. 
pursuing the APA, and the APA, see 5 U.S.C. § 706(b)(2)(C).  The government has made a showing of irreparable harm, albeit a
.  is not only if the APA, and the APA, and the APA, and the APA, and the APA, and the government, and the first 
the most 
pursing, and 
pursing, and 
pursing of the government 
pursing the government 
pursuant of the government, and 
pursing. 18 
pursing the government. 18 
pursing 
pursing. 18 
pursing the government). 

IMMIGMIGMIG"
25-2581-2025-07-18,https://cdn.ca9.uscourts.gov/datastore/opinions/2025/07/18/25-2581.pdf,meta/llama-3.2-3b-instruct,protected_ground_political_opinion,,,10103,parse: JSONDecodeError: Expecting value: line 1 column 1 (char 0),"Here is not only 
pursing, the statement, and 
pursing, and 
the first 
than in this is not only 
than, or 
than in the first 
pursuant to § 705 of the APA, and the APA, see 5
. 
pursuing the Court, and the APA, and the district court’s “would be granted the APA, and the other than the APA, and the fourth, and the APA, and the APA, and the first 
pursuing the district court proceedings. 
pursuing the APA, and the APA, see 5 U.S.C. § 706(b)(2)(C).  The government has made a showing of irreparable harm, albeit a
.  is not only if the APA, and the APA, and the APA, and the APA, and the APA, and the government, and the first 
the most 
pursing, and 
pursing, and 
pursing of the government 
pursing the government 
pursuant of the government, and 
pursing. 18 
pursing the government. 18 
pursing 
pursing. 18 
pursing the government). 

IMMIGMIGMIG"
25-2581-2025-07-18,https://cdn.ca9.uscourts.gov/datastore/opinions/2025/07/18/25-2581.pdf,meta/llama-3.2-3b-instruct,protected_ground_particular_social_group,,,10103,parse: JSONDecodeError: Expecting value: line 1 column 1 (char 0),"Here is not only 
pursing, the statement, and 
pursing, and 
the first 
than in this is not only 
than, or 
than in the first 
pursuant to § 705 of the APA, and the APA, see 5
. 
pursuing the Court, and the APA, and the district court’s “would be granted the APA, and the other than the APA, and the fourth, and the APA, and the APA, and the first 
pursuing the district court proceedings. 
pursuing the APA, and the APA, see 5 U.S.C. § 706(b)(2)(C).  The government has made a showing of irreparable harm, albeit a
.  is not only if the APA, and the APA, and the APA, and the APA, and the APA, and the government, and the first 
the most 
pursing, and 
pursing, and 
pursing of the government 
pursing the government 
pursuant of the government, and 
pursing. 18 
pursing the government. 18 
pursing 
pursing. 18 
pursing the government). 

IMMIGMIGMIG"
25-2581-2025-07-18,https://cdn.ca9.uscourts.gov/datastore/opinions/2025/07/18/25-2581.pdf,meta/llama-3.2-3b-instruct,past_persecution_physical_violence,,,10103,parse: JSONDecodeError: Expecting value: line 1 column 1 (char 0),"Here is not only 
pursing, the statement, and 
pursing, and 
the first 
than in this is not only 
than, or 
than in the first 
pursuant to § 705 of the APA, and the APA, see 5
. 
pursuing the Court, and the APA, and the district court’s “would be granted the APA, and the other than the APA, and the fourth, and the APA, and the APA, and the first 
pursuing the district court proceedings. 
pursuing the APA, and the APA, see 5 U.S.C. § 706(b)(2)(C).  The government has made a showing of irreparable harm, albeit a
.  is not only if the APA, and the APA, and the APA, and the APA, and the APA, and the government, and the first 
the most 
pursing, and 
pursing, and 
pursing of the government 
pursing the government 
pursuant of the government, and 
pursing. 18 
pursing the government. 18 
pursing 
pursing. 18 
pursing the government). 

IMMIGMIGMIG"
25-2581-2025-07-18,https://cdn.ca9.uscourts.gov/datastore/opinions/2025/07/18/25-2581.pdf,meta/llama-3.2-3b-instruct,past_persecution_death_threats,,,10103,parse: JSONDecodeError: Expecting value: line 1 column 1 (char 0),"Here is not only 
pursing, the statement, and 
pursing, and 
the first 
than in this is not only 
than, or 
than in the first 
pursuant to § 705 of the APA, and the APA, see 5
. 
pursuing the Court, and the APA, and the district court’s “would be granted the APA, and the other than the APA, and the fourth, and the APA, and the APA, and the first 
pursuing the district court proceedings. 
pursuing the APA, and the APA, see 5 U.S.C. § 706(b)(2)(C).  The government has made a showing of irreparable harm, albeit a
.  is not only if the APA, and the APA, and the APA, and the APA, and the APA, and the government, and the first 
the most 
pursing, and 
pursing, and 
pursing of the government 
pursing the government 
pursuant of the government, and 
pursing. 18 
pursing the government. 18 
pursing 
pursing. 18 
pursing the government). 

IMMIGMIGMIG"
25-2581-2025-07-18,https://cdn.ca9.uscourts.gov/datastore/opinions/2025/07/18/25-2581.pdf,meta/llama-3.2-3b-instruct,persecutor_nongovernmental_actor,,,10103,parse: JSONDecodeError: Expecting value: line 1 column 1 (char 0),"Here is not only 
pursing, the statement, and 
pursing, and 
the first 
than in this is not only 
than, or 
than in the first 
pursuant to § 705 of the APA, and the APA, see 5
. 
pursuing the Court, and the APA, and the district court’s “would be granted the APA, and the other than the APA, and the fourth, and the APA, and the APA, and the first 
pursuing the district court proceedings. 
pursuing the APA, and the APA, see 5 U.S.C. § 706(b)(2)(C).  The government has made a showing of irreparable harm, albeit a
.  is not only if the APA, and the APA, and the APA, and the APA, and the APA, and the government, and the first 
the most 
pursing, and 
pursing, and 
pursing of the government 
pursing the government 
pursuant of the government, and 
pursing. 18 
pursing the government. 18 
pursing 
pursing. 18 
pursing the government). 

IMMIGMIGMIG"
25-2581-2025-07-18,https://cdn.ca9.uscourts.gov/datastore/opinions/2025/07/18/25-2581.pdf,meta/llama-3.2-3b-instruct,credibility_finding,,,10103,parse: JSONDecodeError: Expecting value: line 1 column 1 (char 0),"Here is not only 
pursing, the statement, and 
pursing, and 
the first 
than in this is not only 
than, or 
than in the first 
pursuant to § 705 of the APA, and the APA, see 5
. 
pursuing the Court, and the APA, and the district court’s “would be granted the APA, and the other than the APA, and the fourth, and the APA, and the APA, and the first 
pursuing the district court proceedings. 
pursuing the APA, and the APA, see 5 U.S.C. § 706(b)(2)(C).  The government has made a showing of irreparable harm, albeit a
.  is not only if the APA, and the APA, and the APA, and the APA, and the APA, and the government, and the first 
the most 
pursing, and 
pursing, and 
pursing of the government 
pursing the government 
pursuant of the government, and 
pursing. 18 
pursing the government. 18 
pursing 
pursing. 18 
pursing the government). 

IMMIGMIGMIG"
25-2581-2025-07-18,https://cdn.ca9.uscourts.gov/datastore/opinions/2025/07/18/25-2581.pdf,meta/llama-3.2-3b-instruct,bars_one_year_deadline_missed,,,10103,parse: JSONDecodeError: Expecting value: line 1 column 1 (char 0),"Here is not only 
pursing, the statement, and 
pursing, and 
the first 
than in this is not only 
than, or 
than in the first 
pursuant to § 705 of the APA, and the APA, see 5
. 
pursuing the Court, and the APA, and the district court’s “would be granted the APA, and the other than the APA, and the fourth, and the APA, and the APA, and the first 
pursuing the district court proceedings. 
pursuing the APA, and the APA, see 5 U.S.C. § 706(b)(2)(C).  The government has made a showing of irreparable harm, albeit a
.  is not only if the APA, and the APA, and the APA, and the APA, and the APA, and the government, and the first 
the most 
pursing, and 
pursing, and 
pursing of the government 
pursing the government 
pursuant of the government, and 
pursing. 18 
pursing the government. 18 
pursing 
pursing. 18 
pursing the government). 

IMMIGMIGMIG"
25-2581-2025-07-18,https://cdn.ca9.uscourts.gov/datastore/opinions/2025/07/18/25-2581.pdf,meta/llama-3.2-3b-instruct,nexus_requirement_met,,,10103,parse: JSONDecodeError: Expecting value: line 1 column 1 (char 0),"Here is not only 
pursing, the statement, and 
pursing, and 
the first 
than in this is not only 
than, or 
than in the first 
pursuant to § 705 of the APA, and the APA, see 5
. 
pursuing the Court, and the APA, and the district court’s “would be granted the APA, and the other than the APA, and the fourth, and the APA, and the APA, and the first 
pursuing the district court proceedings. 
pursuing the APA, and the APA, see 5 U.S.C. § 706(b)(2)(C).  The government has made a showing of irreparable harm, albeit a
.  is not only if the APA, and the APA, and the APA, and the APA, and the APA, and the government, and the first 
the most 
pursing, and 
pursing, and 
pursing of the government 
pursing the government 
pursuant of the government, and 
pursing. 18 
pursing the government. 18 
pursing 
pursing. 18 
pursing the government). 

IMMIGMIGMIG"
18-17274-2021-03-24,https://cdn.ca9.uscourts.gov/datastore/opinions/2021/03/24/18-17274.pdf,meta/llama-3.2-3b-instruct,asylum_requested,,,8499,parse: JSONDecodeError: Expecting value: line 1 column 1 (char 0),"Here is the Rule’s absence of the Organizations 
###"
18-17274-2021-03-24,https://cdn.ca9.uscourts.gov/datastore/opinions/2021/03/24/18-17274.pdf,meta/llama-3.2-3b-instruct,withholding_requested,,,8499,parse: JSONDecodeError: Expecting value: line 1 column 1 (char 0),"Here is the Rule’s absence of the Organizations 
###"
18-17274-2021-03-24,https://cdn.ca9.uscourts.gov/datastore/opinions/2021/03/24/18-17274.pdf,meta/llama-3.2-3b-instruct,CAT_requested,,,8499,parse: JSONDecodeError: Expecting value: line 1 column 1 (char 0),"Here is the Rule’s absence of the Organizations 
###"
18-17274-2021-03-24,https://cdn.ca9.uscourts.gov/datastore/opinions/2021/03/24/18-17274.pdf,meta/llama-3.2-3b-instruct,protected_ground_political_opinion,,,8499,parse: JSONDecodeError: Expecting value: line 1 column 1 (char 0),"Here is the Rule’s absence of the Organizations 
###"
18-17274-2021-03-24,https://cdn.ca9.uscourts.gov/datastore/opinions/2021/03/24/18-17274.pdf,meta/llama-3.2-3b-instruct,protected_ground_particular_social_group,,,8499,parse: JSONDecodeError: Expecting value: line 1 column 1 (char 0),"Here is the Rule’s absence of the Organizations 
###"
18-17274-2021-03-24,https://cdn.ca9.uscourts.gov/datastore/opinions/2021/03/24/18-17274.pdf,meta/llama-3.2-3b-instruct,past_persecution_physical_violence,,,8499,parse: JSONDecodeError: Expecting value: line 1 column 1 (char 0),"Here is the Rule’s absence of the Organizations 
###"
18-17274-2021-03-24,https://cdn.ca9.uscourts.gov/datastore/opinions/2021/03/24/18-17274.pdf,meta/llama-3.2-3b-instruct,past_persecution_death_threats,,,8499,parse: JSONDecodeError: Expecting value: line 1 column 1 (char 0),"Here is the Rule’s absence of the Organizations 
###"
18-17274-2021-03-24,https://cdn.ca9.uscourts.gov/datastore/opinions/2021/03/24/18-17274.pdf,meta/llama-3.2-3b-instruct,persecutor_nongovernmental_actor,,,8499,parse: JSONDecodeError: Expecting value: line 1 column 1 (char 0),"Here is the Rule’s absence of the Organizations 
###"
18-17274-2021-03-24,https://cdn.ca9.uscourts.gov/datastore/opinions/2021/03/24/18-17274.pdf,meta/llama-3.2-3b-instruct,credibility_finding,,,8499,parse: JSONDecodeError: Expecting value: line 1 column 1 (char 0),"Here is the Rule’s absence of the Organizations 
###"
18-17274-2021-03-24,https://cdn.ca9.uscourts.gov/datastore/opinions/2021/03/24/18-17274.pdf,meta/llama-3.2-3b-instruct,bars_one_year_deadline_missed,,,8499,parse: JSONDecodeError: Expecting value: line 1 column 1 (char 0),"Here is the Rule’s absence of the Organizations 
###"
18-17274-2021-03-24,https://cdn.ca9.uscourts.gov/datastore/opinions/2021/03/24/18-17274.pdf,meta/llama-3.2-3b-instruct,nexus_requirement_met,,,8499,parse: JSONDecodeError: Expecting value: line 1 column 1 (char 0),"Here is the Rule’s absence of the Organizations 
###"
20-70127-2021-08-25,https://cdn.ca9.uscourts.gov/datastore/opinions/2021/08/25/20-70127.pdf,meta/llama-3.2-3b-instruct,asylum_requested,,,8025,parse: JSONDecodeError: Expecting property name enclosed in double quotes: line 2 column 1 (char 2),"{
10/ 
to be granted and 
and the opinion of 
for purposes of 
and did not only 
and did not only 
and did not 
like Orozation of the relevant to be granted and did not 
like Orozation of 
for 
and 
regarding to Orozation. 8 
regarding 
regarding 
regarding 
and the factually 
and the right to the opinion by 
like Orozation of 
and the court 
and 
and 
and 
and the right to the same-sexpursuing the right to Oroz 
like Orozation of 
& 
like Oroz 
and the 
and 
and the right to the right to counsel, and 
& 
& 
like Orozation under the relevant to Orozation of 
like Orozation of 
like Orozation of 
like Orozation of 
like Orozation of the right to Orozation of 
like Orozcoinc., 
like Orozation of the right to the right to the process, and did not only 
like Orozation of 
& 
& 
& 
like Orozation of 
like Orozation of 
like Orozation. 8 
and the process, and 
and the right to Orozation 
& 
& 
& 
and the Orozation. 8 
Orope"
20-70127-2021-08-25,https://cdn.ca9.uscourts.gov/datastore/opinions/2021/08/25/20-70127.pdf,meta/llama-3.2-3b-instruct,withholding_requested,,,8025,parse: JSONDecodeError: Expecting property name enclosed in double quotes: line 2 column 1 (char 2),"{
10/ 
to be granted and 
and the opinion of 
for purposes of 
and did not only 
and did not only 
and did not 
like Orozation of the relevant to be granted and did not 
like Orozation of 
for 
and 
regarding to Orozation. 8 
regarding 
regarding 
regarding 
and the factually 
and the right to the opinion by 
like Orozation of 
and the court 
and 
and 
and 
and the right to the same-sexpursuing the right to Oroz 
like Orozation of 
& 
like Oroz 
and the 
and 
and the right to the right to counsel, and 
& 
& 
like Orozation under the relevant to Orozation of 
like Orozation of 
like Orozation of 
like Orozation of 
like Orozation of the right to Orozation of 
like Orozcoinc., 
like Orozation of the right to the right to the process, and did not only 
like Orozation of 
& 
& 
& 
like Orozation of 
like Orozation of 
like Orozation. 8 
and the process, and 
and the right to Orozation 
& 
& 
& 
and the Orozation. 8 
Orope"
20-70127-2021-08-25,https://cdn.ca9.uscourts.gov/datastore/opinions/2021/08/25/20-70127.pdf,meta/llama-3.2-3b-instruct,CAT_requested,,,8025,parse: JSONDecodeError: Expecting property name enclosed in double quotes: line 2 column 1 (char 2),"{
10/ 
to be granted and 
and the opinion of 
for purposes of 
and did not only 
and did not only 
and did not 
like Orozation of the relevant to be granted and did not 
like Orozation of 
for 
and 
regarding to Orozation. 8 
regarding 
regarding 
regarding 
and the factually 
and the right to the opinion by 
like Orozation of 
and the court 
and 
and 
and 
and the right to the same-sexpursuing the right to Oroz 
like Orozation of 
& 
like Oroz 
and the 
and 
and the right to the right to counsel, and 
& 
& 
like Orozation under the relevant to Orozation of 
like Orozation of 
like Orozation of 
like Orozation of 
like Orozation of the right to Orozation of 
like Orozcoinc., 
like Orozation of the right to the right to the process, and did not only 
like Orozation of 
& 
& 
& 
like Orozation of 
like Orozation of 
like Orozation. 8 
and the process, and 
and the right to Orozation 
& 
& 
& 
and the Orozation. 8 
Orope"
20-70127-2021-08-25,https://cdn.ca9.uscourts.gov/datastore/opinions/2021/08/25/20-70127.pdf,meta/llama-3.2-3b-instruct,protected_ground_political_opinion,,,8025,parse: JSONDecodeError: Expecting property name enclosed in double quotes: line 2 column 1 (char 2),"{
10/ 
to be granted and 
and the opinion of 
for purposes of 
and did not only 
and did not only 
and did not 
like Orozation of the relevant to be granted and did not 
like Orozation of 
for 
and 
regarding to Orozation. 8 
regarding 
regarding 
regarding 
and the factually 
and the right to the opinion by 
like Orozation of 
and the court 
and 
and 
and 
and the right to the same-sexpursuing the right to Oroz 
like Orozation of 
& 
like Oroz 
and the 
and 
and the right to the right to counsel, and 
& 
& 
like Orozation under the relevant to Orozation of 
like Orozation of 
like Orozation of 
like Orozation of 
like Orozation of the right to Orozation of 
like Orozcoinc., 
like Orozation of the right to the right to the process, and did not only 
like Orozation of 
& 
& 
& 
like Orozation of 
like Orozation of 
like Orozation. 8 
and the process, and 
and the right to Orozation 
& 
& 
& 
and the Orozation. 8 
Orope"
20-70127-2021-08-25,https://cdn.ca9.uscourts.gov/datastore/opinions/2021/08/25/20-70127.pdf,meta/llama-3.2-3b-instruct,protected_ground_particular_social_group,,,8025,parse: JSONDecodeError: Expecting property name enclosed in double quotes: line 2 column 1 (char 2),"{
10/ 
to be granted and 
and the opinion of 
for purposes of 
and did not only 
and did not only 
and did not 
like Orozation of the relevant to be granted and did not 
like Orozation of 
for 
and 
regarding to Orozation. 8 
regarding 
regarding 
regarding 
and the factually 
and the right to the opinion by 
like Orozation of 
and the court 
and 
and 
and 
and the right to the same-sexpursuing the right to Oroz 
like Orozation of 
& 
like Oroz 
and the 
and 
and the right to the right to counsel, and 
& 
& 
like Orozation under the relevant to Orozation of 
like Orozation of 
like Orozation of 
like Orozation of 
like Orozation of the right to Orozation of 
like Orozcoinc., 
like Orozation of the right to the right to the process, and did not only 
like Orozation of 
& 
& 
& 
like Orozation of 
like Orozation of 
like Orozation. 8 
and the process, and 
and the right to Orozation 
& 
& 
& 
and the Orozation. 8 
Orope"
20-70127-2021-08-25,https://cdn.ca9.uscourts.gov/datastore/opinions/2021/08/25/20-70127.pdf,meta/llama-3.2-3b-instruct,past_persecution_physical_violence,,,8025,parse: JSONDecodeError: Expecting property name enclosed in double quotes: line 2 column 1 (char 2),"{
10/ 
to be granted and 
and the opinion of 
for purposes of 
and did not only 
and did not only 
and did not 
like Orozation of the relevant to be granted and did not 
like Orozation of 
for 
and 
regarding to Orozation. 8 
regarding 
regarding 
regarding 
and the factually 
and the right to the opinion by 
like Orozation of 
and the court 
and 
and 
and 
and the right to the same-sexpursuing the right to Oroz 
like Orozation of 
& 
like Oroz 
and the 
and 
and the right to the right to counsel, and 
& 
& 
like Orozation under the relevant to Orozation of 
like Orozation of 
like Orozation of 
like Orozation of 
like Orozation of the right to Orozation of 
like Orozcoinc., 
like Orozation of the right to the right to the process, and did not only 
like Orozation of 
& 
& 
& 
like Orozation of 
like Orozation of 
like Orozation. 8 
and the process, and 
and the right to Orozation 
& 
& 
& 
and the Orozation. 8 
Orope"
20-70127-2021-08-25,https://cdn.ca9.uscourts.gov/datastore/opinions/2021/08/25/20-70127.pdf,meta/llama-3.2-3b-instruct,past_persecution_death_threats,,,8025,parse: JSONDecodeError: Expecting property name enclosed in double quotes: line 2 column 1 (char 2),"{
10/ 
to be granted and 
and the opinion of 
for purposes of 
and did not only 
and did not only 
and did not 
like Orozation of the relevant to be granted and did not 
like Orozation of 
for 
and 
regarding to Orozation. 8 
regarding 
regarding 
regarding 
and the factually 
and the right to the opinion by 
like Orozation of 
and the court 
and 
and 
and 
and the right to the same-sexpursuing the right to Oroz 
like Orozation of 
& 
like Oroz 
and the 
and 
and the right to the right to counsel, and 
& 
& 
like Orozation under the relevant to Orozation of 
like Orozation of 
like Orozation of 
like Orozation of 
like Orozation of the right to Orozation of 
like Orozcoinc., 
like Orozation of the right to the right to the process, and did not only 
like Orozation of 
& 
& 
& 
like Orozation of 
like Orozation of 
like Orozation. 8 
and the process, and 
and the right to Orozation 
& 
& 
& 
and the Orozation. 8 
Orope"
20-70127-2021-08-25,https://cdn.ca9.uscourts.gov/datastore/opinions/2021/08/25/20-70127.pdf,meta/llama-3.2-3b-instruct,persecutor_nongovernmental_actor,,,8025,parse: JSONDecodeError: Expecting property name enclosed in double quotes: line 2 column 1 (char 2),"{
10/ 
to be granted and 
and the opinion of 
for purposes of 
and did not only 
and did not only 
and did not 
like Orozation of the relevant to be granted and did not 
like Orozation of 
for 
and 
regarding to Orozation. 8 
regarding 
regarding 
regarding 
and the factually 
and the right to the opinion by 
like Orozation of 
and the court 
and 
and 
and 
and the right to the same-sexpursuing the right to Oroz 
like Orozation of 
& 
like Oroz 
and the 
and 
and the right to the right to counsel, and 
& 
& 
like Orozation under the relevant to Orozation of 
like Orozation of 
like Orozation of 
like Orozation of 
like Orozation of the right to Orozation of 
like Orozcoinc., 
like Orozation of the right to the right to the process, and did not only 
like Orozation of 
& 
& 
& 
like Orozation of 
like Orozation of 
like Orozation. 8 
and the process, and 
and the right to Orozation 
& 
& 
& 
and the Orozation. 8 
Orope"
20-70127-2021-08-25,https://cdn.ca9.uscourts.gov/datastore/opinions/2021/08/25/20-70127.pdf,meta/llama-3.2-3b-instruct,credibility_finding,,,8025,parse: JSONDecodeError: Expecting property name enclosed in double quotes: line 2 column 1 (char 2),"{
10/ 
to be granted and 
and the opinion of 
for purposes of 
and did not only 
and did not only 
and did not 
like Orozation of the relevant to be granted and did not 
like Orozation of 
for 
and 
regarding to Orozation. 8 
regarding 
regarding 
regarding 
and the factually 
and the right to the opinion by 
like Orozation of 
and the court 
and 
and 
and 
and the right to the same-sexpursuing the right to Oroz 
like Orozation of 
& 
like Oroz 
and the 
and 
and the right to the right to counsel, and 
& 
& 
like Orozation under the relevant to Orozation of 
like Orozation of 
like Orozation of 
like Orozation of 
like Orozation of the right to Orozation of 
like Orozcoinc., 
like Orozation of the right to the right to the process, and did not only 
like Orozation of 
& 
& 
& 
like Orozation of 
like Orozation of 
like Orozation. 8 
and the process, and 
and the right to Orozation 
& 
& 
& 
and the Orozation. 8 
Orope"
20-70127-2021-08-25,https://cdn.ca9.uscourts.gov/datastore/opinions/2021/08/25/20-70127.pdf,meta/llama-3.2-3b-instruct,bars_one_year_deadline_missed,,,8025,parse: JSONDecodeError: Expecting property name enclosed in double quotes: line 2 column 1 (char 2),"{
10/ 
to be granted and 
and the opinion of 
for purposes of 
and did not only 
and did not only 
and did not 
like Orozation of the relevant to be granted and did not 
like Orozation of 
for 
and 
regarding to Orozation. 8 
regarding 
regarding 
regarding 
and the factually 
and the right to the opinion by 
like Orozation of 
and the court 
and 
and 
and 
and the right to the same-sexpursuing the right to Oroz 
like Orozation of 
& 
like Oroz 
and the 
and 
and the right to the right to counsel, and 
& 
& 
like Orozation under the relevant to Orozation of 
like Orozation of 
like Orozation of 
like Orozation of 
like Orozation of the right to Orozation of 
like Orozcoinc., 
like Orozation of the right to the right to the process, and did not only 
like Orozation of 
& 
& 
& 
like Orozation of 
like Orozation of 
like Orozation. 8 
and the process, and 
and the right to Orozation 
& 
& 
& 
and the Orozation. 8 
Orope"
20-70127-2021-08-25,https://cdn.ca9.uscourts.gov/datastore/opinions/2021/08/25/20-70127.pdf,meta/llama-3.2-3b-instruct,nexus_requirement_met,,,8025,parse: JSONDecodeError: Expecting property name enclosed in double quotes: line 2 column 1 (char 2),"{
10/ 
to be granted and 
and the opinion of 
for purposes of 
and did not only 
and did not only 
and did not 
like Orozation of the relevant to be granted and did not 
like Orozation of 
for 
and 
regarding to Orozation. 8 
regarding 
regarding 
regarding 
and the factually 
and the right to the opinion by 
like Orozation of 
and the court 
and 
and 
and 
and the right to the same-sexpursuing the right to Oroz 
like Orozation of 
& 
like Oroz 
and the 
and 
and the right to the right to counsel, and 
& 
& 
like Orozation under the relevant to Orozation of 
like Orozation of 
like Orozation of 
like Orozation of 
like Orozation of the right to Orozation of 
like Orozcoinc., 
like Orozation of the right to the right to the process, and did not only 
like Orozation of 
& 
& 
& 
like Orozation of 
like Orozation of 
like Orozation. 8 
and the process, and 
and the right to Orozation 
& 
& 
& 
and the Orozation. 8 
Orope"
18-17274-2020-02-28,https://cdn.ca9.uscourts.gov/datastore/opinions/2020/02/28/18-17274.pdf,meta/llama-3.2-3b-instruct,asylum_requested,,,3866,parse: JSONDecodeError: Expecting value: line 1 column 1 (char 0),"Here is the Python code that implements the specification of the requested:

```"
18-17274-2020-02-28,https://cdn.ca9.uscourts.gov/datastore/opinions/2020/02/28/18-17274.pdf,meta/llama-3.2-3b-instruct,withholding_requested,,,3866,parse: JSONDecodeError: Expecting value: line 1 column 1 (char 0),"Here is the Python code that implements the specification of the requested:

```"
18-17274-2020-02-28,https://cdn.ca9.uscourts.gov/datastore/opinions/2020/02/28/18-17274.pdf,meta/llama-3.2-3b-instruct,CAT_requested,,,3866,parse: JSONDecodeError: Expecting value: line 1 column 1 (char 0),"Here is the Python code that implements the specification of the requested:

```"
18-17274-2020-02-28,https://cdn.ca9.uscourts.gov/datastore/opinions/2020/02/28/18-17274.pdf,meta/llama-3.2-3b-instruct,protected_ground_political_opinion,,,3866,parse: JSONDecodeError: Expecting value: line 1 column 1 (char 0),"Here is the Python code that implements the specification of the requested:

```"
18-17274-2020-02-28,https://cdn.ca9.uscourts.gov/datastore/opinions/2020/02/28/18-17274.pdf,meta/llama-3.2-3b-instruct,protected_ground_particular_social_group,,,3866,parse: JSONDecodeError: Expecting value: line 1 column 1 (char 0),"Here is the Python code that implements the specification of the requested:

```"
18-17274-2020-02-28,https://cdn.ca9.uscourts.gov/datastore/opinions/2020/02/28/18-17274.pdf,meta/llama-3.2-3b-instruct,past_persecution_physical_violence,,,3866,parse: JSONDecodeError: Expecting value: line 1 column 1 (char 0),"Here is the Python code that implements the specification of the requested:

```"
18-17274-2020-02-28,https://cdn.ca9.uscourts.gov/datastore/opinions/2020/02/28/18-17274.pdf,meta/llama-3.2-3b-instruct,past_persecution_death_threats,,,3866,parse: JSONDecodeError: Expecting value: line 1 column 1 (char 0),"Here is the Python code that implements the specification of the requested:

```"
18-17274-2020-02-28,https://cdn.ca9.uscourts.gov/datastore/opinions/2020/02/28/18-17274.pdf,meta/llama-3.2-3b-instruct,persecutor_nongovernmental_actor,,,3866,parse: JSONDecodeError: Expecting value: line 1 column 1 (char 0),"Here is the Python code that implements the specification of the requested:

```"
18-17274-2020-02-28,https://cdn.ca9.uscourts.gov/datastore/opinions/2020/02/28/18-17274.pdf,meta/llama-3.2-3b-instruct,credibility_finding,,,3866,parse: JSONDecodeError: Expecting value: line 1 column 1 (char 0),"Here is the Python code that implements the specification of the requested:

```"
18-17274-2020-02-28,https://cdn.ca9.uscourts.gov/datastore/opinions/2020/02/28/18-17274.pdf,meta/llama-3.2-3b-instruct,bars_one_year_deadline_missed,,,3866,parse: JSONDecodeError: Expecting value: line 1 column 1 (char 0),"Here is the Python code that implements the specification of the requested:

```"
18-17274-2020-02-28,https://cdn.ca9.uscourts.gov/datastore/opinions/2020/02/28/18-17274.pdf,meta/llama-3.2-3b-instruct,nexus_requirement_met,,,3866,parse: JSONDecodeError: Expecting value: line 1 column 1 (char 0),"Here is the Python code that implements the specification of the requested:

```"
16-73915-2020-05-04,https://cdn.ca9.uscourts.gov/datastore/opinions/2020/05/04/16-73915.pdf,meta/llama-3.2-3b-instruct,asylum_requested,False,Not mentioned in the opinion.,4825,,"{
  ""asylum_requested"": false,
  ""asylum_requested_evidence"": ""Not mentioned in the opinion."",
  ""withholding_requested"": false,
  ""withholding_requested_evidence"": ""Not mentioned in the opinion."",
  ""CAT_requested"": false,
  ""CAT_requested_evidence"": ""Not mentioned in the opinion."",
  ""protected_ground_political_opinion"": false,
  ""protected_ground_political_opinion_evidence"": ""Not mentioned in the opinion."",
  ""protected_ground_particular_social_group"": false,
  ""protected_ground_particular_social_group_evidence"": ""Not mentioned in the opinion."",
  ""past_persecution_physical_violence"": false,
  ""past_persecution_physical_violence_evidence"": ""Not mentioned in the opinion."",
  ""past_persecution_death_threats"": false,
  ""past_persecution_death_threats_evidence"": ""Not mentioned in the opinion."",
  ""persecutor_nongovernmental_actor"": false,
  ""persecutor_nongovernmental_actor_evidence"": ""Not mentioned in the opinion."",
  ""credibility_finding"": false,
  ""credibility_finding_evidence"": ""Not mentioned in the opinion."",
  ""bars_one_year_deadline_missed"": false,
  ""bars_one_year_deadline_missed_evidence"": ""Not mentioned in the opinion."",
  ""nexus_requirement_met"": false,
  ""nexus_requirement_met_evidence"": ""Not mentioned in the opinion.""
}"
16-73915-2020-05-04,https://cdn.ca9.uscourts.gov/datastore/opinions/2020/05/04/16-73915.pdf,meta/llama-3.2-3b-instruct,withholding_requested,False,Not mentioned in the opinion.,4825,,"{
  ""asylum_requested"": false,
  ""asylum_requested_evidence"": ""Not mentioned in the opinion."",
  ""withholding_requested"": false,
  ""withholding_requested_evidence"": ""Not mentioned in the opinion."",
  ""CAT_requested"": false,
  ""CAT_requested_evidence"": ""Not mentioned in the opinion."",
  ""protected_ground_political_opinion"": false,
  ""protected_ground_political_opinion_evidence"": ""Not mentioned in the opinion."",
  ""protected_ground_particular_social_group"": false,
  ""protected_ground_particular_social_group_evidence"": ""Not mentioned in the opinion."",
  ""past_persecution_physical_violence"": false,
  ""past_persecution_physical_violence_evidence"": ""Not mentioned in the opinion."",
  ""past_persecution_death_threats"": false,
  ""past_persecution_death_threats_evidence"": ""Not mentioned in the opinion."",
  ""persecutor_nongovernmental_actor"": false,
  ""persecutor_nongovernmental_actor_evidence"": ""Not mentioned in the opinion."",
  ""credibility_finding"": false,
  ""credibility_finding_evidence"": ""Not mentioned in the opinion."",
  ""bars_one_year_deadline_missed"": false,
  ""bars_one_year_deadline_missed_evidence"": ""Not mentioned in the opinion."",
  ""nexus_requirement_met"": false,
  ""nexus_requirement_met_evidence"": ""Not mentioned in the opinion.""
}"
16-73915-2020-05-04,https://cdn.ca9.uscourts.gov/datastore/opinions/2020/05/04/16-73915.pdf,meta/llama-3.2-3b-instruct,CAT_requested,False,Not mentioned in the opinion.,4825,,"{
  ""asylum_requested"": false,
  ""asylum_requested_evidence"": ""Not mentioned in the opinion."",
  ""withholding_requested"": false,
  ""withholding_requested_evidence"": ""Not mentioned in the opinion."",
  ""CAT_requested"": false,
  ""CAT_requested_evidence"": ""Not mentioned in the opinion."",
  ""protected_ground_political_opinion"": false,
  ""protected_ground_political_opinion_evidence"": ""Not mentioned in the opinion."",
  ""protected_ground_particular_social_group"": false,
  ""protected_ground_particular_social_group_evidence"": ""Not mentioned in the opinion."",
  ""past_persecution_physical_violence"": false,
  ""past_persecution_physical_violence_evidence"": ""Not mentioned in the opinion."",
  ""past_persecution_death_threats"": false,
  ""past_persecution_death_threats_evidence"": ""Not mentioned in the opinion."",
  ""persecutor_nongovernmental_actor"": false,
  ""persecutor_nongovernmental_actor_evidence"": ""Not mentioned in the opinion."",
  ""credibility_finding"": false,
  ""credibility_finding_evidence"": ""Not mentioned in the opinion."",
  ""bars_one_year_deadline_missed"": false,
  ""bars_one_year_deadline_missed_evidence"": ""Not mentioned in the opinion."",
  ""nexus_requirement_met"": false,
  ""nexus_requirement_met_evidence"": ""Not mentioned in the opinion.""
}"
16-73915-2020-05-04,https://cdn.ca9.uscourts.gov/datastore/opinions/2020/05/04/16-73915.pdf,meta/llama-3.2-3b-instruct,protected_ground_political_opinion,False,Not mentioned in the opinion.,4825,,"{
  ""asylum_requested"": false,
  ""asylum_requested_evidence"": ""Not mentioned in the opinion."",
  ""withholding_requested"": false,
  ""withholding_requested_evidence"": ""Not mentioned in the opinion."",
  ""CAT_requested"": false,
  ""CAT_requested_evidence"": ""Not mentioned in the opinion."",
  ""protected_ground_political_opinion"": false,
  ""protected_ground_political_opinion_evidence"": ""Not mentioned in the opinion."",
  ""protected_ground_particular_social_group"": false,
  ""protected_ground_particular_social_group_evidence"": ""Not mentioned in the opinion."",
  ""past_persecution_physical_violence"": false,
  ""past_persecution_physical_violence_evidence"": ""Not mentioned in the opinion."",
  ""past_persecution_death_threats"": false,
  ""past_persecution_death_threats_evidence"": ""Not mentioned in the opinion."",
  ""persecutor_nongovernmental_actor"": false,
  ""persecutor_nongovernmental_actor_evidence"": ""Not mentioned in the opinion."",
  ""credibility_finding"": false,
  ""credibility_finding_evidence"": ""Not mentioned in the opinion."",
  ""bars_one_year_deadline_missed"": false,
  ""bars_one_year_deadline_missed_evidence"": ""Not mentioned in the opinion."",
  ""nexus_requirement_met"": false,
  ""nexus_requirement_met_evidence"": ""Not mentioned in the opinion.""
}"
16-73915-2020-05-04,https://cdn.ca9.uscourts.gov/datastore/opinions/2020/05/04/16-73915.pdf,meta/llama-3.2-3b-instruct,protected_ground_particular_social_group,False,Not mentioned in the opinion.,4825,,"{
  ""asylum_requested"": false,
  ""asylum_requested_evidence"": ""Not mentioned in the opinion."",
  ""withholding_requested"": false,
  ""withholding_requested_evidence"": ""Not mentioned in the opinion."",
  ""CAT_requested"": false,
  ""CAT_requested_evidence"": ""Not mentioned in the opinion."",
  ""protected_ground_political_opinion"": false,
  ""protected_ground_political_opinion_evidence"": ""Not mentioned in the opinion."",
  ""protected_ground_particular_social_group"": false,
  ""protected_ground_particular_social_group_evidence"": ""Not mentioned in the opinion."",
  ""past_persecution_physical_violence"": false,
  ""past_persecution_physical_violence_evidence"": ""Not mentioned in the opinion."",
  ""past_persecution_death_threats"": false,
  ""past_persecution_death_threats_evidence"": ""Not mentioned in the opinion."",
  ""persecutor_nongovernmental_actor"": false,
  ""persecutor_nongovernmental_actor_evidence"": ""Not mentioned in the opinion."",
  ""credibility_finding"": false,
  ""credibility_finding_evidence"": ""Not mentioned in the opinion."",
  ""bars_one_year_deadline_missed"": false,
  ""bars_one_year_deadline_missed_evidence"": ""Not mentioned in the opinion."",
  ""nexus_requirement_met"": false,
  ""nexus_requirement_met_evidence"": ""Not mentioned in the opinion.""
}"
16-73915-2020-05-04,https://cdn.ca9.uscourts.gov/datastore/opinions/2020/05/04/16-73915.pdf,meta/llama-3.2-3b-instruct,past_persecution_physical_violence,False,Not mentioned in the opinion.,4825,,"{
  ""asylum_requested"": false,
  ""asylum_requested_evidence"": ""Not mentioned in the opinion."",
  ""withholding_requested"": false,
  ""withholding_requested_evidence"": ""Not mentioned in the opinion."",
  ""CAT_requested"": false,
  ""CAT_requested_evidence"": ""Not mentioned in the opinion."",
  ""protected_ground_political_opinion"": false,
  ""protected_ground_political_opinion_evidence"": ""Not mentioned in the opinion."",
  ""protected_ground_particular_social_group"": false,
  ""protected_ground_particular_social_group_evidence"": ""Not mentioned in the opinion."",
  ""past_persecution_physical_violence"": false,
  ""past_persecution_physical_violence_evidence"": ""Not mentioned in the opinion."",
  ""past_persecution_death_threats"": false,
  ""past_persecution_death_threats_evidence"": ""Not mentioned in the opinion."",
  ""persecutor_nongovernmental_actor"": false,
  ""persecutor_nongovernmental_actor_evidence"": ""Not mentioned in the opinion."",
  ""credibility_finding"": false,
  ""credibility_finding_evidence"": ""Not mentioned in the opinion."",
  ""bars_one_year_deadline_missed"": false,
  ""bars_one_year_deadline_missed_evidence"": ""Not mentioned in the opinion."",
  ""nexus_requirement_met"": false,
  ""nexus_requirement_met_evidence"": ""Not mentioned in the opinion.""
}"
16-73915-2020-05-04,https://cdn.ca9.uscourts.gov/datastore/opinions/2020/05/04/16-73915.pdf,meta/llama-3.2-3b-instruct,past_persecution_death_threats,False,Not mentioned in the opinion.,4825,,"{
  ""asylum_requested"": false,
  ""asylum_requested_evidence"": ""Not mentioned in the opinion."",
  ""withholding_requested"": false,
  ""withholding_requested_evidence"": ""Not mentioned in the opinion."",
  ""CAT_requested"": false,
  ""CAT_requested_evidence"": ""Not mentioned in the opinion."",
  ""protected_ground_political_opinion"": false,
  ""protected_ground_political_opinion_evidence"": ""Not mentioned in the opinion."",
  ""protected_ground_particular_social_group"": false,
  ""protected_ground_particular_social_group_evidence"": ""Not mentioned in the opinion."",
  ""past_persecution_physical_violence"": false,
  ""past_persecution_physical_violence_evidence"": ""Not mentioned in the opinion."",
  ""past_persecution_death_threats"": false,
  ""past_persecution_death_threats_evidence"": ""Not mentioned in the opinion."",
  ""persecutor_nongovernmental_actor"": false,
  ""persecutor_nongovernmental_actor_evidence"": ""Not mentioned in the opinion."",
  ""credibility_finding"": false,
  ""credibility_finding_evidence"": ""Not mentioned in the opinion."",
  ""bars_one_year_deadline_missed"": false,
  ""bars_one_year_deadline_missed_evidence"": ""Not mentioned in the opinion."",
  ""nexus_requirement_met"": false,
  ""nexus_requirement_met_evidence"": ""Not mentioned in the opinion.""
}"
16-73915-2020-05-04,https://cdn.ca9.uscourts.gov/datastore/opinions/2020/05/04/16-73915.pdf,meta/llama-3.2-3b-instruct,persecutor_nongovernmental_actor,False,Not mentioned in the opinion.,4825,,"{
  ""asylum_requested"": false,
  ""asylum_requested_evidence"": ""Not mentioned in the opinion."",
  ""withholding_requested"": false,
  ""withholding_requested_evidence"": ""Not mentioned in the opinion."",
  ""CAT_requested"": false,
  ""CAT_requested_evidence"": ""Not mentioned in the opinion."",
  ""protected_ground_political_opinion"": false,
  ""protected_ground_political_opinion_evidence"": ""Not mentioned in the opinion."",
  ""protected_ground_particular_social_group"": false,
  ""protected_ground_particular_social_group_evidence"": ""Not mentioned in the opinion."",
  ""past_persecution_physical_violence"": false,
  ""past_persecution_physical_violence_evidence"": ""Not mentioned in the opinion."",
  ""past_persecution_death_threats"": false,
  ""past_persecution_death_threats_evidence"": ""Not mentioned in the opinion."",
  ""persecutor_nongovernmental_actor"": false,
  ""persecutor_nongovernmental_actor_evidence"": ""Not mentioned in the opinion."",
  ""credibility_finding"": false,
  ""credibility_finding_evidence"": ""Not mentioned in the opinion."",
  ""bars_one_year_deadline_missed"": false,
  ""bars_one_year_deadline_missed_evidence"": ""Not mentioned in the opinion."",
  ""nexus_requirement_met"": false,
  ""nexus_requirement_met_evidence"": ""Not mentioned in the opinion.""
}"
16-73915-2020-05-04,https://cdn.ca9.uscourts.gov/datastore/opinions/2020/05/04/16-73915.pdf,meta/llama-3.2-3b-instruct,credibility_finding,False,Not mentioned in the opinion.,4825,,"{
  ""asylum_requested"": false,
  ""asylum_requested_evidence"": ""Not mentioned in the opinion."",
  ""withholding_requested"": false,
  ""withholding_requested_evidence"": ""Not mentioned in the opinion."",
  ""CAT_requested"": false,
  ""CAT_requested_evidence"": ""Not mentioned in the opinion."",
  ""protected_ground_political_opinion"": false,
  ""protected_ground_political_opinion_evidence"": ""Not mentioned in the opinion."",
  ""protected_ground_particular_social_group"": false,
  ""protected_ground_particular_social_group_evidence"": ""Not mentioned in the opinion."",
  ""past_persecution_physical_violence"": false,
  ""past_persecution_physical_violence_evidence"": ""Not mentioned in the opinion."",
  ""past_persecution_death_threats"": false,
  ""past_persecution_death_threats_evidence"": ""Not mentioned in the opinion."",
  ""persecutor_nongovernmental_actor"": false,
  ""persecutor_nongovernmental_actor_evidence"": ""Not mentioned in the opinion."",
  ""credibility_finding"": false,
  ""credibility_finding_evidence"": ""Not mentioned in the opinion."",
  ""bars_one_year_deadline_missed"": false,
  ""bars_one_year_deadline_missed_evidence"": ""Not mentioned in the opinion."",
  ""nexus_requirement_met"": false,
  ""nexus_requirement_met_evidence"": ""Not mentioned in the opinion.""
}"
16-73915-2020-05-04,https://cdn.ca9.uscourts.gov/datastore/opinions/2020/05/04/16-73915.pdf,meta/llama-3.2-3b-instruct,bars_one_year_deadline_missed,False,Not mentioned in the opinion.,4825,,"{
  ""asylum_requested"": false,
  ""asylum_requested_evidence"": ""Not mentioned in the opinion."",
  ""withholding_requested"": false,
  ""withholding_requested_evidence"": ""Not mentioned in the opinion."",
  ""CAT_requested"": false,
  ""CAT_requested_evidence"": ""Not mentioned in the opinion."",
  ""protected_ground_political_opinion"": false,
  ""protected_ground_political_opinion_evidence"": ""Not mentioned in the opinion."",
  ""protected_ground_particular_social_group"": false,
  ""protected_ground_particular_social_group_evidence"": ""Not mentioned in the opinion."",
  ""past_persecution_physical_violence"": false,
  ""past_persecution_physical_violence_evidence"": ""Not mentioned in the opinion."",
  ""past_persecution_death_threats"": false,
  ""past_persecution_death_threats_evidence"": ""Not mentioned in the opinion."",
  ""persecutor_nongovernmental_actor"": false,
  ""persecutor_nongovernmental_actor_evidence"": ""Not mentioned in the opinion."",
  ""credibility_finding"": false,
  ""credibility_finding_evidence"": ""Not mentioned in the opinion."",
  ""bars_one_year_deadline_missed"": false,
  ""bars_one_year_deadline_missed_evidence"": ""Not mentioned in the opinion."",
  ""nexus_requirement_met"": false,
  ""nexus_requirement_met_evidence"": ""Not mentioned in the opinion.""
}"
16-73915-2020-05-04,https://cdn.ca9.uscourts.gov/datastore/opinions/2020/05/04/16-73915.pdf,meta/llama-3.2-3b-instruct,nexus_requirement_met,False,Not mentioned in the opinion.,4825,,"{
  ""asylum_requested"": false,
  ""asylum_requested_evidence"": ""Not mentioned in the opinion."",
  ""withholding_requested"": false,
  ""withholding_requested_evidence"": ""Not mentioned in the opinion."",
  ""CAT_requested"": false,
  ""CAT_requested_evidence"": ""Not mentioned in the opinion."",
  ""protected_ground_political_opinion"": false,
  ""protected_ground_political_opinion_evidence"": ""Not mentioned in the opinion."",
  ""protected_ground_particular_social_group"": false,
  ""protected_ground_particular_social_group_evidence"": ""Not mentioned in the opinion."",
  ""past_persecution_physical_violence"": false,
  ""past_persecution_physical_violence_evidence"": ""Not mentioned in the opinion."",
  ""past_persecution_death_threats"": false,
  ""past_persecution_death_threats_evidence"": ""Not mentioned in the opinion."",
  ""persecutor_nongovernmental_actor"": false,
  ""persecutor_nongovernmental_actor_evidence"": ""Not mentioned in the opinion."",
  ""credibility_finding"": false,
  ""credibility_finding_evidence"": ""Not mentioned in the opinion."",
  ""bars_one_year_deadline_missed"": false,
  ""bars_one_year_deadline_missed_evidence"": ""Not mentioned in the opinion."",
  ""nexus_requirement_met"": false,
  ""nexus_requirement_met_evidence"": ""Not mentioned in the opinion.""
}"
20-70397-2022-08-12,https://cdn.ca9.uscourts.gov/datastore/memoranda/2022/08/12/20-70397.pdf,meta/llama-3.2-3b-instruct,asylum_requested,True,"She asks us to find that the agency lacked jurisdiction over her case under Pereira v. Sessions, 138 S. Ct. 2105 (2018), or alternatively to remand for her to apply for cancellation of removal in light of Pereira and Niz-Chavez v. Garland, 141 S. Ct. 1474 (2021).",6332,,"{
  ""asylum_requested"": true,
  ""asylum_requested_evidence"": ""She asks us to find that the agency lacked jurisdiction over her case under Pereira v. Sessions, 138 S. Ct. 2105 (2018), or alternatively to remand for her to apply for cancellation of removal in light of Pereira and Niz-Chavez v. Garland, 141 S. Ct. 1474 (2021)."",
  ""withholding_requested"": false,
  ""withholding_requested_evidence"": ""Not mentioned in the opinion."",
  ""CAT_requested"": false,
  ""CAT_requested_evidence"": ""Not mentioned in the opinion."",
  ""protected_ground_political_opinion"": false,
  ""protected_ground_political_opinion_evidence"": ""Not mentioned in the opinion."",
  ""protected_ground_particular_social_group"": false,
  ""protected_ground_particular_social_group_evidence"": ""Not mentioned in the opinion."",
  ""past_persecution_physical_violence"": false,
  ""past_persecution_physical_violence_evidence"": ""She testified that she never suffered any physical harm in Mexico."",
  ""past_persecution_death_threats"": false,
  ""past_persecution_death_threats_evidence"": ""She testified that she never suffered any physical harm in Mexico."",
  ""persecutor_nongovernmental_actor"": false,
  ""persecutor_nongovernmental_actor_evidence"": ""Not mentioned in the opinion."",
  ""credibility_finding"": false,
  ""credibility_finding_evidence"": ""Not mentioned in the opinion."",
  ""bars_one_year_deadline_missed"": true,
  ""bars_one_year_deadline_missed_evidence"": ""This argument is foreclosed by our recent en banc decision in United States v. Bastide-Hernandez, 39 F.4th 1187, 1192–93 & n.7 (9th Cir. 2022), holding that an undated notice to appear later supplemented by a notice of hearing does not divest the IJ of subject-matter jurisdiction."",
  ""nexus_requirement_met"": false,
  ""nexus_requirement_met_evidence"": ""Not mentioned in the opinion.""
}"
20-70397-2022-08-12,https://cdn.ca9.uscourts.gov/datastore/memoranda/2022/08/12/20-70397.pdf,meta/llama-3.2-3b-instruct,withholding_requested,False,Not mentioned in the opinion.,6332,,"{
  ""asylum_requested"": true,
  ""asylum_requested_evidence"": ""She asks us to find that the agency lacked jurisdiction over her case under Pereira v. Sessions, 138 S. Ct. 2105 (2018), or alternatively to remand for her to apply for cancellation of removal in light of Pereira and Niz-Chavez v. Garland, 141 S. Ct. 1474 (2021)."",
  ""withholding_requested"": false,
  ""withholding_requested_evidence"": ""Not mentioned in the opinion."",
  ""CAT_requested"": false,
  ""CAT_requested_evidence"": ""Not mentioned in the opinion."",
  ""protected_ground_political_opinion"": false,
  ""protected_ground_political_opinion_evidence"": ""Not mentioned in the opinion."",
  ""protected_ground_particular_social_group"": false,
  ""protected_ground_particular_social_group_evidence"": ""Not mentioned in the opinion."",
  ""past_persecution_physical_violence"": false,
  ""past_persecution_physical_violence_evidence"": ""She testified that she never suffered any physical harm in Mexico."",
  ""past_persecution_death_threats"": false,
  ""past_persecution_death_threats_evidence"": ""She testified that she never suffered any physical harm in Mexico."",
  ""persecutor_nongovernmental_actor"": false,
  ""persecutor_nongovernmental_actor_evidence"": ""Not mentioned in the opinion."",
  ""credibility_finding"": false,
  ""credibility_finding_evidence"": ""Not mentioned in the opinion."",
  ""bars_one_year_deadline_missed"": true,
  ""bars_one_year_deadline_missed_evidence"": ""This argument is foreclosed by our recent en banc decision in United States v. Bastide-Hernandez, 39 F.4th 1187, 1192–93 & n.7 (9th Cir. 2022), holding that an undated notice to appear later supplemented by a notice of hearing does not divest the IJ of subject-matter jurisdiction."",
  ""nexus_requirement_met"": false,
  ""nexus_requirement_met_evidence"": ""Not mentioned in the opinion.""
}"
20-70397-2022-08-12,https://cdn.ca9.uscourts.gov/datastore/memoranda/2022/08/12/20-70397.pdf,meta/llama-3.2-3b-instruct,CAT_requested,False,Not mentioned in the opinion.,6332,,"{
  ""asylum_requested"": true,
  ""asylum_requested_evidence"": ""She asks us to find that the agency lacked jurisdiction over her case under Pereira v. Sessions, 138 S. Ct. 2105 (2018), or alternatively to remand for her to apply for cancellation of removal in light of Pereira and Niz-Chavez v. Garland, 141 S. Ct. 1474 (2021)."",
  ""withholding_requested"": false,
  ""withholding_requested_evidence"": ""Not mentioned in the opinion."",
  ""CAT_requested"": false,
  ""CAT_requested_evidence"": ""Not mentioned in the opinion."",
  ""protected_ground_political_opinion"": false,
  ""protected_ground_political_opinion_evidence"": ""Not mentioned in the opinion."",
  ""protected_ground_particular_social_group"": false,
  ""protected_ground_particular_social_group_evidence"": ""Not mentioned in the opinion."",
  ""past_persecution_physical_violence"": false,
  ""past_persecution_physical_violence_evidence"": ""She testified that she never suffered any physical harm in Mexico."",
  ""past_persecution_death_threats"": false,
  ""past_persecution_death_threats_evidence"": ""She testified that she never suffered any physical harm in Mexico."",
  ""persecutor_nongovernmental_actor"": false,
  ""persecutor_nongovernmental_actor_evidence"": ""Not mentioned in the opinion."",
  ""credibility_finding"": false,
  ""credibility_finding_evidence"": ""Not mentioned in the opinion."",
  ""bars_one_year_deadline_missed"": true,
  ""bars_one_year_deadline_missed_evidence"": ""This argument is foreclosed by our recent en banc decision in United States v. Bastide-Hernandez, 39 F.4th 1187, 1192–93 & n.7 (9th Cir. 2022), holding that an undated notice to appear later supplemented by a notice of hearing does not divest the IJ of subject-matter jurisdiction."",
  ""nexus_requirement_met"": false,
  ""nexus_requirement_met_evidence"": ""Not mentioned in the opinion.""
}"
20-70397-2022-08-12,https://cdn.ca9.uscourts.gov/datastore/memoranda/2022/08/12/20-70397.pdf,meta/llama-3.2-3b-instruct,protected_ground_political_opinion,False,Not mentioned in the opinion.,6332,,"{
  ""asylum_requested"": true,
  ""asylum_requested_evidence"": ""She asks us to find that the agency lacked jurisdiction over her case under Pereira v. Sessions, 138 S. Ct. 2105 (2018), or alternatively to remand for her to apply for cancellation of removal in light of Pereira and Niz-Chavez v. Garland, 141 S. Ct. 1474 (2021)."",
  ""withholding_requested"": false,
  ""withholding_requested_evidence"": ""Not mentioned in the opinion."",
  ""CAT_requested"": false,
  ""CAT_requested_evidence"": ""Not mentioned in the opinion."",
  ""protected_ground_political_opinion"": false,
  ""protected_ground_political_opinion_evidence"": ""Not mentioned in the opinion."",
  ""protected_ground_particular_social_group"": false,
  ""protected_ground_particular_social_group_evidence"": ""Not mentioned in the opinion."",
  ""past_persecution_physical_violence"": false,
  ""past_persecution_physical_violence_evidence"": ""She testified that she never suffered any physical harm in Mexico."",
  ""past_persecution_death_threats"": false,
  ""past_persecution_death_threats_evidence"": ""She testified that she never suffered any physical harm in Mexico."",
  ""persecutor_nongovernmental_actor"": false,
  ""persecutor_nongovernmental_actor_evidence"": ""Not mentioned in the opinion."",
  ""credibility_finding"": false,
  ""credibility_finding_evidence"": ""Not mentioned in the opinion."",
  ""bars_one_year_deadline_missed"": true,
  ""bars_one_year_deadline_missed_evidence"": ""This argument is foreclosed by our recent en banc decision in United States v. Bastide-Hernandez, 39 F.4th 1187, 1192–93 & n.7 (9th Cir. 2022), holding that an undated notice to appear later supplemented by a notice of hearing does not divest the IJ of subject-matter jurisdiction."",
  ""nexus_requirement_met"": false,
  ""nexus_requirement_met_evidence"": ""Not mentioned in the opinion.""
}"
20-70397-2022-08-12,https://cdn.ca9.uscourts.gov/datastore/memoranda/2022/08/12/20-70397.pdf,meta/llama-3.2-3b-instruct,protected_ground_particular_social_group,False,Not mentioned in the opinion.,6332,,"{
  ""asylum_requested"": true,
  ""asylum_requested_evidence"": ""She asks us to find that the agency lacked jurisdiction over her case under Pereira v. Sessions, 138 S. Ct. 2105 (2018), or alternatively to remand for her to apply for cancellation of removal in light of Pereira and Niz-Chavez v. Garland, 141 S. Ct. 1474 (2021)."",
  ""withholding_requested"": false,
  ""withholding_requested_evidence"": ""Not mentioned in the opinion."",
  ""CAT_requested"": false,
  ""CAT_requested_evidence"": ""Not mentioned in the opinion."",
  ""protected_ground_political_opinion"": false,
  ""protected_ground_political_opinion_evidence"": ""Not mentioned in the opinion."",
  ""protected_ground_particular_social_group"": false,
  ""protected_ground_particular_social_group_evidence"": ""Not mentioned in the opinion."",
  ""past_persecution_physical_violence"": false,
  ""past_persecution_physical_violence_evidence"": ""She testified that she never suffered any physical harm in Mexico."",
  ""past_persecution_death_threats"": false,
  ""past_persecution_death_threats_evidence"": ""She testified that she never suffered any physical harm in Mexico."",
  ""persecutor_nongovernmental_actor"": false,
  ""persecutor_nongovernmental_actor_evidence"": ""Not mentioned in the opinion."",
  ""credibility_finding"": false,
  ""credibility_finding_evidence"": ""Not mentioned in the opinion."",
  ""bars_one_year_deadline_missed"": true,
  ""bars_one_year_deadline_missed_evidence"": ""This argument is foreclosed by our recent en banc decision in United States v. Bastide-Hernandez, 39 F.4th 1187, 1192–93 & n.7 (9th Cir. 2022), holding that an undated notice to appear later supplemented by a notice of hearing does not divest the IJ of subject-matter jurisdiction."",
  ""nexus_requirement_met"": false,
  ""nexus_requirement_met_evidence"": ""Not mentioned in the opinion.""
}"
20-70397-2022-08-12,https://cdn.ca9.uscourts.gov/datastore/memoranda/2022/08/12/20-70397.pdf,meta/llama-3.2-3b-instruct,past_persecution_physical_violence,False,She testified that she never suffered any physical harm in Mexico.,6332,,"{
  ""asylum_requested"": true,
  ""asylum_requested_evidence"": ""She asks us to find that the agency lacked jurisdiction over her case under Pereira v. Sessions, 138 S. Ct. 2105 (2018), or alternatively to remand for her to apply for cancellation of removal in light of Pereira and Niz-Chavez v. Garland, 141 S. Ct. 1474 (2021)."",
  ""withholding_requested"": false,
  ""withholding_requested_evidence"": ""Not mentioned in the opinion."",
  ""CAT_requested"": false,
  ""CAT_requested_evidence"": ""Not mentioned in the opinion."",
  ""protected_ground_political_opinion"": false,
  ""protected_ground_political_opinion_evidence"": ""Not mentioned in the opinion."",
  ""protected_ground_particular_social_group"": false,
  ""protected_ground_particular_social_group_evidence"": ""Not mentioned in the opinion."",
  ""past_persecution_physical_violence"": false,
  ""past_persecution_physical_violence_evidence"": ""She testified that she never suffered any physical harm in Mexico."",
  ""past_persecution_death_threats"": false,
  ""past_persecution_death_threats_evidence"": ""She testified that she never suffered any physical harm in Mexico."",
  ""persecutor_nongovernmental_actor"": false,
  ""persecutor_nongovernmental_actor_evidence"": ""Not mentioned in the opinion."",
  ""credibility_finding"": false,
  ""credibility_finding_evidence"": ""Not mentioned in the opinion."",
  ""bars_one_year_deadline_missed"": true,
  ""bars_one_year_deadline_missed_evidence"": ""This argument is foreclosed by our recent en banc decision in United States v. Bastide-Hernandez, 39 F.4th 1187, 1192–93 & n.7 (9th Cir. 2022), holding that an undated notice to appear later supplemented by a notice of hearing does not divest the IJ of subject-matter jurisdiction."",
  ""nexus_requirement_met"": false,
  ""nexus_requirement_met_evidence"": ""Not mentioned in the opinion.""
}"
20-70397-2022-08-12,https://cdn.ca9.uscourts.gov/datastore/memoranda/2022/08/12/20-70397.pdf,meta/llama-3.2-3b-instruct,past_persecution_death_threats,False,She testified that she never suffered any physical harm in Mexico.,6332,,"{
  ""asylum_requested"": true,
  ""asylum_requested_evidence"": ""She asks us to find that the agency lacked jurisdiction over her case under Pereira v. Sessions, 138 S. Ct. 2105 (2018), or alternatively to remand for her to apply for cancellation of removal in light of Pereira and Niz-Chavez v. Garland, 141 S. Ct. 1474 (2021)."",
  ""withholding_requested"": false,
  ""withholding_requested_evidence"": ""Not mentioned in the opinion."",
  ""CAT_requested"": false,
  ""CAT_requested_evidence"": ""Not mentioned in the opinion."",
  ""protected_ground_political_opinion"": false,
  ""protected_ground_political_opinion_evidence"": ""Not mentioned in the opinion."",
  ""protected_ground_particular_social_group"": false,
  ""protected_ground_particular_social_group_evidence"": ""Not mentioned in the opinion."",
  ""past_persecution_physical_violence"": false,
  ""past_persecution_physical_violence_evidence"": ""She testified that she never suffered any physical harm in Mexico."",
  ""past_persecution_death_threats"": false,
  ""past_persecution_death_threats_evidence"": ""She testified that she never suffered any physical harm in Mexico."",
  ""persecutor_nongovernmental_actor"": false,
  ""persecutor_nongovernmental_actor_evidence"": ""Not mentioned in the opinion."",
  ""credibility_finding"": false,
  ""credibility_finding_evidence"": ""Not mentioned in the opinion."",
  ""bars_one_year_deadline_missed"": true,
  ""bars_one_year_deadline_missed_evidence"": ""This argument is foreclosed by our recent en banc decision in United States v. Bastide-Hernandez, 39 F.4th 1187, 1192–93 & n.7 (9th Cir. 2022), holding that an undated notice to appear later supplemented by a notice of hearing does not divest the IJ of subject-matter jurisdiction."",
  ""nexus_requirement_met"": false,
  ""nexus_requirement_met_evidence"": ""Not mentioned in the opinion.""
}"
20-70397-2022-08-12,https://cdn.ca9.uscourts.gov/datastore/memoranda/2022/08/12/20-70397.pdf,meta/llama-3.2-3b-instruct,persecutor_nongovernmental_actor,False,Not mentioned in the opinion.,6332,,"{
  ""asylum_requested"": true,
  ""asylum_requested_evidence"": ""She asks us to find that the agency lacked jurisdiction over her case under Pereira v. Sessions, 138 S. Ct. 2105 (2018), or alternatively to remand for her to apply for cancellation of removal in light of Pereira and Niz-Chavez v. Garland, 141 S. Ct. 1474 (2021)."",
  ""withholding_requested"": false,
  ""withholding_requested_evidence"": ""Not mentioned in the opinion."",
  ""CAT_requested"": false,
  ""CAT_requested_evidence"": ""Not mentioned in the opinion."",
  ""protected_ground_political_opinion"": false,
  ""protected_ground_political_opinion_evidence"": ""Not mentioned in the opinion."",
  ""protected_ground_particular_social_group"": false,
  ""protected_ground_particular_social_group_evidence"": ""Not mentioned in the opinion."",
  ""past_persecution_physical_violence"": false,
  ""past_persecution_physical_violence_evidence"": ""She testified that she never suffered any physical harm in Mexico."",
  ""past_persecution_death_threats"": false,
  ""past_persecution_death_threats_evidence"": ""She testified that she never suffered any physical harm in Mexico."",
  ""persecutor_nongovernmental_actor"": false,
  ""persecutor_nongovernmental_actor_evidence"": ""Not mentioned in the opinion."",
  ""credibility_finding"": false,
  ""credibility_finding_evidence"": ""Not mentioned in the opinion."",
  ""bars_one_year_deadline_missed"": true,
  ""bars_one_year_deadline_missed_evidence"": ""This argument is foreclosed by our recent en banc decision in United States v. Bastide-Hernandez, 39 F.4th 1187, 1192–93 & n.7 (9th Cir. 2022), holding that an undated notice to appear later supplemented by a notice of hearing does not divest the IJ of subject-matter jurisdiction."",
  ""nexus_requirement_met"": false,
  ""nexus_requirement_met_evidence"": ""Not mentioned in the opinion.""
}"
20-70397-2022-08-12,https://cdn.ca9.uscourts.gov/datastore/memoranda/2022/08/12/20-70397.pdf,meta/llama-3.2-3b-instruct,credibility_finding,False,Not mentioned in the opinion.,6332,,"{
  ""asylum_requested"": true,
  ""asylum_requested_evidence"": ""She asks us to find that the agency lacked jurisdiction over her case under Pereira v. Sessions, 138 S. Ct. 2105 (2018), or alternatively to remand for her to apply for cancellation of removal in light of Pereira and Niz-Chavez v. Garland, 141 S. Ct. 1474 (2021)."",
  ""withholding_requested"": false,
  ""withholding_requested_evidence"": ""Not mentioned in the opinion."",
  ""CAT_requested"": false,
  ""CAT_requested_evidence"": ""Not mentioned in the opinion."",
  ""protected_ground_political_opinion"": false,
  ""protected_ground_political_opinion_evidence"": ""Not mentioned in the opinion."",
  ""protected_ground_particular_social_group"": false,
  ""protected_ground_particular_social_group_evidence"": ""Not mentioned in the opinion."",
  ""past_persecution_physical_violence"": false,
  ""past_persecution_physical_violence_evidence"": ""She testified that she never suffered any physical harm in Mexico."",
  ""past_persecution_death_threats"": false,
  ""past_persecution_death_threats_evidence"": ""She testified that she never suffered any physical harm in Mexico."",
  ""persecutor_nongovernmental_actor"": false,
  ""persecutor_nongovernmental_actor_evidence"": ""Not mentioned in the opinion."",
  ""credibility_finding"": false,
  ""credibility_finding_evidence"": ""Not mentioned in the opinion."",
  ""bars_one_year_deadline_missed"": true,
  ""bars_one_year_deadline_missed_evidence"": ""This argument is foreclosed by our recent en banc decision in United States v. Bastide-Hernandez, 39 F.4th 1187, 1192–93 & n.7 (9th Cir. 2022), holding that an undated notice to appear later supplemented by a notice of hearing does not divest the IJ of subject-matter jurisdiction."",
  ""nexus_requirement_met"": false,
  ""nexus_requirement_met_evidence"": ""Not mentioned in the opinion.""
}"
20-70397-2022-08-12,https://cdn.ca9.uscourts.gov/datastore/memoranda/2022/08/12/20-70397.pdf,meta/llama-3.2-3b-instruct,bars_one_year_deadline_missed,True,"This argument is foreclosed by our recent en banc decision in United States v. Bastide-Hernandez, 39 F.4th 1187, 1192–93 & n.7 (9th Cir. 2022), holding that an undated notice to appear later supplemented by a notice of hearing does not divest the IJ of subject-matter jurisdiction.",6332,,"{
  ""asylum_requested"": true,
  ""asylum_requested_evidence"": ""She asks us to find that the agency lacked jurisdiction over her case under Pereira v. Sessions, 138 S. Ct. 2105 (2018), or alternatively to remand for her to apply for cancellation of removal in light of Pereira and Niz-Chavez v. Garland, 141 S. Ct. 1474 (2021)."",
  ""withholding_requested"": false,
  ""withholding_requested_evidence"": ""Not mentioned in the opinion."",
  ""CAT_requested"": false,
  ""CAT_requested_evidence"": ""Not mentioned in the opinion."",
  ""protected_ground_political_opinion"": false,
  ""protected_ground_political_opinion_evidence"": ""Not mentioned in the opinion."",
  ""protected_ground_particular_social_group"": false,
  ""protected_ground_particular_social_group_evidence"": ""Not mentioned in the opinion."",
  ""past_persecution_physical_violence"": false,
  ""past_persecution_physical_violence_evidence"": ""She testified that she never suffered any physical harm in Mexico."",
  ""past_persecution_death_threats"": false,
  ""past_persecution_death_threats_evidence"": ""She testified that she never suffered any physical harm in Mexico."",
  ""persecutor_nongovernmental_actor"": false,
  ""persecutor_nongovernmental_actor_evidence"": ""Not mentioned in the opinion."",
  ""credibility_finding"": false,
  ""credibility_finding_evidence"": ""Not mentioned in the opinion."",
  ""bars_one_year_deadline_missed"": true,
  ""bars_one_year_deadline_missed_evidence"": ""This argument is foreclosed by our recent en banc decision in United States v. Bastide-Hernandez, 39 F.4th 1187, 1192–93 & n.7 (9th Cir. 2022), holding that an undated notice to appear later supplemented by a notice of hearing does not divest the IJ of subject-matter jurisdiction."",
  ""nexus_requirement_met"": false,
  ""nexus_requirement_met_evidence"": ""Not mentioned in the opinion.""
}"
20-70397-2022-08-12,https://cdn.ca9.uscourts.gov/datastore/memoranda/2022/08/12/20-70397.pdf,meta/llama-3.2-3b-instruct,nexus_requirement_met,False,Not mentioned in the opinion.,6332,,"{
  ""asylum_requested"": true,
  ""asylum_requested_evidence"": ""She asks us to find that the agency lacked jurisdiction over her case under Pereira v. Sessions, 138 S. Ct. 2105 (2018), or alternatively to remand for her to apply for cancellation of removal in light of Pereira and Niz-Chavez v. Garland, 141 S. Ct. 1474 (2021)."",
  ""withholding_requested"": false,
  ""withholding_requested_evidence"": ""Not mentioned in the opinion."",
  ""CAT_requested"": false,
  ""CAT_requested_evidence"": ""Not mentioned in the opinion."",
  ""protected_ground_political_opinion"": false,
  ""protected_ground_political_opinion_evidence"": ""Not mentioned in the opinion."",
  ""protected_ground_particular_social_group"": false,
  ""protected_ground_particular_social_group_evidence"": ""Not mentioned in the opinion."",
  ""past_persecution_physical_violence"": false,
  ""past_persecution_physical_violence_evidence"": ""She testified that she never suffered any physical harm in Mexico."",
  ""past_persecution_death_threats"": false,
  ""past_persecution_death_threats_evidence"": ""She testified that she never suffered any physical harm in Mexico."",
  ""persecutor_nongovernmental_actor"": false,
  ""persecutor_nongovernmental_actor_evidence"": ""Not mentioned in the opinion."",
  ""credibility_finding"": false,
  ""credibility_finding_evidence"": ""Not mentioned in the opinion."",
  ""bars_one_year_deadline_missed"": true,
  ""bars_one_year_deadline_missed_evidence"": ""This argument is foreclosed by our recent en banc decision in United States v. Bastide-Hernandez, 39 F.4th 1187, 1192–93 & n.7 (9th Cir. 2022), holding that an undated notice to appear later supplemented by a notice of hearing does not divest the IJ of subject-matter jurisdiction."",
  ""nexus_requirement_met"": false,
  ""nexus_requirement_met_evidence"": ""Not mentioned in the opinion.""
}"
17-73156-2023-01-17,https://cdn.ca9.uscourts.gov/datastore/memoranda/2023/01/17/17-73156.pdf,meta/llama-3.2-3b-instruct,asylum_requested,,,5613,"parse: JSONDecodeError: Expecting ',' delimiter: line 23 column 68 (char 1612)","{
  ""asylum_requested"": true,
  ""asylum_requested_evidence"": ""Petitioners are citizens of El Salvador. We have jurisdiction under 8 U.S.C. § 1252."",
  ""withholding_requested"": false,
  ""withholding_requested_evidence"": ""Not mentioned in the opinion."",
  ""CAT_requested"": false,
  ""CAT_requested_evidence"": ""Not mentioned in the opinion."",
  ""protected_ground_political_opinion"": false,
  ""protected_ground_political_opinion_evidence"": ""Not mentioned in the opinion."",
  ""protected_ground_particular_social_group"": false,
  ""protected_ground_particular_social_group_evidence"": ""Not mentioned in the opinion."",
  ""past_persecution_physical_violence"": false,
  ""past_persecution_physical_violence_evidence"": ""Guzman-Hernandez argues that she experienced past persecution because she was the victim of death threats by gang members."",
  ""past_persecution_death_threats"": true,
  ""past_persecution_death_threats_evidence"": ""Guzman-Hernandez argues that she experienced past persecution because she was the victim of death threats by gang members."",
  ""persecutor_nongovernmental_actor"": false,
  ""persecutor_nongovernmental_actor_evidence"": ""Not mentioned in the opinion."",
  ""credibility_finding"": false,
  ""credibility_finding_evidence"": ""Not mentioned in the opinion."",
  ""bars_one_year_deadline_missed"": true,
  ""bars_one_year_deadline_missed_evidence"": ""The IJ thus had jurisdiction over Petitioners’ case even though they were served with NTAs that did not specify the time or date of their initial hearing."",
  ""nexus_requirement_met"": false,
  ""nexus_requirement_met_evidence"": ""Not mentioned in the opinion."""
17-73156-2023-01-17,https://cdn.ca9.uscourts.gov/datastore/memoranda/2023/01/17/17-73156.pdf,meta/llama-3.2-3b-instruct,withholding_requested,,,5613,"parse: JSONDecodeError: Expecting ',' delimiter: line 23 column 68 (char 1612)","{
  ""asylum_requested"": true,
  ""asylum_requested_evidence"": ""Petitioners are citizens of El Salvador. We have jurisdiction under 8 U.S.C. § 1252."",
  ""withholding_requested"": false,
  ""withholding_requested_evidence"": ""Not mentioned in the opinion."",
  ""CAT_requested"": false,
  ""CAT_requested_evidence"": ""Not mentioned in the opinion."",
  ""protected_ground_political_opinion"": false,
  ""protected_ground_political_opinion_evidence"": ""Not mentioned in the opinion."",
  ""protected_ground_particular_social_group"": false,
  ""protected_ground_particular_social_group_evidence"": ""Not mentioned in the opinion."",
  ""past_persecution_physical_violence"": false,
  ""past_persecution_physical_violence_evidence"": ""Guzman-Hernandez argues that she experienced past persecution because she was the victim of death threats by gang members."",
  ""past_persecution_death_threats"": true,
  ""past_persecution_death_threats_evidence"": ""Guzman-Hernandez argues that she experienced past persecution because she was the victim of death threats by gang members."",
  ""persecutor_nongovernmental_actor"": false,
  ""persecutor_nongovernmental_actor_evidence"": ""Not mentioned in the opinion."",
  ""credibility_finding"": false,
  ""credibility_finding_evidence"": ""Not mentioned in the opinion."",
  ""bars_one_year_deadline_missed"": true,
  ""bars_one_year_deadline_missed_evidence"": ""The IJ thus had jurisdiction over Petitioners’ case even though they were served with NTAs that did not specify the time or date of their initial hearing."",
  ""nexus_requirement_met"": false,
  ""nexus_requirement_met_evidence"": ""Not mentioned in the opinion."""
17-73156-2023-01-17,https://cdn.ca9.uscourts.gov/datastore/memoranda/2023/01/17/17-73156.pdf,meta/llama-3.2-3b-instruct,CAT_requested,,,5613,"parse: JSONDecodeError: Expecting ',' delimiter: line 23 column 68 (char 1612)","{
  ""asylum_requested"": true,
  ""asylum_requested_evidence"": ""Petitioners are citizens of El Salvador. We have jurisdiction under 8 U.S.C. § 1252."",
  ""withholding_requested"": false,
  ""withholding_requested_evidence"": ""Not mentioned in the opinion."",
  ""CAT_requested"": false,
  ""CAT_requested_evidence"": ""Not mentioned in the opinion."",
  ""protected_ground_political_opinion"": false,
  ""protected_ground_political_opinion_evidence"": ""Not mentioned in the opinion."",
  ""protected_ground_particular_social_group"": false,
  ""protected_ground_particular_social_group_evidence"": ""Not mentioned in the opinion."",
  ""past_persecution_physical_violence"": false,
  ""past_persecution_physical_violence_evidence"": ""Guzman-Hernandez argues that she experienced past persecution because she was the victim of death threats by gang members."",
  ""past_persecution_death_threats"": true,
  ""past_persecution_death_threats_evidence"": ""Guzman-Hernandez argues that she experienced past persecution because she was the victim of death threats by gang members."",
  ""persecutor_nongovernmental_actor"": false,
  ""persecutor_nongovernmental_actor_evidence"": ""Not mentioned in the opinion."",
  ""credibility_finding"": false,
  ""credibility_finding_evidence"": ""Not mentioned in the opinion."",
  ""bars_one_year_deadline_missed"": true,
  ""bars_one_year_deadline_missed_evidence"": ""The IJ thus had jurisdiction over Petitioners’ case even though they were served with NTAs that did not specify the time or date of their initial hearing."",
  ""nexus_requirement_met"": false,
  ""nexus_requirement_met_evidence"": ""Not mentioned in the opinion."""
17-73156-2023-01-17,https://cdn.ca9.uscourts.gov/datastore/memoranda/2023/01/17/17-73156.pdf,meta/llama-3.2-3b-instruct,protected_ground_political_opinion,,,5613,"parse: JSONDecodeError: Expecting ',' delimiter: line 23 column 68 (char 1612)","{
  ""asylum_requested"": true,
  ""asylum_requested_evidence"": ""Petitioners are citizens of El Salvador. We have jurisdiction under 8 U.S.C. § 1252."",
  ""withholding_requested"": false,
  ""withholding_requested_evidence"": ""Not mentioned in the opinion."",
  ""CAT_requested"": false,
  ""CAT_requested_evidence"": ""Not mentioned in the opinion."",
  ""protected_ground_political_opinion"": false,
  ""protected_ground_political_opinion_evidence"": ""Not mentioned in the opinion."",
  ""protected_ground_particular_social_group"": false,
  ""protected_ground_particular_social_group_evidence"": ""Not mentioned in the opinion."",
  ""past_persecution_physical_violence"": false,
  ""past_persecution_physical_violence_evidence"": ""Guzman-Hernandez argues that she experienced past persecution because she was the victim of death threats by gang members."",
  ""past_persecution_death_threats"": true,
  ""past_persecution_death_threats_evidence"": ""Guzman-Hernandez argues that she experienced past persecution because she was the victim of death threats by gang members."",
  ""persecutor_nongovernmental_actor"": false,
  ""persecutor_nongovernmental_actor_evidence"": ""Not mentioned in the opinion."",
  ""credibility_finding"": false,
  ""credibility_finding_evidence"": ""Not mentioned in the opinion."",
  ""bars_one_year_deadline_missed"": true,
  ""bars_one_year_deadline_missed_evidence"": ""The IJ thus had jurisdiction over Petitioners’ case even though they were served with NTAs that did not specify the time or date of their initial hearing."",
  ""nexus_requirement_met"": false,
  ""nexus_requirement_met_evidence"": ""Not mentioned in the opinion."""
17-73156-2023-01-17,https://cdn.ca9.uscourts.gov/datastore/memoranda/2023/01/17/17-73156.pdf,meta/llama-3.2-3b-instruct,protected_ground_particular_social_group,,,5613,"parse: JSONDecodeError: Expecting ',' delimiter: line 23 column 68 (char 1612)","{
  ""asylum_requested"": true,
  ""asylum_requested_evidence"": ""Petitioners are citizens of El Salvador. We have jurisdiction under 8 U.S.C. § 1252."",
  ""withholding_requested"": false,
  ""withholding_requested_evidence"": ""Not mentioned in the opinion."",
  ""CAT_requested"": false,
  ""CAT_requested_evidence"": ""Not mentioned in the opinion."",
  ""protected_ground_political_opinion"": false,
  ""protected_ground_political_opinion_evidence"": ""Not mentioned in the opinion."",
  ""protected_ground_particular_social_group"": false,
  ""protected_ground_particular_social_group_evidence"": ""Not mentioned in the opinion."",
  ""past_persecution_physical_violence"": false,
  ""past_persecution_physical_violence_evidence"": ""Guzman-Hernandez argues that she experienced past persecution because she was the victim of death threats by gang members."",
  ""past_persecution_death_threats"": true,
  ""past_persecution_death_threats_evidence"": ""Guzman-Hernandez argues that she experienced past persecution because she was the victim of death threats by gang members."",
  ""persecutor_nongovernmental_actor"": false,
  ""persecutor_nongovernmental_actor_evidence"": ""Not mentioned in the opinion."",
  ""credibility_finding"": false,
  ""credibility_finding_evidence"": ""Not mentioned in the opinion."",
  ""bars_one_year_deadline_missed"": true,
  ""bars_one_year_deadline_missed_evidence"": ""The IJ thus had jurisdiction over Petitioners’ case even though they were served with NTAs that did not specify the time or date of their initial hearing."",
  ""nexus_requirement_met"": false,
  ""nexus_requirement_met_evidence"": ""Not mentioned in the opinion."""
17-73156-2023-01-17,https://cdn.ca9.uscourts.gov/datastore/memoranda/2023/01/17/17-73156.pdf,meta/llama-3.2-3b-instruct,past_persecution_physical_violence,,,5613,"parse: JSONDecodeError: Expecting ',' delimiter: line 23 column 68 (char 1612)","{
  ""asylum_requested"": true,
  ""asylum_requested_evidence"": ""Petitioners are citizens of El Salvador. We have jurisdiction under 8 U.S.C. § 1252."",
  ""withholding_requested"": false,
  ""withholding_requested_evidence"": ""Not mentioned in the opinion."",
  ""CAT_requested"": false,
  ""CAT_requested_evidence"": ""Not mentioned in the opinion."",
  ""protected_ground_political_opinion"": false,
  ""protected_ground_political_opinion_evidence"": ""Not mentioned in the opinion."",
  ""protected_ground_particular_social_group"": false,
  ""protected_ground_particular_social_group_evidence"": ""Not mentioned in the opinion."",
  ""past_persecution_physical_violence"": false,
  ""past_persecution_physical_violence_evidence"": ""Guzman-Hernandez argues that she experienced past persecution because she was the victim of death threats by gang members."",
  ""past_persecution_death_threats"": true,
  ""past_persecution_death_threats_evidence"": ""Guzman-Hernandez argues that she experienced past persecution because she was the victim of death threats by gang members."",
  ""persecutor_nongovernmental_actor"": false,
  ""persecutor_nongovernmental_actor_evidence"": ""Not mentioned in the opinion."",
  ""credibility_finding"": false,
  ""credibility_finding_evidence"": ""Not mentioned in the opinion."",
  ""bars_one_year_deadline_missed"": true,
  ""bars_one_year_deadline_missed_evidence"": ""The IJ thus had jurisdiction over Petitioners’ case even though they were served with NTAs that did not specify the time or date of their initial hearing."",
  ""nexus_requirement_met"": false,
  ""nexus_requirement_met_evidence"": ""Not mentioned in the opinion."""
17-73156-2023-01-17,https://cdn.ca9.uscourts.gov/datastore/memoranda/2023/01/17/17-73156.pdf,meta/llama-3.2-3b-instruct,past_persecution_death_threats,,,5613,"parse: JSONDecodeError: Expecting ',' delimiter: line 23 column 68 (char 1612)","{
  ""asylum_requested"": true,
  ""asylum_requested_evidence"": ""Petitioners are citizens of El Salvador. We have jurisdiction under 8 U.S.C. § 1252."",
  ""withholding_requested"": false,
  ""withholding_requested_evidence"": ""Not mentioned in the opinion."",
  ""CAT_requested"": false,
  ""CAT_requested_evidence"": ""Not mentioned in the opinion."",
  ""protected_ground_political_opinion"": false,
  ""protected_ground_political_opinion_evidence"": ""Not mentioned in the opinion."",
  ""protected_ground_particular_social_group"": false,
  ""protected_ground_particular_social_group_evidence"": ""Not mentioned in the opinion."",
  ""past_persecution_physical_violence"": false,
  ""past_persecution_physical_violence_evidence"": ""Guzman-Hernandez argues that she experienced past persecution because she was the victim of death threats by gang members."",
  ""past_persecution_death_threats"": true,
  ""past_persecution_death_threats_evidence"": ""Guzman-Hernandez argues that she experienced past persecution because she was the victim of death threats by gang members."",
  ""persecutor_nongovernmental_actor"": false,
  ""persecutor_nongovernmental_actor_evidence"": ""Not mentioned in the opinion."",
  ""credibility_finding"": false,
  ""credibility_finding_evidence"": ""Not mentioned in the opinion."",
  ""bars_one_year_deadline_missed"": true,
  ""bars_one_year_deadline_missed_evidence"": ""The IJ thus had jurisdiction over Petitioners’ case even though they were served with NTAs that did not specify the time or date of their initial hearing."",
  ""nexus_requirement_met"": false,
  ""nexus_requirement_met_evidence"": ""Not mentioned in the opinion."""
17-73156-2023-01-17,https://cdn.ca9.uscourts.gov/datastore/memoranda/2023/01/17/17-73156.pdf,meta/llama-3.2-3b-instruct,persecutor_nongovernmental_actor,,,5613,"parse: JSONDecodeError: Expecting ',' delimiter: line 23 column 68 (char 1612)","{
  ""asylum_requested"": true,
  ""asylum_requested_evidence"": ""Petitioners are citizens of El Salvador. We have jurisdiction under 8 U.S.C. § 1252."",
  ""withholding_requested"": false,
  ""withholding_requested_evidence"": ""Not mentioned in the opinion."",
  ""CAT_requested"": false,
  ""CAT_requested_evidence"": ""Not mentioned in the opinion."",
  ""protected_ground_political_opinion"": false,
  ""protected_ground_political_opinion_evidence"": ""Not mentioned in the opinion."",
  ""protected_ground_particular_social_group"": false,
  ""protected_ground_particular_social_group_evidence"": ""Not mentioned in the opinion."",
  ""past_persecution_physical_violence"": false,
  ""past_persecution_physical_violence_evidence"": ""Guzman-Hernandez argues that she experienced past persecution because she was the victim of death threats by gang members."",
  ""past_persecution_death_threats"": true,
  ""past_persecution_death_threats_evidence"": ""Guzman-Hernandez argues that she experienced past persecution because she was the victim of death threats by gang members."",
  ""persecutor_nongovernmental_actor"": false,
  ""persecutor_nongovernmental_actor_evidence"": ""Not mentioned in the opinion."",
  ""credibility_finding"": false,
  ""credibility_finding_evidence"": ""Not mentioned in the opinion."",
  ""bars_one_year_deadline_missed"": true,
  ""bars_one_year_deadline_missed_evidence"": ""The IJ thus had jurisdiction over Petitioners’ case even though they were served with NTAs that did not specify the time or date of their initial hearing."",
  ""nexus_requirement_met"": false,
  ""nexus_requirement_met_evidence"": ""Not mentioned in the opinion."""
17-73156-2023-01-17,https://cdn.ca9.uscourts.gov/datastore/memoranda/2023/01/17/17-73156.pdf,meta/llama-3.2-3b-instruct,credibility_finding,,,5613,"parse: JSONDecodeError: Expecting ',' delimiter: line 23 column 68 (char 1612)","{
  ""asylum_requested"": true,
  ""asylum_requested_evidence"": ""Petitioners are citizens of El Salvador. We have jurisdiction under 8 U.S.C. § 1252."",
  ""withholding_requested"": false,
  ""withholding_requested_evidence"": ""Not mentioned in the opinion."",
  ""CAT_requested"": false,
  ""CAT_requested_evidence"": ""Not mentioned in the opinion."",
  ""protected_ground_political_opinion"": false,
  ""protected_ground_political_opinion_evidence"": ""Not mentioned in the opinion."",
  ""protected_ground_particular_social_group"": false,
  ""protected_ground_particular_social_group_evidence"": ""Not mentioned in the opinion."",
  ""past_persecution_physical_violence"": false,
  ""past_persecution_physical_violence_evidence"": ""Guzman-Hernandez argues that she experienced past persecution because she was the victim of death threats by gang members."",
  ""past_persecution_death_threats"": true,
  ""past_persecution_death_threats_evidence"": ""Guzman-Hernandez argues that she experienced past persecution because she was the victim of death threats by gang members."",
  ""persecutor_nongovernmental_actor"": false,
  ""persecutor_nongovernmental_actor_evidence"": ""Not mentioned in the opinion."",
  ""credibility_finding"": false,
  ""credibility_finding_evidence"": ""Not mentioned in the opinion."",
  ""bars_one_year_deadline_missed"": true,
  ""bars_one_year_deadline_missed_evidence"": ""The IJ thus had jurisdiction over Petitioners’ case even though they were served with NTAs that did not specify the time or date of their initial hearing."",
  ""nexus_requirement_met"": false,
  ""nexus_requirement_met_evidence"": ""Not mentioned in the opinion."""
17-73156-2023-01-17,https://cdn.ca9.uscourts.gov/datastore/memoranda/2023/01/17/17-73156.pdf,meta/llama-3.2-3b-instruct,bars_one_year_deadline_missed,,,5613,"parse: JSONDecodeError: Expecting ',' delimiter: line 23 column 68 (char 1612)","{
  ""asylum_requested"": true,
  ""asylum_requested_evidence"": ""Petitioners are citizens of El Salvador. We have jurisdiction under 8 U.S.C. § 1252."",
  ""withholding_requested"": false,
  ""withholding_requested_evidence"": ""Not mentioned in the opinion."",
  ""CAT_requested"": false,
  ""CAT_requested_evidence"": ""Not mentioned in the opinion."",
  ""protected_ground_political_opinion"": false,
  ""protected_ground_political_opinion_evidence"": ""Not mentioned in the opinion."",
  ""protected_ground_particular_social_group"": false,
  ""protected_ground_particular_social_group_evidence"": ""Not mentioned in the opinion."",
  ""past_persecution_physical_violence"": false,
  ""past_persecution_physical_violence_evidence"": ""Guzman-Hernandez argues that she experienced past persecution because she was the victim of death threats by gang members."",
  ""past_persecution_death_threats"": true,
  ""past_persecution_death_threats_evidence"": ""Guzman-Hernandez argues that she experienced past persecution because she was the victim of death threats by gang members."",
  ""persecutor_nongovernmental_actor"": false,
  ""persecutor_nongovernmental_actor_evidence"": ""Not mentioned in the opinion."",
  ""credibility_finding"": false,
  ""credibility_finding_evidence"": ""Not mentioned in the opinion."",
  ""bars_one_year_deadline_missed"": true,
  ""bars_one_year_deadline_missed_evidence"": ""The IJ thus had jurisdiction over Petitioners’ case even though they were served with NTAs that did not specify the time or date of their initial hearing."",
  ""nexus_requirement_met"": false,
  ""nexus_requirement_met_evidence"": ""Not mentioned in the opinion."""
17-73156-2023-01-17,https://cdn.ca9.uscourts.gov/datastore/memoranda/2023/01/17/17-73156.pdf,meta/llama-3.2-3b-instruct,nexus_requirement_met,,,5613,"parse: JSONDecodeError: Expecting ',' delimiter: line 23 column 68 (char 1612)","{
  ""asylum_requested"": true,
  ""asylum_requested_evidence"": ""Petitioners are citizens of El Salvador. We have jurisdiction under 8 U.S.C. § 1252."",
  ""withholding_requested"": false,
  ""withholding_requested_evidence"": ""Not mentioned in the opinion."",
  ""CAT_requested"": false,
  ""CAT_requested_evidence"": ""Not mentioned in the opinion."",
  ""protected_ground_political_opinion"": false,
  ""protected_ground_political_opinion_evidence"": ""Not mentioned in the opinion."",
  ""protected_ground_particular_social_group"": false,
  ""protected_ground_particular_social_group_evidence"": ""Not mentioned in the opinion."",
  ""past_persecution_physical_violence"": false,
  ""past_persecution_physical_violence_evidence"": ""Guzman-Hernandez argues that she experienced past persecution because she was the victim of death threats by gang members."",
  ""past_persecution_death_threats"": true,
  ""past_persecution_death_threats_evidence"": ""Guzman-Hernandez argues that she experienced past persecution because she was the victim of death threats by gang members."",
  ""persecutor_nongovernmental_actor"": false,
  ""persecutor_nongovernmental_actor_evidence"": ""Not mentioned in the opinion."",
  ""credibility_finding"": false,
  ""credibility_finding_evidence"": ""Not mentioned in the opinion."",
  ""bars_one_year_deadline_missed"": true,
  ""bars_one_year_deadline_missed_evidence"": ""The IJ thus had jurisdiction over Petitioners’ case even though they were served with NTAs that did not specify the time or date of their initial hearing."",
  ""nexus_requirement_met"": false,
  ""nexus_requirement_met_evidence"": ""Not mentioned in the opinion."""
24-5221-2026-05-04,https://cdn.ca9.uscourts.gov/datastore/memoranda/2026/05/04/24-5221.pdf,meta/llama-3.2-3b-instruct,asylum_requested,,,5946,"parse: JSONDecodeError: Expecting ',' delimiter: line 23 column 225 (char 1861)","{
  ""asylum_requested"": true,
  ""asylum_requested_evidence"": ""Otuya argues that the agency erred by failing to give reasoned consideration to all evidence supporting his risk of future torture if he returns to Nigeria."",
  ""withholding_requested"": false,
  ""withholding_requested_evidence"": ""Not mentioned in the opinion."",
  ""CAT_requested"": true,
  ""CAT_requested_evidence"": ""Otuya argues that the agency erred by failing to give reasoned consideration to all evidence supporting his risk of future torture if he returns to Nigeria."",
  ""protected_ground_political_opinion"": false,
  ""protected_ground_political_opinion_evidence"": ""Not mentioned in the opinion."",
  ""protected_ground_particular_social_group"": false,
  ""protected_ground_particular_social_group_evidence"": ""Not mentioned in the opinion."",
  ""past_persecution_physical_violence"": false,
  ""past_persecution_physical_violence_evidence"": ""Not mentioned in the opinion."",
  ""past_persecution_death_threats"": false,
  ""past_persecution_death_threats_evidence"": ""Not mentioned in the opinion."",
  ""persecutor_nongovernmental_actor"": false,
  ""persecutor_nongovernmental_actor_evidence"": ""Not mentioned in the opinion."",
  ""credibility_finding"": false,
  ""credibility_finding_evidence"": ""Not mentioned in the opinion."",
  ""bars_one_year_deadline_missed"": true,
  ""bars_one_year_deadline_missed_evidence"": ""The agency expressly considered documentary exhibits including declarations, a police report, and general country conditions evidence, as well as Otuya’s testimony regarding corruption in Nigeria and an attack on his family in Lagos."",
  ""nexus_requirement_met"": false,
  ""nexus_requirement_met_evidence"": ""The BIA concluded that one link in the causal chain—that Otuya’s former criminal boss would learn of Otuya’s deportation and find Otuya if he was deported to Nigeria—was too speculative."""
24-5221-2026-05-04,https://cdn.ca9.uscourts.gov/datastore/memoranda/2026/05/04/24-5221.pdf,meta/llama-3.2-3b-instruct,withholding_requested,,,5946,"parse: JSONDecodeError: Expecting ',' delimiter: line 23 column 225 (char 1861)","{
  ""asylum_requested"": true,
  ""asylum_requested_evidence"": ""Otuya argues that the agency erred by failing to give reasoned consideration to all evidence supporting his risk of future torture if he returns to Nigeria."",
  ""withholding_requested"": false,
  ""withholding_requested_evidence"": ""Not mentioned in the opinion."",
  ""CAT_requested"": true,
  ""CAT_requested_evidence"": ""Otuya argues that the agency erred by failing to give reasoned consideration to all evidence supporting his risk of future torture if he returns to Nigeria."",
  ""protected_ground_political_opinion"": false,
  ""protected_ground_political_opinion_evidence"": ""Not mentioned in the opinion."",
  ""protected_ground_particular_social_group"": false,
  ""protected_ground_particular_social_group_evidence"": ""Not mentioned in the opinion."",
  ""past_persecution_physical_violence"": false,
  ""past_persecution_physical_violence_evidence"": ""Not mentioned in the opinion."",
  ""past_persecution_death_threats"": false,
  ""past_persecution_death_threats_evidence"": ""Not mentioned in the opinion."",
  ""persecutor_nongovernmental_actor"": false,
  ""persecutor_nongovernmental_actor_evidence"": ""Not mentioned in the opinion."",
  ""credibility_finding"": false,
  ""credibility_finding_evidence"": ""Not mentioned in the opinion."",
  ""bars_one_year_deadline_missed"": true,
  ""bars_one_year_deadline_missed_evidence"": ""The agency expressly considered documentary exhibits including declarations, a police report, and general country conditions evidence, as well as Otuya’s testimony regarding corruption in Nigeria and an attack on his family in Lagos."",
  ""nexus_requirement_met"": false,
  ""nexus_requirement_met_evidence"": ""The BIA concluded that one link in the causal chain—that Otuya’s former criminal boss would learn of Otuya’s deportation and find Otuya if he was deported to Nigeria—was too speculative."""
24-5221-2026-05-04,https://cdn.ca9.uscourts.gov/datastore/memoranda/2026/05/04/24-5221.pdf,meta/llama-3.2-3b-instruct,CAT_requested,,,5946,"parse: JSONDecodeError: Expecting ',' delimiter: line 23 column 225 (char 1861)","{
  ""asylum_requested"": true,
  ""asylum_requested_evidence"": ""Otuya argues that the agency erred by failing to give reasoned consideration to all evidence supporting his risk of future torture if he returns to Nigeria."",
  ""withholding_requested"": false,
  ""withholding_requested_evidence"": ""Not mentioned in the opinion."",
  ""CAT_requested"": true,
  ""CAT_requested_evidence"": ""Otuya argues that the agency erred by failing to give reasoned consideration to all evidence supporting his risk of future torture if he returns to Nigeria."",
  ""protected_ground_political_opinion"": false,
  ""protected_ground_political_opinion_evidence"": ""Not mentioned in the opinion."",
  ""protected_ground_particular_social_group"": false,
  ""protected_ground_particular_social_group_evidence"": ""Not mentioned in the opinion."",
  ""past_persecution_physical_violence"": false,
  ""past_persecution_physical_violence_evidence"": ""Not mentioned in the opinion."",
  ""past_persecution_death_threats"": false,
  ""past_persecution_death_threats_evidence"": ""Not mentioned in the opinion."",
  ""persecutor_nongovernmental_actor"": false,
  ""persecutor_nongovernmental_actor_evidence"": ""Not mentioned in the opinion."",
  ""credibility_finding"": false,
  ""credibility_finding_evidence"": ""Not mentioned in the opinion."",
  ""bars_one_year_deadline_missed"": true,
  ""bars_one_year_deadline_missed_evidence"": ""The agency expressly considered documentary exhibits including declarations, a police report, and general country conditions evidence, as well as Otuya’s testimony regarding corruption in Nigeria and an attack on his family in Lagos."",
  ""nexus_requirement_met"": false,
  ""nexus_requirement_met_evidence"": ""The BIA concluded that one link in the causal chain—that Otuya’s former criminal boss would learn of Otuya’s deportation and find Otuya if he was deported to Nigeria—was too speculative."""
24-5221-2026-05-04,https://cdn.ca9.uscourts.gov/datastore/memoranda/2026/05/04/24-5221.pdf,meta/llama-3.2-3b-instruct,protected_ground_political_opinion,,,5946,"parse: JSONDecodeError: Expecting ',' delimiter: line 23 column 225 (char 1861)","{
  ""asylum_requested"": true,
  ""asylum_requested_evidence"": ""Otuya argues that the agency erred by failing to give reasoned consideration to all evidence supporting his risk of future torture if he returns to Nigeria."",
  ""withholding_requested"": false,
  ""withholding_requested_evidence"": ""Not mentioned in the opinion."",
  ""CAT_requested"": true,
  ""CAT_requested_evidence"": ""Otuya argues that the agency erred by failing to give reasoned consideration to all evidence supporting his risk of future torture if he returns to Nigeria."",
  ""protected_ground_political_opinion"": false,
  ""protected_ground_political_opinion_evidence"": ""Not mentioned in the opinion."",
  ""protected_ground_particular_social_group"": false,
  ""protected_ground_particular_social_group_evidence"": ""Not mentioned in the opinion."",
  ""past_persecution_physical_violence"": false,
  ""past_persecution_physical_violence_evidence"": ""Not mentioned in the opinion."",
  ""past_persecution_death_threats"": false,
  ""past_persecution_death_threats_evidence"": ""Not mentioned in the opinion."",
  ""persecutor_nongovernmental_actor"": false,
  ""persecutor_nongovernmental_actor_evidence"": ""Not mentioned in the opinion."",
  ""credibility_finding"": false,
  ""credibility_finding_evidence"": ""Not mentioned in the opinion."",
  ""bars_one_year_deadline_missed"": true,
  ""bars_one_year_deadline_missed_evidence"": ""The agency expressly considered documentary exhibits including declarations, a police report, and general country conditions evidence, as well as Otuya’s testimony regarding corruption in Nigeria and an attack on his family in Lagos."",
  ""nexus_requirement_met"": false,
  ""nexus_requirement_met_evidence"": ""The BIA concluded that one link in the causal chain—that Otuya’s former criminal boss would learn of Otuya’s deportation and find Otuya if he was deported to Nigeria—was too speculative."""
24-5221-2026-05-04,https://cdn.ca9.uscourts.gov/datastore/memoranda/2026/05/04/24-5221.pdf,meta/llama-3.2-3b-instruct,protected_ground_particular_social_group,,,5946,"parse: JSONDecodeError: Expecting ',' delimiter: line 23 column 225 (char 1861)","{
  ""asylum_requested"": true,
  ""asylum_requested_evidence"": ""Otuya argues that the agency erred by failing to give reasoned consideration to all evidence supporting his risk of future torture if he returns to Nigeria."",
  ""withholding_requested"": false,
  ""withholding_requested_evidence"": ""Not mentioned in the opinion."",
  ""CAT_requested"": true,
  ""CAT_requested_evidence"": ""Otuya argues that the agency erred by failing to give reasoned consideration to all evidence supporting his risk of future torture if he returns to Nigeria."",
  ""protected_ground_political_opinion"": false,
  ""protected_ground_political_opinion_evidence"": ""Not mentioned in the opinion."",
  ""protected_ground_particular_social_group"": false,
  ""protected_ground_particular_social_group_evidence"": ""Not mentioned in the opinion."",
  ""past_persecution_physical_violence"": false,
  ""past_persecution_physical_violence_evidence"": ""Not mentioned in the opinion."",
  ""past_persecution_death_threats"": false,
  ""past_persecution_death_threats_evidence"": ""Not mentioned in the opinion."",
  ""persecutor_nongovernmental_actor"": false,
  ""persecutor_nongovernmental_actor_evidence"": ""Not mentioned in the opinion."",
  ""credibility_finding"": false,
  ""credibility_finding_evidence"": ""Not mentioned in the opinion."",
  ""bars_one_year_deadline_missed"": true,
  ""bars_one_year_deadline_missed_evidence"": ""The agency expressly considered documentary exhibits including declarations, a police report, and general country conditions evidence, as well as Otuya’s testimony regarding corruption in Nigeria and an attack on his family in Lagos."",
  ""nexus_requirement_met"": false,
  ""nexus_requirement_met_evidence"": ""The BIA concluded that one link in the causal chain—that Otuya’s former criminal boss would learn of Otuya’s deportation and find Otuya if he was deported to Nigeria—was too speculative."""
24-5221-2026-05-04,https://cdn.ca9.uscourts.gov/datastore/memoranda/2026/05/04/24-5221.pdf,meta/llama-3.2-3b-instruct,past_persecution_physical_violence,,,5946,"parse: JSONDecodeError: Expecting ',' delimiter: line 23 column 225 (char 1861)","{
  ""asylum_requested"": true,
  ""asylum_requested_evidence"": ""Otuya argues that the agency erred by failing to give reasoned consideration to all evidence supporting his risk of future torture if he returns to Nigeria."",
  ""withholding_requested"": false,
  ""withholding_requested_evidence"": ""Not mentioned in the opinion."",
  ""CAT_requested"": true,
  ""CAT_requested_evidence"": ""Otuya argues that the agency erred by failing to give reasoned consideration to all evidence supporting his risk of future torture if he returns to Nigeria."",
  ""protected_ground_political_opinion"": false,
  ""protected_ground_political_opinion_evidence"": ""Not mentioned in the opinion."",
  ""protected_ground_particular_social_group"": false,
  ""protected_ground_particular_social_group_evidence"": ""Not mentioned in the opinion."",
  ""past_persecution_physical_violence"": false,
  ""past_persecution_physical_violence_evidence"": ""Not mentioned in the opinion."",
  ""past_persecution_death_threats"": false,
  ""past_persecution_death_threats_evidence"": ""Not mentioned in the opinion."",
  ""persecutor_nongovernmental_actor"": false,
  ""persecutor_nongovernmental_actor_evidence"": ""Not mentioned in the opinion."",
  ""credibility_finding"": false,
  ""credibility_finding_evidence"": ""Not mentioned in the opinion."",
  ""bars_one_year_deadline_missed"": true,
  ""bars_one_year_deadline_missed_evidence"": ""The agency expressly considered documentary exhibits including declarations, a police report, and general country conditions evidence, as well as Otuya’s testimony regarding corruption in Nigeria and an attack on his family in Lagos."",
  ""nexus_requirement_met"": false,
  ""nexus_requirement_met_evidence"": ""The BIA concluded that one link in the causal chain—that Otuya’s former criminal boss would learn of Otuya’s deportation and find Otuya if he was deported to Nigeria—was too speculative."""
24-5221-2026-05-04,https://cdn.ca9.uscourts.gov/datastore/memoranda/2026/05/04/24-5221.pdf,meta/llama-3.2-3b-instruct,past_persecution_death_threats,,,5946,"parse: JSONDecodeError: Expecting ',' delimiter: line 23 column 225 (char 1861)","{
  ""asylum_requested"": true,
  ""asylum_requested_evidence"": ""Otuya argues that the agency erred by failing to give reasoned consideration to all evidence supporting his risk of future torture if he returns to Nigeria."",
  ""withholding_requested"": false,
  ""withholding_requested_evidence"": ""Not mentioned in the opinion."",
  ""CAT_requested"": true,
  ""CAT_requested_evidence"": ""Otuya argues that the agency erred by failing to give reasoned consideration to all evidence supporting his risk of future torture if he returns to Nigeria."",
  ""protected_ground_political_opinion"": false,
  ""protected_ground_political_opinion_evidence"": ""Not mentioned in the opinion."",
  ""protected_ground_particular_social_group"": false,
  ""protected_ground_particular_social_group_evidence"": ""Not mentioned in the opinion."",
  ""past_persecution_physical_violence"": false,
  ""past_persecution_physical_violence_evidence"": ""Not mentioned in the opinion."",
  ""past_persecution_death_threats"": false,
  ""past_persecution_death_threats_evidence"": ""Not mentioned in the opinion."",
  ""persecutor_nongovernmental_actor"": false,
  ""persecutor_nongovernmental_actor_evidence"": ""Not mentioned in the opinion."",
  ""credibility_finding"": false,
  ""credibility_finding_evidence"": ""Not mentioned in the opinion."",
  ""bars_one_year_deadline_missed"": true,
  ""bars_one_year_deadline_missed_evidence"": ""The agency expressly considered documentary exhibits including declarations, a police report, and general country conditions evidence, as well as Otuya’s testimony regarding corruption in Nigeria and an attack on his family in Lagos."",
  ""nexus_requirement_met"": false,
  ""nexus_requirement_met_evidence"": ""The BIA concluded that one link in the causal chain—that Otuya’s former criminal boss would learn of Otuya’s deportation and find Otuya if he was deported to Nigeria—was too speculative."""
24-5221-2026-05-04,https://cdn.ca9.uscourts.gov/datastore/memoranda/2026/05/04/24-5221.pdf,meta/llama-3.2-3b-instruct,persecutor_nongovernmental_actor,,,5946,"parse: JSONDecodeError: Expecting ',' delimiter: line 23 column 225 (char 1861)","{
  ""asylum_requested"": true,
  ""asylum_requested_evidence"": ""Otuya argues that the agency erred by failing to give reasoned consideration to all evidence supporting his risk of future torture if he returns to Nigeria."",
  ""withholding_requested"": false,
  ""withholding_requested_evidence"": ""Not mentioned in the opinion."",
  ""CAT_requested"": true,
  ""CAT_requested_evidence"": ""Otuya argues that the agency erred by failing to give reasoned consideration to all evidence supporting his risk of future torture if he returns to Nigeria."",
  ""protected_ground_political_opinion"": false,
  ""protected_ground_political_opinion_evidence"": ""Not mentioned in the opinion."",
  ""protected_ground_particular_social_group"": false,
  ""protected_ground_particular_social_group_evidence"": ""Not mentioned in the opinion."",
  ""past_persecution_physical_violence"": false,
  ""past_persecution_physical_violence_evidence"": ""Not mentioned in the opinion."",
  ""past_persecution_death_threats"": false,
  ""past_persecution_death_threats_evidence"": ""Not mentioned in the opinion."",
  ""persecutor_nongovernmental_actor"": false,
  ""persecutor_nongovernmental_actor_evidence"": ""Not mentioned in the opinion."",
  ""credibility_finding"": false,
  ""credibility_finding_evidence"": ""Not mentioned in the opinion."",
  ""bars_one_year_deadline_missed"": true,
  ""bars_one_year_deadline_missed_evidence"": ""The agency expressly considered documentary exhibits including declarations, a police report, and general country conditions evidence, as well as Otuya’s testimony regarding corruption in Nigeria and an attack on his family in Lagos."",
  ""nexus_requirement_met"": false,
  ""nexus_requirement_met_evidence"": ""The BIA concluded that one link in the causal chain—that Otuya’s former criminal boss would learn of Otuya’s deportation and find Otuya if he was deported to Nigeria—was too speculative."""
24-5221-2026-05-04,https://cdn.ca9.uscourts.gov/datastore/memoranda/2026/05/04/24-5221.pdf,meta/llama-3.2-3b-instruct,credibility_finding,,,5946,"parse: JSONDecodeError: Expecting ',' delimiter: line 23 column 225 (char 1861)","{
  ""asylum_requested"": true,
  ""asylum_requested_evidence"": ""Otuya argues that the agency erred by failing to give reasoned consideration to all evidence supporting his risk of future torture if he returns to Nigeria."",
  ""withholding_requested"": false,
  ""withholding_requested_evidence"": ""Not mentioned in the opinion."",
  ""CAT_requested"": true,
  ""CAT_requested_evidence"": ""Otuya argues that the agency erred by failing to give reasoned consideration to all evidence supporting his risk of future torture if he returns to Nigeria."",
  ""protected_ground_political_opinion"": false,
  ""protected_ground_political_opinion_evidence"": ""Not mentioned in the opinion."",
  ""protected_ground_particular_social_group"": false,
  ""protected_ground_particular_social_group_evidence"": ""Not mentioned in the opinion."",
  ""past_persecution_physical_violence"": false,
  ""past_persecution_physical_violence_evidence"": ""Not mentioned in the opinion."",
  ""past_persecution_death_threats"": false,
  ""past_persecution_death_threats_evidence"": ""Not mentioned in the opinion."",
  ""persecutor_nongovernmental_actor"": false,
  ""persecutor_nongovernmental_actor_evidence"": ""Not mentioned in the opinion."",
  ""credibility_finding"": false,
  ""credibility_finding_evidence"": ""Not mentioned in the opinion."",
  ""bars_one_year_deadline_missed"": true,
  ""bars_one_year_deadline_missed_evidence"": ""The agency expressly considered documentary exhibits including declarations, a police report, and general country conditions evidence, as well as Otuya’s testimony regarding corruption in Nigeria and an attack on his family in Lagos."",
  ""nexus_requirement_met"": false,
  ""nexus_requirement_met_evidence"": ""The BIA concluded that one link in the causal chain—that Otuya’s former criminal boss would learn of Otuya’s deportation and find Otuya if he was deported to Nigeria—was too speculative."""
24-5221-2026-05-04,https://cdn.ca9.uscourts.gov/datastore/memoranda/2026/05/04/24-5221.pdf,meta/llama-3.2-3b-instruct,bars_one_year_deadline_missed,,,5946,"parse: JSONDecodeError: Expecting ',' delimiter: line 23 column 225 (char 1861)","{
  ""asylum_requested"": true,
  ""asylum_requested_evidence"": ""Otuya argues that the agency erred by failing to give reasoned consideration to all evidence supporting his risk of future torture if he returns to Nigeria."",
  ""withholding_requested"": false,
  ""withholding_requested_evidence"": ""Not mentioned in the opinion."",
  ""CAT_requested"": true,
  ""CAT_requested_evidence"": ""Otuya argues that the agency erred by failing to give reasoned consideration to all evidence supporting his risk of future torture if he returns to Nigeria."",
  ""protected_ground_political_opinion"": false,
  ""protected_ground_political_opinion_evidence"": ""Not mentioned in the opinion."",
  ""protected_ground_particular_social_group"": false,
  ""protected_ground_particular_social_group_evidence"": ""Not mentioned in the opinion."",
  ""past_persecution_physical_violence"": false,
  ""past_persecution_physical_violence_evidence"": ""Not mentioned in the opinion."",
  ""past_persecution_death_threats"": false,
  ""past_persecution_death_threats_evidence"": ""Not mentioned in the opinion."",
  ""persecutor_nongovernmental_actor"": false,
  ""persecutor_nongovernmental_actor_evidence"": ""Not mentioned in the opinion."",
  ""credibility_finding"": false,
  ""credibility_finding_evidence"": ""Not mentioned in the opinion."",
  ""bars_one_year_deadline_missed"": true,
  ""bars_one_year_deadline_missed_evidence"": ""The agency expressly considered documentary exhibits including declarations, a police report, and general country conditions evidence, as well as Otuya’s testimony regarding corruption in Nigeria and an attack on his family in Lagos."",
  ""nexus_requirement_met"": false,
  ""nexus_requirement_met_evidence"": ""The BIA concluded that one link in the causal chain—that Otuya’s former criminal boss would learn of Otuya’s deportation and find Otuya if he was deported to Nigeria—was too speculative."""
24-5221-2026-05-04,https://cdn.ca9.uscourts.gov/datastore/memoranda/2026/05/04/24-5221.pdf,meta/llama-3.2-3b-instruct,nexus_requirement_met,,,5946,"parse: JSONDecodeError: Expecting ',' delimiter: line 23 column 225 (char 1861)","{
  ""asylum_requested"": true,
  ""asylum_requested_evidence"": ""Otuya argues that the agency erred by failing to give reasoned consideration to all evidence supporting his risk of future torture if he returns to Nigeria."",
  ""withholding_requested"": false,
  ""withholding_requested_evidence"": ""Not mentioned in the opinion."",
  ""CAT_requested"": true,
  ""CAT_requested_evidence"": ""Otuya argues that the agency erred by failing to give reasoned consideration to all evidence supporting his risk of future torture if he returns to Nigeria."",
  ""protected_ground_political_opinion"": false,
  ""protected_ground_political_opinion_evidence"": ""Not mentioned in the opinion."",
  ""protected_ground_particular_social_group"": false,
  ""protected_ground_particular_social_group_evidence"": ""Not mentioned in the opinion."",
  ""past_persecution_physical_violence"": false,
  ""past_persecution_physical_violence_evidence"": ""Not mentioned in the opinion."",
  ""past_persecution_death_threats"": false,
  ""past_persecution_death_threats_evidence"": ""Not mentioned in the opinion."",
  ""persecutor_nongovernmental_actor"": false,
  ""persecutor_nongovernmental_actor_evidence"": ""Not mentioned in the opinion."",
  ""credibility_finding"": false,
  ""credibility_finding_evidence"": ""Not mentioned in the opinion."",
  ""bars_one_year_deadline_missed"": true,
  ""bars_one_year_deadline_missed_evidence"": ""The agency expressly considered documentary exhibits including declarations, a police report, and general country conditions evidence, as well as Otuya’s testimony regarding corruption in Nigeria and an attack on his family in Lagos."",
  ""nexus_requirement_met"": false,
  ""nexus_requirement_met_evidence"": ""The BIA concluded that one link in the causal chain—that Otuya’s former criminal boss would learn of Otuya’s deportation and find Otuya if he was deported to Nigeria—was too speculative."""
22-761-2023-04-20,https://cdn.ca9.uscourts.gov/datastore/memoranda/2023/04/20/22-761.pdf,meta/llama-3.2-3b-instruct,asylum_requested,True,"He moved for reopening to apply for cancellation of removal, asylum, and withholding of removal.",4660,,"{
  ""asylum_requested"": true,
  ""asylum_requested_evidence"": ""He moved for reopening to apply for cancellation of removal, asylum, and withholding of removal."",
  ""withholding_requested"": false,
  ""withholding_requested_evidence"": ""Not mentioned in the opinion."",
  ""CAT_requested"": false,
  ""CAT_requested_evidence"": ""Not mentioned in the opinion."",
  ""protected_ground_political_opinion"": false,
  ""protected_ground_political_opinion_evidence"": ""Not mentioned in the opinion."",
  ""protected_ground_particular_social_group"": true,
  ""protected_ground_particular_social_group_evidence"": ""The BIA reasoned that Santiago Grande failed to submit a new asylum application as required under 8 C.F.R. § 1003.2(c)(1)."",
  ""past_persecution_physical_violence"": false,
  ""past_persecution_physical_violence_evidence"": ""Not mentioned in the opinion."",
  ""past_persecution_death_threats"": false,
  ""past_persecution_death_threats_evidence"": ""Not mentioned in the opinion."",
  ""persecutor_nongovernmental_actor"": false,
  ""persecutor_nongovernmental_actor_evidence"": ""Not mentioned in the opinion."",
  ""credibility_finding"": false,
  ""credibility_finding_evidence"": ""Not mentioned in the opinion."",
  ""bars_one_year_deadline_missed"": false,
  ""bars_one_year_deadline_missed_evidence"": ""Not mentioned in the opinion."",
  ""nexus_requirement_met"": false,
  ""nexus_requirement_met_evidence"": ""Not mentioned in the opinion.""
}"
22-761-2023-04-20,https://cdn.ca9.uscourts.gov/datastore/memoranda/2023/04/20/22-761.pdf,meta/llama-3.2-3b-instruct,withholding_requested,False,Not mentioned in the opinion.,4660,,"{
  ""asylum_requested"": true,
  ""asylum_requested_evidence"": ""He moved for reopening to apply for cancellation of removal, asylum, and withholding of removal."",
  ""withholding_requested"": false,
  ""withholding_requested_evidence"": ""Not mentioned in the opinion."",
  ""CAT_requested"": false,
  ""CAT_requested_evidence"": ""Not mentioned in the opinion."",
  ""protected_ground_political_opinion"": false,
  ""protected_ground_political_opinion_evidence"": ""Not mentioned in the opinion."",
  ""protected_ground_particular_social_group"": true,
  ""protected_ground_particular_social_group_evidence"": ""The BIA reasoned that Santiago Grande failed to submit a new asylum application as required under 8 C.F.R. § 1003.2(c)(1)."",
  ""past_persecution_physical_violence"": false,
  ""past_persecution_physical_violence_evidence"": ""Not mentioned in the opinion."",
  ""past_persecution_death_threats"": false,
  ""past_persecution_death_threats_evidence"": ""Not mentioned in the opinion."",
  ""persecutor_nongovernmental_actor"": false,
  ""persecutor_nongovernmental_actor_evidence"": ""Not mentioned in the opinion."",
  ""credibility_finding"": false,
  ""credibility_finding_evidence"": ""Not mentioned in the opinion."",
  ""bars_one_year_deadline_missed"": false,
  ""bars_one_year_deadline_missed_evidence"": ""Not mentioned in the opinion."",
  ""nexus_requirement_met"": false,
  ""nexus_requirement_met_evidence"": ""Not mentioned in the opinion.""
}"
22-761-2023-04-20,https://cdn.ca9.uscourts.gov/datastore/memoranda/2023/04/20/22-761.pdf,meta/llama-3.2-3b-instruct,CAT_requested,False,Not mentioned in the opinion.,4660,,"{
  ""asylum_requested"": true,
  ""asylum_requested_evidence"": ""He moved for reopening to apply for cancellation of removal, asylum, and withholding of removal."",
  ""withholding_requested"": false,
  ""withholding_requested_evidence"": ""Not mentioned in the opinion."",
  ""CAT_requested"": false,
  ""CAT_requested_evidence"": ""Not mentioned in the opinion."",
  ""protected_ground_political_opinion"": false,
  ""protected_ground_political_opinion_evidence"": ""Not mentioned in the opinion."",
  ""protected_ground_particular_social_group"": true,
  ""protected_ground_particular_social_group_evidence"": ""The BIA reasoned that Santiago Grande failed to submit a new asylum application as required under 8 C.F.R. § 1003.2(c)(1)."",
  ""past_persecution_physical_violence"": false,
  ""past_persecution_physical_violence_evidence"": ""Not mentioned in the opinion."",
  ""past_persecution_death_threats"": false,
  ""past_persecution_death_threats_evidence"": ""Not mentioned in the opinion."",
  ""persecutor_nongovernmental_actor"": false,
  ""persecutor_nongovernmental_actor_evidence"": ""Not mentioned in the opinion."",
  ""credibility_finding"": false,
  ""credibility_finding_evidence"": ""Not mentioned in the opinion."",
  ""bars_one_year_deadline_missed"": false,
  ""bars_one_year_deadline_missed_evidence"": ""Not mentioned in the opinion."",
  ""nexus_requirement_met"": false,
  ""nexus_requirement_met_evidence"": ""Not mentioned in the opinion.""
}"
22-761-2023-04-20,https://cdn.ca9.uscourts.gov/datastore/memoranda/2023/04/20/22-761.pdf,meta/llama-3.2-3b-instruct,protected_ground_political_opinion,False,Not mentioned in the opinion.,4660,,"{
  ""asylum_requested"": true,
  ""asylum_requested_evidence"": ""He moved for reopening to apply for cancellation of removal, asylum, and withholding of removal."",
  ""withholding_requested"": false,
  ""withholding_requested_evidence"": ""Not mentioned in the opinion."",
  ""CAT_requested"": false,
  ""CAT_requested_evidence"": ""Not mentioned in the opinion."",
  ""protected_ground_political_opinion"": false,
  ""protected_ground_political_opinion_evidence"": ""Not mentioned in the opinion."",
  ""protected_ground_particular_social_group"": true,
  ""protected_ground_particular_social_group_evidence"": ""The BIA reasoned that Santiago Grande failed to submit a new asylum application as required under 8 C.F.R. § 1003.2(c)(1)."",
  ""past_persecution_physical_violence"": false,
  ""past_persecution_physical_violence_evidence"": ""Not mentioned in the opinion."",
  ""past_persecution_death_threats"": false,
  ""past_persecution_death_threats_evidence"": ""Not mentioned in the opinion."",
  ""persecutor_nongovernmental_actor"": false,
  ""persecutor_nongovernmental_actor_evidence"": ""Not mentioned in the opinion."",
  ""credibility_finding"": false,
  ""credibility_finding_evidence"": ""Not mentioned in the opinion."",
  ""bars_one_year_deadline_missed"": false,
  ""bars_one_year_deadline_missed_evidence"": ""Not mentioned in the opinion."",
  ""nexus_requirement_met"": false,
  ""nexus_requirement_met_evidence"": ""Not mentioned in the opinion.""
}"
22-761-2023-04-20,https://cdn.ca9.uscourts.gov/datastore/memoranda/2023/04/20/22-761.pdf,meta/llama-3.2-3b-instruct,protected_ground_particular_social_group,True,The BIA reasoned that Santiago Grande failed to submit a new asylum application as required under 8 C.F.R. § 1003.2(c)(1).,4660,,"{
  ""asylum_requested"": true,
  ""asylum_requested_evidence"": ""He moved for reopening to apply for cancellation of removal, asylum, and withholding of removal."",
  ""withholding_requested"": false,
  ""withholding_requested_evidence"": ""Not mentioned in the opinion."",
  ""CAT_requested"": false,
  ""CAT_requested_evidence"": ""Not mentioned in the opinion."",
  ""protected_ground_political_opinion"": false,
  ""protected_ground_political_opinion_evidence"": ""Not mentioned in the opinion."",
  ""protected_ground_particular_social_group"": true,
  ""protected_ground_particular_social_group_evidence"": ""The BIA reasoned that Santiago Grande failed to submit a new asylum application as required under 8 C.F.R. § 1003.2(c)(1)."",
  ""past_persecution_physical_violence"": false,
  ""past_persecution_physical_violence_evidence"": ""Not mentioned in the opinion."",
  ""past_persecution_death_threats"": false,
  ""past_persecution_death_threats_evidence"": ""Not mentioned in the opinion."",
  ""persecutor_nongovernmental_actor"": false,
  ""persecutor_nongovernmental_actor_evidence"": ""Not mentioned in the opinion."",
  ""credibility_finding"": false,
  ""credibility_finding_evidence"": ""Not mentioned in the opinion."",
  ""bars_one_year_deadline_missed"": false,
  ""bars_one_year_deadline_missed_evidence"": ""Not mentioned in the opinion."",
  ""nexus_requirement_met"": false,
  ""nexus_requirement_met_evidence"": ""Not mentioned in the opinion.""
}"
22-761-2023-04-20,https://cdn.ca9.uscourts.gov/datastore/memoranda/2023/04/20/22-761.pdf,meta/llama-3.2-3b-instruct,past_persecution_physical_violence,False,Not mentioned in the opinion.,4660,,"{
  ""asylum_requested"": true,
  ""asylum_requested_evidence"": ""He moved for reopening to apply for cancellation of removal, asylum, and withholding of removal."",
  ""withholding_requested"": false,
  ""withholding_requested_evidence"": ""Not mentioned in the opinion."",
  ""CAT_requested"": false,
  ""CAT_requested_evidence"": ""Not mentioned in the opinion."",
  ""protected_ground_political_opinion"": false,
  ""protected_ground_political_opinion_evidence"": ""Not mentioned in the opinion."",
  ""protected_ground_particular_social_group"": true,
  ""protected_ground_particular_social_group_evidence"": ""The BIA reasoned that Santiago Grande failed to submit a new asylum application as required under 8 C.F.R. § 1003.2(c)(1)."",
  ""past_persecution_physical_violence"": false,
  ""past_persecution_physical_violence_evidence"": ""Not mentioned in the opinion."",
  ""past_persecution_death_threats"": false,
  ""past_persecution_death_threats_evidence"": ""Not mentioned in the opinion."",
  ""persecutor_nongovernmental_actor"": false,
  ""persecutor_nongovernmental_actor_evidence"": ""Not mentioned in the opinion."",
  ""credibility_finding"": false,
  ""credibility_finding_evidence"": ""Not mentioned in the opinion."",
  ""bars_one_year_deadline_missed"": false,
  ""bars_one_year_deadline_missed_evidence"": ""Not mentioned in the opinion."",
  ""nexus_requirement_met"": false,
  ""nexus_requirement_met_evidence"": ""Not mentioned in the opinion.""
}"
22-761-2023-04-20,https://cdn.ca9.uscourts.gov/datastore/memoranda/2023/04/20/22-761.pdf,meta/llama-3.2-3b-instruct,past_persecution_death_threats,False,Not mentioned in the opinion.,4660,,"{
  ""asylum_requested"": true,
  ""asylum_requested_evidence"": ""He moved for reopening to apply for cancellation of removal, asylum, and withholding of removal."",
  ""withholding_requested"": false,
  ""withholding_requested_evidence"": ""Not mentioned in the opinion."",
  ""CAT_requested"": false,
  ""CAT_requested_evidence"": ""Not mentioned in the opinion."",
  ""protected_ground_political_opinion"": false,
  ""protected_ground_political_opinion_evidence"": ""Not mentioned in the opinion."",
  ""protected_ground_particular_social_group"": true,
  ""protected_ground_particular_social_group_evidence"": ""The BIA reasoned that Santiago Grande failed to submit a new asylum application as required under 8 C.F.R. § 1003.2(c)(1)."",
  ""past_persecution_physical_violence"": false,
  ""past_persecution_physical_violence_evidence"": ""Not mentioned in the opinion."",
  ""past_persecution_death_threats"": false,
  ""past_persecution_death_threats_evidence"": ""Not mentioned in the opinion."",
  ""persecutor_nongovernmental_actor"": false,
  ""persecutor_nongovernmental_actor_evidence"": ""Not mentioned in the opinion."",
  ""credibility_finding"": false,
  ""credibility_finding_evidence"": ""Not mentioned in the opinion."",
  ""bars_one_year_deadline_missed"": false,
  ""bars_one_year_deadline_missed_evidence"": ""Not mentioned in the opinion."",
  ""nexus_requirement_met"": false,
  ""nexus_requirement_met_evidence"": ""Not mentioned in the opinion.""
}"
22-761-2023-04-20,https://cdn.ca9.uscourts.gov/datastore/memoranda/2023/04/20/22-761.pdf,meta/llama-3.2-3b-instruct,persecutor_nongovernmental_actor,False,Not mentioned in the opinion.,4660,,"{
  ""asylum_requested"": true,
  ""asylum_requested_evidence"": ""He moved for reopening to apply for cancellation of removal, asylum, and withholding of removal."",
  ""withholding_requested"": false,
  ""withholding_requested_evidence"": ""Not mentioned in the opinion."",
  ""CAT_requested"": false,
  ""CAT_requested_evidence"": ""Not mentioned in the opinion."",
  ""protected_ground_political_opinion"": false,
  ""protected_ground_political_opinion_evidence"": ""Not mentioned in the opinion."",
  ""protected_ground_particular_social_group"": true,
  ""protected_ground_particular_social_group_evidence"": ""The BIA reasoned that Santiago Grande failed to submit a new asylum application as required under 8 C.F.R. § 1003.2(c)(1)."",
  ""past_persecution_physical_violence"": false,
  ""past_persecution_physical_violence_evidence"": ""Not mentioned in the opinion."",
  ""past_persecution_death_threats"": false,
  ""past_persecution_death_threats_evidence"": ""Not mentioned in the opinion."",
  ""persecutor_nongovernmental_actor"": false,
  ""persecutor_nongovernmental_actor_evidence"": ""Not mentioned in the opinion."",
  ""credibility_finding"": false,
  ""credibility_finding_evidence"": ""Not mentioned in the opinion."",
  ""bars_one_year_deadline_missed"": false,
  ""bars_one_year_deadline_missed_evidence"": ""Not mentioned in the opinion."",
  ""nexus_requirement_met"": false,
  ""nexus_requirement_met_evidence"": ""Not mentioned in the opinion.""
}"
22-761-2023-04-20,https://cdn.ca9.uscourts.gov/datastore/memoranda/2023/04/20/22-761.pdf,meta/llama-3.2-3b-instruct,credibility_finding,False,Not mentioned in the opinion.,4660,,"{
  ""asylum_requested"": true,
  ""asylum_requested_evidence"": ""He moved for reopening to apply for cancellation of removal, asylum, and withholding of removal."",
  ""withholding_requested"": false,
  ""withholding_requested_evidence"": ""Not mentioned in the opinion."",
  ""CAT_requested"": false,
  ""CAT_requested_evidence"": ""Not mentioned in the opinion."",
  ""protected_ground_political_opinion"": false,
  ""protected_ground_political_opinion_evidence"": ""Not mentioned in the opinion."",
  ""protected_ground_particular_social_group"": true,
  ""protected_ground_particular_social_group_evidence"": ""The BIA reasoned that Santiago Grande failed to submit a new asylum application as required under 8 C.F.R. § 1003.2(c)(1)."",
  ""past_persecution_physical_violence"": false,
  ""past_persecution_physical_violence_evidence"": ""Not mentioned in the opinion."",
  ""past_persecution_death_threats"": false,
  ""past_persecution_death_threats_evidence"": ""Not mentioned in the opinion."",
  ""persecutor_nongovernmental_actor"": false,
  ""persecutor_nongovernmental_actor_evidence"": ""Not mentioned in the opinion."",
  ""credibility_finding"": false,
  ""credibility_finding_evidence"": ""Not mentioned in the opinion."",
  ""bars_one_year_deadline_missed"": false,
  ""bars_one_year_deadline_missed_evidence"": ""Not mentioned in the opinion."",
  ""nexus_requirement_met"": false,
  ""nexus_requirement_met_evidence"": ""Not mentioned in the opinion.""
}"
22-761-2023-04-20,https://cdn.ca9.uscourts.gov/datastore/memoranda/2023/04/20/22-761.pdf,meta/llama-3.2-3b-instruct,bars_one_year_deadline_missed,False,Not mentioned in the opinion.,4660,,"{
  ""asylum_requested"": true,
  ""asylum_requested_evidence"": ""He moved for reopening to apply for cancellation of removal, asylum, and withholding of removal."",
  ""withholding_requested"": false,
  ""withholding_requested_evidence"": ""Not mentioned in the opinion."",
  ""CAT_requested"": false,
  ""CAT_requested_evidence"": ""Not mentioned in the opinion."",
  ""protected_ground_political_opinion"": false,
  ""protected_ground_political_opinion_evidence"": ""Not mentioned in the opinion."",
  ""protected_ground_particular_social_group"": true,
  ""protected_ground_particular_social_group_evidence"": ""The BIA reasoned that Santiago Grande failed to submit a new asylum application as required under 8 C.F.R. § 1003.2(c)(1)."",
  ""past_persecution_physical_violence"": false,
  ""past_persecution_physical_violence_evidence"": ""Not mentioned in the opinion."",
  ""past_persecution_death_threats"": false,
  ""past_persecution_death_threats_evidence"": ""Not mentioned in the opinion."",
  ""persecutor_nongovernmental_actor"": false,
  ""persecutor_nongovernmental_actor_evidence"": ""Not mentioned in the opinion."",
  ""credibility_finding"": false,
  ""credibility_finding_evidence"": ""Not mentioned in the opinion."",
  ""bars_one_year_deadline_missed"": false,
  ""bars_one_year_deadline_missed_evidence"": ""Not mentioned in the opinion."",
  ""nexus_requirement_met"": false,
  ""nexus_requirement_met_evidence"": ""Not mentioned in the opinion.""
}"
22-761-2023-04-20,https://cdn.ca9.uscourts.gov/datastore/memoranda/2023/04/20/22-761.pdf,meta/llama-3.2-3b-instruct,nexus_requirement_met,False,Not mentioned in the opinion.,4660,,"{
  ""asylum_requested"": true,
  ""asylum_requested_evidence"": ""He moved for reopening to apply for cancellation of removal, asylum, and withholding of removal."",
  ""withholding_requested"": false,
  ""withholding_requested_evidence"": ""Not mentioned in the opinion."",
  ""CAT_requested"": false,
  ""CAT_requested_evidence"": ""Not mentioned in the opinion."",
  ""protected_ground_political_opinion"": false,
  ""protected_ground_political_opinion_evidence"": ""Not mentioned in the opinion."",
  ""protected_ground_particular_social_group"": true,
  ""protected_ground_particular_social_group_evidence"": ""The BIA reasoned that Santiago Grande failed to submit a new asylum application as required under 8 C.F.R. § 1003.2(c)(1)."",
  ""past_persecution_physical_violence"": false,
  ""past_persecution_physical_violence_evidence"": ""Not mentioned in the opinion."",
  ""past_persecution_death_threats"": false,
  ""past_persecution_death_threats_evidence"": ""Not mentioned in the opinion."",
  ""persecutor_nongovernmental_actor"": false,
  ""persecutor_nongovernmental_actor_evidence"": ""Not mentioned in the opinion."",
  ""credibility_finding"": false,
  ""credibility_finding_evidence"": ""Not mentioned in the opinion."",
  ""bars_one_year_deadline_missed"": false,
  ""bars_one_year_deadline_missed_evidence"": ""Not mentioned in the opinion."",
  ""nexus_requirement_met"": false,
  ""nexus_requirement_met_evidence"": ""Not mentioned in the opinion.""
}"
14-70905-2020-01-28,https://cdn.ca9.uscourts.gov/datastore/memoranda/2020/01/28/14-70905.pdf,meta/llama-3.2-3b-instruct,asylum_requested,,,12210,"parse: JSONDecodeError: Expecting ',' delimiter: line 23 column 353 (char 4079)","{
  ""asylum_requested"": true,
  ""asylum_requested_evidence"": ""Because Margosyan’s FILED JAN 28 2020 MOLLY C. DWYER, CLERK U.S. COURT OF APPEALS * * The Honorable Alvin K. Hellerstein, United States District Judge for the Southern District of New York, sitting by designation. asylum application was filed after May 11, 2005, the REAL ID Act guides our review.  See Shrestha v. Holder, 590 F.3d 1034, 1039 (9th Cir. 2010).  We grant the petition and remand for further proceedings. "",
  ""withholding_requested"": false,
  ""withholding_requested_evidence"": ""Not mentioned in the opinion."",
  ""CAT_requested"": false,
  ""CAT_requested_evidence"": ""Not mentioned in the opinion."",
  ""protected_ground_political_opinion"": true,
  ""protected_ground_political_opinion_evidence"": ""Notably, Margosyan’s husband fled Armenia, because he and his fellow Freedom Voice party members were being apprehended and killed.  Thereafter, Armenian authorities targeted Margosyan on multiple occasions based on her association with her husband by threatening her, intervening in her employment, raping her, and arresting her.  Unlike the petitioners in Garcia-Milian and Belayneh v. INS, 213 F.3d 488, 491 (9th Cir. 2000), where ten to fifteen years had passed since the petitioner associated with the targeted family member, authorities here targeted Margosyan immediately following the government’s crack down on the Freedom Voice party.  Absent evidence of a personal matter, this circumstantial evidence supports a conclusion that Margosyan (if credible) was targeted based on an imputed political opinion.  See Deloso v. Ashcroft, 393 F.3d 858, 864 (9th Cir. 2005) (“An applicant need not present direct evidence of a persecutor’s motives if there is compelling circumstantial evidence.”)."",
  ""protected_ground_particular_social_group"": false,
  ""protected_ground_particular_social_group_evidence"": ""Not mentioned in the opinion."",
  ""past_persecution_physical_violence"": true,
  ""past_persecution_physical_violence_evidence"": ""Armenian authorities targeted Margosyan on multiple occasions based on her association with her husband by threatening her, intervening in her employment, raping her, and arresting her."",
  ""past_persecution_death_threats"": true,
  ""past_persecution_death_threats_evidence"": ""Armenian authorities targeted Margosyan on multiple occasions based on her association with her husband by threatening her, intervening in her employment, raping her, and arresting her."",
  ""persecutor_nongovernmental_actor"": true,
  ""persecutor_nongovernmental_actor_evidence"": ""Notably, Margosyan’s husband fled Armenia, because he and his fellow Freedom Voice party members were being apprehended and killed.  Thereafter, Armenian authorities targeted Margosyan on multiple occasions based on her association with her husband by threatening her, intervening in her employment, raping her, and arresting her."",
  ""credibility_finding"": true,
  ""credibility_finding_evidence"": ""The IJ’s failure to address and consider this corroborating evidence deprives us of the ability to properly assess whether substantial evidence supports the adverse credibility determination."",
  ""bars_one_year_deadline_missed"": true,
  ""bars_one_year_deadline_missed_evidence"": ""The IJ denied Margosyan’s application for asylum, withholding of removal, and protection under the United Nations Convention Against Torture (“CAT”), because Margosayn was not credible based on inconsistencies between her testimony and the neighbors’ affidavit, or, alternatively, even if credible, Margosyan’s asylum and withholding of removal claims failed because she failed to show past or future persecution on account of a protected ground."",
  ""nexus_requirement_met"": false,
  ""nexus_requirement_met_evidence"": ""The IJ’s alternative ground for denial of asylum—namely, that Margosyan failed to show that the alleged past and anticipated persecution was due to her “race, religion, nationality, membership in a particular social group, or political opinion,” 8 U.S.C. § 1101(a)(42)(A)—was not supported by substantial evidence."""
14-70905-2020-01-28,https://cdn.ca9.uscourts.gov/datastore/memoranda/2020/01/28/14-70905.pdf,meta/llama-3.2-3b-instruct,withholding_requested,,,12210,"parse: JSONDecodeError: Expecting ',' delimiter: line 23 column 353 (char 4079)","{
  ""asylum_requested"": true,
  ""asylum_requested_evidence"": ""Because Margosyan’s FILED JAN 28 2020 MOLLY C. DWYER, CLERK U.S. COURT OF APPEALS * * The Honorable Alvin K. Hellerstein, United States District Judge for the Southern District of New York, sitting by designation. asylum application was filed after May 11, 2005, the REAL ID Act guides our review.  See Shrestha v. Holder, 590 F.3d 1034, 1039 (9th Cir. 2010).  We grant the petition and remand for further proceedings. "",
  ""withholding_requested"": false,
  ""withholding_requested_evidence"": ""Not mentioned in the opinion."",
  ""CAT_requested"": false,
  ""CAT_requested_evidence"": ""Not mentioned in the opinion."",
  ""protected_ground_political_opinion"": true,
  ""protected_ground_political_opinion_evidence"": ""Notably, Margosyan’s husband fled Armenia, because he and his fellow Freedom Voice party members were being apprehended and killed.  Thereafter, Armenian authorities targeted Margosyan on multiple occasions based on her association with her husband by threatening her, intervening in her employment, raping her, and arresting her.  Unlike the petitioners in Garcia-Milian and Belayneh v. INS, 213 F.3d 488, 491 (9th Cir. 2000), where ten to fifteen years had passed since the petitioner associated with the targeted family member, authorities here targeted Margosyan immediately following the government’s crack down on the Freedom Voice party.  Absent evidence of a personal matter, this circumstantial evidence supports a conclusion that Margosyan (if credible) was targeted based on an imputed political opinion.  See Deloso v. Ashcroft, 393 F.3d 858, 864 (9th Cir. 2005) (“An applicant need not present direct evidence of a persecutor’s motives if there is compelling circumstantial evidence.”)."",
  ""protected_ground_particular_social_group"": false,
  ""protected_ground_particular_social_group_evidence"": ""Not mentioned in the opinion."",
  ""past_persecution_physical_violence"": true,
  ""past_persecution_physical_violence_evidence"": ""Armenian authorities targeted Margosyan on multiple occasions based on her association with her husband by threatening her, intervening in her employment, raping her, and arresting her."",
  ""past_persecution_death_threats"": true,
  ""past_persecution_death_threats_evidence"": ""Armenian authorities targeted Margosyan on multiple occasions based on her association with her husband by threatening her, intervening in her employment, raping her, and arresting her."",
  ""persecutor_nongovernmental_actor"": true,
  ""persecutor_nongovernmental_actor_evidence"": ""Notably, Margosyan’s husband fled Armenia, because he and his fellow Freedom Voice party members were being apprehended and killed.  Thereafter, Armenian authorities targeted Margosyan on multiple occasions based on her association with her husband by threatening her, intervening in her employment, raping her, and arresting her."",
  ""credibility_finding"": true,
  ""credibility_finding_evidence"": ""The IJ’s failure to address and consider this corroborating evidence deprives us of the ability to properly assess whether substantial evidence supports the adverse credibility determination."",
  ""bars_one_year_deadline_missed"": true,
  ""bars_one_year_deadline_missed_evidence"": ""The IJ denied Margosyan’s application for asylum, withholding of removal, and protection under the United Nations Convention Against Torture (“CAT”), because Margosayn was not credible based on inconsistencies between her testimony and the neighbors’ affidavit, or, alternatively, even if credible, Margosyan’s asylum and withholding of removal claims failed because she failed to show past or future persecution on account of a protected ground."",
  ""nexus_requirement_met"": false,
  ""nexus_requirement_met_evidence"": ""The IJ’s alternative ground for denial of asylum—namely, that Margosyan failed to show that the alleged past and anticipated persecution was due to her “race, religion, nationality, membership in a particular social group, or political opinion,” 8 U.S.C. § 1101(a)(42)(A)—was not supported by substantial evidence."""
14-70905-2020-01-28,https://cdn.ca9.uscourts.gov/datastore/memoranda/2020/01/28/14-70905.pdf,meta/llama-3.2-3b-instruct,CAT_requested,,,12210,"parse: JSONDecodeError: Expecting ',' delimiter: line 23 column 353 (char 4079)","{
  ""asylum_requested"": true,
  ""asylum_requested_evidence"": ""Because Margosyan’s FILED JAN 28 2020 MOLLY C. DWYER, CLERK U.S. COURT OF APPEALS * * The Honorable Alvin K. Hellerstein, United States District Judge for the Southern District of New York, sitting by designation. asylum application was filed after May 11, 2005, the REAL ID Act guides our review.  See Shrestha v. Holder, 590 F.3d 1034, 1039 (9th Cir. 2010).  We grant the petition and remand for further proceedings. "",
  ""withholding_requested"": false,
  ""withholding_requested_evidence"": ""Not mentioned in the opinion."",
  ""CAT_requested"": false,
  ""CAT_requested_evidence"": ""Not mentioned in the opinion."",
  ""protected_ground_political_opinion"": true,
  ""protected_ground_political_opinion_evidence"": ""Notably, Margosyan’s husband fled Armenia, because he and his fellow Freedom Voice party members were being apprehended and killed.  Thereafter, Armenian authorities targeted Margosyan on multiple occasions based on her association with her husband by threatening her, intervening in her employment, raping her, and arresting her.  Unlike the petitioners in Garcia-Milian and Belayneh v. INS, 213 F.3d 488, 491 (9th Cir. 2000), where ten to fifteen years had passed since the petitioner associated with the targeted family member, authorities here targeted Margosyan immediately following the government’s crack down on the Freedom Voice party.  Absent evidence of a personal matter, this circumstantial evidence supports a conclusion that Margosyan (if credible) was targeted based on an imputed political opinion.  See Deloso v. Ashcroft, 393 F.3d 858, 864 (9th Cir. 2005) (“An applicant need not present direct evidence of a persecutor’s motives if there is compelling circumstantial evidence.”)."",
  ""protected_ground_particular_social_group"": false,
  ""protected_ground_particular_social_group_evidence"": ""Not mentioned in the opinion."",
  ""past_persecution_physical_violence"": true,
  ""past_persecution_physical_violence_evidence"": ""Armenian authorities targeted Margosyan on multiple occasions based on her association with her husband by threatening her, intervening in her employment, raping her, and arresting her."",
  ""past_persecution_death_threats"": true,
  ""past_persecution_death_threats_evidence"": ""Armenian authorities targeted Margosyan on multiple occasions based on her association with her husband by threatening her, intervening in her employment, raping her, and arresting her."",
  ""persecutor_nongovernmental_actor"": true,
  ""persecutor_nongovernmental_actor_evidence"": ""Notably, Margosyan’s husband fled Armenia, because he and his fellow Freedom Voice party members were being apprehended and killed.  Thereafter, Armenian authorities targeted Margosyan on multiple occasions based on her association with her husband by threatening her, intervening in her employment, raping her, and arresting her."",
  ""credibility_finding"": true,
  ""credibility_finding_evidence"": ""The IJ’s failure to address and consider this corroborating evidence deprives us of the ability to properly assess whether substantial evidence supports the adverse credibility determination."",
  ""bars_one_year_deadline_missed"": true,
  ""bars_one_year_deadline_missed_evidence"": ""The IJ denied Margosyan’s application for asylum, withholding of removal, and protection under the United Nations Convention Against Torture (“CAT”), because Margosayn was not credible based on inconsistencies between her testimony and the neighbors’ affidavit, or, alternatively, even if credible, Margosyan’s asylum and withholding of removal claims failed because she failed to show past or future persecution on account of a protected ground."",
  ""nexus_requirement_met"": false,
  ""nexus_requirement_met_evidence"": ""The IJ’s alternative ground for denial of asylum—namely, that Margosyan failed to show that the alleged past and anticipated persecution was due to her “race, religion, nationality, membership in a particular social group, or political opinion,” 8 U.S.C. § 1101(a)(42)(A)—was not supported by substantial evidence."""
14-70905-2020-01-28,https://cdn.ca9.uscourts.gov/datastore/memoranda/2020/01/28/14-70905.pdf,meta/llama-3.2-3b-instruct,protected_ground_political_opinion,,,12210,"parse: JSONDecodeError: Expecting ',' delimiter: line 23 column 353 (char 4079)","{
  ""asylum_requested"": true,
  ""asylum_requested_evidence"": ""Because Margosyan’s FILED JAN 28 2020 MOLLY C. DWYER, CLERK U.S. COURT OF APPEALS * * The Honorable Alvin K. Hellerstein, United States District Judge for the Southern District of New York, sitting by designation. asylum application was filed after May 11, 2005, the REAL ID Act guides our review.  See Shrestha v. Holder, 590 F.3d 1034, 1039 (9th Cir. 2010).  We grant the petition and remand for further proceedings. "",
  ""withholding_requested"": false,
  ""withholding_requested_evidence"": ""Not mentioned in the opinion."",
  ""CAT_requested"": false,
  ""CAT_requested_evidence"": ""Not mentioned in the opinion."",
  ""protected_ground_political_opinion"": true,
  ""protected_ground_political_opinion_evidence"": ""Notably, Margosyan’s husband fled Armenia, because he and his fellow Freedom Voice party members were being apprehended and killed.  Thereafter, Armenian authorities targeted Margosyan on multiple occasions based on her association with her husband by threatening her, intervening in her employment, raping her, and arresting her.  Unlike the petitioners in Garcia-Milian and Belayneh v. INS, 213 F.3d 488, 491 (9th Cir. 2000), where ten to fifteen years had passed since the petitioner associated with the targeted family member, authorities here targeted Margosyan immediately following the government’s crack down on the Freedom Voice party.  Absent evidence of a personal matter, this circumstantial evidence supports a conclusion that Margosyan (if credible) was targeted based on an imputed political opinion.  See Deloso v. Ashcroft, 393 F.3d 858, 864 (9th Cir. 2005) (“An applicant need not present direct evidence of a persecutor’s motives if there is compelling circumstantial evidence.”)."",
  ""protected_ground_particular_social_group"": false,
  ""protected_ground_particular_social_group_evidence"": ""Not mentioned in the opinion."",
  ""past_persecution_physical_violence"": true,
  ""past_persecution_physical_violence_evidence"": ""Armenian authorities targeted Margosyan on multiple occasions based on her association with her husband by threatening her, intervening in her employment, raping her, and arresting her."",
  ""past_persecution_death_threats"": true,
  ""past_persecution_death_threats_evidence"": ""Armenian authorities targeted Margosyan on multiple occasions based on her association with her husband by threatening her, intervening in her employment, raping her, and arresting her."",
  ""persecutor_nongovernmental_actor"": true,
  ""persecutor_nongovernmental_actor_evidence"": ""Notably, Margosyan’s husband fled Armenia, because he and his fellow Freedom Voice party members were being apprehended and killed.  Thereafter, Armenian authorities targeted Margosyan on multiple occasions based on her association with her husband by threatening her, intervening in her employment, raping her, and arresting her."",
  ""credibility_finding"": true,
  ""credibility_finding_evidence"": ""The IJ’s failure to address and consider this corroborating evidence deprives us of the ability to properly assess whether substantial evidence supports the adverse credibility determination."",
  ""bars_one_year_deadline_missed"": true,
  ""bars_one_year_deadline_missed_evidence"": ""The IJ denied Margosyan’s application for asylum, withholding of removal, and protection under the United Nations Convention Against Torture (“CAT”), because Margosayn was not credible based on inconsistencies between her testimony and the neighbors’ affidavit, or, alternatively, even if credible, Margosyan’s asylum and withholding of removal claims failed because she failed to show past or future persecution on account of a protected ground."",
  ""nexus_requirement_met"": false,
  ""nexus_requirement_met_evidence"": ""The IJ’s alternative ground for denial of asylum—namely, that Margosyan failed to show that the alleged past and anticipated persecution was due to her “race, religion, nationality, membership in a particular social group, or political opinion,” 8 U.S.C. § 1101(a)(42)(A)—was not supported by substantial evidence."""
14-70905-2020-01-28,https://cdn.ca9.uscourts.gov/datastore/memoranda/2020/01/28/14-70905.pdf,meta/llama-3.2-3b-instruct,protected_ground_particular_social_group,,,12210,"parse: JSONDecodeError: Expecting ',' delimiter: line 23 column 353 (char 4079)","{
  ""asylum_requested"": true,
  ""asylum_requested_evidence"": ""Because Margosyan’s FILED JAN 28 2020 MOLLY C. DWYER, CLERK U.S. COURT OF APPEALS * * The Honorable Alvin K. Hellerstein, United States District Judge for the Southern District of New York, sitting by designation. asylum application was filed after May 11, 2005, the REAL ID Act guides our review.  See Shrestha v. Holder, 590 F.3d 1034, 1039 (9th Cir. 2010).  We grant the petition and remand for further proceedings. "",
  ""withholding_requested"": false,
  ""withholding_requested_evidence"": ""Not mentioned in the opinion."",
  ""CAT_requested"": false,
  ""CAT_requested_evidence"": ""Not mentioned in the opinion."",
  ""protected_ground_political_opinion"": true,
  ""protected_ground_political_opinion_evidence"": ""Notably, Margosyan’s husband fled Armenia, because he and his fellow Freedom Voice party members were being apprehended and killed.  Thereafter, Armenian authorities targeted Margosyan on multiple occasions based on her association with her husband by threatening her, intervening in her employment, raping her, and arresting her.  Unlike the petitioners in Garcia-Milian and Belayneh v. INS, 213 F.3d 488, 491 (9th Cir. 2000), where ten to fifteen years had passed since the petitioner associated with the targeted family member, authorities here targeted Margosyan immediately following the government’s crack down on the Freedom Voice party.  Absent evidence of a personal matter, this circumstantial evidence supports a conclusion that Margosyan (if credible) was targeted based on an imputed political opinion.  See Deloso v. Ashcroft, 393 F.3d 858, 864 (9th Cir. 2005) (“An applicant need not present direct evidence of a persecutor’s motives if there is compelling circumstantial evidence.”)."",
  ""protected_ground_particular_social_group"": false,
  ""protected_ground_particular_social_group_evidence"": ""Not mentioned in the opinion."",
  ""past_persecution_physical_violence"": true,
  ""past_persecution_physical_violence_evidence"": ""Armenian authorities targeted Margosyan on multiple occasions based on her association with her husband by threatening her, intervening in her employment, raping her, and arresting her."",
  ""past_persecution_death_threats"": true,
  ""past_persecution_death_threats_evidence"": ""Armenian authorities targeted Margosyan on multiple occasions based on her association with her husband by threatening her, intervening in her employment, raping her, and arresting her."",
  ""persecutor_nongovernmental_actor"": true,
  ""persecutor_nongovernmental_actor_evidence"": ""Notably, Margosyan’s husband fled Armenia, because he and his fellow Freedom Voice party members were being apprehended and killed.  Thereafter, Armenian authorities targeted Margosyan on multiple occasions based on her association with her husband by threatening her, intervening in her employment, raping her, and arresting her."",
  ""credibility_finding"": true,
  ""credibility_finding_evidence"": ""The IJ’s failure to address and consider this corroborating evidence deprives us of the ability to properly assess whether substantial evidence supports the adverse credibility determination."",
  ""bars_one_year_deadline_missed"": true,
  ""bars_one_year_deadline_missed_evidence"": ""The IJ denied Margosyan’s application for asylum, withholding of removal, and protection under the United Nations Convention Against Torture (“CAT”), because Margosayn was not credible based on inconsistencies between her testimony and the neighbors’ affidavit, or, alternatively, even if credible, Margosyan’s asylum and withholding of removal claims failed because she failed to show past or future persecution on account of a protected ground."",
  ""nexus_requirement_met"": false,
  ""nexus_requirement_met_evidence"": ""The IJ’s alternative ground for denial of asylum—namely, that Margosyan failed to show that the alleged past and anticipated persecution was due to her “race, religion, nationality, membership in a particular social group, or political opinion,” 8 U.S.C. § 1101(a)(42)(A)—was not supported by substantial evidence."""
14-70905-2020-01-28,https://cdn.ca9.uscourts.gov/datastore/memoranda/2020/01/28/14-70905.pdf,meta/llama-3.2-3b-instruct,past_persecution_physical_violence,,,12210,"parse: JSONDecodeError: Expecting ',' delimiter: line 23 column 353 (char 4079)","{
  ""asylum_requested"": true,
  ""asylum_requested_evidence"": ""Because Margosyan’s FILED JAN 28 2020 MOLLY C. DWYER, CLERK U.S. COURT OF APPEALS * * The Honorable Alvin K. Hellerstein, United States District Judge for the Southern District of New York, sitting by designation. asylum application was filed after May 11, 2005, the REAL ID Act guides our review.  See Shrestha v. Holder, 590 F.3d 1034, 1039 (9th Cir. 2010).  We grant the petition and remand for further proceedings. "",
  ""withholding_requested"": false,
  ""withholding_requested_evidence"": ""Not mentioned in the opinion."",
  ""CAT_requested"": false,
  ""CAT_requested_evidence"": ""Not mentioned in the opinion."",
  ""protected_ground_political_opinion"": true,
  ""protected_ground_political_opinion_evidence"": ""Notably, Margosyan’s husband fled Armenia, because he and his fellow Freedom Voice party members were being apprehended and killed.  Thereafter, Armenian authorities targeted Margosyan on multiple occasions based on her association with her husband by threatening her, intervening in her employment, raping her, and arresting her.  Unlike the petitioners in Garcia-Milian and Belayneh v. INS, 213 F.3d 488, 491 (9th Cir. 2000), where ten to fifteen years had passed since the petitioner associated with the targeted family member, authorities here targeted Margosyan immediately following the government’s crack down on the Freedom Voice party.  Absent evidence of a personal matter, this circumstantial evidence supports a conclusion that Margosyan (if credible) was targeted based on an imputed political opinion.  See Deloso v. Ashcroft, 393 F.3d 858, 864 (9th Cir. 2005) (“An applicant need not present direct evidence of a persecutor’s motives if there is compelling circumstantial evidence.”)."",
  ""protected_ground_particular_social_group"": false,
  ""protected_ground_particular_social_group_evidence"": ""Not mentioned in the opinion."",
  ""past_persecution_physical_violence"": true,
  ""past_persecution_physical_violence_evidence"": ""Armenian authorities targeted Margosyan on multiple occasions based on her association with her husband by threatening her, intervening in her employment, raping her, and arresting her."",
  ""past_persecution_death_threats"": true,
  ""past_persecution_death_threats_evidence"": ""Armenian authorities targeted Margosyan on multiple occasions based on her association with her husband by threatening her, intervening in her employment, raping her, and arresting her."",
  ""persecutor_nongovernmental_actor"": true,
  ""persecutor_nongovernmental_actor_evidence"": ""Notably, Margosyan’s husband fled Armenia, because he and his fellow Freedom Voice party members were being apprehended and killed.  Thereafter, Armenian authorities targeted Margosyan on multiple occasions based on her association with her husband by threatening her, intervening in her employment, raping her, and arresting her."",
  ""credibility_finding"": true,
  ""credibility_finding_evidence"": ""The IJ’s failure to address and consider this corroborating evidence deprives us of the ability to properly assess whether substantial evidence supports the adverse credibility determination."",
  ""bars_one_year_deadline_missed"": true,
  ""bars_one_year_deadline_missed_evidence"": ""The IJ denied Margosyan’s application for asylum, withholding of removal, and protection under the United Nations Convention Against Torture (“CAT”), because Margosayn was not credible based on inconsistencies between her testimony and the neighbors’ affidavit, or, alternatively, even if credible, Margosyan’s asylum and withholding of removal claims failed because she failed to show past or future persecution on account of a protected ground."",
  ""nexus_requirement_met"": false,
  ""nexus_requirement_met_evidence"": ""The IJ’s alternative ground for denial of asylum—namely, that Margosyan failed to show that the alleged past and anticipated persecution was due to her “race, religion, nationality, membership in a particular social group, or political opinion,” 8 U.S.C. § 1101(a)(42)(A)—was not supported by substantial evidence."""
14-70905-2020-01-28,https://cdn.ca9.uscourts.gov/datastore/memoranda/2020/01/28/14-70905.pdf,meta/llama-3.2-3b-instruct,past_persecution_death_threats,,,12210,"parse: JSONDecodeError: Expecting ',' delimiter: line 23 column 353 (char 4079)","{
  ""asylum_requested"": true,
  ""asylum_requested_evidence"": ""Because Margosyan’s FILED JAN 28 2020 MOLLY C. DWYER, CLERK U.S. COURT OF APPEALS * * The Honorable Alvin K. Hellerstein, United States District Judge for the Southern District of New York, sitting by designation. asylum application was filed after May 11, 2005, the REAL ID Act guides our review.  See Shrestha v. Holder, 590 F.3d 1034, 1039 (9th Cir. 2010).  We grant the petition and remand for further proceedings. "",
  ""withholding_requested"": false,
  ""withholding_requested_evidence"": ""Not mentioned in the opinion."",
  ""CAT_requested"": false,
  ""CAT_requested_evidence"": ""Not mentioned in the opinion."",
  ""protected_ground_political_opinion"": true,
  ""protected_ground_political_opinion_evidence"": ""Notably, Margosyan’s husband fled Armenia, because he and his fellow Freedom Voice party members were being apprehended and killed.  Thereafter, Armenian authorities targeted Margosyan on multiple occasions based on her association with her husband by threatening her, intervening in her employment, raping her, and arresting her.  Unlike the petitioners in Garcia-Milian and Belayneh v. INS, 213 F.3d 488, 491 (9th Cir. 2000), where ten to fifteen years had passed since the petitioner associated with the targeted family member, authorities here targeted Margosyan immediately following the government’s crack down on the Freedom Voice party.  Absent evidence of a personal matter, this circumstantial evidence supports a conclusion that Margosyan (if credible) was targeted based on an imputed political opinion.  See Deloso v. Ashcroft, 393 F.3d 858, 864 (9th Cir. 2005) (“An applicant need not present direct evidence of a persecutor’s motives if there is compelling circumstantial evidence.”)."",
  ""protected_ground_particular_social_group"": false,
  ""protected_ground_particular_social_group_evidence"": ""Not mentioned in the opinion."",
  ""past_persecution_physical_violence"": true,
  ""past_persecution_physical_violence_evidence"": ""Armenian authorities targeted Margosyan on multiple occasions based on her association with her husband by threatening her, intervening in her employment, raping her, and arresting her."",
  ""past_persecution_death_threats"": true,
  ""past_persecution_death_threats_evidence"": ""Armenian authorities targeted Margosyan on multiple occasions based on her association with her husband by threatening her, intervening in her employment, raping her, and arresting her."",
  ""persecutor_nongovernmental_actor"": true,
  ""persecutor_nongovernmental_actor_evidence"": ""Notably, Margosyan’s husband fled Armenia, because he and his fellow Freedom Voice party members were being apprehended and killed.  Thereafter, Armenian authorities targeted Margosyan on multiple occasions based on her association with her husband by threatening her, intervening in her employment, raping her, and arresting her."",
  ""credibility_finding"": true,
  ""credibility_finding_evidence"": ""The IJ’s failure to address and consider this corroborating evidence deprives us of the ability to properly assess whether substantial evidence supports the adverse credibility determination."",
  ""bars_one_year_deadline_missed"": true,
  ""bars_one_year_deadline_missed_evidence"": ""The IJ denied Margosyan’s application for asylum, withholding of removal, and protection under the United Nations Convention Against Torture (“CAT”), because Margosayn was not credible based on inconsistencies between her testimony and the neighbors’ affidavit, or, alternatively, even if credible, Margosyan’s asylum and withholding of removal claims failed because she failed to show past or future persecution on account of a protected ground."",
  ""nexus_requirement_met"": false,
  ""nexus_requirement_met_evidence"": ""The IJ’s alternative ground for denial of asylum—namely, that Margosyan failed to show that the alleged past and anticipated persecution was due to her “race, religion, nationality, membership in a particular social group, or political opinion,” 8 U.S.C. § 1101(a)(42)(A)—was not supported by substantial evidence."""
14-70905-2020-01-28,https://cdn.ca9.uscourts.gov/datastore/memoranda/2020/01/28/14-70905.pdf,meta/llama-3.2-3b-instruct,persecutor_nongovernmental_actor,,,12210,"parse: JSONDecodeError: Expecting ',' delimiter: line 23 column 353 (char 4079)","{
  ""asylum_requested"": true,
  ""asylum_requested_evidence"": ""Because Margosyan’s FILED JAN 28 2020 MOLLY C. DWYER, CLERK U.S. COURT OF APPEALS * * The Honorable Alvin K. Hellerstein, United States District Judge for the Southern District of New York, sitting by designation. asylum application was filed after May 11, 2005, the REAL ID Act guides our review.  See Shrestha v. Holder, 590 F.3d 1034, 1039 (9th Cir. 2010).  We grant the petition and remand for further proceedings. "",
  ""withholding_requested"": false,
  ""withholding_requested_evidence"": ""Not mentioned in the opinion."",
  ""CAT_requested"": false,
  ""CAT_requested_evidence"": ""Not mentioned in the opinion."",
  ""protected_ground_political_opinion"": true,
  ""protected_ground_political_opinion_evidence"": ""Notably, Margosyan’s husband fled Armenia, because he and his fellow Freedom Voice party members were being apprehended and killed.  Thereafter, Armenian authorities targeted Margosyan on multiple occasions based on her association with her husband by threatening her, intervening in her employment, raping her, and arresting her.  Unlike the petitioners in Garcia-Milian and Belayneh v. INS, 213 F.3d 488, 491 (9th Cir. 2000), where ten to fifteen years had passed since the petitioner associated with the targeted family member, authorities here targeted Margosyan immediately following the government’s crack down on the Freedom Voice party.  Absent evidence of a personal matter, this circumstantial evidence supports a conclusion that Margosyan (if credible) was targeted based on an imputed political opinion.  See Deloso v. Ashcroft, 393 F.3d 858, 864 (9th Cir. 2005) (“An applicant need not present direct evidence of a persecutor’s motives if there is compelling circumstantial evidence.”)."",
  ""protected_ground_particular_social_group"": false,
  ""protected_ground_particular_social_group_evidence"": ""Not mentioned in the opinion."",
  ""past_persecution_physical_violence"": true,
  ""past_persecution_physical_violence_evidence"": ""Armenian authorities targeted Margosyan on multiple occasions based on her association with her husband by threatening her, intervening in her employment, raping her, and arresting her."",
  ""past_persecution_death_threats"": true,
  ""past_persecution_death_threats_evidence"": ""Armenian authorities targeted Margosyan on multiple occasions based on her association with her husband by threatening her, intervening in her employment, raping her, and arresting her."",
  ""persecutor_nongovernmental_actor"": true,
  ""persecutor_nongovernmental_actor_evidence"": ""Notably, Margosyan’s husband fled Armenia, because he and his fellow Freedom Voice party members were being apprehended and killed.  Thereafter, Armenian authorities targeted Margosyan on multiple occasions based on her association with her husband by threatening her, intervening in her employment, raping her, and arresting her."",
  ""credibility_finding"": true,
  ""credibility_finding_evidence"": ""The IJ’s failure to address and consider this corroborating evidence deprives us of the ability to properly assess whether substantial evidence supports the adverse credibility determination."",
  ""bars_one_year_deadline_missed"": true,
  ""bars_one_year_deadline_missed_evidence"": ""The IJ denied Margosyan’s application for asylum, withholding of removal, and protection under the United Nations Convention Against Torture (“CAT”), because Margosayn was not credible based on inconsistencies between her testimony and the neighbors’ affidavit, or, alternatively, even if credible, Margosyan’s asylum and withholding of removal claims failed because she failed to show past or future persecution on account of a protected ground."",
  ""nexus_requirement_met"": false,
  ""nexus_requirement_met_evidence"": ""The IJ’s alternative ground for denial of asylum—namely, that Margosyan failed to show that the alleged past and anticipated persecution was due to her “race, religion, nationality, membership in a particular social group, or political opinion,” 8 U.S.C. § 1101(a)(42)(A)—was not supported by substantial evidence."""
14-70905-2020-01-28,https://cdn.ca9.uscourts.gov/datastore/memoranda/2020/01/28/14-70905.pdf,meta/llama-3.2-3b-instruct,credibility_finding,,,12210,"parse: JSONDecodeError: Expecting ',' delimiter: line 23 column 353 (char 4079)","{
  ""asylum_requested"": true,
  ""asylum_requested_evidence"": ""Because Margosyan’s FILED JAN 28 2020 MOLLY C. DWYER, CLERK U.S. COURT OF APPEALS * * The Honorable Alvin K. Hellerstein, United States District Judge for the Southern District of New York, sitting by designation. asylum application was filed after May 11, 2005, the REAL ID Act guides our review.  See Shrestha v. Holder, 590 F.3d 1034, 1039 (9th Cir. 2010).  We grant the petition and remand for further proceedings. "",
  ""withholding_requested"": false,
  ""withholding_requested_evidence"": ""Not mentioned in the opinion."",
  ""CAT_requested"": false,
  ""CAT_requested_evidence"": ""Not mentioned in the opinion."",
  ""protected_ground_political_opinion"": true,
  ""protected_ground_political_opinion_evidence"": ""Notably, Margosyan’s husband fled Armenia, because he and his fellow Freedom Voice party members were being apprehended and killed.  Thereafter, Armenian authorities targeted Margosyan on multiple occasions based on her association with her husband by threatening her, intervening in her employment, raping her, and arresting her.  Unlike the petitioners in Garcia-Milian and Belayneh v. INS, 213 F.3d 488, 491 (9th Cir. 2000), where ten to fifteen years had passed since the petitioner associated with the targeted family member, authorities here targeted Margosyan immediately following the government’s crack down on the Freedom Voice party.  Absent evidence of a personal matter, this circumstantial evidence supports a conclusion that Margosyan (if credible) was targeted based on an imputed political opinion.  See Deloso v. Ashcroft, 393 F.3d 858, 864 (9th Cir. 2005) (“An applicant need not present direct evidence of a persecutor’s motives if there is compelling circumstantial evidence.”)."",
  ""protected_ground_particular_social_group"": false,
  ""protected_ground_particular_social_group_evidence"": ""Not mentioned in the opinion."",
  ""past_persecution_physical_violence"": true,
  ""past_persecution_physical_violence_evidence"": ""Armenian authorities targeted Margosyan on multiple occasions based on her association with her husband by threatening her, intervening in her employment, raping her, and arresting her."",
  ""past_persecution_death_threats"": true,
  ""past_persecution_death_threats_evidence"": ""Armenian authorities targeted Margosyan on multiple occasions based on her association with her husband by threatening her, intervening in her employment, raping her, and arresting her."",
  ""persecutor_nongovernmental_actor"": true,
  ""persecutor_nongovernmental_actor_evidence"": ""Notably, Margosyan’s husband fled Armenia, because he and his fellow Freedom Voice party members were being apprehended and killed.  Thereafter, Armenian authorities targeted Margosyan on multiple occasions based on her association with her husband by threatening her, intervening in her employment, raping her, and arresting her."",
  ""credibility_finding"": true,
  ""credibility_finding_evidence"": ""The IJ’s failure to address and consider this corroborating evidence deprives us of the ability to properly assess whether substantial evidence supports the adverse credibility determination."",
  ""bars_one_year_deadline_missed"": true,
  ""bars_one_year_deadline_missed_evidence"": ""The IJ denied Margosyan’s application for asylum, withholding of removal, and protection under the United Nations Convention Against Torture (“CAT”), because Margosayn was not credible based on inconsistencies between her testimony and the neighbors’ affidavit, or, alternatively, even if credible, Margosyan’s asylum and withholding of removal claims failed because she failed to show past or future persecution on account of a protected ground."",
  ""nexus_requirement_met"": false,
  ""nexus_requirement_met_evidence"": ""The IJ’s alternative ground for denial of asylum—namely, that Margosyan failed to show that the alleged past and anticipated persecution was due to her “race, religion, nationality, membership in a particular social group, or political opinion,” 8 U.S.C. § 1101(a)(42)(A)—was not supported by substantial evidence."""
14-70905-2020-01-28,https://cdn.ca9.uscourts.gov/datastore/memoranda/2020/01/28/14-70905.pdf,meta/llama-3.2-3b-instruct,bars_one_year_deadline_missed,,,12210,"parse: JSONDecodeError: Expecting ',' delimiter: line 23 column 353 (char 4079)","{
  ""asylum_requested"": true,
  ""asylum_requested_evidence"": ""Because Margosyan’s FILED JAN 28 2020 MOLLY C. DWYER, CLERK U.S. COURT OF APPEALS * * The Honorable Alvin K. Hellerstein, United States District Judge for the Southern District of New York, sitting by designation. asylum application was filed after May 11, 2005, the REAL ID Act guides our review.  See Shrestha v. Holder, 590 F.3d 1034, 1039 (9th Cir. 2010).  We grant the petition and remand for further proceedings. "",
  ""withholding_requested"": false,
  ""withholding_requested_evidence"": ""Not mentioned in the opinion."",
  ""CAT_requested"": false,
  ""CAT_requested_evidence"": ""Not mentioned in the opinion."",
  ""protected_ground_political_opinion"": true,
  ""protected_ground_political_opinion_evidence"": ""Notably, Margosyan’s husband fled Armenia, because he and his fellow Freedom Voice party members were being apprehended and killed.  Thereafter, Armenian authorities targeted Margosyan on multiple occasions based on her association with her husband by threatening her, intervening in her employment, raping her, and arresting her.  Unlike the petitioners in Garcia-Milian and Belayneh v. INS, 213 F.3d 488, 491 (9th Cir. 2000), where ten to fifteen years had passed since the petitioner associated with the targeted family member, authorities here targeted Margosyan immediately following the government’s crack down on the Freedom Voice party.  Absent evidence of a personal matter, this circumstantial evidence supports a conclusion that Margosyan (if credible) was targeted based on an imputed political opinion.  See Deloso v. Ashcroft, 393 F.3d 858, 864 (9th Cir. 2005) (“An applicant need not present direct evidence of a persecutor’s motives if there is compelling circumstantial evidence.”)."",
  ""protected_ground_particular_social_group"": false,
  ""protected_ground_particular_social_group_evidence"": ""Not mentioned in the opinion."",
  ""past_persecution_physical_violence"": true,
  ""past_persecution_physical_violence_evidence"": ""Armenian authorities targeted Margosyan on multiple occasions based on her association with her husband by threatening her, intervening in her employment, raping her, and arresting her."",
  ""past_persecution_death_threats"": true,
  ""past_persecution_death_threats_evidence"": ""Armenian authorities targeted Margosyan on multiple occasions based on her association with her husband by threatening her, intervening in her employment, raping her, and arresting her."",
  ""persecutor_nongovernmental_actor"": true,
  ""persecutor_nongovernmental_actor_evidence"": ""Notably, Margosyan’s husband fled Armenia, because he and his fellow Freedom Voice party members were being apprehended and killed.  Thereafter, Armenian authorities targeted Margosyan on multiple occasions based on her association with her husband by threatening her, intervening in her employment, raping her, and arresting her."",
  ""credibility_finding"": true,
  ""credibility_finding_evidence"": ""The IJ’s failure to address and consider this corroborating evidence deprives us of the ability to properly assess whether substantial evidence supports the adverse credibility determination."",
  ""bars_one_year_deadline_missed"": true,
  ""bars_one_year_deadline_missed_evidence"": ""The IJ denied Margosyan’s application for asylum, withholding of removal, and protection under the United Nations Convention Against Torture (“CAT”), because Margosayn was not credible based on inconsistencies between her testimony and the neighbors’ affidavit, or, alternatively, even if credible, Margosyan’s asylum and withholding of removal claims failed because she failed to show past or future persecution on account of a protected ground."",
  ""nexus_requirement_met"": false,
  ""nexus_requirement_met_evidence"": ""The IJ’s alternative ground for denial of asylum—namely, that Margosyan failed to show that the alleged past and anticipated persecution was due to her “race, religion, nationality, membership in a particular social group, or political opinion,” 8 U.S.C. § 1101(a)(42)(A)—was not supported by substantial evidence."""
14-70905-2020-01-28,https://cdn.ca9.uscourts.gov/datastore/memoranda/2020/01/28/14-70905.pdf,meta/llama-3.2-3b-instruct,nexus_requirement_met,,,12210,"parse: JSONDecodeError: Expecting ',' delimiter: line 23 column 353 (char 4079)","{
  ""asylum_requested"": true,
  ""asylum_requested_evidence"": ""Because Margosyan’s FILED JAN 28 2020 MOLLY C. DWYER, CLERK U.S. COURT OF APPEALS * * The Honorable Alvin K. Hellerstein, United States District Judge for the Southern District of New York, sitting by designation. asylum application was filed after May 11, 2005, the REAL ID Act guides our review.  See Shrestha v. Holder, 590 F.3d 1034, 1039 (9th Cir. 2010).  We grant the petition and remand for further proceedings. "",
  ""withholding_requested"": false,
  ""withholding_requested_evidence"": ""Not mentioned in the opinion."",
  ""CAT_requested"": false,
  ""CAT_requested_evidence"": ""Not mentioned in the opinion."",
  ""protected_ground_political_opinion"": true,
  ""protected_ground_political_opinion_evidence"": ""Notably, Margosyan’s husband fled Armenia, because he and his fellow Freedom Voice party members were being apprehended and killed.  Thereafter, Armenian authorities targeted Margosyan on multiple occasions based on her association with her husband by threatening her, intervening in her employment, raping her, and arresting her.  Unlike the petitioners in Garcia-Milian and Belayneh v. INS, 213 F.3d 488, 491 (9th Cir. 2000), where ten to fifteen years had passed since the petitioner associated with the targeted family member, authorities here targeted Margosyan immediately following the government’s crack down on the Freedom Voice party.  Absent evidence of a personal matter, this circumstantial evidence supports a conclusion that Margosyan (if credible) was targeted based on an imputed political opinion.  See Deloso v. Ashcroft, 393 F.3d 858, 864 (9th Cir. 2005) (“An applicant need not present direct evidence of a persecutor’s motives if there is compelling circumstantial evidence.”)."",
  ""protected_ground_particular_social_group"": false,
  ""protected_ground_particular_social_group_evidence"": ""Not mentioned in the opinion."",
  ""past_persecution_physical_violence"": true,
  ""past_persecution_physical_violence_evidence"": ""Armenian authorities targeted Margosyan on multiple occasions based on her association with her husband by threatening her, intervening in her employment, raping her, and arresting her."",
  ""past_persecution_death_threats"": true,
  ""past_persecution_death_threats_evidence"": ""Armenian authorities targeted Margosyan on multiple occasions based on her association with her husband by threatening her, intervening in her employment, raping her, and arresting her."",
  ""persecutor_nongovernmental_actor"": true,
  ""persecutor_nongovernmental_actor_evidence"": ""Notably, Margosyan’s husband fled Armenia, because he and his fellow Freedom Voice party members were being apprehended and killed.  Thereafter, Armenian authorities targeted Margosyan on multiple occasions based on her association with her husband by threatening her, intervening in her employment, raping her, and arresting her."",
  ""credibility_finding"": true,
  ""credibility_finding_evidence"": ""The IJ’s failure to address and consider this corroborating evidence deprives us of the ability to properly assess whether substantial evidence supports the adverse credibility determination."",
  ""bars_one_year_deadline_missed"": true,
  ""bars_one_year_deadline_missed_evidence"": ""The IJ denied Margosyan’s application for asylum, withholding of removal, and protection under the United Nations Convention Against Torture (“CAT”), because Margosayn was not credible based on inconsistencies between her testimony and the neighbors’ affidavit, or, alternatively, even if credible, Margosyan’s asylum and withholding of removal claims failed because she failed to show past or future persecution on account of a protected ground."",
  ""nexus_requirement_met"": false,
  ""nexus_requirement_met_evidence"": ""The IJ’s alternative ground for denial of asylum—namely, that Margosyan failed to show that the alleged past and anticipated persecution was due to her “race, religion, nationality, membership in a particular social group, or political opinion,” 8 U.S.C. § 1101(a)(42)(A)—was not supported by substantial evidence."""
22-629-2024-02-20,https://cdn.ca9.uscourts.gov/datastore/memoranda/2024/02/20/22-629.pdf,meta/llama-3.2-3b-instruct,asylum_requested,True,The agency erred in applying the “disfavored group” analysis to the question whether Estrada-Hernandez demonstrated a well-founded fear of persecution.,6172,,"{
  ""asylum_requested"": true,
  ""asylum_requested_evidence"": ""The agency erred in applying the “disfavored group” analysis to the question whether Estrada-Hernandez demonstrated a well-founded fear of persecution."",
  ""withholding_requested"": false,
  ""withholding_requested_evidence"": ""Not mentioned in the opinion."",
  ""CAT_requested"": true,
  ""CAT_requested_evidence"": ""To qualify for relief under the CAT, Estrada-Hernandez must “establish that it is more likely than not that [he] would be tortured if removed to” Mexico."",
  ""protected_ground_political_opinion"": false,
  ""protected_ground_political_opinion_evidence"": ""Not mentioned in the opinion."",
  ""protected_ground_particular_social_group"": false,
  ""protected_ground_particular_social_group_evidence"": ""Not mentioned in the opinion."",
  ""past_persecution_physical_violence"": true,
  ""past_persecution_physical_violence_evidence"": ""Estrada-Hernandez presented testimony that he was assaulted in Mexico when he was eleven years old because he was gay, an incident which is evidence both that he has been singled out and that he was perceptibly gay as a child;"",
  ""past_persecution_death_threats"": false,
  ""past_persecution_death_threats_evidence"": ""Not mentioned in the opinion."",
  ""persecutor_nongovernmental_actor"": false,
  ""persecutor_nongovernmental_actor_evidence"": ""Not mentioned in the opinion."",
  ""credibility_finding"": false,
  ""credibility_finding_evidence"": ""Not mentioned in the opinion."",
  ""bars_one_year_deadline_missed"": true,
  ""bars_one_year_deadline_missed_evidence"": ""The agency erred in applying the “disfavored group” analysis to the question whether Estrada-Hernandez demonstrated a well-founded fear of persecution."",
  ""nexus_requirement_met"": false,
  ""nexus_requirement_met_evidence"": ""Not mentioned in the opinion.""
}"
22-629-2024-02-20,https://cdn.ca9.uscourts.gov/datastore/memoranda/2024/02/20/22-629.pdf,meta/llama-3.2-3b-instruct,withholding_requested,False,Not mentioned in the opinion.,6172,,"{
  ""asylum_requested"": true,
  ""asylum_requested_evidence"": ""The agency erred in applying the “disfavored group” analysis to the question whether Estrada-Hernandez demonstrated a well-founded fear of persecution."",
  ""withholding_requested"": false,
  ""withholding_requested_evidence"": ""Not mentioned in the opinion."",
  ""CAT_requested"": true,
  ""CAT_requested_evidence"": ""To qualify for relief under the CAT, Estrada-Hernandez must “establish that it is more likely than not that [he] would be tortured if removed to” Mexico."",
  ""protected_ground_political_opinion"": false,
  ""protected_ground_political_opinion_evidence"": ""Not mentioned in the opinion."",
  ""protected_ground_particular_social_group"": false,
  ""protected_ground_particular_social_group_evidence"": ""Not mentioned in the opinion."",
  ""past_persecution_physical_violence"": true,
  ""past_persecution_physical_violence_evidence"": ""Estrada-Hernandez presented testimony that he was assaulted in Mexico when he was eleven years old because he was gay, an incident which is evidence both that he has been singled out and that he was perceptibly gay as a child;"",
  ""past_persecution_death_threats"": false,
  ""past_persecution_death_threats_evidence"": ""Not mentioned in the opinion."",
  ""persecutor_nongovernmental_actor"": false,
  ""persecutor_nongovernmental_actor_evidence"": ""Not mentioned in the opinion."",
  ""credibility_finding"": false,
  ""credibility_finding_evidence"": ""Not mentioned in the opinion."",
  ""bars_one_year_deadline_missed"": true,
  ""bars_one_year_deadline_missed_evidence"": ""The agency erred in applying the “disfavored group” analysis to the question whether Estrada-Hernandez demonstrated a well-founded fear of persecution."",
  ""nexus_requirement_met"": false,
  ""nexus_requirement_met_evidence"": ""Not mentioned in the opinion.""
}"
22-629-2024-02-20,https://cdn.ca9.uscourts.gov/datastore/memoranda/2024/02/20/22-629.pdf,meta/llama-3.2-3b-instruct,CAT_requested,True,"To qualify for relief under the CAT, Estrada-Hernandez must “establish that it is more likely than not that [he] would be tortured if removed to” Mexico.",6172,,"{
  ""asylum_requested"": true,
  ""asylum_requested_evidence"": ""The agency erred in applying the “disfavored group” analysis to the question whether Estrada-Hernandez demonstrated a well-founded fear of persecution."",
  ""withholding_requested"": false,
  ""withholding_requested_evidence"": ""Not mentioned in the opinion."",
  ""CAT_requested"": true,
  ""CAT_requested_evidence"": ""To qualify for relief under the CAT, Estrada-Hernandez must “establish that it is more likely than not that [he] would be tortured if removed to” Mexico."",
  ""protected_ground_political_opinion"": false,
  ""protected_ground_political_opinion_evidence"": ""Not mentioned in the opinion."",
  ""protected_ground_particular_social_group"": false,
  ""protected_ground_particular_social_group_evidence"": ""Not mentioned in the opinion."",
  ""past_persecution_physical_violence"": true,
  ""past_persecution_physical_violence_evidence"": ""Estrada-Hernandez presented testimony that he was assaulted in Mexico when he was eleven years old because he was gay, an incident which is evidence both that he has been singled out and that he was perceptibly gay as a child;"",
  ""past_persecution_death_threats"": false,
  ""past_persecution_death_threats_evidence"": ""Not mentioned in the opinion."",
  ""persecutor_nongovernmental_actor"": false,
  ""persecutor_nongovernmental_actor_evidence"": ""Not mentioned in the opinion."",
  ""credibility_finding"": false,
  ""credibility_finding_evidence"": ""Not mentioned in the opinion."",
  ""bars_one_year_deadline_missed"": true,
  ""bars_one_year_deadline_missed_evidence"": ""The agency erred in applying the “disfavored group” analysis to the question whether Estrada-Hernandez demonstrated a well-founded fear of persecution."",
  ""nexus_requirement_met"": false,
  ""nexus_requirement_met_evidence"": ""Not mentioned in the opinion.""
}"
22-629-2024-02-20,https://cdn.ca9.uscourts.gov/datastore/memoranda/2024/02/20/22-629.pdf,meta/llama-3.2-3b-instruct,protected_ground_political_opinion,False,Not mentioned in the opinion.,6172,,"{
  ""asylum_requested"": true,
  ""asylum_requested_evidence"": ""The agency erred in applying the “disfavored group” analysis to the question whether Estrada-Hernandez demonstrated a well-founded fear of persecution."",
  ""withholding_requested"": false,
  ""withholding_requested_evidence"": ""Not mentioned in the opinion."",
  ""CAT_requested"": true,
  ""CAT_requested_evidence"": ""To qualify for relief under the CAT, Estrada-Hernandez must “establish that it is more likely than not that [he] would be tortured if removed to” Mexico."",
  ""protected_ground_political_opinion"": false,
  ""protected_ground_political_opinion_evidence"": ""Not mentioned in the opinion."",
  ""protected_ground_particular_social_group"": false,
  ""protected_ground_particular_social_group_evidence"": ""Not mentioned in the opinion."",
  ""past_persecution_physical_violence"": true,
  ""past_persecution_physical_violence_evidence"": ""Estrada-Hernandez presented testimony that he was assaulted in Mexico when he was eleven years old because he was gay, an incident which is evidence both that he has been singled out and that he was perceptibly gay as a child;"",
  ""past_persecution_death_threats"": false,
  ""past_persecution_death_threats_evidence"": ""Not mentioned in the opinion."",
  ""persecutor_nongovernmental_actor"": false,
  ""persecutor_nongovernmental_actor_evidence"": ""Not mentioned in the opinion."",
  ""credibility_finding"": false,
  ""credibility_finding_evidence"": ""Not mentioned in the opinion."",
  ""bars_one_year_deadline_missed"": true,
  ""bars_one_year_deadline_missed_evidence"": ""The agency erred in applying the “disfavored group” analysis to the question whether Estrada-Hernandez demonstrated a well-founded fear of persecution."",
  ""nexus_requirement_met"": false,
  ""nexus_requirement_met_evidence"": ""Not mentioned in the opinion.""
}"
22-629-2024-02-20,https://cdn.ca9.uscourts.gov/datastore/memoranda/2024/02/20/22-629.pdf,meta/llama-3.2-3b-instruct,protected_ground_particular_social_group,False,Not mentioned in the opinion.,6172,,"{
  ""asylum_requested"": true,
  ""asylum_requested_evidence"": ""The agency erred in applying the “disfavored group” analysis to the question whether Estrada-Hernandez demonstrated a well-founded fear of persecution."",
  ""withholding_requested"": false,
  ""withholding_requested_evidence"": ""Not mentioned in the opinion."",
  ""CAT_requested"": true,
  ""CAT_requested_evidence"": ""To qualify for relief under the CAT, Estrada-Hernandez must “establish that it is more likely than not that [he] would be tortured if removed to” Mexico."",
  ""protected_ground_political_opinion"": false,
  ""protected_ground_political_opinion_evidence"": ""Not mentioned in the opinion."",
  ""protected_ground_particular_social_group"": false,
  ""protected_ground_particular_social_group_evidence"": ""Not mentioned in the opinion."",
  ""past_persecution_physical_violence"": true,
  ""past_persecution_physical_violence_evidence"": ""Estrada-Hernandez presented testimony that he was assaulted in Mexico when he was eleven years old because he was gay, an incident which is evidence both that he has been singled out and that he was perceptibly gay as a child;"",
  ""past_persecution_death_threats"": false,
  ""past_persecution_death_threats_evidence"": ""Not mentioned in the opinion."",
  ""persecutor_nongovernmental_actor"": false,
  ""persecutor_nongovernmental_actor_evidence"": ""Not mentioned in the opinion."",
  ""credibility_finding"": false,
  ""credibility_finding_evidence"": ""Not mentioned in the opinion."",
  ""bars_one_year_deadline_missed"": true,
  ""bars_one_year_deadline_missed_evidence"": ""The agency erred in applying the “disfavored group” analysis to the question whether Estrada-Hernandez demonstrated a well-founded fear of persecution."",
  ""nexus_requirement_met"": false,
  ""nexus_requirement_met_evidence"": ""Not mentioned in the opinion.""
}"
22-629-2024-02-20,https://cdn.ca9.uscourts.gov/datastore/memoranda/2024/02/20/22-629.pdf,meta/llama-3.2-3b-instruct,past_persecution_physical_violence,True,"Estrada-Hernandez presented testimony that he was assaulted in Mexico when he was eleven years old because he was gay, an incident which is evidence both that he has been singled out and that he was perceptibly gay as a child;",6172,,"{
  ""asylum_requested"": true,
  ""asylum_requested_evidence"": ""The agency erred in applying the “disfavored group” analysis to the question whether Estrada-Hernandez demonstrated a well-founded fear of persecution."",
  ""withholding_requested"": false,
  ""withholding_requested_evidence"": ""Not mentioned in the opinion."",
  ""CAT_requested"": true,
  ""CAT_requested_evidence"": ""To qualify for relief under the CAT, Estrada-Hernandez must “establish that it is more likely than not that [he] would be tortured if removed to” Mexico."",
  ""protected_ground_political_opinion"": false,
  ""protected_ground_political_opinion_evidence"": ""Not mentioned in the opinion."",
  ""protected_ground_particular_social_group"": false,
  ""protected_ground_particular_social_group_evidence"": ""Not mentioned in the opinion."",
  ""past_persecution_physical_violence"": true,
  ""past_persecution_physical_violence_evidence"": ""Estrada-Hernandez presented testimony that he was assaulted in Mexico when he was eleven years old because he was gay, an incident which is evidence both that he has been singled out and that he was perceptibly gay as a child;"",
  ""past_persecution_death_threats"": false,
  ""past_persecution_death_threats_evidence"": ""Not mentioned in the opinion."",
  ""persecutor_nongovernmental_actor"": false,
  ""persecutor_nongovernmental_actor_evidence"": ""Not mentioned in the opinion."",
  ""credibility_finding"": false,
  ""credibility_finding_evidence"": ""Not mentioned in the opinion."",
  ""bars_one_year_deadline_missed"": true,
  ""bars_one_year_deadline_missed_evidence"": ""The agency erred in applying the “disfavored group” analysis to the question whether Estrada-Hernandez demonstrated a well-founded fear of persecution."",
  ""nexus_requirement_met"": false,
  ""nexus_requirement_met_evidence"": ""Not mentioned in the opinion.""
}"
22-629-2024-02-20,https://cdn.ca9.uscourts.gov/datastore/memoranda/2024/02/20/22-629.pdf,meta/llama-3.2-3b-instruct,past_persecution_death_threats,False,Not mentioned in the opinion.,6172,,"{
  ""asylum_requested"": true,
  ""asylum_requested_evidence"": ""The agency erred in applying the “disfavored group” analysis to the question whether Estrada-Hernandez demonstrated a well-founded fear of persecution."",
  ""withholding_requested"": false,
  ""withholding_requested_evidence"": ""Not mentioned in the opinion."",
  ""CAT_requested"": true,
  ""CAT_requested_evidence"": ""To qualify for relief under the CAT, Estrada-Hernandez must “establish that it is more likely than not that [he] would be tortured if removed to” Mexico."",
  ""protected_ground_political_opinion"": false,
  ""protected_ground_political_opinion_evidence"": ""Not mentioned in the opinion."",
  ""protected_ground_particular_social_group"": false,
  ""protected_ground_particular_social_group_evidence"": ""Not mentioned in the opinion."",
  ""past_persecution_physical_violence"": true,
  ""past_persecution_physical_violence_evidence"": ""Estrada-Hernandez presented testimony that he was assaulted in Mexico when he was eleven years old because he was gay, an incident which is evidence both that he has been singled out and that he was perceptibly gay as a child;"",
  ""past_persecution_death_threats"": false,
  ""past_persecution_death_threats_evidence"": ""Not mentioned in the opinion."",
  ""persecutor_nongovernmental_actor"": false,
  ""persecutor_nongovernmental_actor_evidence"": ""Not mentioned in the opinion."",
  ""credibility_finding"": false,
  ""credibility_finding_evidence"": ""Not mentioned in the opinion."",
  ""bars_one_year_deadline_missed"": true,
  ""bars_one_year_deadline_missed_evidence"": ""The agency erred in applying the “disfavored group” analysis to the question whether Estrada-Hernandez demonstrated a well-founded fear of persecution."",
  ""nexus_requirement_met"": false,
  ""nexus_requirement_met_evidence"": ""Not mentioned in the opinion.""
}"
22-629-2024-02-20,https://cdn.ca9.uscourts.gov/datastore/memoranda/2024/02/20/22-629.pdf,meta/llama-3.2-3b-instruct,persecutor_nongovernmental_actor,False,Not mentioned in the opinion.,6172,,"{
  ""asylum_requested"": true,
  ""asylum_requested_evidence"": ""The agency erred in applying the “disfavored group” analysis to the question whether Estrada-Hernandez demonstrated a well-founded fear of persecution."",
  ""withholding_requested"": false,
  ""withholding_requested_evidence"": ""Not mentioned in the opinion."",
  ""CAT_requested"": true,
  ""CAT_requested_evidence"": ""To qualify for relief under the CAT, Estrada-Hernandez must “establish that it is more likely than not that [he] would be tortured if removed to” Mexico."",
  ""protected_ground_political_opinion"": false,
  ""protected_ground_political_opinion_evidence"": ""Not mentioned in the opinion."",
  ""protected_ground_particular_social_group"": false,
  ""protected_ground_particular_social_group_evidence"": ""Not mentioned in the opinion."",
  ""past_persecution_physical_violence"": true,
  ""past_persecution_physical_violence_evidence"": ""Estrada-Hernandez presented testimony that he was assaulted in Mexico when he was eleven years old because he was gay, an incident which is evidence both that he has been singled out and that he was perceptibly gay as a child;"",
  ""past_persecution_death_threats"": false,
  ""past_persecution_death_threats_evidence"": ""Not mentioned in the opinion."",
  ""persecutor_nongovernmental_actor"": false,
  ""persecutor_nongovernmental_actor_evidence"": ""Not mentioned in the opinion."",
  ""credibility_finding"": false,
  ""credibility_finding_evidence"": ""Not mentioned in the opinion."",
  ""bars_one_year_deadline_missed"": true,
  ""bars_one_year_deadline_missed_evidence"": ""The agency erred in applying the “disfavored group” analysis to the question whether Estrada-Hernandez demonstrated a well-founded fear of persecution."",
  ""nexus_requirement_met"": false,
  ""nexus_requirement_met_evidence"": ""Not mentioned in the opinion.""
}"
22-629-2024-02-20,https://cdn.ca9.uscourts.gov/datastore/memoranda/2024/02/20/22-629.pdf,meta/llama-3.2-3b-instruct,credibility_finding,False,Not mentioned in the opinion.,6172,,"{
  ""asylum_requested"": true,
  ""asylum_requested_evidence"": ""The agency erred in applying the “disfavored group” analysis to the question whether Estrada-Hernandez demonstrated a well-founded fear of persecution."",
  ""withholding_requested"": false,
  ""withholding_requested_evidence"": ""Not mentioned in the opinion."",
  ""CAT_requested"": true,
  ""CAT_requested_evidence"": ""To qualify for relief under the CAT, Estrada-Hernandez must “establish that it is more likely than not that [he] would be tortured if removed to” Mexico."",
  ""protected_ground_political_opinion"": false,
  ""protected_ground_political_opinion_evidence"": ""Not mentioned in the opinion."",
  ""protected_ground_particular_social_group"": false,
  ""protected_ground_particular_social_group_evidence"": ""Not mentioned in the opinion."",
  ""past_persecution_physical_violence"": true,
  ""past_persecution_physical_violence_evidence"": ""Estrada-Hernandez presented testimony that he was assaulted in Mexico when he was eleven years old because he was gay, an incident which is evidence both that he has been singled out and that he was perceptibly gay as a child;"",
  ""past_persecution_death_threats"": false,
  ""past_persecution_death_threats_evidence"": ""Not mentioned in the opinion."",
  ""persecutor_nongovernmental_actor"": false,
  ""persecutor_nongovernmental_actor_evidence"": ""Not mentioned in the opinion."",
  ""credibility_finding"": false,
  ""credibility_finding_evidence"": ""Not mentioned in the opinion."",
  ""bars_one_year_deadline_missed"": true,
  ""bars_one_year_deadline_missed_evidence"": ""The agency erred in applying the “disfavored group” analysis to the question whether Estrada-Hernandez demonstrated a well-founded fear of persecution."",
  ""nexus_requirement_met"": false,
  ""nexus_requirement_met_evidence"": ""Not mentioned in the opinion.""
}"
22-629-2024-02-20,https://cdn.ca9.uscourts.gov/datastore/memoranda/2024/02/20/22-629.pdf,meta/llama-3.2-3b-instruct,bars_one_year_deadline_missed,True,The agency erred in applying the “disfavored group” analysis to the question whether Estrada-Hernandez demonstrated a well-founded fear of persecution.,6172,,"{
  ""asylum_requested"": true,
  ""asylum_requested_evidence"": ""The agency erred in applying the “disfavored group” analysis to the question whether Estrada-Hernandez demonstrated a well-founded fear of persecution."",
  ""withholding_requested"": false,
  ""withholding_requested_evidence"": ""Not mentioned in the opinion."",
  ""CAT_requested"": true,
  ""CAT_requested_evidence"": ""To qualify for relief under the CAT, Estrada-Hernandez must “establish that it is more likely than not that [he] would be tortured if removed to” Mexico."",
  ""protected_ground_political_opinion"": false,
  ""protected_ground_political_opinion_evidence"": ""Not mentioned in the opinion."",
  ""protected_ground_particular_social_group"": false,
  ""protected_ground_particular_social_group_evidence"": ""Not mentioned in the opinion."",
  ""past_persecution_physical_violence"": true,
  ""past_persecution_physical_violence_evidence"": ""Estrada-Hernandez presented testimony that he was assaulted in Mexico when he was eleven years old because he was gay, an incident which is evidence both that he has been singled out and that he was perceptibly gay as a child;"",
  ""past_persecution_death_threats"": false,
  ""past_persecution_death_threats_evidence"": ""Not mentioned in the opinion."",
  ""persecutor_nongovernmental_actor"": false,
  ""persecutor_nongovernmental_actor_evidence"": ""Not mentioned in the opinion."",
  ""credibility_finding"": false,
  ""credibility_finding_evidence"": ""Not mentioned in the opinion."",
  ""bars_one_year_deadline_missed"": true,
  ""bars_one_year_deadline_missed_evidence"": ""The agency erred in applying the “disfavored group” analysis to the question whether Estrada-Hernandez demonstrated a well-founded fear of persecution."",
  ""nexus_requirement_met"": false,
  ""nexus_requirement_met_evidence"": ""Not mentioned in the opinion.""
}"
22-629-2024-02-20,https://cdn.ca9.uscourts.gov/datastore/memoranda/2024/02/20/22-629.pdf,meta/llama-3.2-3b-instruct,nexus_requirement_met,False,Not mentioned in the opinion.,6172,,"{
  ""asylum_requested"": true,
  ""asylum_requested_evidence"": ""The agency erred in applying the “disfavored group” analysis to the question whether Estrada-Hernandez demonstrated a well-founded fear of persecution."",
  ""withholding_requested"": false,
  ""withholding_requested_evidence"": ""Not mentioned in the opinion."",
  ""CAT_requested"": true,
  ""CAT_requested_evidence"": ""To qualify for relief under the CAT, Estrada-Hernandez must “establish that it is more likely than not that [he] would be tortured if removed to” Mexico."",
  ""protected_ground_political_opinion"": false,
  ""protected_ground_political_opinion_evidence"": ""Not mentioned in the opinion."",
  ""protected_ground_particular_social_group"": false,
  ""protected_ground_particular_social_group_evidence"": ""Not mentioned in the opinion."",
  ""past_persecution_physical_violence"": true,
  ""past_persecution_physical_violence_evidence"": ""Estrada-Hernandez presented testimony that he was assaulted in Mexico when he was eleven years old because he was gay, an incident which is evidence both that he has been singled out and that he was perceptibly gay as a child;"",
  ""past_persecution_death_threats"": false,
  ""past_persecution_death_threats_evidence"": ""Not mentioned in the opinion."",
  ""persecutor_nongovernmental_actor"": false,
  ""persecutor_nongovernmental_actor_evidence"": ""Not mentioned in the opinion."",
  ""credibility_finding"": false,
  ""credibility_finding_evidence"": ""Not mentioned in the opinion."",
  ""bars_one_year_deadline_missed"": true,
  ""bars_one_year_deadline_missed_evidence"": ""The agency erred in applying the “disfavored group” analysis to the question whether Estrada-Hernandez demonstrated a well-founded fear of persecution."",
  ""nexus_requirement_met"": false,
  ""nexus_requirement_met_evidence"": ""Not mentioned in the opinion.""
}"
17-71346-2020-06-17,https://cdn.ca9.uscourts.gov/datastore/memoranda/2020/06/17/17-71346.pdf,meta/llama-3.2-3b-instruct,asylum_requested,,,17794,"parse: JSONDecodeError: Expecting ',' delimiter: line 38 column 318 (char 5542)","{
  ""asylum_requested"": true,
  ""asylum_requested_evidence"": ""Because the Board “conducted its own review of the evidence and law rather than simply adopting the immigration judge’s decision,” our review “is limited to the [Board’s] decision[.]”  Hosseini v. Gonzales, 471 F.3d 953, 957 (9th Cir. 2006) (internal quotation marks omitted)."",
  ""withholding_requested"": false,
  ""withholding_requested_evidence"": ""Not mentioned in the opinion."",
  ""CAT_requested"": true,
  ""CAT_requested_evidence"": ""Finally, Cruz-Ramirez argues that the Board’s discussion of Cruz-Ramirez’s CAT claim was inadequate as a matter of law and impermissibly ignored the arguments he raised in his administrative appeal.  We agree."",
  ""protected_ground_political_opinion"": false,
  ""protected_ground_particular_social_group"": true,
  ""protected_ground_particular_social_group_evidence"": ""1. The Board determined that the harm was not caused “on account of” his particular social group because “the interest of the gang was to extort money from [Cruz-Ramirez and his] family,” and that the gang’s purpose for targeting Cruz-Ramirez was merely to further that interest."",
  ""past_persecution_physical_violence"": true,
  ""past_persecution_physical_violence_evidence"": ""1. The Board determined that the harm was not caused “on account of” his particular social group because “the interest of the gang was to extort money from [Cruz-Ramirez and his] family,” and that the gang’s purpose for targeting Cruz-Ramirez was merely to further that interest."",
  ""past_persecution_death_threats"": true,
  ""past_persecution_death_threats_evidence"": ""1. The Board determined that the harm was not caused “on account of” his particular social group because “the interest of the gang was to extort money from [Cruz-Ramirez and his] family,” and that the gang’s purpose for targeting Cruz-Ramirez was merely to further that interest."",
  ""persecutor_nongovernmental_actor"": true,
  ""persecutor_nongovernmental_actor_evidence"": ""1. The Board determined that the harm was not caused “on account of” his particular social group because “the interest of the gang was to extort money from [Cruz-Ramirez and his] family,” and that the gang’s purpose for targeting Cruz-Ramirez was merely to further that interest."",
  ""credibility_finding"": false,
  ""credibility_finding_evidence"": ""Not mentioned in the opinion."",
  ""bars_one_year_deadline_missed"": true,
  ""bars_one_year_deadline_missed_evidence"": ""Because the Board “conducted its own review of the evidence and law rather than simply adopting the immigration judge’s decision,” our review “is limited to the [Board’s] decision[.]”  Hosseini v. Gonzales, 471 F.3d 953, 957 (9th Cir. 2006) (internal quotation marks omitted)."",
  ""nexus_requirement_met"": false,
  ""nexus_requirement_met_evidence"": ""1. The Board determined that the harm was not caused “on account of” his particular social group because “the interest of the gang was to extort money from [Cruz-Ramirez and his] family,” and that the gang’s purpose for targeting Cruz-Ramirez was merely to further that interest."",
  ""protected_ground_political_opinion"": false,
  ""protected_ground_political_opinion_evidence"": ""Not mentioned in the opinion."",
  ""protected_ground_particular_social_group"": true,
  ""protected_ground_particular_social_group_evidence"": ""1. The Board determined that the harm was not caused “on account of” his particular social group because “the interest of the gang was to extort money from [Cruz-Ramirez and his] family,” and that the gang’s purpose for targeting Cruz-Ramirez was merely to further that interest."",
  ""past_persecution_physical_violence"": true,
  ""past_persecution_physical_violence_evidence"": ""1. The Board determined that the harm was not caused “on account of” his particular social group because “the interest of the gang was to extort money from [Cruz-Ramirez and his] family,” and that the gang’s purpose for targeting Cruz-Ramirez was merely to further that interest."",
  ""past_persecution_death_threats"": true,
  ""past_persecution_death_threats_evidence"": ""1. The Board determined that the harm was not caused “on account of” his particular social group because “the interest of the gang was to extort money from [Cruz-Ramirez and his] family,” and that the gang’s purpose for targeting Cruz-Ramirez was merely to further that interest."",
  ""persecutor_nongovernmental_actor"": true,
  ""persecutor_nongovernmental_actor_evidence"": ""1. The Board determined that the harm was not caused “on account of” his particular social group because “the interest of the gang was to extort money from [Cruz-Ramirez and his] family,” and that the gang’s purpose for targeting Cruz-Ramirez was merely to further that interest."",
  ""credibility_finding"": false,
  ""credibility_finding_evidence"": ""Not mentioned in the opinion."",
  ""bars_one_year_deadline_missed"": true,
  ""bars_one_year_deadline_missed_evidence"": ""Because the Board “conducted its own review of the evidence and law rather than simply adopting the immigration judge’s decision,” our review “is limited to the [Board’s] decision[.]”  Hosseini v. Gonzales, 471 F.3d 953, 957 (9th Cir. 2006) (internal quotation marks omitted)."",
  ""nexus_requirement_met"": false,
  ""nexus_requirement_met_evidence"": ""1. The Board determined that the harm was not caused “on account of” his particular social group because “the interest of the gang was to extort money from [Cruz-Ramirez and his] family,” and that the gang’s purpose for targeting Cruz-Ramirez was merely to further that interest."""
17-71346-2020-06-17,https://cdn.ca9.uscourts.gov/datastore/memoranda/2020/06/17/17-71346.pdf,meta/llama-3.2-3b-instruct,withholding_requested,,,17794,"parse: JSONDecodeError: Expecting ',' delimiter: line 38 column 318 (char 5542)","{
  ""asylum_requested"": true,
  ""asylum_requested_evidence"": ""Because the Board “conducted its own review of the evidence and law rather than simply adopting the immigration judge’s decision,” our review “is limited to the [Board’s] decision[.]”  Hosseini v. Gonzales, 471 F.3d 953, 957 (9th Cir. 2006) (internal quotation marks omitted)."",
  ""withholding_requested"": false,
  ""withholding_requested_evidence"": ""Not mentioned in the opinion."",
  ""CAT_requested"": true,
  ""CAT_requested_evidence"": ""Finally, Cruz-Ramirez argues that the Board’s discussion of Cruz-Ramirez’s CAT claim was inadequate as a matter of law and impermissibly ignored the arguments he raised in his administrative appeal.  We agree."",
  ""protected_ground_political_opinion"": false,
  ""protected_ground_particular_social_group"": true,
  ""protected_ground_particular_social_group_evidence"": ""1. The Board determined that the harm was not caused “on account of” his particular social group because “the interest of the gang was to extort money from [Cruz-Ramirez and his] family,” and that the gang’s purpose for targeting Cruz-Ramirez was merely to further that interest."",
  ""past_persecution_physical_violence"": true,
  ""past_persecution_physical_violence_evidence"": ""1. The Board determined that the harm was not caused “on account of” his particular social group because “the interest of the gang was to extort money from [Cruz-Ramirez and his] family,” and that the gang’s purpose for targeting Cruz-Ramirez was merely to further that interest."",
  ""past_persecution_death_threats"": true,
  ""past_persecution_death_threats_evidence"": ""1. The Board determined that the harm was not caused “on account of” his particular social group because “the interest of the gang was to extort money from [Cruz-Ramirez and his] family,” and that the gang’s purpose for targeting Cruz-Ramirez was merely to further that interest."",
  ""persecutor_nongovernmental_actor"": true,
  ""persecutor_nongovernmental_actor_evidence"": ""1. The Board determined that the harm was not caused “on account of” his particular social group because “the interest of the gang was to extort money from [Cruz-Ramirez and his] family,” and that the gang’s purpose for targeting Cruz-Ramirez was merely to further that interest."",
  ""credibility_finding"": false,
  ""credibility_finding_evidence"": ""Not mentioned in the opinion."",
  ""bars_one_year_deadline_missed"": true,
  ""bars_one_year_deadline_missed_evidence"": ""Because the Board “conducted its own review of the evidence and law rather than simply adopting the immigration judge’s decision,” our review “is limited to the [Board’s] decision[.]”  Hosseini v. Gonzales, 471 F.3d 953, 957 (9th Cir. 2006) (internal quotation marks omitted)."",
  ""nexus_requirement_met"": false,
  ""nexus_requirement_met_evidence"": ""1. The Board determined that the harm was not caused “on account of” his particular social group because “the interest of the gang was to extort money from [Cruz-Ramirez and his] family,” and that the gang’s purpose for targeting Cruz-Ramirez was merely to further that interest."",
  ""protected_ground_political_opinion"": false,
  ""protected_ground_political_opinion_evidence"": ""Not mentioned in the opinion."",
  ""protected_ground_particular_social_group"": true,
  ""protected_ground_particular_social_group_evidence"": ""1. The Board determined that the harm was not caused “on account of” his particular social group because “the interest of the gang was to extort money from [Cruz-Ramirez and his] family,” and that the gang’s purpose for targeting Cruz-Ramirez was merely to further that interest."",
  ""past_persecution_physical_violence"": true,
  ""past_persecution_physical_violence_evidence"": ""1. The Board determined that the harm was not caused “on account of” his particular social group because “the interest of the gang was to extort money from [Cruz-Ramirez and his] family,” and that the gang’s purpose for targeting Cruz-Ramirez was merely to further that interest."",
  ""past_persecution_death_threats"": true,
  ""past_persecution_death_threats_evidence"": ""1. The Board determined that the harm was not caused “on account of” his particular social group because “the interest of the gang was to extort money from [Cruz-Ramirez and his] family,” and that the gang’s purpose for targeting Cruz-Ramirez was merely to further that interest."",
  ""persecutor_nongovernmental_actor"": true,
  ""persecutor_nongovernmental_actor_evidence"": ""1. The Board determined that the harm was not caused “on account of” his particular social group because “the interest of the gang was to extort money from [Cruz-Ramirez and his] family,” and that the gang’s purpose for targeting Cruz-Ramirez was merely to further that interest."",
  ""credibility_finding"": false,
  ""credibility_finding_evidence"": ""Not mentioned in the opinion."",
  ""bars_one_year_deadline_missed"": true,
  ""bars_one_year_deadline_missed_evidence"": ""Because the Board “conducted its own review of the evidence and law rather than simply adopting the immigration judge’s decision,” our review “is limited to the [Board’s] decision[.]”  Hosseini v. Gonzales, 471 F.3d 953, 957 (9th Cir. 2006) (internal quotation marks omitted)."",
  ""nexus_requirement_met"": false,
  ""nexus_requirement_met_evidence"": ""1. The Board determined that the harm was not caused “on account of” his particular social group because “the interest of the gang was to extort money from [Cruz-Ramirez and his] family,” and that the gang’s purpose for targeting Cruz-Ramirez was merely to further that interest."""
17-71346-2020-06-17,https://cdn.ca9.uscourts.gov/datastore/memoranda/2020/06/17/17-71346.pdf,meta/llama-3.2-3b-instruct,CAT_requested,,,17794,"parse: JSONDecodeError: Expecting ',' delimiter: line 38 column 318 (char 5542)","{
  ""asylum_requested"": true,
  ""asylum_requested_evidence"": ""Because the Board “conducted its own review of the evidence and law rather than simply adopting the immigration judge’s decision,” our review “is limited to the [Board’s] decision[.]”  Hosseini v. Gonzales, 471 F.3d 953, 957 (9th Cir. 2006) (internal quotation marks omitted)."",
  ""withholding_requested"": false,
  ""withholding_requested_evidence"": ""Not mentioned in the opinion."",
  ""CAT_requested"": true,
  ""CAT_requested_evidence"": ""Finally, Cruz-Ramirez argues that the Board’s discussion of Cruz-Ramirez’s CAT claim was inadequate as a matter of law and impermissibly ignored the arguments he raised in his administrative appeal.  We agree."",
  ""protected_ground_political_opinion"": false,
  ""protected_ground_particular_social_group"": true,
  ""protected_ground_particular_social_group_evidence"": ""1. The Board determined that the harm was not caused “on account of” his particular social group because “the interest of the gang was to extort money from [Cruz-Ramirez and his] family,” and that the gang’s purpose for targeting Cruz-Ramirez was merely to further that interest."",
  ""past_persecution_physical_violence"": true,
  ""past_persecution_physical_violence_evidence"": ""1. The Board determined that the harm was not caused “on account of” his particular social group because “the interest of the gang was to extort money from [Cruz-Ramirez and his] family,” and that the gang’s purpose for targeting Cruz-Ramirez was merely to further that interest."",
  ""past_persecution_death_threats"": true,
  ""past_persecution_death_threats_evidence"": ""1. The Board determined that the harm was not caused “on account of” his particular social group because “the interest of the gang was to extort money from [Cruz-Ramirez and his] family,” and that the gang’s purpose for targeting Cruz-Ramirez was merely to further that interest."",
  ""persecutor_nongovernmental_actor"": true,
  ""persecutor_nongovernmental_actor_evidence"": ""1. The Board determined that the harm was not caused “on account of” his particular social group because “the interest of the gang was to extort money from [Cruz-Ramirez and his] family,” and that the gang’s purpose for targeting Cruz-Ramirez was merely to further that interest."",
  ""credibility_finding"": false,
  ""credibility_finding_evidence"": ""Not mentioned in the opinion."",
  ""bars_one_year_deadline_missed"": true,
  ""bars_one_year_deadline_missed_evidence"": ""Because the Board “conducted its own review of the evidence and law rather than simply adopting the immigration judge’s decision,” our review “is limited to the [Board’s] decision[.]”  Hosseini v. Gonzales, 471 F.3d 953, 957 (9th Cir. 2006) (internal quotation marks omitted)."",
  ""nexus_requirement_met"": false,
  ""nexus_requirement_met_evidence"": ""1. The Board determined that the harm was not caused “on account of” his particular social group because “the interest of the gang was to extort money from [Cruz-Ramirez and his] family,” and that the gang’s purpose for targeting Cruz-Ramirez was merely to further that interest."",
  ""protected_ground_political_opinion"": false,
  ""protected_ground_political_opinion_evidence"": ""Not mentioned in the opinion."",
  ""protected_ground_particular_social_group"": true,
  ""protected_ground_particular_social_group_evidence"": ""1. The Board determined that the harm was not caused “on account of” his particular social group because “the interest of the gang was to extort money from [Cruz-Ramirez and his] family,” and that the gang’s purpose for targeting Cruz-Ramirez was merely to further that interest."",
  ""past_persecution_physical_violence"": true,
  ""past_persecution_physical_violence_evidence"": ""1. The Board determined that the harm was not caused “on account of” his particular social group because “the interest of the gang was to extort money from [Cruz-Ramirez and his] family,” and that the gang’s purpose for targeting Cruz-Ramirez was merely to further that interest."",
  ""past_persecution_death_threats"": true,
  ""past_persecution_death_threats_evidence"": ""1. The Board determined that the harm was not caused “on account of” his particular social group because “the interest of the gang was to extort money from [Cruz-Ramirez and his] family,” and that the gang’s purpose for targeting Cruz-Ramirez was merely to further that interest."",
  ""persecutor_nongovernmental_actor"": true,
  ""persecutor_nongovernmental_actor_evidence"": ""1. The Board determined that the harm was not caused “on account of” his particular social group because “the interest of the gang was to extort money from [Cruz-Ramirez and his] family,” and that the gang’s purpose for targeting Cruz-Ramirez was merely to further that interest."",
  ""credibility_finding"": false,
  ""credibility_finding_evidence"": ""Not mentioned in the opinion."",
  ""bars_one_year_deadline_missed"": true,
  ""bars_one_year_deadline_missed_evidence"": ""Because the Board “conducted its own review of the evidence and law rather than simply adopting the immigration judge’s decision,” our review “is limited to the [Board’s] decision[.]”  Hosseini v. Gonzales, 471 F.3d 953, 957 (9th Cir. 2006) (internal quotation marks omitted)."",
  ""nexus_requirement_met"": false,
  ""nexus_requirement_met_evidence"": ""1. The Board determined that the harm was not caused “on account of” his particular social group because “the interest of the gang was to extort money from [Cruz-Ramirez and his] family,” and that the gang’s purpose for targeting Cruz-Ramirez was merely to further that interest."""
17-71346-2020-06-17,https://cdn.ca9.uscourts.gov/datastore/memoranda/2020/06/17/17-71346.pdf,meta/llama-3.2-3b-instruct,protected_ground_political_opinion,,,17794,"parse: JSONDecodeError: Expecting ',' delimiter: line 38 column 318 (char 5542)","{
  ""asylum_requested"": true,
  ""asylum_requested_evidence"": ""Because the Board “conducted its own review of the evidence and law rather than simply adopting the immigration judge’s decision,” our review “is limited to the [Board’s] decision[.]”  Hosseini v. Gonzales, 471 F.3d 953, 957 (9th Cir. 2006) (internal quotation marks omitted)."",
  ""withholding_requested"": false,
  ""withholding_requested_evidence"": ""Not mentioned in the opinion."",
  ""CAT_requested"": true,
  ""CAT_requested_evidence"": ""Finally, Cruz-Ramirez argues that the Board’s discussion of Cruz-Ramirez’s CAT claim was inadequate as a matter of law and impermissibly ignored the arguments he raised in his administrative appeal.  We agree."",
  ""protected_ground_political_opinion"": false,
  ""protected_ground_particular_social_group"": true,
  ""protected_ground_particular_social_group_evidence"": ""1. The Board determined that the harm was not caused “on account of” his particular social group because “the interest of the gang was to extort money from [Cruz-Ramirez and his] family,” and that the gang’s purpose for targeting Cruz-Ramirez was merely to further that interest."",
  ""past_persecution_physical_violence"": true,
  ""past_persecution_physical_violence_evidence"": ""1. The Board determined that the harm was not caused “on account of” his particular social group because “the interest of the gang was to extort money from [Cruz-Ramirez and his] family,” and that the gang’s purpose for targeting Cruz-Ramirez was merely to further that interest."",
  ""past_persecution_death_threats"": true,
  ""past_persecution_death_threats_evidence"": ""1. The Board determined that the harm was not caused “on account of” his particular social group because “the interest of the gang was to extort money from [Cruz-Ramirez and his] family,” and that the gang’s purpose for targeting Cruz-Ramirez was merely to further that interest."",
  ""persecutor_nongovernmental_actor"": true,
  ""persecutor_nongovernmental_actor_evidence"": ""1. The Board determined that the harm was not caused “on account of” his particular social group because “the interest of the gang was to extort money from [Cruz-Ramirez and his] family,” and that the gang’s purpose for targeting Cruz-Ramirez was merely to further that interest."",
  ""credibility_finding"": false,
  ""credibility_finding_evidence"": ""Not mentioned in the opinion."",
  ""bars_one_year_deadline_missed"": true,
  ""bars_one_year_deadline_missed_evidence"": ""Because the Board “conducted its own review of the evidence and law rather than simply adopting the immigration judge’s decision,” our review “is limited to the [Board’s] decision[.]”  Hosseini v. Gonzales, 471 F.3d 953, 957 (9th Cir. 2006) (internal quotation marks omitted)."",
  ""nexus_requirement_met"": false,
  ""nexus_requirement_met_evidence"": ""1. The Board determined that the harm was not caused “on account of” his particular social group because “the interest of the gang was to extort money from [Cruz-Ramirez and his] family,” and that the gang’s purpose for targeting Cruz-Ramirez was merely to further that interest."",
  ""protected_ground_political_opinion"": false,
  ""protected_ground_political_opinion_evidence"": ""Not mentioned in the opinion."",
  ""protected_ground_particular_social_group"": true,
  ""protected_ground_particular_social_group_evidence"": ""1. The Board determined that the harm was not caused “on account of” his particular social group because “the interest of the gang was to extort money from [Cruz-Ramirez and his] family,” and that the gang’s purpose for targeting Cruz-Ramirez was merely to further that interest."",
  ""past_persecution_physical_violence"": true,
  ""past_persecution_physical_violence_evidence"": ""1. The Board determined that the harm was not caused “on account of” his particular social group because “the interest of the gang was to extort money from [Cruz-Ramirez and his] family,” and that the gang’s purpose for targeting Cruz-Ramirez was merely to further that interest."",
  ""past_persecution_death_threats"": true,
  ""past_persecution_death_threats_evidence"": ""1. The Board determined that the harm was not caused “on account of” his particular social group because “the interest of the gang was to extort money from [Cruz-Ramirez and his] family,” and that the gang’s purpose for targeting Cruz-Ramirez was merely to further that interest."",
  ""persecutor_nongovernmental_actor"": true,
  ""persecutor_nongovernmental_actor_evidence"": ""1. The Board determined that the harm was not caused “on account of” his particular social group because “the interest of the gang was to extort money from [Cruz-Ramirez and his] family,” and that the gang’s purpose for targeting Cruz-Ramirez was merely to further that interest."",
  ""credibility_finding"": false,
  ""credibility_finding_evidence"": ""Not mentioned in the opinion."",
  ""bars_one_year_deadline_missed"": true,
  ""bars_one_year_deadline_missed_evidence"": ""Because the Board “conducted its own review of the evidence and law rather than simply adopting the immigration judge’s decision,” our review “is limited to the [Board’s] decision[.]”  Hosseini v. Gonzales, 471 F.3d 953, 957 (9th Cir. 2006) (internal quotation marks omitted)."",
  ""nexus_requirement_met"": false,
  ""nexus_requirement_met_evidence"": ""1. The Board determined that the harm was not caused “on account of” his particular social group because “the interest of the gang was to extort money from [Cruz-Ramirez and his] family,” and that the gang’s purpose for targeting Cruz-Ramirez was merely to further that interest."""
17-71346-2020-06-17,https://cdn.ca9.uscourts.gov/datastore/memoranda/2020/06/17/17-71346.pdf,meta/llama-3.2-3b-instruct,protected_ground_particular_social_group,,,17794,"parse: JSONDecodeError: Expecting ',' delimiter: line 38 column 318 (char 5542)","{
  ""asylum_requested"": true,
  ""asylum_requested_evidence"": ""Because the Board “conducted its own review of the evidence and law rather than simply adopting the immigration judge’s decision,” our review “is limited to the [Board’s] decision[.]”  Hosseini v. Gonzales, 471 F.3d 953, 957 (9th Cir. 2006) (internal quotation marks omitted)."",
  ""withholding_requested"": false,
  ""withholding_requested_evidence"": ""Not mentioned in the opinion."",
  ""CAT_requested"": true,
  ""CAT_requested_evidence"": ""Finally, Cruz-Ramirez argues that the Board’s discussion of Cruz-Ramirez’s CAT claim was inadequate as a matter of law and impermissibly ignored the arguments he raised in his administrative appeal.  We agree."",
  ""protected_ground_political_opinion"": false,
  ""protected_ground_particular_social_group"": true,
  ""protected_ground_particular_social_group_evidence"": ""1. The Board determined that the harm was not caused “on account of” his particular social group because “the interest of the gang was to extort money from [Cruz-Ramirez and his] family,” and that the gang’s purpose for targeting Cruz-Ramirez was merely to further that interest."",
  ""past_persecution_physical_violence"": true,
  ""past_persecution_physical_violence_evidence"": ""1. The Board determined that the harm was not caused “on account of” his particular social group because “the interest of the gang was to extort money from [Cruz-Ramirez and his] family,” and that the gang’s purpose for targeting Cruz-Ramirez was merely to further that interest."",
  ""past_persecution_death_threats"": true,
  ""past_persecution_death_threats_evidence"": ""1. The Board determined that the harm was not caused “on account of” his particular social group because “the interest of the gang was to extort money from [Cruz-Ramirez and his] family,” and that the gang’s purpose for targeting Cruz-Ramirez was merely to further that interest."",
  ""persecutor_nongovernmental_actor"": true,
  ""persecutor_nongovernmental_actor_evidence"": ""1. The Board determined that the harm was not caused “on account of” his particular social group because “the interest of the gang was to extort money from [Cruz-Ramirez and his] family,” and that the gang’s purpose for targeting Cruz-Ramirez was merely to further that interest."",
  ""credibility_finding"": false,
  ""credibility_finding_evidence"": ""Not mentioned in the opinion."",
  ""bars_one_year_deadline_missed"": true,
  ""bars_one_year_deadline_missed_evidence"": ""Because the Board “conducted its own review of the evidence and law rather than simply adopting the immigration judge’s decision,” our review “is limited to the [Board’s] decision[.]”  Hosseini v. Gonzales, 471 F.3d 953, 957 (9th Cir. 2006) (internal quotation marks omitted)."",
  ""nexus_requirement_met"": false,
  ""nexus_requirement_met_evidence"": ""1. The Board determined that the harm was not caused “on account of” his particular social group because “the interest of the gang was to extort money from [Cruz-Ramirez and his] family,” and that the gang’s purpose for targeting Cruz-Ramirez was merely to further that interest."",
  ""protected_ground_political_opinion"": false,
  ""protected_ground_political_opinion_evidence"": ""Not mentioned in the opinion."",
  ""protected_ground_particular_social_group"": true,
  ""protected_ground_particular_social_group_evidence"": ""1. The Board determined that the harm was not caused “on account of” his particular social group because “the interest of the gang was to extort money from [Cruz-Ramirez and his] family,” and that the gang’s purpose for targeting Cruz-Ramirez was merely to further that interest."",
  ""past_persecution_physical_violence"": true,
  ""past_persecution_physical_violence_evidence"": ""1. The Board determined that the harm was not caused “on account of” his particular social group because “the interest of the gang was to extort money from [Cruz-Ramirez and his] family,” and that the gang’s purpose for targeting Cruz-Ramirez was merely to further that interest."",
  ""past_persecution_death_threats"": true,
  ""past_persecution_death_threats_evidence"": ""1. The Board determined that the harm was not caused “on account of” his particular social group because “the interest of the gang was to extort money from [Cruz-Ramirez and his] family,” and that the gang’s purpose for targeting Cruz-Ramirez was merely to further that interest."",
  ""persecutor_nongovernmental_actor"": true,
  ""persecutor_nongovernmental_actor_evidence"": ""1. The Board determined that the harm was not caused “on account of” his particular social group because “the interest of the gang was to extort money from [Cruz-Ramirez and his] family,” and that the gang’s purpose for targeting Cruz-Ramirez was merely to further that interest."",
  ""credibility_finding"": false,
  ""credibility_finding_evidence"": ""Not mentioned in the opinion."",
  ""bars_one_year_deadline_missed"": true,
  ""bars_one_year_deadline_missed_evidence"": ""Because the Board “conducted its own review of the evidence and law rather than simply adopting the immigration judge’s decision,” our review “is limited to the [Board’s] decision[.]”  Hosseini v. Gonzales, 471 F.3d 953, 957 (9th Cir. 2006) (internal quotation marks omitted)."",
  ""nexus_requirement_met"": false,
  ""nexus_requirement_met_evidence"": ""1. The Board determined that the harm was not caused “on account of” his particular social group because “the interest of the gang was to extort money from [Cruz-Ramirez and his] family,” and that the gang’s purpose for targeting Cruz-Ramirez was merely to further that interest."""
17-71346-2020-06-17,https://cdn.ca9.uscourts.gov/datastore/memoranda/2020/06/17/17-71346.pdf,meta/llama-3.2-3b-instruct,past_persecution_physical_violence,,,17794,"parse: JSONDecodeError: Expecting ',' delimiter: line 38 column 318 (char 5542)","{
  ""asylum_requested"": true,
  ""asylum_requested_evidence"": ""Because the Board “conducted its own review of the evidence and law rather than simply adopting the immigration judge’s decision,” our review “is limited to the [Board’s] decision[.]”  Hosseini v. Gonzales, 471 F.3d 953, 957 (9th Cir. 2006) (internal quotation marks omitted)."",
  ""withholding_requested"": false,
  ""withholding_requested_evidence"": ""Not mentioned in the opinion."",
  ""CAT_requested"": true,
  ""CAT_requested_evidence"": ""Finally, Cruz-Ramirez argues that the Board’s discussion of Cruz-Ramirez’s CAT claim was inadequate as a matter of law and impermissibly ignored the arguments he raised in his administrative appeal.  We agree."",
  ""protected_ground_political_opinion"": false,
  ""protected_ground_particular_social_group"": true,
  ""protected_ground_particular_social_group_evidence"": ""1. The Board determined that the harm was not caused “on account of” his particular social group because “the interest of the gang was to extort money from [Cruz-Ramirez and his] family,” and that the gang’s purpose for targeting Cruz-Ramirez was merely to further that interest."",
  ""past_persecution_physical_violence"": true,
  ""past_persecution_physical_violence_evidence"": ""1. The Board determined that the harm was not caused “on account of” his particular social group because “the interest of the gang was to extort money from [Cruz-Ramirez and his] family,” and that the gang’s purpose for targeting Cruz-Ramirez was merely to further that interest."",
  ""past_persecution_death_threats"": true,
  ""past_persecution_death_threats_evidence"": ""1. The Board determined that the harm was not caused “on account of” his particular social group because “the interest of the gang was to extort money from [Cruz-Ramirez and his] family,” and that the gang’s purpose for targeting Cruz-Ramirez was merely to further that interest."",
  ""persecutor_nongovernmental_actor"": true,
  ""persecutor_nongovernmental_actor_evidence"": ""1. The Board determined that the harm was not caused “on account of” his particular social group because “the interest of the gang was to extort money from [Cruz-Ramirez and his] family,” and that the gang’s purpose for targeting Cruz-Ramirez was merely to further that interest."",
  ""credibility_finding"": false,
  ""credibility_finding_evidence"": ""Not mentioned in the opinion."",
  ""bars_one_year_deadline_missed"": true,
  ""bars_one_year_deadline_missed_evidence"": ""Because the Board “conducted its own review of the evidence and law rather than simply adopting the immigration judge’s decision,” our review “is limited to the [Board’s] decision[.]”  Hosseini v. Gonzales, 471 F.3d 953, 957 (9th Cir. 2006) (internal quotation marks omitted)."",
  ""nexus_requirement_met"": false,
  ""nexus_requirement_met_evidence"": ""1. The Board determined that the harm was not caused “on account of” his particular social group because “the interest of the gang was to extort money from [Cruz-Ramirez and his] family,” and that the gang’s purpose for targeting Cruz-Ramirez was merely to further that interest."",
  ""protected_ground_political_opinion"": false,
  ""protected_ground_political_opinion_evidence"": ""Not mentioned in the opinion."",
  ""protected_ground_particular_social_group"": true,
  ""protected_ground_particular_social_group_evidence"": ""1. The Board determined that the harm was not caused “on account of” his particular social group because “the interest of the gang was to extort money from [Cruz-Ramirez and his] family,” and that the gang’s purpose for targeting Cruz-Ramirez was merely to further that interest."",
  ""past_persecution_physical_violence"": true,
  ""past_persecution_physical_violence_evidence"": ""1. The Board determined that the harm was not caused “on account of” his particular social group because “the interest of the gang was to extort money from [Cruz-Ramirez and his] family,” and that the gang’s purpose for targeting Cruz-Ramirez was merely to further that interest."",
  ""past_persecution_death_threats"": true,
  ""past_persecution_death_threats_evidence"": ""1. The Board determined that the harm was not caused “on account of” his particular social group because “the interest of the gang was to extort money from [Cruz-Ramirez and his] family,” and that the gang’s purpose for targeting Cruz-Ramirez was merely to further that interest."",
  ""persecutor_nongovernmental_actor"": true,
  ""persecutor_nongovernmental_actor_evidence"": ""1. The Board determined that the harm was not caused “on account of” his particular social group because “the interest of the gang was to extort money from [Cruz-Ramirez and his] family,” and that the gang’s purpose for targeting Cruz-Ramirez was merely to further that interest."",
  ""credibility_finding"": false,
  ""credibility_finding_evidence"": ""Not mentioned in the opinion."",
  ""bars_one_year_deadline_missed"": true,
  ""bars_one_year_deadline_missed_evidence"": ""Because the Board “conducted its own review of the evidence and law rather than simply adopting the immigration judge’s decision,” our review “is limited to the [Board’s] decision[.]”  Hosseini v. Gonzales, 471 F.3d 953, 957 (9th Cir. 2006) (internal quotation marks omitted)."",
  ""nexus_requirement_met"": false,
  ""nexus_requirement_met_evidence"": ""1. The Board determined that the harm was not caused “on account of” his particular social group because “the interest of the gang was to extort money from [Cruz-Ramirez and his] family,” and that the gang’s purpose for targeting Cruz-Ramirez was merely to further that interest."""
17-71346-2020-06-17,https://cdn.ca9.uscourts.gov/datastore/memoranda/2020/06/17/17-71346.pdf,meta/llama-3.2-3b-instruct,past_persecution_death_threats,,,17794,"parse: JSONDecodeError: Expecting ',' delimiter: line 38 column 318 (char 5542)","{
  ""asylum_requested"": true,
  ""asylum_requested_evidence"": ""Because the Board “conducted its own review of the evidence and law rather than simply adopting the immigration judge’s decision,” our review “is limited to the [Board’s] decision[.]”  Hosseini v. Gonzales, 471 F.3d 953, 957 (9th Cir. 2006) (internal quotation marks omitted)."",
  ""withholding_requested"": false,
  ""withholding_requested_evidence"": ""Not mentioned in the opinion."",
  ""CAT_requested"": true,
  ""CAT_requested_evidence"": ""Finally, Cruz-Ramirez argues that the Board’s discussion of Cruz-Ramirez’s CAT claim was inadequate as a matter of law and impermissibly ignored the arguments he raised in his administrative appeal.  We agree."",
  ""protected_ground_political_opinion"": false,
  ""protected_ground_particular_social_group"": true,
  ""protected_ground_particular_social_group_evidence"": ""1. The Board determined that the harm was not caused “on account of” his particular social group because “the interest of the gang was to extort money from [Cruz-Ramirez and his] family,” and that the gang’s purpose for targeting Cruz-Ramirez was merely to further that interest."",
  ""past_persecution_physical_violence"": true,
  ""past_persecution_physical_violence_evidence"": ""1. The Board determined that the harm was not caused “on account of” his particular social group because “the interest of the gang was to extort money from [Cruz-Ramirez and his] family,” and that the gang’s purpose for targeting Cruz-Ramirez was merely to further that interest."",
  ""past_persecution_death_threats"": true,
  ""past_persecution_death_threats_evidence"": ""1. The Board determined that the harm was not caused “on account of” his particular social group because “the interest of the gang was to extort money from [Cruz-Ramirez and his] family,” and that the gang’s purpose for targeting Cruz-Ramirez was merely to further that interest."",
  ""persecutor_nongovernmental_actor"": true,
  ""persecutor_nongovernmental_actor_evidence"": ""1. The Board determined that the harm was not caused “on account of” his particular social group because “the interest of the gang was to extort money from [Cruz-Ramirez and his] family,” and that the gang’s purpose for targeting Cruz-Ramirez was merely to further that interest."",
  ""credibility_finding"": false,
  ""credibility_finding_evidence"": ""Not mentioned in the opinion."",
  ""bars_one_year_deadline_missed"": true,
  ""bars_one_year_deadline_missed_evidence"": ""Because the Board “conducted its own review of the evidence and law rather than simply adopting the immigration judge’s decision,” our review “is limited to the [Board’s] decision[.]”  Hosseini v. Gonzales, 471 F.3d 953, 957 (9th Cir. 2006) (internal quotation marks omitted)."",
  ""nexus_requirement_met"": false,
  ""nexus_requirement_met_evidence"": ""1. The Board determined that the harm was not caused “on account of” his particular social group because “the interest of the gang was to extort money from [Cruz-Ramirez and his] family,” and that the gang’s purpose for targeting Cruz-Ramirez was merely to further that interest."",
  ""protected_ground_political_opinion"": false,
  ""protected_ground_political_opinion_evidence"": ""Not mentioned in the opinion."",
  ""protected_ground_particular_social_group"": true,
  ""protected_ground_particular_social_group_evidence"": ""1. The Board determined that the harm was not caused “on account of” his particular social group because “the interest of the gang was to extort money from [Cruz-Ramirez and his] family,” and that the gang’s purpose for targeting Cruz-Ramirez was merely to further that interest."",
  ""past_persecution_physical_violence"": true,
  ""past_persecution_physical_violence_evidence"": ""1. The Board determined that the harm was not caused “on account of” his particular social group because “the interest of the gang was to extort money from [Cruz-Ramirez and his] family,” and that the gang’s purpose for targeting Cruz-Ramirez was merely to further that interest."",
  ""past_persecution_death_threats"": true,
  ""past_persecution_death_threats_evidence"": ""1. The Board determined that the harm was not caused “on account of” his particular social group because “the interest of the gang was to extort money from [Cruz-Ramirez and his] family,” and that the gang’s purpose for targeting Cruz-Ramirez was merely to further that interest."",
  ""persecutor_nongovernmental_actor"": true,
  ""persecutor_nongovernmental_actor_evidence"": ""1. The Board determined that the harm was not caused “on account of” his particular social group because “the interest of the gang was to extort money from [Cruz-Ramirez and his] family,” and that the gang’s purpose for targeting Cruz-Ramirez was merely to further that interest."",
  ""credibility_finding"": false,
  ""credibility_finding_evidence"": ""Not mentioned in the opinion."",
  ""bars_one_year_deadline_missed"": true,
  ""bars_one_year_deadline_missed_evidence"": ""Because the Board “conducted its own review of the evidence and law rather than simply adopting the immigration judge’s decision,” our review “is limited to the [Board’s] decision[.]”  Hosseini v. Gonzales, 471 F.3d 953, 957 (9th Cir. 2006) (internal quotation marks omitted)."",
  ""nexus_requirement_met"": false,
  ""nexus_requirement_met_evidence"": ""1. The Board determined that the harm was not caused “on account of” his particular social group because “the interest of the gang was to extort money from [Cruz-Ramirez and his] family,” and that the gang’s purpose for targeting Cruz-Ramirez was merely to further that interest."""
17-71346-2020-06-17,https://cdn.ca9.uscourts.gov/datastore/memoranda/2020/06/17/17-71346.pdf,meta/llama-3.2-3b-instruct,persecutor_nongovernmental_actor,,,17794,"parse: JSONDecodeError: Expecting ',' delimiter: line 38 column 318 (char 5542)","{
  ""asylum_requested"": true,
  ""asylum_requested_evidence"": ""Because the Board “conducted its own review of the evidence and law rather than simply adopting the immigration judge’s decision,” our review “is limited to the [Board’s] decision[.]”  Hosseini v. Gonzales, 471 F.3d 953, 957 (9th Cir. 2006) (internal quotation marks omitted)."",
  ""withholding_requested"": false,
  ""withholding_requested_evidence"": ""Not mentioned in the opinion."",
  ""CAT_requested"": true,
  ""CAT_requested_evidence"": ""Finally, Cruz-Ramirez argues that the Board’s discussion of Cruz-Ramirez’s CAT claim was inadequate as a matter of law and impermissibly ignored the arguments he raised in his administrative appeal.  We agree."",
  ""protected_ground_political_opinion"": false,
  ""protected_ground_particular_social_group"": true,
  ""protected_ground_particular_social_group_evidence"": ""1. The Board determined that the harm was not caused “on account of” his particular social group because “the interest of the gang was to extort money from [Cruz-Ramirez and his] family,” and that the gang’s purpose for targeting Cruz-Ramirez was merely to further that interest."",
  ""past_persecution_physical_violence"": true,
  ""past_persecution_physical_violence_evidence"": ""1. The Board determined that the harm was not caused “on account of” his particular social group because “the interest of the gang was to extort money from [Cruz-Ramirez and his] family,” and that the gang’s purpose for targeting Cruz-Ramirez was merely to further that interest."",
  ""past_persecution_death_threats"": true,
  ""past_persecution_death_threats_evidence"": ""1. The Board determined that the harm was not caused “on account of” his particular social group because “the interest of the gang was to extort money from [Cruz-Ramirez and his] family,” and that the gang’s purpose for targeting Cruz-Ramirez was merely to further that interest."",
  ""persecutor_nongovernmental_actor"": true,
  ""persecutor_nongovernmental_actor_evidence"": ""1. The Board determined that the harm was not caused “on account of” his particular social group because “the interest of the gang was to extort money from [Cruz-Ramirez and his] family,” and that the gang’s purpose for targeting Cruz-Ramirez was merely to further that interest."",
  ""credibility_finding"": false,
  ""credibility_finding_evidence"": ""Not mentioned in the opinion."",
  ""bars_one_year_deadline_missed"": true,
  ""bars_one_year_deadline_missed_evidence"": ""Because the Board “conducted its own review of the evidence and law rather than simply adopting the immigration judge’s decision,” our review “is limited to the [Board’s] decision[.]”  Hosseini v. Gonzales, 471 F.3d 953, 957 (9th Cir. 2006) (internal quotation marks omitted)."",
  ""nexus_requirement_met"": false,
  ""nexus_requirement_met_evidence"": ""1. The Board determined that the harm was not caused “on account of” his particular social group because “the interest of the gang was to extort money from [Cruz-Ramirez and his] family,” and that the gang’s purpose for targeting Cruz-Ramirez was merely to further that interest."",
  ""protected_ground_political_opinion"": false,
  ""protected_ground_political_opinion_evidence"": ""Not mentioned in the opinion."",
  ""protected_ground_particular_social_group"": true,
  ""protected_ground_particular_social_group_evidence"": ""1. The Board determined that the harm was not caused “on account of” his particular social group because “the interest of the gang was to extort money from [Cruz-Ramirez and his] family,” and that the gang’s purpose for targeting Cruz-Ramirez was merely to further that interest."",
  ""past_persecution_physical_violence"": true,
  ""past_persecution_physical_violence_evidence"": ""1. The Board determined that the harm was not caused “on account of” his particular social group because “the interest of the gang was to extort money from [Cruz-Ramirez and his] family,” and that the gang’s purpose for targeting Cruz-Ramirez was merely to further that interest."",
  ""past_persecution_death_threats"": true,
  ""past_persecution_death_threats_evidence"": ""1. The Board determined that the harm was not caused “on account of” his particular social group because “the interest of the gang was to extort money from [Cruz-Ramirez and his] family,” and that the gang’s purpose for targeting Cruz-Ramirez was merely to further that interest."",
  ""persecutor_nongovernmental_actor"": true,
  ""persecutor_nongovernmental_actor_evidence"": ""1. The Board determined that the harm was not caused “on account of” his particular social group because “the interest of the gang was to extort money from [Cruz-Ramirez and his] family,” and that the gang’s purpose for targeting Cruz-Ramirez was merely to further that interest."",
  ""credibility_finding"": false,
  ""credibility_finding_evidence"": ""Not mentioned in the opinion."",
  ""bars_one_year_deadline_missed"": true,
  ""bars_one_year_deadline_missed_evidence"": ""Because the Board “conducted its own review of the evidence and law rather than simply adopting the immigration judge’s decision,” our review “is limited to the [Board’s] decision[.]”  Hosseini v. Gonzales, 471 F.3d 953, 957 (9th Cir. 2006) (internal quotation marks omitted)."",
  ""nexus_requirement_met"": false,
  ""nexus_requirement_met_evidence"": ""1. The Board determined that the harm was not caused “on account of” his particular social group because “the interest of the gang was to extort money from [Cruz-Ramirez and his] family,” and that the gang’s purpose for targeting Cruz-Ramirez was merely to further that interest."""
17-71346-2020-06-17,https://cdn.ca9.uscourts.gov/datastore/memoranda/2020/06/17/17-71346.pdf,meta/llama-3.2-3b-instruct,credibility_finding,,,17794,"parse: JSONDecodeError: Expecting ',' delimiter: line 38 column 318 (char 5542)","{
  ""asylum_requested"": true,
  ""asylum_requested_evidence"": ""Because the Board “conducted its own review of the evidence and law rather than simply adopting the immigration judge’s decision,” our review “is limited to the [Board’s] decision[.]”  Hosseini v. Gonzales, 471 F.3d 953, 957 (9th Cir. 2006) (internal quotation marks omitted)."",
  ""withholding_requested"": false,
  ""withholding_requested_evidence"": ""Not mentioned in the opinion."",
  ""CAT_requested"": true,
  ""CAT_requested_evidence"": ""Finally, Cruz-Ramirez argues that the Board’s discussion of Cruz-Ramirez’s CAT claim was inadequate as a matter of law and impermissibly ignored the arguments he raised in his administrative appeal.  We agree."",
  ""protected_ground_political_opinion"": false,
  ""protected_ground_particular_social_group"": true,
  ""protected_ground_particular_social_group_evidence"": ""1. The Board determined that the harm was not caused “on account of” his particular social group because “the interest of the gang was to extort money from [Cruz-Ramirez and his] family,” and that the gang’s purpose for targeting Cruz-Ramirez was merely to further that interest."",
  ""past_persecution_physical_violence"": true,
  ""past_persecution_physical_violence_evidence"": ""1. The Board determined that the harm was not caused “on account of” his particular social group because “the interest of the gang was to extort money from [Cruz-Ramirez and his] family,” and that the gang’s purpose for targeting Cruz-Ramirez was merely to further that interest."",
  ""past_persecution_death_threats"": true,
  ""past_persecution_death_threats_evidence"": ""1. The Board determined that the harm was not caused “on account of” his particular social group because “the interest of the gang was to extort money from [Cruz-Ramirez and his] family,” and that the gang’s purpose for targeting Cruz-Ramirez was merely to further that interest."",
  ""persecutor_nongovernmental_actor"": true,
  ""persecutor_nongovernmental_actor_evidence"": ""1. The Board determined that the harm was not caused “on account of” his particular social group because “the interest of the gang was to extort money from [Cruz-Ramirez and his] family,” and that the gang’s purpose for targeting Cruz-Ramirez was merely to further that interest."",
  ""credibility_finding"": false,
  ""credibility_finding_evidence"": ""Not mentioned in the opinion."",
  ""bars_one_year_deadline_missed"": true,
  ""bars_one_year_deadline_missed_evidence"": ""Because the Board “conducted its own review of the evidence and law rather than simply adopting the immigration judge’s decision,” our review “is limited to the [Board’s] decision[.]”  Hosseini v. Gonzales, 471 F.3d 953, 957 (9th Cir. 2006) (internal quotation marks omitted)."",
  ""nexus_requirement_met"": false,
  ""nexus_requirement_met_evidence"": ""1. The Board determined that the harm was not caused “on account of” his particular social group because “the interest of the gang was to extort money from [Cruz-Ramirez and his] family,” and that the gang’s purpose for targeting Cruz-Ramirez was merely to further that interest."",
  ""protected_ground_political_opinion"": false,
  ""protected_ground_political_opinion_evidence"": ""Not mentioned in the opinion."",
  ""protected_ground_particular_social_group"": true,
  ""protected_ground_particular_social_group_evidence"": ""1. The Board determined that the harm was not caused “on account of” his particular social group because “the interest of the gang was to extort money from [Cruz-Ramirez and his] family,” and that the gang’s purpose for targeting Cruz-Ramirez was merely to further that interest."",
  ""past_persecution_physical_violence"": true,
  ""past_persecution_physical_violence_evidence"": ""1. The Board determined that the harm was not caused “on account of” his particular social group because “the interest of the gang was to extort money from [Cruz-Ramirez and his] family,” and that the gang’s purpose for targeting Cruz-Ramirez was merely to further that interest."",
  ""past_persecution_death_threats"": true,
  ""past_persecution_death_threats_evidence"": ""1. The Board determined that the harm was not caused “on account of” his particular social group because “the interest of the gang was to extort money from [Cruz-Ramirez and his] family,” and that the gang’s purpose for targeting Cruz-Ramirez was merely to further that interest."",
  ""persecutor_nongovernmental_actor"": true,
  ""persecutor_nongovernmental_actor_evidence"": ""1. The Board determined that the harm was not caused “on account of” his particular social group because “the interest of the gang was to extort money from [Cruz-Ramirez and his] family,” and that the gang’s purpose for targeting Cruz-Ramirez was merely to further that interest."",
  ""credibility_finding"": false,
  ""credibility_finding_evidence"": ""Not mentioned in the opinion."",
  ""bars_one_year_deadline_missed"": true,
  ""bars_one_year_deadline_missed_evidence"": ""Because the Board “conducted its own review of the evidence and law rather than simply adopting the immigration judge’s decision,” our review “is limited to the [Board’s] decision[.]”  Hosseini v. Gonzales, 471 F.3d 953, 957 (9th Cir. 2006) (internal quotation marks omitted)."",
  ""nexus_requirement_met"": false,
  ""nexus_requirement_met_evidence"": ""1. The Board determined that the harm was not caused “on account of” his particular social group because “the interest of the gang was to extort money from [Cruz-Ramirez and his] family,” and that the gang’s purpose for targeting Cruz-Ramirez was merely to further that interest."""
17-71346-2020-06-17,https://cdn.ca9.uscourts.gov/datastore/memoranda/2020/06/17/17-71346.pdf,meta/llama-3.2-3b-instruct,bars_one_year_deadline_missed,,,17794,"parse: JSONDecodeError: Expecting ',' delimiter: line 38 column 318 (char 5542)","{
  ""asylum_requested"": true,
  ""asylum_requested_evidence"": ""Because the Board “conducted its own review of the evidence and law rather than simply adopting the immigration judge’s decision,” our review “is limited to the [Board’s] decision[.]”  Hosseini v. Gonzales, 471 F.3d 953, 957 (9th Cir. 2006) (internal quotation marks omitted)."",
  ""withholding_requested"": false,
  ""withholding_requested_evidence"": ""Not mentioned in the opinion."",
  ""CAT_requested"": true,
  ""CAT_requested_evidence"": ""Finally, Cruz-Ramirez argues that the Board’s discussion of Cruz-Ramirez’s CAT claim was inadequate as a matter of law and impermissibly ignored the arguments he raised in his administrative appeal.  We agree."",
  ""protected_ground_political_opinion"": false,
  ""protected_ground_particular_social_group"": true,
  ""protected_ground_particular_social_group_evidence"": ""1. The Board determined that the harm was not caused “on account of” his particular social group because “the interest of the gang was to extort money from [Cruz-Ramirez and his] family,” and that the gang’s purpose for targeting Cruz-Ramirez was merely to further that interest."",
  ""past_persecution_physical_violence"": true,
  ""past_persecution_physical_violence_evidence"": ""1. The Board determined that the harm was not caused “on account of” his particular social group because “the interest of the gang was to extort money from [Cruz-Ramirez and his] family,” and that the gang’s purpose for targeting Cruz-Ramirez was merely to further that interest."",
  ""past_persecution_death_threats"": true,
  ""past_persecution_death_threats_evidence"": ""1. The Board determined that the harm was not caused “on account of” his particular social group because “the interest of the gang was to extort money from [Cruz-Ramirez and his] family,” and that the gang’s purpose for targeting Cruz-Ramirez was merely to further that interest."",
  ""persecutor_nongovernmental_actor"": true,
  ""persecutor_nongovernmental_actor_evidence"": ""1. The Board determined that the harm was not caused “on account of” his particular social group because “the interest of the gang was to extort money from [Cruz-Ramirez and his] family,” and that the gang’s purpose for targeting Cruz-Ramirez was merely to further that interest."",
  ""credibility_finding"": false,
  ""credibility_finding_evidence"": ""Not mentioned in the opinion."",
  ""bars_one_year_deadline_missed"": true,
  ""bars_one_year_deadline_missed_evidence"": ""Because the Board “conducted its own review of the evidence and law rather than simply adopting the immigration judge’s decision,” our review “is limited to the [Board’s] decision[.]”  Hosseini v. Gonzales, 471 F.3d 953, 957 (9th Cir. 2006) (internal quotation marks omitted)."",
  ""nexus_requirement_met"": false,
  ""nexus_requirement_met_evidence"": ""1. The Board determined that the harm was not caused “on account of” his particular social group because “the interest of the gang was to extort money from [Cruz-Ramirez and his] family,” and that the gang’s purpose for targeting Cruz-Ramirez was merely to further that interest."",
  ""protected_ground_political_opinion"": false,
  ""protected_ground_political_opinion_evidence"": ""Not mentioned in the opinion."",
  ""protected_ground_particular_social_group"": true,
  ""protected_ground_particular_social_group_evidence"": ""1. The Board determined that the harm was not caused “on account of” his particular social group because “the interest of the gang was to extort money from [Cruz-Ramirez and his] family,” and that the gang’s purpose for targeting Cruz-Ramirez was merely to further that interest."",
  ""past_persecution_physical_violence"": true,
  ""past_persecution_physical_violence_evidence"": ""1. The Board determined that the harm was not caused “on account of” his particular social group because “the interest of the gang was to extort money from [Cruz-Ramirez and his] family,” and that the gang’s purpose for targeting Cruz-Ramirez was merely to further that interest."",
  ""past_persecution_death_threats"": true,
  ""past_persecution_death_threats_evidence"": ""1. The Board determined that the harm was not caused “on account of” his particular social group because “the interest of the gang was to extort money from [Cruz-Ramirez and his] family,” and that the gang’s purpose for targeting Cruz-Ramirez was merely to further that interest."",
  ""persecutor_nongovernmental_actor"": true,
  ""persecutor_nongovernmental_actor_evidence"": ""1. The Board determined that the harm was not caused “on account of” his particular social group because “the interest of the gang was to extort money from [Cruz-Ramirez and his] family,” and that the gang’s purpose for targeting Cruz-Ramirez was merely to further that interest."",
  ""credibility_finding"": false,
  ""credibility_finding_evidence"": ""Not mentioned in the opinion."",
  ""bars_one_year_deadline_missed"": true,
  ""bars_one_year_deadline_missed_evidence"": ""Because the Board “conducted its own review of the evidence and law rather than simply adopting the immigration judge’s decision,” our review “is limited to the [Board’s] decision[.]”  Hosseini v. Gonzales, 471 F.3d 953, 957 (9th Cir. 2006) (internal quotation marks omitted)."",
  ""nexus_requirement_met"": false,
  ""nexus_requirement_met_evidence"": ""1. The Board determined that the harm was not caused “on account of” his particular social group because “the interest of the gang was to extort money from [Cruz-Ramirez and his] family,” and that the gang’s purpose for targeting Cruz-Ramirez was merely to further that interest."""
17-71346-2020-06-17,https://cdn.ca9.uscourts.gov/datastore/memoranda/2020/06/17/17-71346.pdf,meta/llama-3.2-3b-instruct,nexus_requirement_met,,,17794,"parse: JSONDecodeError: Expecting ',' delimiter: line 38 column 318 (char 5542)","{
  ""asylum_requested"": true,
  ""asylum_requested_evidence"": ""Because the Board “conducted its own review of the evidence and law rather than simply adopting the immigration judge’s decision,” our review “is limited to the [Board’s] decision[.]”  Hosseini v. Gonzales, 471 F.3d 953, 957 (9th Cir. 2006) (internal quotation marks omitted)."",
  ""withholding_requested"": false,
  ""withholding_requested_evidence"": ""Not mentioned in the opinion."",
  ""CAT_requested"": true,
  ""CAT_requested_evidence"": ""Finally, Cruz-Ramirez argues that the Board’s discussion of Cruz-Ramirez’s CAT claim was inadequate as a matter of law and impermissibly ignored the arguments he raised in his administrative appeal.  We agree."",
  ""protected_ground_political_opinion"": false,
  ""protected_ground_particular_social_group"": true,
  ""protected_ground_particular_social_group_evidence"": ""1. The Board determined that the harm was not caused “on account of” his particular social group because “the interest of the gang was to extort money from [Cruz-Ramirez and his] family,” and that the gang’s purpose for targeting Cruz-Ramirez was merely to further that interest."",
  ""past_persecution_physical_violence"": true,
  ""past_persecution_physical_violence_evidence"": ""1. The Board determined that the harm was not caused “on account of” his particular social group because “the interest of the gang was to extort money from [Cruz-Ramirez and his] family,” and that the gang’s purpose for targeting Cruz-Ramirez was merely to further that interest."",
  ""past_persecution_death_threats"": true,
  ""past_persecution_death_threats_evidence"": ""1. The Board determined that the harm was not caused “on account of” his particular social group because “the interest of the gang was to extort money from [Cruz-Ramirez and his] family,” and that the gang’s purpose for targeting Cruz-Ramirez was merely to further that interest."",
  ""persecutor_nongovernmental_actor"": true,
  ""persecutor_nongovernmental_actor_evidence"": ""1. The Board determined that the harm was not caused “on account of” his particular social group because “the interest of the gang was to extort money from [Cruz-Ramirez and his] family,” and that the gang’s purpose for targeting Cruz-Ramirez was merely to further that interest."",
  ""credibility_finding"": false,
  ""credibility_finding_evidence"": ""Not mentioned in the opinion."",
  ""bars_one_year_deadline_missed"": true,
  ""bars_one_year_deadline_missed_evidence"": ""Because the Board “conducted its own review of the evidence and law rather than simply adopting the immigration judge’s decision,” our review “is limited to the [Board’s] decision[.]”  Hosseini v. Gonzales, 471 F.3d 953, 957 (9th Cir. 2006) (internal quotation marks omitted)."",
  ""nexus_requirement_met"": false,
  ""nexus_requirement_met_evidence"": ""1. The Board determined that the harm was not caused “on account of” his particular social group because “the interest of the gang was to extort money from [Cruz-Ramirez and his] family,” and that the gang’s purpose for targeting Cruz-Ramirez was merely to further that interest."",
  ""protected_ground_political_opinion"": false,
  ""protected_ground_political_opinion_evidence"": ""Not mentioned in the opinion."",
  ""protected_ground_particular_social_group"": true,
  ""protected_ground_particular_social_group_evidence"": ""1. The Board determined that the harm was not caused “on account of” his particular social group because “the interest of the gang was to extort money from [Cruz-Ramirez and his] family,” and that the gang’s purpose for targeting Cruz-Ramirez was merely to further that interest."",
  ""past_persecution_physical_violence"": true,
  ""past_persecution_physical_violence_evidence"": ""1. The Board determined that the harm was not caused “on account of” his particular social group because “the interest of the gang was to extort money from [Cruz-Ramirez and his] family,” and that the gang’s purpose for targeting Cruz-Ramirez was merely to further that interest."",
  ""past_persecution_death_threats"": true,
  ""past_persecution_death_threats_evidence"": ""1. The Board determined that the harm was not caused “on account of” his particular social group because “the interest of the gang was to extort money from [Cruz-Ramirez and his] family,” and that the gang’s purpose for targeting Cruz-Ramirez was merely to further that interest."",
  ""persecutor_nongovernmental_actor"": true,
  ""persecutor_nongovernmental_actor_evidence"": ""1. The Board determined that the harm was not caused “on account of” his particular social group because “the interest of the gang was to extort money from [Cruz-Ramirez and his] family,” and that the gang’s purpose for targeting Cruz-Ramirez was merely to further that interest."",
  ""credibility_finding"": false,
  ""credibility_finding_evidence"": ""Not mentioned in the opinion."",
  ""bars_one_year_deadline_missed"": true,
  ""bars_one_year_deadline_missed_evidence"": ""Because the Board “conducted its own review of the evidence and law rather than simply adopting the immigration judge’s decision,” our review “is limited to the [Board’s] decision[.]”  Hosseini v. Gonzales, 471 F.3d 953, 957 (9th Cir. 2006) (internal quotation marks omitted)."",
  ""nexus_requirement_met"": false,
  ""nexus_requirement_met_evidence"": ""1. The Board determined that the harm was not caused “on account of” his particular social group because “the interest of the gang was to extort money from [Cruz-Ramirez and his] family,” and that the gang’s purpose for targeting Cruz-Ramirez was merely to further that interest."""
25-120-2025-12-16,https://cdn.ca9.uscourts.gov/datastore/memoranda/2025/12/16/25-120.pdf,meta/llama-3.2-3b-instruct,asylum_requested,True,"Thus, Petitioners raised the PSG of Mexican women and the IJ erred in failing to address it.",5497,,"{
  ""asylum_requested"": true,
  ""asylum_requested_evidence"": ""Thus, Petitioners raised the PSG of Mexican women and the IJ erred in failing to address it."",
  ""withholding_requested"": false,
  ""withholding_requested_evidence"": ""Not mentioned in the opinion."",
  ""CAT_requested"": false,
  ""CAT_requested_evidence"": ""Not mentioned in the opinion."",
  ""protected_ground_political_opinion"": false,
  ""protected_ground_political_opinion_evidence"": ""Not mentioned in the opinion."",
  ""protected_ground_particular_social_group"": true,
  ""protected_ground_particular_social_group_evidence"": ""Thus, Petitioners raised the PSG of Mexican women and the IJ erred in failing to address it."",
  ""past_persecution_physical_violence"": false,
  ""past_persecution_physical_violence_evidence"": ""Not mentioned in the opinion."",
  ""past_persecution_death_threats"": false,
  ""past_persecution_death_threats_evidence"": ""Not mentioned in the opinion."",
  ""persecutor_nongovernmental_actor"": false,
  ""persecutor_nongovernmental_actor_evidence"": ""Not mentioned in the opinion."",
  ""credibility_finding"": false,
  ""credibility_finding_evidence"": ""Not mentioned in the opinion."",
  ""bars_one_year_deadline_missed"": true,
  ""bars_one_year_deadline_missed_evidence"": ""Where, as here, the BIA agrees with the IJ’s reasoning and supplements that reasoning with its own analysis, we review both decisions to the extent the BIA, in reaching its decision, relied on the grounds considered by the IJ."",
  ""nexus_requirement_met"": false,
  ""nexus_requirement_met_evidence"": ""Not mentioned in the opinion.""
}"
25-120-2025-12-16,https://cdn.ca9.uscourts.gov/datastore/memoranda/2025/12/16/25-120.pdf,meta/llama-3.2-3b-instruct,withholding_requested,False,Not mentioned in the opinion.,5497,,"{
  ""asylum_requested"": true,
  ""asylum_requested_evidence"": ""Thus, Petitioners raised the PSG of Mexican women and the IJ erred in failing to address it."",
  ""withholding_requested"": false,
  ""withholding_requested_evidence"": ""Not mentioned in the opinion."",
  ""CAT_requested"": false,
  ""CAT_requested_evidence"": ""Not mentioned in the opinion."",
  ""protected_ground_political_opinion"": false,
  ""protected_ground_political_opinion_evidence"": ""Not mentioned in the opinion."",
  ""protected_ground_particular_social_group"": true,
  ""protected_ground_particular_social_group_evidence"": ""Thus, Petitioners raised the PSG of Mexican women and the IJ erred in failing to address it."",
  ""past_persecution_physical_violence"": false,
  ""past_persecution_physical_violence_evidence"": ""Not mentioned in the opinion."",
  ""past_persecution_death_threats"": false,
  ""past_persecution_death_threats_evidence"": ""Not mentioned in the opinion."",
  ""persecutor_nongovernmental_actor"": false,
  ""persecutor_nongovernmental_actor_evidence"": ""Not mentioned in the opinion."",
  ""credibility_finding"": false,
  ""credibility_finding_evidence"": ""Not mentioned in the opinion."",
  ""bars_one_year_deadline_missed"": true,
  ""bars_one_year_deadline_missed_evidence"": ""Where, as here, the BIA agrees with the IJ’s reasoning and supplements that reasoning with its own analysis, we review both decisions to the extent the BIA, in reaching its decision, relied on the grounds considered by the IJ."",
  ""nexus_requirement_met"": false,
  ""nexus_requirement_met_evidence"": ""Not mentioned in the opinion.""
}"
25-120-2025-12-16,https://cdn.ca9.uscourts.gov/datastore/memoranda/2025/12/16/25-120.pdf,meta/llama-3.2-3b-instruct,CAT_requested,False,Not mentioned in the opinion.,5497,,"{
  ""asylum_requested"": true,
  ""asylum_requested_evidence"": ""Thus, Petitioners raised the PSG of Mexican women and the IJ erred in failing to address it."",
  ""withholding_requested"": false,
  ""withholding_requested_evidence"": ""Not mentioned in the opinion."",
  ""CAT_requested"": false,
  ""CAT_requested_evidence"": ""Not mentioned in the opinion."",
  ""protected_ground_political_opinion"": false,
  ""protected_ground_political_opinion_evidence"": ""Not mentioned in the opinion."",
  ""protected_ground_particular_social_group"": true,
  ""protected_ground_particular_social_group_evidence"": ""Thus, Petitioners raised the PSG of Mexican women and the IJ erred in failing to address it."",
  ""past_persecution_physical_violence"": false,
  ""past_persecution_physical_violence_evidence"": ""Not mentioned in the opinion."",
  ""past_persecution_death_threats"": false,
  ""past_persecution_death_threats_evidence"": ""Not mentioned in the opinion."",
  ""persecutor_nongovernmental_actor"": false,
  ""persecutor_nongovernmental_actor_evidence"": ""Not mentioned in the opinion."",
  ""credibility_finding"": false,
  ""credibility_finding_evidence"": ""Not mentioned in the opinion."",
  ""bars_one_year_deadline_missed"": true,
  ""bars_one_year_deadline_missed_evidence"": ""Where, as here, the BIA agrees with the IJ’s reasoning and supplements that reasoning with its own analysis, we review both decisions to the extent the BIA, in reaching its decision, relied on the grounds considered by the IJ."",
  ""nexus_requirement_met"": false,
  ""nexus_requirement_met_evidence"": ""Not mentioned in the opinion.""
}"
25-120-2025-12-16,https://cdn.ca9.uscourts.gov/datastore/memoranda/2025/12/16/25-120.pdf,meta/llama-3.2-3b-instruct,protected_ground_political_opinion,False,Not mentioned in the opinion.,5497,,"{
  ""asylum_requested"": true,
  ""asylum_requested_evidence"": ""Thus, Petitioners raised the PSG of Mexican women and the IJ erred in failing to address it."",
  ""withholding_requested"": false,
  ""withholding_requested_evidence"": ""Not mentioned in the opinion."",
  ""CAT_requested"": false,
  ""CAT_requested_evidence"": ""Not mentioned in the opinion."",
  ""protected_ground_political_opinion"": false,
  ""protected_ground_political_opinion_evidence"": ""Not mentioned in the opinion."",
  ""protected_ground_particular_social_group"": true,
  ""protected_ground_particular_social_group_evidence"": ""Thus, Petitioners raised the PSG of Mexican women and the IJ erred in failing to address it."",
  ""past_persecution_physical_violence"": false,
  ""past_persecution_physical_violence_evidence"": ""Not mentioned in the opinion."",
  ""past_persecution_death_threats"": false,
  ""past_persecution_death_threats_evidence"": ""Not mentioned in the opinion."",
  ""persecutor_nongovernmental_actor"": false,
  ""persecutor_nongovernmental_actor_evidence"": ""Not mentioned in the opinion."",
  ""credibility_finding"": false,
  ""credibility_finding_evidence"": ""Not mentioned in the opinion."",
  ""bars_one_year_deadline_missed"": true,
  ""bars_one_year_deadline_missed_evidence"": ""Where, as here, the BIA agrees with the IJ’s reasoning and supplements that reasoning with its own analysis, we review both decisions to the extent the BIA, in reaching its decision, relied on the grounds considered by the IJ."",
  ""nexus_requirement_met"": false,
  ""nexus_requirement_met_evidence"": ""Not mentioned in the opinion.""
}"
25-120-2025-12-16,https://cdn.ca9.uscourts.gov/datastore/memoranda/2025/12/16/25-120.pdf,meta/llama-3.2-3b-instruct,protected_ground_particular_social_group,True,"Thus, Petitioners raised the PSG of Mexican women and the IJ erred in failing to address it.",5497,,"{
  ""asylum_requested"": true,
  ""asylum_requested_evidence"": ""Thus, Petitioners raised the PSG of Mexican women and the IJ erred in failing to address it."",
  ""withholding_requested"": false,
  ""withholding_requested_evidence"": ""Not mentioned in the opinion."",
  ""CAT_requested"": false,
  ""CAT_requested_evidence"": ""Not mentioned in the opinion."",
  ""protected_ground_political_opinion"": false,
  ""protected_ground_political_opinion_evidence"": ""Not mentioned in the opinion."",
  ""protected_ground_particular_social_group"": true,
  ""protected_ground_particular_social_group_evidence"": ""Thus, Petitioners raised the PSG of Mexican women and the IJ erred in failing to address it."",
  ""past_persecution_physical_violence"": false,
  ""past_persecution_physical_violence_evidence"": ""Not mentioned in the opinion."",
  ""past_persecution_death_threats"": false,
  ""past_persecution_death_threats_evidence"": ""Not mentioned in the opinion."",
  ""persecutor_nongovernmental_actor"": false,
  ""persecutor_nongovernmental_actor_evidence"": ""Not mentioned in the opinion."",
  ""credibility_finding"": false,
  ""credibility_finding_evidence"": ""Not mentioned in the opinion."",
  ""bars_one_year_deadline_missed"": true,
  ""bars_one_year_deadline_missed_evidence"": ""Where, as here, the BIA agrees with the IJ’s reasoning and supplements that reasoning with its own analysis, we review both decisions to the extent the BIA, in reaching its decision, relied on the grounds considered by the IJ."",
  ""nexus_requirement_met"": false,
  ""nexus_requirement_met_evidence"": ""Not mentioned in the opinion.""
}"
25-120-2025-12-16,https://cdn.ca9.uscourts.gov/datastore/memoranda/2025/12/16/25-120.pdf,meta/llama-3.2-3b-instruct,past_persecution_physical_violence,False,Not mentioned in the opinion.,5497,,"{
  ""asylum_requested"": true,
  ""asylum_requested_evidence"": ""Thus, Petitioners raised the PSG of Mexican women and the IJ erred in failing to address it."",
  ""withholding_requested"": false,
  ""withholding_requested_evidence"": ""Not mentioned in the opinion."",
  ""CAT_requested"": false,
  ""CAT_requested_evidence"": ""Not mentioned in the opinion."",
  ""protected_ground_political_opinion"": false,
  ""protected_ground_political_opinion_evidence"": ""Not mentioned in the opinion."",
  ""protected_ground_particular_social_group"": true,
  ""protected_ground_particular_social_group_evidence"": ""Thus, Petitioners raised the PSG of Mexican women and the IJ erred in failing to address it."",
  ""past_persecution_physical_violence"": false,
  ""past_persecution_physical_violence_evidence"": ""Not mentioned in the opinion."",
  ""past_persecution_death_threats"": false,
  ""past_persecution_death_threats_evidence"": ""Not mentioned in the opinion."",
  ""persecutor_nongovernmental_actor"": false,
  ""persecutor_nongovernmental_actor_evidence"": ""Not mentioned in the opinion."",
  ""credibility_finding"": false,
  ""credibility_finding_evidence"": ""Not mentioned in the opinion."",
  ""bars_one_year_deadline_missed"": true,
  ""bars_one_year_deadline_missed_evidence"": ""Where, as here, the BIA agrees with the IJ’s reasoning and supplements that reasoning with its own analysis, we review both decisions to the extent the BIA, in reaching its decision, relied on the grounds considered by the IJ."",
  ""nexus_requirement_met"": false,
  ""nexus_requirement_met_evidence"": ""Not mentioned in the opinion.""
}"
25-120-2025-12-16,https://cdn.ca9.uscourts.gov/datastore/memoranda/2025/12/16/25-120.pdf,meta/llama-3.2-3b-instruct,past_persecution_death_threats,False,Not mentioned in the opinion.,5497,,"{
  ""asylum_requested"": true,
  ""asylum_requested_evidence"": ""Thus, Petitioners raised the PSG of Mexican women and the IJ erred in failing to address it."",
  ""withholding_requested"": false,
  ""withholding_requested_evidence"": ""Not mentioned in the opinion."",
  ""CAT_requested"": false,
  ""CAT_requested_evidence"": ""Not mentioned in the opinion."",
  ""protected_ground_political_opinion"": false,
  ""protected_ground_political_opinion_evidence"": ""Not mentioned in the opinion."",
  ""protected_ground_particular_social_group"": true,
  ""protected_ground_particular_social_group_evidence"": ""Thus, Petitioners raised the PSG of Mexican women and the IJ erred in failing to address it."",
  ""past_persecution_physical_violence"": false,
  ""past_persecution_physical_violence_evidence"": ""Not mentioned in the opinion."",
  ""past_persecution_death_threats"": false,
  ""past_persecution_death_threats_evidence"": ""Not mentioned in the opinion."",
  ""persecutor_nongovernmental_actor"": false,
  ""persecutor_nongovernmental_actor_evidence"": ""Not mentioned in the opinion."",
  ""credibility_finding"": false,
  ""credibility_finding_evidence"": ""Not mentioned in the opinion."",
  ""bars_one_year_deadline_missed"": true,
  ""bars_one_year_deadline_missed_evidence"": ""Where, as here, the BIA agrees with the IJ’s reasoning and supplements that reasoning with its own analysis, we review both decisions to the extent the BIA, in reaching its decision, relied on the grounds considered by the IJ."",
  ""nexus_requirement_met"": false,
  ""nexus_requirement_met_evidence"": ""Not mentioned in the opinion.""
}"
25-120-2025-12-16,https://cdn.ca9.uscourts.gov/datastore/memoranda/2025/12/16/25-120.pdf,meta/llama-3.2-3b-instruct,persecutor_nongovernmental_actor,False,Not mentioned in the opinion.,5497,,"{
  ""asylum_requested"": true,
  ""asylum_requested_evidence"": ""Thus, Petitioners raised the PSG of Mexican women and the IJ erred in failing to address it."",
  ""withholding_requested"": false,
  ""withholding_requested_evidence"": ""Not mentioned in the opinion."",
  ""CAT_requested"": false,
  ""CAT_requested_evidence"": ""Not mentioned in the opinion."",
  ""protected_ground_political_opinion"": false,
  ""protected_ground_political_opinion_evidence"": ""Not mentioned in the opinion."",
  ""protected_ground_particular_social_group"": true,
  ""protected_ground_particular_social_group_evidence"": ""Thus, Petitioners raised the PSG of Mexican women and the IJ erred in failing to address it."",
  ""past_persecution_physical_violence"": false,
  ""past_persecution_physical_violence_evidence"": ""Not mentioned in the opinion."",
  ""past_persecution_death_threats"": false,
  ""past_persecution_death_threats_evidence"": ""Not mentioned in the opinion."",
  ""persecutor_nongovernmental_actor"": false,
  ""persecutor_nongovernmental_actor_evidence"": ""Not mentioned in the opinion."",
  ""credibility_finding"": false,
  ""credibility_finding_evidence"": ""Not mentioned in the opinion."",
  ""bars_one_year_deadline_missed"": true,
  ""bars_one_year_deadline_missed_evidence"": ""Where, as here, the BIA agrees with the IJ’s reasoning and supplements that reasoning with its own analysis, we review both decisions to the extent the BIA, in reaching its decision, relied on the grounds considered by the IJ."",
  ""nexus_requirement_met"": false,
  ""nexus_requirement_met_evidence"": ""Not mentioned in the opinion.""
}"
25-120-2025-12-16,https://cdn.ca9.uscourts.gov/datastore/memoranda/2025/12/16/25-120.pdf,meta/llama-3.2-3b-instruct,credibility_finding,False,Not mentioned in the opinion.,5497,,"{
  ""asylum_requested"": true,
  ""asylum_requested_evidence"": ""Thus, Petitioners raised the PSG of Mexican women and the IJ erred in failing to address it."",
  ""withholding_requested"": false,
  ""withholding_requested_evidence"": ""Not mentioned in the opinion."",
  ""CAT_requested"": false,
  ""CAT_requested_evidence"": ""Not mentioned in the opinion."",
  ""protected_ground_political_opinion"": false,
  ""protected_ground_political_opinion_evidence"": ""Not mentioned in the opinion."",
  ""protected_ground_particular_social_group"": true,
  ""protected_ground_particular_social_group_evidence"": ""Thus, Petitioners raised the PSG of Mexican women and the IJ erred in failing to address it."",
  ""past_persecution_physical_violence"": false,
  ""past_persecution_physical_violence_evidence"": ""Not mentioned in the opinion."",
  ""past_persecution_death_threats"": false,
  ""past_persecution_death_threats_evidence"": ""Not mentioned in the opinion."",
  ""persecutor_nongovernmental_actor"": false,
  ""persecutor_nongovernmental_actor_evidence"": ""Not mentioned in the opinion."",
  ""credibility_finding"": false,
  ""credibility_finding_evidence"": ""Not mentioned in the opinion."",
  ""bars_one_year_deadline_missed"": true,
  ""bars_one_year_deadline_missed_evidence"": ""Where, as here, the BIA agrees with the IJ’s reasoning and supplements that reasoning with its own analysis, we review both decisions to the extent the BIA, in reaching its decision, relied on the grounds considered by the IJ."",
  ""nexus_requirement_met"": false,
  ""nexus_requirement_met_evidence"": ""Not mentioned in the opinion.""
}"
25-120-2025-12-16,https://cdn.ca9.uscourts.gov/datastore/memoranda/2025/12/16/25-120.pdf,meta/llama-3.2-3b-instruct,bars_one_year_deadline_missed,True,"Where, as here, the BIA agrees with the IJ’s reasoning and supplements that reasoning with its own analysis, we review both decisions to the extent the BIA, in reaching its decision, relied on the grounds considered by the IJ.",5497,,"{
  ""asylum_requested"": true,
  ""asylum_requested_evidence"": ""Thus, Petitioners raised the PSG of Mexican women and the IJ erred in failing to address it."",
  ""withholding_requested"": false,
  ""withholding_requested_evidence"": ""Not mentioned in the opinion."",
  ""CAT_requested"": false,
  ""CAT_requested_evidence"": ""Not mentioned in the opinion."",
  ""protected_ground_political_opinion"": false,
  ""protected_ground_political_opinion_evidence"": ""Not mentioned in the opinion."",
  ""protected_ground_particular_social_group"": true,
  ""protected_ground_particular_social_group_evidence"": ""Thus, Petitioners raised the PSG of Mexican women and the IJ erred in failing to address it."",
  ""past_persecution_physical_violence"": false,
  ""past_persecution_physical_violence_evidence"": ""Not mentioned in the opinion."",
  ""past_persecution_death_threats"": false,
  ""past_persecution_death_threats_evidence"": ""Not mentioned in the opinion."",
  ""persecutor_nongovernmental_actor"": false,
  ""persecutor_nongovernmental_actor_evidence"": ""Not mentioned in the opinion."",
  ""credibility_finding"": false,
  ""credibility_finding_evidence"": ""Not mentioned in the opinion."",
  ""bars_one_year_deadline_missed"": true,
  ""bars_one_year_deadline_missed_evidence"": ""Where, as here, the BIA agrees with the IJ’s reasoning and supplements that reasoning with its own analysis, we review both decisions to the extent the BIA, in reaching its decision, relied on the grounds considered by the IJ."",
  ""nexus_requirement_met"": false,
  ""nexus_requirement_met_evidence"": ""Not mentioned in the opinion.""
}"
25-120-2025-12-16,https://cdn.ca9.uscourts.gov/datastore/memoranda/2025/12/16/25-120.pdf,meta/llama-3.2-3b-instruct,nexus_requirement_met,False,Not mentioned in the opinion.,5497,,"{
  ""asylum_requested"": true,
  ""asylum_requested_evidence"": ""Thus, Petitioners raised the PSG of Mexican women and the IJ erred in failing to address it."",
  ""withholding_requested"": false,
  ""withholding_requested_evidence"": ""Not mentioned in the opinion."",
  ""CAT_requested"": false,
  ""CAT_requested_evidence"": ""Not mentioned in the opinion."",
  ""protected_ground_political_opinion"": false,
  ""protected_ground_political_opinion_evidence"": ""Not mentioned in the opinion."",
  ""protected_ground_particular_social_group"": true,
  ""protected_ground_particular_social_group_evidence"": ""Thus, Petitioners raised the PSG of Mexican women and the IJ erred in failing to address it."",
  ""past_persecution_physical_violence"": false,
  ""past_persecution_physical_violence_evidence"": ""Not mentioned in the opinion."",
  ""past_persecution_death_threats"": false,
  ""past_persecution_death_threats_evidence"": ""Not mentioned in the opinion."",
  ""persecutor_nongovernmental_actor"": false,
  ""persecutor_nongovernmental_actor_evidence"": ""Not mentioned in the opinion."",
  ""credibility_finding"": false,
  ""credibility_finding_evidence"": ""Not mentioned in the opinion."",
  ""bars_one_year_deadline_missed"": true,
  ""bars_one_year_deadline_missed_evidence"": ""Where, as here, the BIA agrees with the IJ’s reasoning and supplements that reasoning with its own analysis, we review both decisions to the extent the BIA, in reaching its decision, relied on the grounds considered by the IJ."",
  ""nexus_requirement_met"": false,
  ""nexus_requirement_met_evidence"": ""Not mentioned in the opinion.""
}"
18-70505-2020-12-07,https://cdn.ca9.uscourts.gov/datastore/memoranda/2020/12/07/18-70505.pdf,meta/llama-3.2-3b-instruct,asylum_requested,True,We grant the petition.,5719,,"{
  ""asylum_requested"": true,
  ""asylum_requested_evidence"": ""We grant the petition."", 
  ""withholding_requested"": false,
  ""withholding_requested_evidence"": ""Not mentioned in the opinion."",
  ""CAT_requested"": false,
  ""CAT_requested_evidence"": ""Not mentioned in the opinion."",
  ""protected_ground_political_opinion"": false,
  ""protected_ground_political_opinion_evidence"": ""Not mentioned in the opinion."",
  ""protected_ground_particular_social_group"": false,
  ""protected_ground_particular_social_group_evidence"": ""Not mentioned in the opinion."",
  ""past_persecution_physical_violence"": false,
  ""past_persecution_physical_violence_evidence"": ""Not mentioned in the opinion."",
  ""past_persecution_death_threats"": false,
  ""past_persecution_death_threats_evidence"": ""Not mentioned in the opinion."",
  ""persecutor_nongovernmental_actor"": false,
  ""persecutor_nongovernmental_actor_evidence"": ""Not mentioned in the opinion."",
  ""credibility_finding"": false,
  ""credibility_finding_evidence"": ""Not mentioned in the opinion."",
  ""bars_one_year_deadline_missed"": true,
  ""bars_one_year_deadline_missed_evidence"": ""The BIA abused its discretion in concluding that Li’s motion did not substantially comply with Matter of Lozada, 19 I. & N. Dec. 637 (BIA 1988)."", 
  ""nexus_requirement_met"": false,
  ""nexus_requirement_met_evidence"": ""Not mentioned in the opinion.""
}"
18-70505-2020-12-07,https://cdn.ca9.uscourts.gov/datastore/memoranda/2020/12/07/18-70505.pdf,meta/llama-3.2-3b-instruct,withholding_requested,False,Not mentioned in the opinion.,5719,,"{
  ""asylum_requested"": true,
  ""asylum_requested_evidence"": ""We grant the petition."", 
  ""withholding_requested"": false,
  ""withholding_requested_evidence"": ""Not mentioned in the opinion."",
  ""CAT_requested"": false,
  ""CAT_requested_evidence"": ""Not mentioned in the opinion."",
  ""protected_ground_political_opinion"": false,
  ""protected_ground_political_opinion_evidence"": ""Not mentioned in the opinion."",
  ""protected_ground_particular_social_group"": false,
  ""protected_ground_particular_social_group_evidence"": ""Not mentioned in the opinion."",
  ""past_persecution_physical_violence"": false,
  ""past_persecution_physical_violence_evidence"": ""Not mentioned in the opinion."",
  ""past_persecution_death_threats"": false,
  ""past_persecution_death_threats_evidence"": ""Not mentioned in the opinion."",
  ""persecutor_nongovernmental_actor"": false,
  ""persecutor_nongovernmental_actor_evidence"": ""Not mentioned in the opinion."",
  ""credibility_finding"": false,
  ""credibility_finding_evidence"": ""Not mentioned in the opinion."",
  ""bars_one_year_deadline_missed"": true,
  ""bars_one_year_deadline_missed_evidence"": ""The BIA abused its discretion in concluding that Li’s motion did not substantially comply with Matter of Lozada, 19 I. & N. Dec. 637 (BIA 1988)."", 
  ""nexus_requirement_met"": false,
  ""nexus_requirement_met_evidence"": ""Not mentioned in the opinion.""
}"
18-70505-2020-12-07,https://cdn.ca9.uscourts.gov/datastore/memoranda/2020/12/07/18-70505.pdf,meta/llama-3.2-3b-instruct,CAT_requested,False,Not mentioned in the opinion.,5719,,"{
  ""asylum_requested"": true,
  ""asylum_requested_evidence"": ""We grant the petition."", 
  ""withholding_requested"": false,
  ""withholding_requested_evidence"": ""Not mentioned in the opinion."",
  ""CAT_requested"": false,
  ""CAT_requested_evidence"": ""Not mentioned in the opinion."",
  ""protected_ground_political_opinion"": false,
  ""protected_ground_political_opinion_evidence"": ""Not mentioned in the opinion."",
  ""protected_ground_particular_social_group"": false,
  ""protected_ground_particular_social_group_evidence"": ""Not mentioned in the opinion."",
  ""past_persecution_physical_violence"": false,
  ""past_persecution_physical_violence_evidence"": ""Not mentioned in the opinion."",
  ""past_persecution_death_threats"": false,
  ""past_persecution_death_threats_evidence"": ""Not mentioned in the opinion."",
  ""persecutor_nongovernmental_actor"": false,
  ""persecutor_nongovernmental_actor_evidence"": ""Not mentioned in the opinion."",
  ""credibility_finding"": false,
  ""credibility_finding_evidence"": ""Not mentioned in the opinion."",
  ""bars_one_year_deadline_missed"": true,
  ""bars_one_year_deadline_missed_evidence"": ""The BIA abused its discretion in concluding that Li’s motion did not substantially comply with Matter of Lozada, 19 I. & N. Dec. 637 (BIA 1988)."", 
  ""nexus_requirement_met"": false,
  ""nexus_requirement_met_evidence"": ""Not mentioned in the opinion.""
}"
18-70505-2020-12-07,https://cdn.ca9.uscourts.gov/datastore/memoranda/2020/12/07/18-70505.pdf,meta/llama-3.2-3b-instruct,protected_ground_political_opinion,False,Not mentioned in the opinion.,5719,,"{
  ""asylum_requested"": true,
  ""asylum_requested_evidence"": ""We grant the petition."", 
  ""withholding_requested"": false,
  ""withholding_requested_evidence"": ""Not mentioned in the opinion."",
  ""CAT_requested"": false,
  ""CAT_requested_evidence"": ""Not mentioned in the opinion."",
  ""protected_ground_political_opinion"": false,
  ""protected_ground_political_opinion_evidence"": ""Not mentioned in the opinion."",
  ""protected_ground_particular_social_group"": false,
  ""protected_ground_particular_social_group_evidence"": ""Not mentioned in the opinion."",
  ""past_persecution_physical_violence"": false,
  ""past_persecution_physical_violence_evidence"": ""Not mentioned in the opinion."",
  ""past_persecution_death_threats"": false,
  ""past_persecution_death_threats_evidence"": ""Not mentioned in the opinion."",
  ""persecutor_nongovernmental_actor"": false,
  ""persecutor_nongovernmental_actor_evidence"": ""Not mentioned in the opinion."",
  ""credibility_finding"": false,
  ""credibility_finding_evidence"": ""Not mentioned in the opinion."",
  ""bars_one_year_deadline_missed"": true,
  ""bars_one_year_deadline_missed_evidence"": ""The BIA abused its discretion in concluding that Li’s motion did not substantially comply with Matter of Lozada, 19 I. & N. Dec. 637 (BIA 1988)."", 
  ""nexus_requirement_met"": false,
  ""nexus_requirement_met_evidence"": ""Not mentioned in the opinion.""
}"
18-70505-2020-12-07,https://cdn.ca9.uscourts.gov/datastore/memoranda/2020/12/07/18-70505.pdf,meta/llama-3.2-3b-instruct,protected_ground_particular_social_group,False,Not mentioned in the opinion.,5719,,"{
  ""asylum_requested"": true,
  ""asylum_requested_evidence"": ""We grant the petition."", 
  ""withholding_requested"": false,
  ""withholding_requested_evidence"": ""Not mentioned in the opinion."",
  ""CAT_requested"": false,
  ""CAT_requested_evidence"": ""Not mentioned in the opinion."",
  ""protected_ground_political_opinion"": false,
  ""protected_ground_political_opinion_evidence"": ""Not mentioned in the opinion."",
  ""protected_ground_particular_social_group"": false,
  ""protected_ground_particular_social_group_evidence"": ""Not mentioned in the opinion."",
  ""past_persecution_physical_violence"": false,
  ""past_persecution_physical_violence_evidence"": ""Not mentioned in the opinion."",
  ""past_persecution_death_threats"": false,
  ""past_persecution_death_threats_evidence"": ""Not mentioned in the opinion."",
  ""persecutor_nongovernmental_actor"": false,
  ""persecutor_nongovernmental_actor_evidence"": ""Not mentioned in the opinion."",
  ""credibility_finding"": false,
  ""credibility_finding_evidence"": ""Not mentioned in the opinion."",
  ""bars_one_year_deadline_missed"": true,
  ""bars_one_year_deadline_missed_evidence"": ""The BIA abused its discretion in concluding that Li’s motion did not substantially comply with Matter of Lozada, 19 I. & N. Dec. 637 (BIA 1988)."", 
  ""nexus_requirement_met"": false,
  ""nexus_requirement_met_evidence"": ""Not mentioned in the opinion.""
}"
18-70505-2020-12-07,https://cdn.ca9.uscourts.gov/datastore/memoranda/2020/12/07/18-70505.pdf,meta/llama-3.2-3b-instruct,past_persecution_physical_violence,False,Not mentioned in the opinion.,5719,,"{
  ""asylum_requested"": true,
  ""asylum_requested_evidence"": ""We grant the petition."", 
  ""withholding_requested"": false,
  ""withholding_requested_evidence"": ""Not mentioned in the opinion."",
  ""CAT_requested"": false,
  ""CAT_requested_evidence"": ""Not mentioned in the opinion."",
  ""protected_ground_political_opinion"": false,
  ""protected_ground_political_opinion_evidence"": ""Not mentioned in the opinion."",
  ""protected_ground_particular_social_group"": false,
  ""protected_ground_particular_social_group_evidence"": ""Not mentioned in the opinion."",
  ""past_persecution_physical_violence"": false,
  ""past_persecution_physical_violence_evidence"": ""Not mentioned in the opinion."",
  ""past_persecution_death_threats"": false,
  ""past_persecution_death_threats_evidence"": ""Not mentioned in the opinion."",
  ""persecutor_nongovernmental_actor"": false,
  ""persecutor_nongovernmental_actor_evidence"": ""Not mentioned in the opinion."",
  ""credibility_finding"": false,
  ""credibility_finding_evidence"": ""Not mentioned in the opinion."",
  ""bars_one_year_deadline_missed"": true,
  ""bars_one_year_deadline_missed_evidence"": ""The BIA abused its discretion in concluding that Li’s motion did not substantially comply with Matter of Lozada, 19 I. & N. Dec. 637 (BIA 1988)."", 
  ""nexus_requirement_met"": false,
  ""nexus_requirement_met_evidence"": ""Not mentioned in the opinion.""
}"
18-70505-2020-12-07,https://cdn.ca9.uscourts.gov/datastore/memoranda/2020/12/07/18-70505.pdf,meta/llama-3.2-3b-instruct,past_persecution_death_threats,False,Not mentioned in the opinion.,5719,,"{
  ""asylum_requested"": true,
  ""asylum_requested_evidence"": ""We grant the petition."", 
  ""withholding_requested"": false,
  ""withholding_requested_evidence"": ""Not mentioned in the opinion."",
  ""CAT_requested"": false,
  ""CAT_requested_evidence"": ""Not mentioned in the opinion."",
  ""protected_ground_political_opinion"": false,
  ""protected_ground_political_opinion_evidence"": ""Not mentioned in the opinion."",
  ""protected_ground_particular_social_group"": false,
  ""protected_ground_particular_social_group_evidence"": ""Not mentioned in the opinion."",
  ""past_persecution_physical_violence"": false,
  ""past_persecution_physical_violence_evidence"": ""Not mentioned in the opinion."",
  ""past_persecution_death_threats"": false,
  ""past_persecution_death_threats_evidence"": ""Not mentioned in the opinion."",
  ""persecutor_nongovernmental_actor"": false,
  ""persecutor_nongovernmental_actor_evidence"": ""Not mentioned in the opinion."",
  ""credibility_finding"": false,
  ""credibility_finding_evidence"": ""Not mentioned in the opinion."",
  ""bars_one_year_deadline_missed"": true,
  ""bars_one_year_deadline_missed_evidence"": ""The BIA abused its discretion in concluding that Li’s motion did not substantially comply with Matter of Lozada, 19 I. & N. Dec. 637 (BIA 1988)."", 
  ""nexus_requirement_met"": false,
  ""nexus_requirement_met_evidence"": ""Not mentioned in the opinion.""
}"
18-70505-2020-12-07,https://cdn.ca9.uscourts.gov/datastore/memoranda/2020/12/07/18-70505.pdf,meta/llama-3.2-3b-instruct,persecutor_nongovernmental_actor,False,Not mentioned in the opinion.,5719,,"{
  ""asylum_requested"": true,
  ""asylum_requested_evidence"": ""We grant the petition."", 
  ""withholding_requested"": false,
  ""withholding_requested_evidence"": ""Not mentioned in the opinion."",
  ""CAT_requested"": false,
  ""CAT_requested_evidence"": ""Not mentioned in the opinion."",
  ""protected_ground_political_opinion"": false,
  ""protected_ground_political_opinion_evidence"": ""Not mentioned in the opinion."",
  ""protected_ground_particular_social_group"": false,
  ""protected_ground_particular_social_group_evidence"": ""Not mentioned in the opinion."",
  ""past_persecution_physical_violence"": false,
  ""past_persecution_physical_violence_evidence"": ""Not mentioned in the opinion."",
  ""past_persecution_death_threats"": false,
  ""past_persecution_death_threats_evidence"": ""Not mentioned in the opinion."",
  ""persecutor_nongovernmental_actor"": false,
  ""persecutor_nongovernmental_actor_evidence"": ""Not mentioned in the opinion."",
  ""credibility_finding"": false,
  ""credibility_finding_evidence"": ""Not mentioned in the opinion."",
  ""bars_one_year_deadline_missed"": true,
  ""bars_one_year_deadline_missed_evidence"": ""The BIA abused its discretion in concluding that Li’s motion did not substantially comply with Matter of Lozada, 19 I. & N. Dec. 637 (BIA 1988)."", 
  ""nexus_requirement_met"": false,
  ""nexus_requirement_met_evidence"": ""Not mentioned in the opinion.""
}"
18-70505-2020-12-07,https://cdn.ca9.uscourts.gov/datastore/memoranda/2020/12/07/18-70505.pdf,meta/llama-3.2-3b-instruct,credibility_finding,False,Not mentioned in the opinion.,5719,,"{
  ""asylum_requested"": true,
  ""asylum_requested_evidence"": ""We grant the petition."", 
  ""withholding_requested"": false,
  ""withholding_requested_evidence"": ""Not mentioned in the opinion."",
  ""CAT_requested"": false,
  ""CAT_requested_evidence"": ""Not mentioned in the opinion."",
  ""protected_ground_political_opinion"": false,
  ""protected_ground_political_opinion_evidence"": ""Not mentioned in the opinion."",
  ""protected_ground_particular_social_group"": false,
  ""protected_ground_particular_social_group_evidence"": ""Not mentioned in the opinion."",
  ""past_persecution_physical_violence"": false,
  ""past_persecution_physical_violence_evidence"": ""Not mentioned in the opinion."",
  ""past_persecution_death_threats"": false,
  ""past_persecution_death_threats_evidence"": ""Not mentioned in the opinion."",
  ""persecutor_nongovernmental_actor"": false,
  ""persecutor_nongovernmental_actor_evidence"": ""Not mentioned in the opinion."",
  ""credibility_finding"": false,
  ""credibility_finding_evidence"": ""Not mentioned in the opinion."",
  ""bars_one_year_deadline_missed"": true,
  ""bars_one_year_deadline_missed_evidence"": ""The BIA abused its discretion in concluding that Li’s motion did not substantially comply with Matter of Lozada, 19 I. & N. Dec. 637 (BIA 1988)."", 
  ""nexus_requirement_met"": false,
  ""nexus_requirement_met_evidence"": ""Not mentioned in the opinion.""
}"
18-70505-2020-12-07,https://cdn.ca9.uscourts.gov/datastore/memoranda/2020/12/07/18-70505.pdf,meta/llama-3.2-3b-instruct,bars_one_year_deadline_missed,True,"The BIA abused its discretion in concluding that Li’s motion did not substantially comply with Matter of Lozada, 19 I. & N. Dec. 637 (BIA 1988).",5719,,"{
  ""asylum_requested"": true,
  ""asylum_requested_evidence"": ""We grant the petition."", 
  ""withholding_requested"": false,
  ""withholding_requested_evidence"": ""Not mentioned in the opinion."",
  ""CAT_requested"": false,
  ""CAT_requested_evidence"": ""Not mentioned in the opinion."",
  ""protected_ground_political_opinion"": false,
  ""protected_ground_political_opinion_evidence"": ""Not mentioned in the opinion."",
  ""protected_ground_particular_social_group"": false,
  ""protected_ground_particular_social_group_evidence"": ""Not mentioned in the opinion."",
  ""past_persecution_physical_violence"": false,
  ""past_persecution_physical_violence_evidence"": ""Not mentioned in the opinion."",
  ""past_persecution_death_threats"": false,
  ""past_persecution_death_threats_evidence"": ""Not mentioned in the opinion."",
  ""persecutor_nongovernmental_actor"": false,
  ""persecutor_nongovernmental_actor_evidence"": ""Not mentioned in the opinion."",
  ""credibility_finding"": false,
  ""credibility_finding_evidence"": ""Not mentioned in the opinion."",
  ""bars_one_year_deadline_missed"": true,
  ""bars_one_year_deadline_missed_evidence"": ""The BIA abused its discretion in concluding that Li’s motion did not substantially comply with Matter of Lozada, 19 I. & N. Dec. 637 (BIA 1988)."", 
  ""nexus_requirement_met"": false,
  ""nexus_requirement_met_evidence"": ""Not mentioned in the opinion.""
}"
18-70505-2020-12-07,https://cdn.ca9.uscourts.gov/datastore/memoranda/2020/12/07/18-70505.pdf,meta/llama-3.2-3b-instruct,nexus_requirement_met,False,Not mentioned in the opinion.,5719,,"{
  ""asylum_requested"": true,
  ""asylum_requested_evidence"": ""We grant the petition."", 
  ""withholding_requested"": false,
  ""withholding_requested_evidence"": ""Not mentioned in the opinion."",
  ""CAT_requested"": false,
  ""CAT_requested_evidence"": ""Not mentioned in the opinion."",
  ""protected_ground_political_opinion"": false,
  ""protected_ground_political_opinion_evidence"": ""Not mentioned in the opinion."",
  ""protected_ground_particular_social_group"": false,
  ""protected_ground_particular_social_group_evidence"": ""Not mentioned in the opinion."",
  ""past_persecution_physical_violence"": false,
  ""past_persecution_physical_violence_evidence"": ""Not mentioned in the opinion."",
  ""past_persecution_death_threats"": false,
  ""past_persecution_death_threats_evidence"": ""Not mentioned in the opinion."",
  ""persecutor_nongovernmental_actor"": false,
  ""persecutor_nongovernmental_actor_evidence"": ""Not mentioned in the opinion."",
  ""credibility_finding"": false,
  ""credibility_finding_evidence"": ""Not mentioned in the opinion."",
  ""bars_one_year_deadline_missed"": true,
  ""bars_one_year_deadline_missed_evidence"": ""The BIA abused its discretion in concluding that Li’s motion did not substantially comply with Matter of Lozada, 19 I. & N. Dec. 637 (BIA 1988)."", 
  ""nexus_requirement_met"": false,
  ""nexus_requirement_met_evidence"": ""Not mentioned in the opinion.""
}"
18-71905-2021-01-28,https://cdn.ca9.uscourts.gov/datastore/memoranda/2021/01/28/18-71905.pdf,meta/llama-3.2-3b-instruct,asylum_requested,False,Not mentioned in the opinion.,4325,,"{
  ""asylum_requested"": false,
  ""asylum_requested_evidence"": ""Not mentioned in the opinion."",
  ""withholding_requested"": false,
  ""withholding_requested_evidence"": ""Not mentioned in the opinion."",
  ""CAT_requested"": false,
  ""CAT_requested_evidence"": ""Not mentioned in the opinion."",
  ""protected_ground_political_opinion"": false,
  ""protected_ground_political_opinion_evidence"": ""Not mentioned in the opinion."",
  ""protected_ground_particular_social_group"": false,
  ""protected_ground_particular_social_group_evidence"": ""Not mentioned in the opinion."",
  ""past_persecution_physical_violence"": false,
  ""past_persecution_physical_violence_evidence"": ""Not mentioned in the opinion."",
  ""past_persecution_death_threats"": false,
  ""past_persecution_death_threats_evidence"": ""Not mentioned in the opinion."",
  ""persecutor_nongovernmental_actor"": false,
  ""persecutor_nongovernmental_actor_evidence"": ""Not mentioned in the opinion."",
  ""credibility_finding"": false,
  ""credibility_finding_evidence"": ""Not mentioned in the opinion."",
  ""bars_one_year_deadline_missed"": false,
  ""bars_one_year_deadline_missed_evidence"": ""Not mentioned in the opinion."",
  ""nexus_requirement_met"": false,
  ""nexus_requirement_met_evidence"": ""Not mentioned in the opinion.""
}"
18-71905-2021-01-28,https://cdn.ca9.uscourts.gov/datastore/memoranda/2021/01/28/18-71905.pdf,meta/llama-3.2-3b-instruct,withholding_requested,False,Not mentioned in the opinion.,4325,,"{
  ""asylum_requested"": false,
  ""asylum_requested_evidence"": ""Not mentioned in the opinion."",
  ""withholding_requested"": false,
  ""withholding_requested_evidence"": ""Not mentioned in the opinion."",
  ""CAT_requested"": false,
  ""CAT_requested_evidence"": ""Not mentioned in the opinion."",
  ""protected_ground_political_opinion"": false,
  ""protected_ground_political_opinion_evidence"": ""Not mentioned in the opinion."",
  ""protected_ground_particular_social_group"": false,
  ""protected_ground_particular_social_group_evidence"": ""Not mentioned in the opinion."",
  ""past_persecution_physical_violence"": false,
  ""past_persecution_physical_violence_evidence"": ""Not mentioned in the opinion."",
  ""past_persecution_death_threats"": false,
  ""past_persecution_death_threats_evidence"": ""Not mentioned in the opinion."",
  ""persecutor_nongovernmental_actor"": false,
  ""persecutor_nongovernmental_actor_evidence"": ""Not mentioned in the opinion."",
  ""credibility_finding"": false,
  ""credibility_finding_evidence"": ""Not mentioned in the opinion."",
  ""bars_one_year_deadline_missed"": false,
  ""bars_one_year_deadline_missed_evidence"": ""Not mentioned in the opinion."",
  ""nexus_requirement_met"": false,
  ""nexus_requirement_met_evidence"": ""Not mentioned in the opinion.""
}"
18-71905-2021-01-28,https://cdn.ca9.uscourts.gov/datastore/memoranda/2021/01/28/18-71905.pdf,meta/llama-3.2-3b-instruct,CAT_requested,False,Not mentioned in the opinion.,4325,,"{
  ""asylum_requested"": false,
  ""asylum_requested_evidence"": ""Not mentioned in the opinion."",
  ""withholding_requested"": false,
  ""withholding_requested_evidence"": ""Not mentioned in the opinion."",
  ""CAT_requested"": false,
  ""CAT_requested_evidence"": ""Not mentioned in the opinion."",
  ""protected_ground_political_opinion"": false,
  ""protected_ground_political_opinion_evidence"": ""Not mentioned in the opinion."",
  ""protected_ground_particular_social_group"": false,
  ""protected_ground_particular_social_group_evidence"": ""Not mentioned in the opinion."",
  ""past_persecution_physical_violence"": false,
  ""past_persecution_physical_violence_evidence"": ""Not mentioned in the opinion."",
  ""past_persecution_death_threats"": false,
  ""past_persecution_death_threats_evidence"": ""Not mentioned in the opinion."",
  ""persecutor_nongovernmental_actor"": false,
  ""persecutor_nongovernmental_actor_evidence"": ""Not mentioned in the opinion."",
  ""credibility_finding"": false,
  ""credibility_finding_evidence"": ""Not mentioned in the opinion."",
  ""bars_one_year_deadline_missed"": false,
  ""bars_one_year_deadline_missed_evidence"": ""Not mentioned in the opinion."",
  ""nexus_requirement_met"": false,
  ""nexus_requirement_met_evidence"": ""Not mentioned in the opinion.""
}"
18-71905-2021-01-28,https://cdn.ca9.uscourts.gov/datastore/memoranda/2021/01/28/18-71905.pdf,meta/llama-3.2-3b-instruct,protected_ground_political_opinion,False,Not mentioned in the opinion.,4325,,"{
  ""asylum_requested"": false,
  ""asylum_requested_evidence"": ""Not mentioned in the opinion."",
  ""withholding_requested"": false,
  ""withholding_requested_evidence"": ""Not mentioned in the opinion."",
  ""CAT_requested"": false,
  ""CAT_requested_evidence"": ""Not mentioned in the opinion."",
  ""protected_ground_political_opinion"": false,
  ""protected_ground_political_opinion_evidence"": ""Not mentioned in the opinion."",
  ""protected_ground_particular_social_group"": false,
  ""protected_ground_particular_social_group_evidence"": ""Not mentioned in the opinion."",
  ""past_persecution_physical_violence"": false,
  ""past_persecution_physical_violence_evidence"": ""Not mentioned in the opinion."",
  ""past_persecution_death_threats"": false,
  ""past_persecution_death_threats_evidence"": ""Not mentioned in the opinion."",
  ""persecutor_nongovernmental_actor"": false,
  ""persecutor_nongovernmental_actor_evidence"": ""Not mentioned in the opinion."",
  ""credibility_finding"": false,
  ""credibility_finding_evidence"": ""Not mentioned in the opinion."",
  ""bars_one_year_deadline_missed"": false,
  ""bars_one_year_deadline_missed_evidence"": ""Not mentioned in the opinion."",
  ""nexus_requirement_met"": false,
  ""nexus_requirement_met_evidence"": ""Not mentioned in the opinion.""
}"
18-71905-2021-01-28,https://cdn.ca9.uscourts.gov/datastore/memoranda/2021/01/28/18-71905.pdf,meta/llama-3.2-3b-instruct,protected_ground_particular_social_group,False,Not mentioned in the opinion.,4325,,"{
  ""asylum_requested"": false,
  ""asylum_requested_evidence"": ""Not mentioned in the opinion."",
  ""withholding_requested"": false,
  ""withholding_requested_evidence"": ""Not mentioned in the opinion."",
  ""CAT_requested"": false,
  ""CAT_requested_evidence"": ""Not mentioned in the opinion."",
  ""protected_ground_political_opinion"": false,
  ""protected_ground_political_opinion_evidence"": ""Not mentioned in the opinion."",
  ""protected_ground_particular_social_group"": false,
  ""protected_ground_particular_social_group_evidence"": ""Not mentioned in the opinion."",
  ""past_persecution_physical_violence"": false,
  ""past_persecution_physical_violence_evidence"": ""Not mentioned in the opinion."",
  ""past_persecution_death_threats"": false,
  ""past_persecution_death_threats_evidence"": ""Not mentioned in the opinion."",
  ""persecutor_nongovernmental_actor"": false,
  ""persecutor_nongovernmental_actor_evidence"": ""Not mentioned in the opinion."",
  ""credibility_finding"": false,
  ""credibility_finding_evidence"": ""Not mentioned in the opinion."",
  ""bars_one_year_deadline_missed"": false,
  ""bars_one_year_deadline_missed_evidence"": ""Not mentioned in the opinion."",
  ""nexus_requirement_met"": false,
  ""nexus_requirement_met_evidence"": ""Not mentioned in the opinion.""
}"
18-71905-2021-01-28,https://cdn.ca9.uscourts.gov/datastore/memoranda/2021/01/28/18-71905.pdf,meta/llama-3.2-3b-instruct,past_persecution_physical_violence,False,Not mentioned in the opinion.,4325,,"{
  ""asylum_requested"": false,
  ""asylum_requested_evidence"": ""Not mentioned in the opinion."",
  ""withholding_requested"": false,
  ""withholding_requested_evidence"": ""Not mentioned in the opinion."",
  ""CAT_requested"": false,
  ""CAT_requested_evidence"": ""Not mentioned in the opinion."",
  ""protected_ground_political_opinion"": false,
  ""protected_ground_political_opinion_evidence"": ""Not mentioned in the opinion."",
  ""protected_ground_particular_social_group"": false,
  ""protected_ground_particular_social_group_evidence"": ""Not mentioned in the opinion."",
  ""past_persecution_physical_violence"": false,
  ""past_persecution_physical_violence_evidence"": ""Not mentioned in the opinion."",
  ""past_persecution_death_threats"": false,
  ""past_persecution_death_threats_evidence"": ""Not mentioned in the opinion."",
  ""persecutor_nongovernmental_actor"": false,
  ""persecutor_nongovernmental_actor_evidence"": ""Not mentioned in the opinion."",
  ""credibility_finding"": false,
  ""credibility_finding_evidence"": ""Not mentioned in the opinion."",
  ""bars_one_year_deadline_missed"": false,
  ""bars_one_year_deadline_missed_evidence"": ""Not mentioned in the opinion."",
  ""nexus_requirement_met"": false,
  ""nexus_requirement_met_evidence"": ""Not mentioned in the opinion.""
}"
18-71905-2021-01-28,https://cdn.ca9.uscourts.gov/datastore/memoranda/2021/01/28/18-71905.pdf,meta/llama-3.2-3b-instruct,past_persecution_death_threats,False,Not mentioned in the opinion.,4325,,"{
  ""asylum_requested"": false,
  ""asylum_requested_evidence"": ""Not mentioned in the opinion."",
  ""withholding_requested"": false,
  ""withholding_requested_evidence"": ""Not mentioned in the opinion."",
  ""CAT_requested"": false,
  ""CAT_requested_evidence"": ""Not mentioned in the opinion."",
  ""protected_ground_political_opinion"": false,
  ""protected_ground_political_opinion_evidence"": ""Not mentioned in the opinion."",
  ""protected_ground_particular_social_group"": false,
  ""protected_ground_particular_social_group_evidence"": ""Not mentioned in the opinion."",
  ""past_persecution_physical_violence"": false,
  ""past_persecution_physical_violence_evidence"": ""Not mentioned in the opinion."",
  ""past_persecution_death_threats"": false,
  ""past_persecution_death_threats_evidence"": ""Not mentioned in the opinion."",
  ""persecutor_nongovernmental_actor"": false,
  ""persecutor_nongovernmental_actor_evidence"": ""Not mentioned in the opinion."",
  ""credibility_finding"": false,
  ""credibility_finding_evidence"": ""Not mentioned in the opinion."",
  ""bars_one_year_deadline_missed"": false,
  ""bars_one_year_deadline_missed_evidence"": ""Not mentioned in the opinion."",
  ""nexus_requirement_met"": false,
  ""nexus_requirement_met_evidence"": ""Not mentioned in the opinion.""
}"
18-71905-2021-01-28,https://cdn.ca9.uscourts.gov/datastore/memoranda/2021/01/28/18-71905.pdf,meta/llama-3.2-3b-instruct,persecutor_nongovernmental_actor,False,Not mentioned in the opinion.,4325,,"{
  ""asylum_requested"": false,
  ""asylum_requested_evidence"": ""Not mentioned in the opinion."",
  ""withholding_requested"": false,
  ""withholding_requested_evidence"": ""Not mentioned in the opinion."",
  ""CAT_requested"": false,
  ""CAT_requested_evidence"": ""Not mentioned in the opinion."",
  ""protected_ground_political_opinion"": false,
  ""protected_ground_political_opinion_evidence"": ""Not mentioned in the opinion."",
  ""protected_ground_particular_social_group"": false,
  ""protected_ground_particular_social_group_evidence"": ""Not mentioned in the opinion."",
  ""past_persecution_physical_violence"": false,
  ""past_persecution_physical_violence_evidence"": ""Not mentioned in the opinion."",
  ""past_persecution_death_threats"": false,
  ""past_persecution_death_threats_evidence"": ""Not mentioned in the opinion."",
  ""persecutor_nongovernmental_actor"": false,
  ""persecutor_nongovernmental_actor_evidence"": ""Not mentioned in the opinion."",
  ""credibility_finding"": false,
  ""credibility_finding_evidence"": ""Not mentioned in the opinion."",
  ""bars_one_year_deadline_missed"": false,
  ""bars_one_year_deadline_missed_evidence"": ""Not mentioned in the opinion."",
  ""nexus_requirement_met"": false,
  ""nexus_requirement_met_evidence"": ""Not mentioned in the opinion.""
}"
18-71905-2021-01-28,https://cdn.ca9.uscourts.gov/datastore/memoranda/2021/01/28/18-71905.pdf,meta/llama-3.2-3b-instruct,credibility_finding,False,Not mentioned in the opinion.,4325,,"{
  ""asylum_requested"": false,
  ""asylum_requested_evidence"": ""Not mentioned in the opinion."",
  ""withholding_requested"": false,
  ""withholding_requested_evidence"": ""Not mentioned in the opinion."",
  ""CAT_requested"": false,
  ""CAT_requested_evidence"": ""Not mentioned in the opinion."",
  ""protected_ground_political_opinion"": false,
  ""protected_ground_political_opinion_evidence"": ""Not mentioned in the opinion."",
  ""protected_ground_particular_social_group"": false,
  ""protected_ground_particular_social_group_evidence"": ""Not mentioned in the opinion."",
  ""past_persecution_physical_violence"": false,
  ""past_persecution_physical_violence_evidence"": ""Not mentioned in the opinion."",
  ""past_persecution_death_threats"": false,
  ""past_persecution_death_threats_evidence"": ""Not mentioned in the opinion."",
  ""persecutor_nongovernmental_actor"": false,
  ""persecutor_nongovernmental_actor_evidence"": ""Not mentioned in the opinion."",
  ""credibility_finding"": false,
  ""credibility_finding_evidence"": ""Not mentioned in the opinion."",
  ""bars_one_year_deadline_missed"": false,
  ""bars_one_year_deadline_missed_evidence"": ""Not mentioned in the opinion."",
  ""nexus_requirement_met"": false,
  ""nexus_requirement_met_evidence"": ""Not mentioned in the opinion.""
}"
18-71905-2021-01-28,https://cdn.ca9.uscourts.gov/datastore/memoranda/2021/01/28/18-71905.pdf,meta/llama-3.2-3b-instruct,bars_one_year_deadline_missed,False,Not mentioned in the opinion.,4325,,"{
  ""asylum_requested"": false,
  ""asylum_requested_evidence"": ""Not mentioned in the opinion."",
  ""withholding_requested"": false,
  ""withholding_requested_evidence"": ""Not mentioned in the opinion."",
  ""CAT_requested"": false,
  ""CAT_requested_evidence"": ""Not mentioned in the opinion."",
  ""protected_ground_political_opinion"": false,
  ""protected_ground_political_opinion_evidence"": ""Not mentioned in the opinion."",
  ""protected_ground_particular_social_group"": false,
  ""protected_ground_particular_social_group_evidence"": ""Not mentioned in the opinion."",
  ""past_persecution_physical_violence"": false,
  ""past_persecution_physical_violence_evidence"": ""Not mentioned in the opinion."",
  ""past_persecution_death_threats"": false,
  ""past_persecution_death_threats_evidence"": ""Not mentioned in the opinion."",
  ""persecutor_nongovernmental_actor"": false,
  ""persecutor_nongovernmental_actor_evidence"": ""Not mentioned in the opinion."",
  ""credibility_finding"": false,
  ""credibility_finding_evidence"": ""Not mentioned in the opinion."",
  ""bars_one_year_deadline_missed"": false,
  ""bars_one_year_deadline_missed_evidence"": ""Not mentioned in the opinion."",
  ""nexus_requirement_met"": false,
  ""nexus_requirement_met_evidence"": ""Not mentioned in the opinion.""
}"
18-71905-2021-01-28,https://cdn.ca9.uscourts.gov/datastore/memoranda/2021/01/28/18-71905.pdf,meta/llama-3.2-3b-instruct,nexus_requirement_met,False,Not mentioned in the opinion.,4325,,"{
  ""asylum_requested"": false,
  ""asylum_requested_evidence"": ""Not mentioned in the opinion."",
  ""withholding_requested"": false,
  ""withholding_requested_evidence"": ""Not mentioned in the opinion."",
  ""CAT_requested"": false,
  ""CAT_requested_evidence"": ""Not mentioned in the opinion."",
  ""protected_ground_political_opinion"": false,
  ""protected_ground_political_opinion_evidence"": ""Not mentioned in the opinion."",
  ""protected_ground_particular_social_group"": false,
  ""protected_ground_particular_social_group_evidence"": ""Not mentioned in the opinion."",
  ""past_persecution_physical_violence"": false,
  ""past_persecution_physical_violence_evidence"": ""Not mentioned in the opinion."",
  ""past_persecution_death_threats"": false,
  ""past_persecution_death_threats_evidence"": ""Not mentioned in the opinion."",
  ""persecutor_nongovernmental_actor"": false,
  ""persecutor_nongovernmental_actor_evidence"": ""Not mentioned in the opinion."",
  ""credibility_finding"": false,
  ""credibility_finding_evidence"": ""Not mentioned in the opinion."",
  ""bars_one_year_deadline_missed"": false,
  ""bars_one_year_deadline_missed_evidence"": ""Not mentioned in the opinion."",
  ""nexus_requirement_met"": false,
  ""nexus_requirement_met_evidence"": ""Not mentioned in the opinion.""
}"
18-70084-2020-07-17,https://cdn.ca9.uscourts.gov/datastore/memoranda/2020/07/17/18-70084.pdf,meta/llama-3.2-3b-instruct,asylum_requested,,,8378,"parse: JSONDecodeError: Expecting ',' delimiter: line 23 column 397 (char 2893)","{
  ""asylum_requested"": true,
  ""asylum_requested_evidence"": ""This disposition is not appropriate for publication and is not precedent except as provided by Ninth Circuit Rule 36-3."", 
  ""withholding_requested"": false,
  ""withholding_requested_evidence"": ""Not mentioned in the opinion."",
  ""CAT_requested"": true,
  ""CAT_requested_evidence"": ""Petitioner Walter Coto Ortiz is a native and citizen of Honduras.  He petitions for review of the Board of Immigration Appeals’ (BIA) denial of relief under the Convention against Torture (CAT).   He contends that the evidence compels the conclusion that he will more likely than not suffer severe pain and suffering with government acquiescence if returned to Honduras."", 
  ""protected_ground_political_opinion"": false,
  ""protected_ground_political_opinion_evidence"": ""Not mentioned in the opinion."",
  ""protected_ground_particular_social_group"": true,
  ""protected_ground_particular_social_group_evidence"": ""Because of his family membership, he would be a target for gangs.  As many as seven members of his family in Honduras have suffered gang attacks, including rape, brutal beatings  and shootings."", 
  ""past_persecution_physical_violence"": true,
  ""past_persecution_physical_violence_evidence"": ""As many as seven members of his family in Honduras have suffered gang attacks, including rape, brutal beatings  and shootings."", 
  ""past_persecution_death_threats"": true,
  ""past_persecution_death_threats_evidence"": ""The record contains overwhelming evidence of police corruption and evidence that efforts by the Honduran government to control gang violence and police corruption have been largely ineffective."", 
  ""persecutor_nongovernmental_actor"": true,
  ""persecutor_nongovernmental_actor_evidence"": ""The record contains overwhelming evidence of police corruption and evidence that efforts by the Honduran government to control gang violence and police corruption have been largely ineffective."", 
  ""credibility_finding"": false,
  ""credibility_finding_evidence"": ""Not mentioned in the opinion."", 
  ""bars_one_year_deadline_missed"": true,
  ""bars_one_year_deadline_missed_evidence"": ""The Supreme Court had granted certiorari  in that case to review whether the courts of appeals lack jurisdiction to review factual determinations underlying denials of CAT relief with respect to noncitizens who have committed an offense specified in 8 U.S.C. § 1252(a)(2)(C). Nasrallah v. Barr, 140 S. Ct. 428 (2019) (mem.)."", 
  ""nexus_requirement_met"": true,
  ""nexus_requirement_met_evidence"": ""This evidence compels the conclusion—and the BIA appeared to agree—that petitioner would more likely than not face severe pain and suffering if returned.  See Quijada-Aguilar v. Lynch, 799 F.3d 1303, 1308 (9th Cir. 2015) (“CAT claims must be considered in terms of the aggregate risk of torture from all sources, and not as separate, divisible CAT claims.”)."""
18-70084-2020-07-17,https://cdn.ca9.uscourts.gov/datastore/memoranda/2020/07/17/18-70084.pdf,meta/llama-3.2-3b-instruct,withholding_requested,,,8378,"parse: JSONDecodeError: Expecting ',' delimiter: line 23 column 397 (char 2893)","{
  ""asylum_requested"": true,
  ""asylum_requested_evidence"": ""This disposition is not appropriate for publication and is not precedent except as provided by Ninth Circuit Rule 36-3."", 
  ""withholding_requested"": false,
  ""withholding_requested_evidence"": ""Not mentioned in the opinion."",
  ""CAT_requested"": true,
  ""CAT_requested_evidence"": ""Petitioner Walter Coto Ortiz is a native and citizen of Honduras.  He petitions for review of the Board of Immigration Appeals’ (BIA) denial of relief under the Convention against Torture (CAT).   He contends that the evidence compels the conclusion that he will more likely than not suffer severe pain and suffering with government acquiescence if returned to Honduras."", 
  ""protected_ground_political_opinion"": false,
  ""protected_ground_political_opinion_evidence"": ""Not mentioned in the opinion."",
  ""protected_ground_particular_social_group"": true,
  ""protected_ground_particular_social_group_evidence"": ""Because of his family membership, he would be a target for gangs.  As many as seven members of his family in Honduras have suffered gang attacks, including rape, brutal beatings  and shootings."", 
  ""past_persecution_physical_violence"": true,
  ""past_persecution_physical_violence_evidence"": ""As many as seven members of his family in Honduras have suffered gang attacks, including rape, brutal beatings  and shootings."", 
  ""past_persecution_death_threats"": true,
  ""past_persecution_death_threats_evidence"": ""The record contains overwhelming evidence of police corruption and evidence that efforts by the Honduran government to control gang violence and police corruption have been largely ineffective."", 
  ""persecutor_nongovernmental_actor"": true,
  ""persecutor_nongovernmental_actor_evidence"": ""The record contains overwhelming evidence of police corruption and evidence that efforts by the Honduran government to control gang violence and police corruption have been largely ineffective."", 
  ""credibility_finding"": false,
  ""credibility_finding_evidence"": ""Not mentioned in the opinion."", 
  ""bars_one_year_deadline_missed"": true,
  ""bars_one_year_deadline_missed_evidence"": ""The Supreme Court had granted certiorari  in that case to review whether the courts of appeals lack jurisdiction to review factual determinations underlying denials of CAT relief with respect to noncitizens who have committed an offense specified in 8 U.S.C. § 1252(a)(2)(C). Nasrallah v. Barr, 140 S. Ct. 428 (2019) (mem.)."", 
  ""nexus_requirement_met"": true,
  ""nexus_requirement_met_evidence"": ""This evidence compels the conclusion—and the BIA appeared to agree—that petitioner would more likely than not face severe pain and suffering if returned.  See Quijada-Aguilar v. Lynch, 799 F.3d 1303, 1308 (9th Cir. 2015) (“CAT claims must be considered in terms of the aggregate risk of torture from all sources, and not as separate, divisible CAT claims.”)."""
18-70084-2020-07-17,https://cdn.ca9.uscourts.gov/datastore/memoranda/2020/07/17/18-70084.pdf,meta/llama-3.2-3b-instruct,CAT_requested,,,8378,"parse: JSONDecodeError: Expecting ',' delimiter: line 23 column 397 (char 2893)","{
  ""asylum_requested"": true,
  ""asylum_requested_evidence"": ""This disposition is not appropriate for publication and is not precedent except as provided by Ninth Circuit Rule 36-3."", 
  ""withholding_requested"": false,
  ""withholding_requested_evidence"": ""Not mentioned in the opinion."",
  ""CAT_requested"": true,
  ""CAT_requested_evidence"": ""Petitioner Walter Coto Ortiz is a native and citizen of Honduras.  He petitions for review of the Board of Immigration Appeals’ (BIA) denial of relief under the Convention against Torture (CAT).   He contends that the evidence compels the conclusion that he will more likely than not suffer severe pain and suffering with government acquiescence if returned to Honduras."", 
  ""protected_ground_political_opinion"": false,
  ""protected_ground_political_opinion_evidence"": ""Not mentioned in the opinion."",
  ""protected_ground_particular_social_group"": true,
  ""protected_ground_particular_social_group_evidence"": ""Because of his family membership, he would be a target for gangs.  As many as seven members of his family in Honduras have suffered gang attacks, including rape, brutal beatings  and shootings."", 
  ""past_persecution_physical_violence"": true,
  ""past_persecution_physical_violence_evidence"": ""As many as seven members of his family in Honduras have suffered gang attacks, including rape, brutal beatings  and shootings."", 
  ""past_persecution_death_threats"": true,
  ""past_persecution_death_threats_evidence"": ""The record contains overwhelming evidence of police corruption and evidence that efforts by the Honduran government to control gang violence and police corruption have been largely ineffective."", 
  ""persecutor_nongovernmental_actor"": true,
  ""persecutor_nongovernmental_actor_evidence"": ""The record contains overwhelming evidence of police corruption and evidence that efforts by the Honduran government to control gang violence and police corruption have been largely ineffective."", 
  ""credibility_finding"": false,
  ""credibility_finding_evidence"": ""Not mentioned in the opinion."", 
  ""bars_one_year_deadline_missed"": true,
  ""bars_one_year_deadline_missed_evidence"": ""The Supreme Court had granted certiorari  in that case to review whether the courts of appeals lack jurisdiction to review factual determinations underlying denials of CAT relief with respect to noncitizens who have committed an offense specified in 8 U.S.C. § 1252(a)(2)(C). Nasrallah v. Barr, 140 S. Ct. 428 (2019) (mem.)."", 
  ""nexus_requirement_met"": true,
  ""nexus_requirement_met_evidence"": ""This evidence compels the conclusion—and the BIA appeared to agree—that petitioner would more likely than not face severe pain and suffering if returned.  See Quijada-Aguilar v. Lynch, 799 F.3d 1303, 1308 (9th Cir. 2015) (“CAT claims must be considered in terms of the aggregate risk of torture from all sources, and not as separate, divisible CAT claims.”)."""
18-70084-2020-07-17,https://cdn.ca9.uscourts.gov/datastore/memoranda/2020/07/17/18-70084.pdf,meta/llama-3.2-3b-instruct,protected_ground_political_opinion,,,8378,"parse: JSONDecodeError: Expecting ',' delimiter: line 23 column 397 (char 2893)","{
  ""asylum_requested"": true,
  ""asylum_requested_evidence"": ""This disposition is not appropriate for publication and is not precedent except as provided by Ninth Circuit Rule 36-3."", 
  ""withholding_requested"": false,
  ""withholding_requested_evidence"": ""Not mentioned in the opinion."",
  ""CAT_requested"": true,
  ""CAT_requested_evidence"": ""Petitioner Walter Coto Ortiz is a native and citizen of Honduras.  He petitions for review of the Board of Immigration Appeals’ (BIA) denial of relief under the Convention against Torture (CAT).   He contends that the evidence compels the conclusion that he will more likely than not suffer severe pain and suffering with government acquiescence if returned to Honduras."", 
  ""protected_ground_political_opinion"": false,
  ""protected_ground_political_opinion_evidence"": ""Not mentioned in the opinion."",
  ""protected_ground_particular_social_group"": true,
  ""protected_ground_particular_social_group_evidence"": ""Because of his family membership, he would be a target for gangs.  As many as seven members of his family in Honduras have suffered gang attacks, including rape, brutal beatings  and shootings."", 
  ""past_persecution_physical_violence"": true,
  ""past_persecution_physical_violence_evidence"": ""As many as seven members of his family in Honduras have suffered gang attacks, including rape, brutal beatings  and shootings."", 
  ""past_persecution_death_threats"": true,
  ""past_persecution_death_threats_evidence"": ""The record contains overwhelming evidence of police corruption and evidence that efforts by the Honduran government to control gang violence and police corruption have been largely ineffective."", 
  ""persecutor_nongovernmental_actor"": true,
  ""persecutor_nongovernmental_actor_evidence"": ""The record contains overwhelming evidence of police corruption and evidence that efforts by the Honduran government to control gang violence and police corruption have been largely ineffective."", 
  ""credibility_finding"": false,
  ""credibility_finding_evidence"": ""Not mentioned in the opinion."", 
  ""bars_one_year_deadline_missed"": true,
  ""bars_one_year_deadline_missed_evidence"": ""The Supreme Court had granted certiorari  in that case to review whether the courts of appeals lack jurisdiction to review factual determinations underlying denials of CAT relief with respect to noncitizens who have committed an offense specified in 8 U.S.C. § 1252(a)(2)(C). Nasrallah v. Barr, 140 S. Ct. 428 (2019) (mem.)."", 
  ""nexus_requirement_met"": true,
  ""nexus_requirement_met_evidence"": ""This evidence compels the conclusion—and the BIA appeared to agree—that petitioner would more likely than not face severe pain and suffering if returned.  See Quijada-Aguilar v. Lynch, 799 F.3d 1303, 1308 (9th Cir. 2015) (“CAT claims must be considered in terms of the aggregate risk of torture from all sources, and not as separate, divisible CAT claims.”)."""
18-70084-2020-07-17,https://cdn.ca9.uscourts.gov/datastore/memoranda/2020/07/17/18-70084.pdf,meta/llama-3.2-3b-instruct,protected_ground_particular_social_group,,,8378,"parse: JSONDecodeError: Expecting ',' delimiter: line 23 column 397 (char 2893)","{
  ""asylum_requested"": true,
  ""asylum_requested_evidence"": ""This disposition is not appropriate for publication and is not precedent except as provided by Ninth Circuit Rule 36-3."", 
  ""withholding_requested"": false,
  ""withholding_requested_evidence"": ""Not mentioned in the opinion."",
  ""CAT_requested"": true,
  ""CAT_requested_evidence"": ""Petitioner Walter Coto Ortiz is a native and citizen of Honduras.  He petitions for review of the Board of Immigration Appeals’ (BIA) denial of relief under the Convention against Torture (CAT).   He contends that the evidence compels the conclusion that he will more likely than not suffer severe pain and suffering with government acquiescence if returned to Honduras."", 
  ""protected_ground_political_opinion"": false,
  ""protected_ground_political_opinion_evidence"": ""Not mentioned in the opinion."",
  ""protected_ground_particular_social_group"": true,
  ""protected_ground_particular_social_group_evidence"": ""Because of his family membership, he would be a target for gangs.  As many as seven members of his family in Honduras have suffered gang attacks, including rape, brutal beatings  and shootings."", 
  ""past_persecution_physical_violence"": true,
  ""past_persecution_physical_violence_evidence"": ""As many as seven members of his family in Honduras have suffered gang attacks, including rape, brutal beatings  and shootings."", 
  ""past_persecution_death_threats"": true,
  ""past_persecution_death_threats_evidence"": ""The record contains overwhelming evidence of police corruption and evidence that efforts by the Honduran government to control gang violence and police corruption have been largely ineffective."", 
  ""persecutor_nongovernmental_actor"": true,
  ""persecutor_nongovernmental_actor_evidence"": ""The record contains overwhelming evidence of police corruption and evidence that efforts by the Honduran government to control gang violence and police corruption have been largely ineffective."", 
  ""credibility_finding"": false,
  ""credibility_finding_evidence"": ""Not mentioned in the opinion."", 
  ""bars_one_year_deadline_missed"": true,
  ""bars_one_year_deadline_missed_evidence"": ""The Supreme Court had granted certiorari  in that case to review whether the courts of appeals lack jurisdiction to review factual determinations underlying denials of CAT relief with respect to noncitizens who have committed an offense specified in 8 U.S.C. § 1252(a)(2)(C). Nasrallah v. Barr, 140 S. Ct. 428 (2019) (mem.)."", 
  ""nexus_requirement_met"": true,
  ""nexus_requirement_met_evidence"": ""This evidence compels the conclusion—and the BIA appeared to agree—that petitioner would more likely than not face severe pain and suffering if returned.  See Quijada-Aguilar v. Lynch, 799 F.3d 1303, 1308 (9th Cir. 2015) (“CAT claims must be considered in terms of the aggregate risk of torture from all sources, and not as separate, divisible CAT claims.”)."""
18-70084-2020-07-17,https://cdn.ca9.uscourts.gov/datastore/memoranda/2020/07/17/18-70084.pdf,meta/llama-3.2-3b-instruct,past_persecution_physical_violence,,,8378,"parse: JSONDecodeError: Expecting ',' delimiter: line 23 column 397 (char 2893)","{
  ""asylum_requested"": true,
  ""asylum_requested_evidence"": ""This disposition is not appropriate for publication and is not precedent except as provided by Ninth Circuit Rule 36-3."", 
  ""withholding_requested"": false,
  ""withholding_requested_evidence"": ""Not mentioned in the opinion."",
  ""CAT_requested"": true,
  ""CAT_requested_evidence"": ""Petitioner Walter Coto Ortiz is a native and citizen of Honduras.  He petitions for review of the Board of Immigration Appeals’ (BIA) denial of relief under the Convention against Torture (CAT).   He contends that the evidence compels the conclusion that he will more likely than not suffer severe pain and suffering with government acquiescence if returned to Honduras."", 
  ""protected_ground_political_opinion"": false,
  ""protected_ground_political_opinion_evidence"": ""Not mentioned in the opinion."",
  ""protected_ground_particular_social_group"": true,
  ""protected_ground_particular_social_group_evidence"": ""Because of his family membership, he would be a target for gangs.  As many as seven members of his family in Honduras have suffered gang attacks, including rape, brutal beatings  and shootings."", 
  ""past_persecution_physical_violence"": true,
  ""past_persecution_physical_violence_evidence"": ""As many as seven members of his family in Honduras have suffered gang attacks, including rape, brutal beatings  and shootings."", 
  ""past_persecution_death_threats"": true,
  ""past_persecution_death_threats_evidence"": ""The record contains overwhelming evidence of police corruption and evidence that efforts by the Honduran government to control gang violence and police corruption have been largely ineffective."", 
  ""persecutor_nongovernmental_actor"": true,
  ""persecutor_nongovernmental_actor_evidence"": ""The record contains overwhelming evidence of police corruption and evidence that efforts by the Honduran government to control gang violence and police corruption have been largely ineffective."", 
  ""credibility_finding"": false,
  ""credibility_finding_evidence"": ""Not mentioned in the opinion."", 
  ""bars_one_year_deadline_missed"": true,
  ""bars_one_year_deadline_missed_evidence"": ""The Supreme Court had granted certiorari  in that case to review whether the courts of appeals lack jurisdiction to review factual determinations underlying denials of CAT relief with respect to noncitizens who have committed an offense specified in 8 U.S.C. § 1252(a)(2)(C). Nasrallah v. Barr, 140 S. Ct. 428 (2019) (mem.)."", 
  ""nexus_requirement_met"": true,
  ""nexus_requirement_met_evidence"": ""This evidence compels the conclusion—and the BIA appeared to agree—that petitioner would more likely than not face severe pain and suffering if returned.  See Quijada-Aguilar v. Lynch, 799 F.3d 1303, 1308 (9th Cir. 2015) (“CAT claims must be considered in terms of the aggregate risk of torture from all sources, and not as separate, divisible CAT claims.”)."""
18-70084-2020-07-17,https://cdn.ca9.uscourts.gov/datastore/memoranda/2020/07/17/18-70084.pdf,meta/llama-3.2-3b-instruct,past_persecution_death_threats,,,8378,"parse: JSONDecodeError: Expecting ',' delimiter: line 23 column 397 (char 2893)","{
  ""asylum_requested"": true,
  ""asylum_requested_evidence"": ""This disposition is not appropriate for publication and is not precedent except as provided by Ninth Circuit Rule 36-3."", 
  ""withholding_requested"": false,
  ""withholding_requested_evidence"": ""Not mentioned in the opinion."",
  ""CAT_requested"": true,
  ""CAT_requested_evidence"": ""Petitioner Walter Coto Ortiz is a native and citizen of Honduras.  He petitions for review of the Board of Immigration Appeals’ (BIA) denial of relief under the Convention against Torture (CAT).   He contends that the evidence compels the conclusion that he will more likely than not suffer severe pain and suffering with government acquiescence if returned to Honduras."", 
  ""protected_ground_political_opinion"": false,
  ""protected_ground_political_opinion_evidence"": ""Not mentioned in the opinion."",
  ""protected_ground_particular_social_group"": true,
  ""protected_ground_particular_social_group_evidence"": ""Because of his family membership, he would be a target for gangs.  As many as seven members of his family in Honduras have suffered gang attacks, including rape, brutal beatings  and shootings."", 
  ""past_persecution_physical_violence"": true,
  ""past_persecution_physical_violence_evidence"": ""As many as seven members of his family in Honduras have suffered gang attacks, including rape, brutal beatings  and shootings."", 
  ""past_persecution_death_threats"": true,
  ""past_persecution_death_threats_evidence"": ""The record contains overwhelming evidence of police corruption and evidence that efforts by the Honduran government to control gang violence and police corruption have been largely ineffective."", 
  ""persecutor_nongovernmental_actor"": true,
  ""persecutor_nongovernmental_actor_evidence"": ""The record contains overwhelming evidence of police corruption and evidence that efforts by the Honduran government to control gang violence and police corruption have been largely ineffective."", 
  ""credibility_finding"": false,
  ""credibility_finding_evidence"": ""Not mentioned in the opinion."", 
  ""bars_one_year_deadline_missed"": true,
  ""bars_one_year_deadline_missed_evidence"": ""The Supreme Court had granted certiorari  in that case to review whether the courts of appeals lack jurisdiction to review factual determinations underlying denials of CAT relief with respect to noncitizens who have committed an offense specified in 8 U.S.C. § 1252(a)(2)(C). Nasrallah v. Barr, 140 S. Ct. 428 (2019) (mem.)."", 
  ""nexus_requirement_met"": true,
  ""nexus_requirement_met_evidence"": ""This evidence compels the conclusion—and the BIA appeared to agree—that petitioner would more likely than not face severe pain and suffering if returned.  See Quijada-Aguilar v. Lynch, 799 F.3d 1303, 1308 (9th Cir. 2015) (“CAT claims must be considered in terms of the aggregate risk of torture from all sources, and not as separate, divisible CAT claims.”)."""
18-70084-2020-07-17,https://cdn.ca9.uscourts.gov/datastore/memoranda/2020/07/17/18-70084.pdf,meta/llama-3.2-3b-instruct,persecutor_nongovernmental_actor,,,8378,"parse: JSONDecodeError: Expecting ',' delimiter: line 23 column 397 (char 2893)","{
  ""asylum_requested"": true,
  ""asylum_requested_evidence"": ""This disposition is not appropriate for publication and is not precedent except as provided by Ninth Circuit Rule 36-3."", 
  ""withholding_requested"": false,
  ""withholding_requested_evidence"": ""Not mentioned in the opinion."",
  ""CAT_requested"": true,
  ""CAT_requested_evidence"": ""Petitioner Walter Coto Ortiz is a native and citizen of Honduras.  He petitions for review of the Board of Immigration Appeals’ (BIA) denial of relief under the Convention against Torture (CAT).   He contends that the evidence compels the conclusion that he will more likely than not suffer severe pain and suffering with government acquiescence if returned to Honduras."", 
  ""protected_ground_political_opinion"": false,
  ""protected_ground_political_opinion_evidence"": ""Not mentioned in the opinion."",
  ""protected_ground_particular_social_group"": true,
  ""protected_ground_particular_social_group_evidence"": ""Because of his family membership, he would be a target for gangs.  As many as seven members of his family in Honduras have suffered gang attacks, including rape, brutal beatings  and shootings."", 
  ""past_persecution_physical_violence"": true,
  ""past_persecution_physical_violence_evidence"": ""As many as seven members of his family in Honduras have suffered gang attacks, including rape, brutal beatings  and shootings."", 
  ""past_persecution_death_threats"": true,
  ""past_persecution_death_threats_evidence"": ""The record contains overwhelming evidence of police corruption and evidence that efforts by the Honduran government to control gang violence and police corruption have been largely ineffective."", 
  ""persecutor_nongovernmental_actor"": true,
  ""persecutor_nongovernmental_actor_evidence"": ""The record contains overwhelming evidence of police corruption and evidence that efforts by the Honduran government to control gang violence and police corruption have been largely ineffective."", 
  ""credibility_finding"": false,
  ""credibility_finding_evidence"": ""Not mentioned in the opinion."", 
  ""bars_one_year_deadline_missed"": true,
  ""bars_one_year_deadline_missed_evidence"": ""The Supreme Court had granted certiorari  in that case to review whether the courts of appeals lack jurisdiction to review factual determinations underlying denials of CAT relief with respect to noncitizens who have committed an offense specified in 8 U.S.C. § 1252(a)(2)(C). Nasrallah v. Barr, 140 S. Ct. 428 (2019) (mem.)."", 
  ""nexus_requirement_met"": true,
  ""nexus_requirement_met_evidence"": ""This evidence compels the conclusion—and the BIA appeared to agree—that petitioner would more likely than not face severe pain and suffering if returned.  See Quijada-Aguilar v. Lynch, 799 F.3d 1303, 1308 (9th Cir. 2015) (“CAT claims must be considered in terms of the aggregate risk of torture from all sources, and not as separate, divisible CAT claims.”)."""
18-70084-2020-07-17,https://cdn.ca9.uscourts.gov/datastore/memoranda/2020/07/17/18-70084.pdf,meta/llama-3.2-3b-instruct,credibility_finding,,,8378,"parse: JSONDecodeError: Expecting ',' delimiter: line 23 column 397 (char 2893)","{
  ""asylum_requested"": true,
  ""asylum_requested_evidence"": ""This disposition is not appropriate for publication and is not precedent except as provided by Ninth Circuit Rule 36-3."", 
  ""withholding_requested"": false,
  ""withholding_requested_evidence"": ""Not mentioned in the opinion."",
  ""CAT_requested"": true,
  ""CAT_requested_evidence"": ""Petitioner Walter Coto Ortiz is a native and citizen of Honduras.  He petitions for review of the Board of Immigration Appeals’ (BIA) denial of relief under the Convention against Torture (CAT).   He contends that the evidence compels the conclusion that he will more likely than not suffer severe pain and suffering with government acquiescence if returned to Honduras."", 
  ""protected_ground_political_opinion"": false,
  ""protected_ground_political_opinion_evidence"": ""Not mentioned in the opinion."",
  ""protected_ground_particular_social_group"": true,
  ""protected_ground_particular_social_group_evidence"": ""Because of his family membership, he would be a target for gangs.  As many as seven members of his family in Honduras have suffered gang attacks, including rape, brutal beatings  and shootings."", 
  ""past_persecution_physical_violence"": true,
  ""past_persecution_physical_violence_evidence"": ""As many as seven members of his family in Honduras have suffered gang attacks, including rape, brutal beatings  and shootings."", 
  ""past_persecution_death_threats"": true,
  ""past_persecution_death_threats_evidence"": ""The record contains overwhelming evidence of police corruption and evidence that efforts by the Honduran government to control gang violence and police corruption have been largely ineffective."", 
  ""persecutor_nongovernmental_actor"": true,
  ""persecutor_nongovernmental_actor_evidence"": ""The record contains overwhelming evidence of police corruption and evidence that efforts by the Honduran government to control gang violence and police corruption have been largely ineffective."", 
  ""credibility_finding"": false,
  ""credibility_finding_evidence"": ""Not mentioned in the opinion."", 
  ""bars_one_year_deadline_missed"": true,
  ""bars_one_year_deadline_missed_evidence"": ""The Supreme Court had granted certiorari  in that case to review whether the courts of appeals lack jurisdiction to review factual determinations underlying denials of CAT relief with respect to noncitizens who have committed an offense specified in 8 U.S.C. § 1252(a)(2)(C). Nasrallah v. Barr, 140 S. Ct. 428 (2019) (mem.)."", 
  ""nexus_requirement_met"": true,
  ""nexus_requirement_met_evidence"": ""This evidence compels the conclusion—and the BIA appeared to agree—that petitioner would more likely than not face severe pain and suffering if returned.  See Quijada-Aguilar v. Lynch, 799 F.3d 1303, 1308 (9th Cir. 2015) (“CAT claims must be considered in terms of the aggregate risk of torture from all sources, and not as separate, divisible CAT claims.”)."""
18-70084-2020-07-17,https://cdn.ca9.uscourts.gov/datastore/memoranda/2020/07/17/18-70084.pdf,meta/llama-3.2-3b-instruct,bars_one_year_deadline_missed,,,8378,"parse: JSONDecodeError: Expecting ',' delimiter: line 23 column 397 (char 2893)","{
  ""asylum_requested"": true,
  ""asylum_requested_evidence"": ""This disposition is not appropriate for publication and is not precedent except as provided by Ninth Circuit Rule 36-3."", 
  ""withholding_requested"": false,
  ""withholding_requested_evidence"": ""Not mentioned in the opinion."",
  ""CAT_requested"": true,
  ""CAT_requested_evidence"": ""Petitioner Walter Coto Ortiz is a native and citizen of Honduras.  He petitions for review of the Board of Immigration Appeals’ (BIA) denial of relief under the Convention against Torture (CAT).   He contends that the evidence compels the conclusion that he will more likely than not suffer severe pain and suffering with government acquiescence if returned to Honduras."", 
  ""protected_ground_political_opinion"": false,
  ""protected_ground_political_opinion_evidence"": ""Not mentioned in the opinion."",
  ""protected_ground_particular_social_group"": true,
  ""protected_ground_particular_social_group_evidence"": ""Because of his family membership, he would be a target for gangs.  As many as seven members of his family in Honduras have suffered gang attacks, including rape, brutal beatings  and shootings."", 
  ""past_persecution_physical_violence"": true,
  ""past_persecution_physical_violence_evidence"": ""As many as seven members of his family in Honduras have suffered gang attacks, including rape, brutal beatings  and shootings."", 
  ""past_persecution_death_threats"": true,
  ""past_persecution_death_threats_evidence"": ""The record contains overwhelming evidence of police corruption and evidence that efforts by the Honduran government to control gang violence and police corruption have been largely ineffective."", 
  ""persecutor_nongovernmental_actor"": true,
  ""persecutor_nongovernmental_actor_evidence"": ""The record contains overwhelming evidence of police corruption and evidence that efforts by the Honduran government to control gang violence and police corruption have been largely ineffective."", 
  ""credibility_finding"": false,
  ""credibility_finding_evidence"": ""Not mentioned in the opinion."", 
  ""bars_one_year_deadline_missed"": true,
  ""bars_one_year_deadline_missed_evidence"": ""The Supreme Court had granted certiorari  in that case to review whether the courts of appeals lack jurisdiction to review factual determinations underlying denials of CAT relief with respect to noncitizens who have committed an offense specified in 8 U.S.C. § 1252(a)(2)(C). Nasrallah v. Barr, 140 S. Ct. 428 (2019) (mem.)."", 
  ""nexus_requirement_met"": true,
  ""nexus_requirement_met_evidence"": ""This evidence compels the conclusion—and the BIA appeared to agree—that petitioner would more likely than not face severe pain and suffering if returned.  See Quijada-Aguilar v. Lynch, 799 F.3d 1303, 1308 (9th Cir. 2015) (“CAT claims must be considered in terms of the aggregate risk of torture from all sources, and not as separate, divisible CAT claims.”)."""
18-70084-2020-07-17,https://cdn.ca9.uscourts.gov/datastore/memoranda/2020/07/17/18-70084.pdf,meta/llama-3.2-3b-instruct,nexus_requirement_met,,,8378,"parse: JSONDecodeError: Expecting ',' delimiter: line 23 column 397 (char 2893)","{
  ""asylum_requested"": true,
  ""asylum_requested_evidence"": ""This disposition is not appropriate for publication and is not precedent except as provided by Ninth Circuit Rule 36-3."", 
  ""withholding_requested"": false,
  ""withholding_requested_evidence"": ""Not mentioned in the opinion."",
  ""CAT_requested"": true,
  ""CAT_requested_evidence"": ""Petitioner Walter Coto Ortiz is a native and citizen of Honduras.  He petitions for review of the Board of Immigration Appeals’ (BIA) denial of relief under the Convention against Torture (CAT).   He contends that the evidence compels the conclusion that he will more likely than not suffer severe pain and suffering with government acquiescence if returned to Honduras."", 
  ""protected_ground_political_opinion"": false,
  ""protected_ground_political_opinion_evidence"": ""Not mentioned in the opinion."",
  ""protected_ground_particular_social_group"": true,
  ""protected_ground_particular_social_group_evidence"": ""Because of his family membership, he would be a target for gangs.  As many as seven members of his family in Honduras have suffered gang attacks, including rape, brutal beatings  and shootings."", 
  ""past_persecution_physical_violence"": true,
  ""past_persecution_physical_violence_evidence"": ""As many as seven members of his family in Honduras have suffered gang attacks, including rape, brutal beatings  and shootings."", 
  ""past_persecution_death_threats"": true,
  ""past_persecution_death_threats_evidence"": ""The record contains overwhelming evidence of police corruption and evidence that efforts by the Honduran government to control gang violence and police corruption have been largely ineffective."", 
  ""persecutor_nongovernmental_actor"": true,
  ""persecutor_nongovernmental_actor_evidence"": ""The record contains overwhelming evidence of police corruption and evidence that efforts by the Honduran government to control gang violence and police corruption have been largely ineffective."", 
  ""credibility_finding"": false,
  ""credibility_finding_evidence"": ""Not mentioned in the opinion."", 
  ""bars_one_year_deadline_missed"": true,
  ""bars_one_year_deadline_missed_evidence"": ""The Supreme Court had granted certiorari  in that case to review whether the courts of appeals lack jurisdiction to review factual determinations underlying denials of CAT relief with respect to noncitizens who have committed an offense specified in 8 U.S.C. § 1252(a)(2)(C). Nasrallah v. Barr, 140 S. Ct. 428 (2019) (mem.)."", 
  ""nexus_requirement_met"": true,
  ""nexus_requirement_met_evidence"": ""This evidence compels the conclusion—and the BIA appeared to agree—that petitioner would more likely than not face severe pain and suffering if returned.  See Quijada-Aguilar v. Lynch, 799 F.3d 1303, 1308 (9th Cir. 2015) (“CAT claims must be considered in terms of the aggregate risk of torture from all sources, and not as separate, divisible CAT claims.”)."""
24-2787-2025-05-16,https://cdn.ca9.uscourts.gov/datastore/memoranda/2025/05/16/24-2787.pdf,meta/llama-3.2-3b-instruct,asylum_requested,True,The IJ’s determination that Petitioners did not suffer past persecution in Nicaragua is not supported by substantial evidence.,7510,,"{
  ""asylum_requested"": true,
  ""asylum_requested_evidence"": ""The IJ’s determination that Petitioners did not suffer past persecution in Nicaragua is not supported by substantial evidence."",
  ""withholding_requested"": false,
  ""withholding_requested_evidence"": ""Not mentioned in the opinion."",
  ""CAT_requested"": false,
  ""CAT_requested_evidence"": ""Not mentioned in the opinion."",
  ""protected_ground_political_opinion"": false,
  ""protected_ground_political_opinion_evidence"": ""Not mentioned in the opinion."",
  ""protected_ground_particular_social_group"": false,
  ""protected_ground_particular_social_group_evidence"": ""Not mentioned in the opinion."",
  ""past_persecution_physical_violence"": true,
  ""past_persecution_physical_violence_evidence"": ""Alba testified that, after participating in an April 2018 antigovernment march, she received threatening text messages warning that if Petitioners kept supporting the protests, they would be imprisoned and tortured."",
  ""past_persecution_death_threats"": true,
  ""past_persecution_death_threats_evidence"": ""Alba testified that, after participating in an April 2018 antigovernment march, she received threatening text messages warning that if Petitioners kept supporting the protests, they would be imprisoned and tortured."",
  ""persecutor_nongovernmental_actor"": true,
  ""persecutor_nongovernmental_actor_evidence"": ""The IJ found that Nicaraguan parapolice repeatedly targeted Petitioners for three years after they attended a single protest in April 2018."",
  ""credibility_finding"": true,
  ""credibility_finding_evidence"": ""The IJ found the testimony and declarations of Petitioners to be credible and gave the evidence full weight."",
  ""bars_one_year_deadline_missed"": true,
  ""bars_one_year_deadline_missed_evidence"": ""The IJ found that Petitioners missed the one-year asylum filing deadline under INA § 208(a)(2)(B)."",
  ""nexus_requirement_met"": true,
  ""nexus_requirement_met_evidence"": ""The IJ concluded that Petitioners’ past experiences rose to the level of persecution, and that the cumulative-effect requirement articulated respecting asylum applies with equal force to a withholding of removal claim.""
}"
24-2787-2025-05-16,https://cdn.ca9.uscourts.gov/datastore/memoranda/2025/05/16/24-2787.pdf,meta/llama-3.2-3b-instruct,withholding_requested,False,Not mentioned in the opinion.,7510,,"{
  ""asylum_requested"": true,
  ""asylum_requested_evidence"": ""The IJ’s determination that Petitioners did not suffer past persecution in Nicaragua is not supported by substantial evidence."",
  ""withholding_requested"": false,
  ""withholding_requested_evidence"": ""Not mentioned in the opinion."",
  ""CAT_requested"": false,
  ""CAT_requested_evidence"": ""Not mentioned in the opinion."",
  ""protected_ground_political_opinion"": false,
  ""protected_ground_political_opinion_evidence"": ""Not mentioned in the opinion."",
  ""protected_ground_particular_social_group"": false,
  ""protected_ground_particular_social_group_evidence"": ""Not mentioned in the opinion."",
  ""past_persecution_physical_violence"": true,
  ""past_persecution_physical_violence_evidence"": ""Alba testified that, after participating in an April 2018 antigovernment march, she received threatening text messages warning that if Petitioners kept supporting the protests, they would be imprisoned and tortured."",
  ""past_persecution_death_threats"": true,
  ""past_persecution_death_threats_evidence"": ""Alba testified that, after participating in an April 2018 antigovernment march, she received threatening text messages warning that if Petitioners kept supporting the protests, they would be imprisoned and tortured."",
  ""persecutor_nongovernmental_actor"": true,
  ""persecutor_nongovernmental_actor_evidence"": ""The IJ found that Nicaraguan parapolice repeatedly targeted Petitioners for three years after they attended a single protest in April 2018."",
  ""credibility_finding"": true,
  ""credibility_finding_evidence"": ""The IJ found the testimony and declarations of Petitioners to be credible and gave the evidence full weight."",
  ""bars_one_year_deadline_missed"": true,
  ""bars_one_year_deadline_missed_evidence"": ""The IJ found that Petitioners missed the one-year asylum filing deadline under INA § 208(a)(2)(B)."",
  ""nexus_requirement_met"": true,
  ""nexus_requirement_met_evidence"": ""The IJ concluded that Petitioners’ past experiences rose to the level of persecution, and that the cumulative-effect requirement articulated respecting asylum applies with equal force to a withholding of removal claim.""
}"
24-2787-2025-05-16,https://cdn.ca9.uscourts.gov/datastore/memoranda/2025/05/16/24-2787.pdf,meta/llama-3.2-3b-instruct,CAT_requested,False,Not mentioned in the opinion.,7510,,"{
  ""asylum_requested"": true,
  ""asylum_requested_evidence"": ""The IJ’s determination that Petitioners did not suffer past persecution in Nicaragua is not supported by substantial evidence."",
  ""withholding_requested"": false,
  ""withholding_requested_evidence"": ""Not mentioned in the opinion."",
  ""CAT_requested"": false,
  ""CAT_requested_evidence"": ""Not mentioned in the opinion."",
  ""protected_ground_political_opinion"": false,
  ""protected_ground_political_opinion_evidence"": ""Not mentioned in the opinion."",
  ""protected_ground_particular_social_group"": false,
  ""protected_ground_particular_social_group_evidence"": ""Not mentioned in the opinion."",
  ""past_persecution_physical_violence"": true,
  ""past_persecution_physical_violence_evidence"": ""Alba testified that, after participating in an April 2018 antigovernment march, she received threatening text messages warning that if Petitioners kept supporting the protests, they would be imprisoned and tortured."",
  ""past_persecution_death_threats"": true,
  ""past_persecution_death_threats_evidence"": ""Alba testified that, after participating in an April 2018 antigovernment march, she received threatening text messages warning that if Petitioners kept supporting the protests, they would be imprisoned and tortured."",
  ""persecutor_nongovernmental_actor"": true,
  ""persecutor_nongovernmental_actor_evidence"": ""The IJ found that Nicaraguan parapolice repeatedly targeted Petitioners for three years after they attended a single protest in April 2018."",
  ""credibility_finding"": true,
  ""credibility_finding_evidence"": ""The IJ found the testimony and declarations of Petitioners to be credible and gave the evidence full weight."",
  ""bars_one_year_deadline_missed"": true,
  ""bars_one_year_deadline_missed_evidence"": ""The IJ found that Petitioners missed the one-year asylum filing deadline under INA § 208(a)(2)(B)."",
  ""nexus_requirement_met"": true,
  ""nexus_requirement_met_evidence"": ""The IJ concluded that Petitioners’ past experiences rose to the level of persecution, and that the cumulative-effect requirement articulated respecting asylum applies with equal force to a withholding of removal claim.""
}"
24-2787-2025-05-16,https://cdn.ca9.uscourts.gov/datastore/memoranda/2025/05/16/24-2787.pdf,meta/llama-3.2-3b-instruct,protected_ground_political_opinion,False,Not mentioned in the opinion.,7510,,"{
  ""asylum_requested"": true,
  ""asylum_requested_evidence"": ""The IJ’s determination that Petitioners did not suffer past persecution in Nicaragua is not supported by substantial evidence."",
  ""withholding_requested"": false,
  ""withholding_requested_evidence"": ""Not mentioned in the opinion."",
  ""CAT_requested"": false,
  ""CAT_requested_evidence"": ""Not mentioned in the opinion."",
  ""protected_ground_political_opinion"": false,
  ""protected_ground_political_opinion_evidence"": ""Not mentioned in the opinion."",
  ""protected_ground_particular_social_group"": false,
  ""protected_ground_particular_social_group_evidence"": ""Not mentioned in the opinion."",
  ""past_persecution_physical_violence"": true,
  ""past_persecution_physical_violence_evidence"": ""Alba testified that, after participating in an April 2018 antigovernment march, she received threatening text messages warning that if Petitioners kept supporting the protests, they would be imprisoned and tortured."",
  ""past_persecution_death_threats"": true,
  ""past_persecution_death_threats_evidence"": ""Alba testified that, after participating in an April 2018 antigovernment march, she received threatening text messages warning that if Petitioners kept supporting the protests, they would be imprisoned and tortured."",
  ""persecutor_nongovernmental_actor"": true,
  ""persecutor_nongovernmental_actor_evidence"": ""The IJ found that Nicaraguan parapolice repeatedly targeted Petitioners for three years after they attended a single protest in April 2018."",
  ""credibility_finding"": true,
  ""credibility_finding_evidence"": ""The IJ found the testimony and declarations of Petitioners to be credible and gave the evidence full weight."",
  ""bars_one_year_deadline_missed"": true,
  ""bars_one_year_deadline_missed_evidence"": ""The IJ found that Petitioners missed the one-year asylum filing deadline under INA § 208(a)(2)(B)."",
  ""nexus_requirement_met"": true,
  ""nexus_requirement_met_evidence"": ""The IJ concluded that Petitioners’ past experiences rose to the level of persecution, and that the cumulative-effect requirement articulated respecting asylum applies with equal force to a withholding of removal claim.""
}"
24-2787-2025-05-16,https://cdn.ca9.uscourts.gov/datastore/memoranda/2025/05/16/24-2787.pdf,meta/llama-3.2-3b-instruct,protected_ground_particular_social_group,False,Not mentioned in the opinion.,7510,,"{
  ""asylum_requested"": true,
  ""asylum_requested_evidence"": ""The IJ’s determination that Petitioners did not suffer past persecution in Nicaragua is not supported by substantial evidence."",
  ""withholding_requested"": false,
  ""withholding_requested_evidence"": ""Not mentioned in the opinion."",
  ""CAT_requested"": false,
  ""CAT_requested_evidence"": ""Not mentioned in the opinion."",
  ""protected_ground_political_opinion"": false,
  ""protected_ground_political_opinion_evidence"": ""Not mentioned in the opinion."",
  ""protected_ground_particular_social_group"": false,
  ""protected_ground_particular_social_group_evidence"": ""Not mentioned in the opinion."",
  ""past_persecution_physical_violence"": true,
  ""past_persecution_physical_violence_evidence"": ""Alba testified that, after participating in an April 2018 antigovernment march, she received threatening text messages warning that if Petitioners kept supporting the protests, they would be imprisoned and tortured."",
  ""past_persecution_death_threats"": true,
  ""past_persecution_death_threats_evidence"": ""Alba testified that, after participating in an April 2018 antigovernment march, she received threatening text messages warning that if Petitioners kept supporting the protests, they would be imprisoned and tortured."",
  ""persecutor_nongovernmental_actor"": true,
  ""persecutor_nongovernmental_actor_evidence"": ""The IJ found that Nicaraguan parapolice repeatedly targeted Petitioners for three years after they attended a single protest in April 2018."",
  ""credibility_finding"": true,
  ""credibility_finding_evidence"": ""The IJ found the testimony and declarations of Petitioners to be credible and gave the evidence full weight."",
  ""bars_one_year_deadline_missed"": true,
  ""bars_one_year_deadline_missed_evidence"": ""The IJ found that Petitioners missed the one-year asylum filing deadline under INA § 208(a)(2)(B)."",
  ""nexus_requirement_met"": true,
  ""nexus_requirement_met_evidence"": ""The IJ concluded that Petitioners’ past experiences rose to the level of persecution, and that the cumulative-effect requirement articulated respecting asylum applies with equal force to a withholding of removal claim.""
}"
24-2787-2025-05-16,https://cdn.ca9.uscourts.gov/datastore/memoranda/2025/05/16/24-2787.pdf,meta/llama-3.2-3b-instruct,past_persecution_physical_violence,True,"Alba testified that, after participating in an April 2018 antigovernment march, she received threatening text messages warning that if Petitioners kept supporting the protests, they would be imprisoned and tortured.",7510,,"{
  ""asylum_requested"": true,
  ""asylum_requested_evidence"": ""The IJ’s determination that Petitioners did not suffer past persecution in Nicaragua is not supported by substantial evidence."",
  ""withholding_requested"": false,
  ""withholding_requested_evidence"": ""Not mentioned in the opinion."",
  ""CAT_requested"": false,
  ""CAT_requested_evidence"": ""Not mentioned in the opinion."",
  ""protected_ground_political_opinion"": false,
  ""protected_ground_political_opinion_evidence"": ""Not mentioned in the opinion."",
  ""protected_ground_particular_social_group"": false,
  ""protected_ground_particular_social_group_evidence"": ""Not mentioned in the opinion."",
  ""past_persecution_physical_violence"": true,
  ""past_persecution_physical_violence_evidence"": ""Alba testified that, after participating in an April 2018 antigovernment march, she received threatening text messages warning that if Petitioners kept supporting the protests, they would be imprisoned and tortured."",
  ""past_persecution_death_threats"": true,
  ""past_persecution_death_threats_evidence"": ""Alba testified that, after participating in an April 2018 antigovernment march, she received threatening text messages warning that if Petitioners kept supporting the protests, they would be imprisoned and tortured."",
  ""persecutor_nongovernmental_actor"": true,
  ""persecutor_nongovernmental_actor_evidence"": ""The IJ found that Nicaraguan parapolice repeatedly targeted Petitioners for three years after they attended a single protest in April 2018."",
  ""credibility_finding"": true,
  ""credibility_finding_evidence"": ""The IJ found the testimony and declarations of Petitioners to be credible and gave the evidence full weight."",
  ""bars_one_year_deadline_missed"": true,
  ""bars_one_year_deadline_missed_evidence"": ""The IJ found that Petitioners missed the one-year asylum filing deadline under INA § 208(a)(2)(B)."",
  ""nexus_requirement_met"": true,
  ""nexus_requirement_met_evidence"": ""The IJ concluded that Petitioners’ past experiences rose to the level of persecution, and that the cumulative-effect requirement articulated respecting asylum applies with equal force to a withholding of removal claim.""
}"
24-2787-2025-05-16,https://cdn.ca9.uscourts.gov/datastore/memoranda/2025/05/16/24-2787.pdf,meta/llama-3.2-3b-instruct,past_persecution_death_threats,True,"Alba testified that, after participating in an April 2018 antigovernment march, she received threatening text messages warning that if Petitioners kept supporting the protests, they would be imprisoned and tortured.",7510,,"{
  ""asylum_requested"": true,
  ""asylum_requested_evidence"": ""The IJ’s determination that Petitioners did not suffer past persecution in Nicaragua is not supported by substantial evidence."",
  ""withholding_requested"": false,
  ""withholding_requested_evidence"": ""Not mentioned in the opinion."",
  ""CAT_requested"": false,
  ""CAT_requested_evidence"": ""Not mentioned in the opinion."",
  ""protected_ground_political_opinion"": false,
  ""protected_ground_political_opinion_evidence"": ""Not mentioned in the opinion."",
  ""protected_ground_particular_social_group"": false,
  ""protected_ground_particular_social_group_evidence"": ""Not mentioned in the opinion."",
  ""past_persecution_physical_violence"": true,
  ""past_persecution_physical_violence_evidence"": ""Alba testified that, after participating in an April 2018 antigovernment march, she received threatening text messages warning that if Petitioners kept supporting the protests, they would be imprisoned and tortured."",
  ""past_persecution_death_threats"": true,
  ""past_persecution_death_threats_evidence"": ""Alba testified that, after participating in an April 2018 antigovernment march, she received threatening text messages warning that if Petitioners kept supporting the protests, they would be imprisoned and tortured."",
  ""persecutor_nongovernmental_actor"": true,
  ""persecutor_nongovernmental_actor_evidence"": ""The IJ found that Nicaraguan parapolice repeatedly targeted Petitioners for three years after they attended a single protest in April 2018."",
  ""credibility_finding"": true,
  ""credibility_finding_evidence"": ""The IJ found the testimony and declarations of Petitioners to be credible and gave the evidence full weight."",
  ""bars_one_year_deadline_missed"": true,
  ""bars_one_year_deadline_missed_evidence"": ""The IJ found that Petitioners missed the one-year asylum filing deadline under INA § 208(a)(2)(B)."",
  ""nexus_requirement_met"": true,
  ""nexus_requirement_met_evidence"": ""The IJ concluded that Petitioners’ past experiences rose to the level of persecution, and that the cumulative-effect requirement articulated respecting asylum applies with equal force to a withholding of removal claim.""
}"
24-2787-2025-05-16,https://cdn.ca9.uscourts.gov/datastore/memoranda/2025/05/16/24-2787.pdf,meta/llama-3.2-3b-instruct,persecutor_nongovernmental_actor,True,The IJ found that Nicaraguan parapolice repeatedly targeted Petitioners for three years after they attended a single protest in April 2018.,7510,,"{
  ""asylum_requested"": true,
  ""asylum_requested_evidence"": ""The IJ’s determination that Petitioners did not suffer past persecution in Nicaragua is not supported by substantial evidence."",
  ""withholding_requested"": false,
  ""withholding_requested_evidence"": ""Not mentioned in the opinion."",
  ""CAT_requested"": false,
  ""CAT_requested_evidence"": ""Not mentioned in the opinion."",
  ""protected_ground_political_opinion"": false,
  ""protected_ground_political_opinion_evidence"": ""Not mentioned in the opinion."",
  ""protected_ground_particular_social_group"": false,
  ""protected_ground_particular_social_group_evidence"": ""Not mentioned in the opinion."",
  ""past_persecution_physical_violence"": true,
  ""past_persecution_physical_violence_evidence"": ""Alba testified that, after participating in an April 2018 antigovernment march, she received threatening text messages warning that if Petitioners kept supporting the protests, they would be imprisoned and tortured."",
  ""past_persecution_death_threats"": true,
  ""past_persecution_death_threats_evidence"": ""Alba testified that, after participating in an April 2018 antigovernment march, she received threatening text messages warning that if Petitioners kept supporting the protests, they would be imprisoned and tortured."",
  ""persecutor_nongovernmental_actor"": true,
  ""persecutor_nongovernmental_actor_evidence"": ""The IJ found that Nicaraguan parapolice repeatedly targeted Petitioners for three years after they attended a single protest in April 2018."",
  ""credibility_finding"": true,
  ""credibility_finding_evidence"": ""The IJ found the testimony and declarations of Petitioners to be credible and gave the evidence full weight."",
  ""bars_one_year_deadline_missed"": true,
  ""bars_one_year_deadline_missed_evidence"": ""The IJ found that Petitioners missed the one-year asylum filing deadline under INA § 208(a)(2)(B)."",
  ""nexus_requirement_met"": true,
  ""nexus_requirement_met_evidence"": ""The IJ concluded that Petitioners’ past experiences rose to the level of persecution, and that the cumulative-effect requirement articulated respecting asylum applies with equal force to a withholding of removal claim.""
}"
24-2787-2025-05-16,https://cdn.ca9.uscourts.gov/datastore/memoranda/2025/05/16/24-2787.pdf,meta/llama-3.2-3b-instruct,credibility_finding,True,The IJ found the testimony and declarations of Petitioners to be credible and gave the evidence full weight.,7510,,"{
  ""asylum_requested"": true,
  ""asylum_requested_evidence"": ""The IJ’s determination that Petitioners did not suffer past persecution in Nicaragua is not supported by substantial evidence."",
  ""withholding_requested"": false,
  ""withholding_requested_evidence"": ""Not mentioned in the opinion."",
  ""CAT_requested"": false,
  ""CAT_requested_evidence"": ""Not mentioned in the opinion."",
  ""protected_ground_political_opinion"": false,
  ""protected_ground_political_opinion_evidence"": ""Not mentioned in the opinion."",
  ""protected_ground_particular_social_group"": false,
  ""protected_ground_particular_social_group_evidence"": ""Not mentioned in the opinion."",
  ""past_persecution_physical_violence"": true,
  ""past_persecution_physical_violence_evidence"": ""Alba testified that, after participating in an April 2018 antigovernment march, she received threatening text messages warning that if Petitioners kept supporting the protests, they would be imprisoned and tortured."",
  ""past_persecution_death_threats"": true,
  ""past_persecution_death_threats_evidence"": ""Alba testified that, after participating in an April 2018 antigovernment march, she received threatening text messages warning that if Petitioners kept supporting the protests, they would be imprisoned and tortured."",
  ""persecutor_nongovernmental_actor"": true,
  ""persecutor_nongovernmental_actor_evidence"": ""The IJ found that Nicaraguan parapolice repeatedly targeted Petitioners for three years after they attended a single protest in April 2018."",
  ""credibility_finding"": true,
  ""credibility_finding_evidence"": ""The IJ found the testimony and declarations of Petitioners to be credible and gave the evidence full weight."",
  ""bars_one_year_deadline_missed"": true,
  ""bars_one_year_deadline_missed_evidence"": ""The IJ found that Petitioners missed the one-year asylum filing deadline under INA § 208(a)(2)(B)."",
  ""nexus_requirement_met"": true,
  ""nexus_requirement_met_evidence"": ""The IJ concluded that Petitioners’ past experiences rose to the level of persecution, and that the cumulative-effect requirement articulated respecting asylum applies with equal force to a withholding of removal claim.""
}"
24-2787-2025-05-16,https://cdn.ca9.uscourts.gov/datastore/memoranda/2025/05/16/24-2787.pdf,meta/llama-3.2-3b-instruct,bars_one_year_deadline_missed,True,The IJ found that Petitioners missed the one-year asylum filing deadline under INA § 208(a)(2)(B).,7510,,"{
  ""asylum_requested"": true,
  ""asylum_requested_evidence"": ""The IJ’s determination that Petitioners did not suffer past persecution in Nicaragua is not supported by substantial evidence."",
  ""withholding_requested"": false,
  ""withholding_requested_evidence"": ""Not mentioned in the opinion."",
  ""CAT_requested"": false,
  ""CAT_requested_evidence"": ""Not mentioned in the opinion."",
  ""protected_ground_political_opinion"": false,
  ""protected_ground_political_opinion_evidence"": ""Not mentioned in the opinion."",
  ""protected_ground_particular_social_group"": false,
  ""protected_ground_particular_social_group_evidence"": ""Not mentioned in the opinion."",
  ""past_persecution_physical_violence"": true,
  ""past_persecution_physical_violence_evidence"": ""Alba testified that, after participating in an April 2018 antigovernment march, she received threatening text messages warning that if Petitioners kept supporting the protests, they would be imprisoned and tortured."",
  ""past_persecution_death_threats"": true,
  ""past_persecution_death_threats_evidence"": ""Alba testified that, after participating in an April 2018 antigovernment march, she received threatening text messages warning that if Petitioners kept supporting the protests, they would be imprisoned and tortured."",
  ""persecutor_nongovernmental_actor"": true,
  ""persecutor_nongovernmental_actor_evidence"": ""The IJ found that Nicaraguan parapolice repeatedly targeted Petitioners for three years after they attended a single protest in April 2018."",
  ""credibility_finding"": true,
  ""credibility_finding_evidence"": ""The IJ found the testimony and declarations of Petitioners to be credible and gave the evidence full weight."",
  ""bars_one_year_deadline_missed"": true,
  ""bars_one_year_deadline_missed_evidence"": ""The IJ found that Petitioners missed the one-year asylum filing deadline under INA § 208(a)(2)(B)."",
  ""nexus_requirement_met"": true,
  ""nexus_requirement_met_evidence"": ""The IJ concluded that Petitioners’ past experiences rose to the level of persecution, and that the cumulative-effect requirement articulated respecting asylum applies with equal force to a withholding of removal claim.""
}"
24-2787-2025-05-16,https://cdn.ca9.uscourts.gov/datastore/memoranda/2025/05/16/24-2787.pdf,meta/llama-3.2-3b-instruct,nexus_requirement_met,True,"The IJ concluded that Petitioners’ past experiences rose to the level of persecution, and that the cumulative-effect requirement articulated respecting asylum applies with equal force to a withholding of removal claim.",7510,,"{
  ""asylum_requested"": true,
  ""asylum_requested_evidence"": ""The IJ’s determination that Petitioners did not suffer past persecution in Nicaragua is not supported by substantial evidence."",
  ""withholding_requested"": false,
  ""withholding_requested_evidence"": ""Not mentioned in the opinion."",
  ""CAT_requested"": false,
  ""CAT_requested_evidence"": ""Not mentioned in the opinion."",
  ""protected_ground_political_opinion"": false,
  ""protected_ground_political_opinion_evidence"": ""Not mentioned in the opinion."",
  ""protected_ground_particular_social_group"": false,
  ""protected_ground_particular_social_group_evidence"": ""Not mentioned in the opinion."",
  ""past_persecution_physical_violence"": true,
  ""past_persecution_physical_violence_evidence"": ""Alba testified that, after participating in an April 2018 antigovernment march, she received threatening text messages warning that if Petitioners kept supporting the protests, they would be imprisoned and tortured."",
  ""past_persecution_death_threats"": true,
  ""past_persecution_death_threats_evidence"": ""Alba testified that, after participating in an April 2018 antigovernment march, she received threatening text messages warning that if Petitioners kept supporting the protests, they would be imprisoned and tortured."",
  ""persecutor_nongovernmental_actor"": true,
  ""persecutor_nongovernmental_actor_evidence"": ""The IJ found that Nicaraguan parapolice repeatedly targeted Petitioners for three years after they attended a single protest in April 2018."",
  ""credibility_finding"": true,
  ""credibility_finding_evidence"": ""The IJ found the testimony and declarations of Petitioners to be credible and gave the evidence full weight."",
  ""bars_one_year_deadline_missed"": true,
  ""bars_one_year_deadline_missed_evidence"": ""The IJ found that Petitioners missed the one-year asylum filing deadline under INA § 208(a)(2)(B)."",
  ""nexus_requirement_met"": true,
  ""nexus_requirement_met_evidence"": ""The IJ concluded that Petitioners’ past experiences rose to the level of persecution, and that the cumulative-effect requirement articulated respecting asylum applies with equal force to a withholding of removal claim.""
}"
17-70324-2020-08-10,https://cdn.ca9.uscourts.gov/datastore/memoranda/2020/08/10/17-70324.pdf,meta/llama-3.2-3b-instruct,asylum_requested,,,5650,"parse: JSONDecodeError: Expecting ',' delimiter: line 23 column 68 (char 1771)","{
  ""asylum_requested"": true,
  ""asylum_requested_evidence"": ""Chengyong Weng, a native and citizen of China, petitions for review of the Board of Immigration Appeals’ (“BIA”) order dismissing his appeal from an immigration judge’s decision denying his application for asylum, withholding of removal, and relief under the Convention Against Torture (“CAT”)."",
  ""withholding_requested"": false,
  ""withholding_requested_evidence"": ""Not mentioned in the opinion."",
  ""CAT_requested"": false,
  ""CAT_requested_evidence"": ""Not mentioned in the opinion."",
  ""protected_ground_political_opinion"": false,
  ""protected_ground_political_opinion_evidence"": ""Not mentioned in the opinion."",
  ""protected_ground_particular_social_group"": false,
  ""protected_ground_particular_social_group_evidence"": ""Not mentioned in the opinion."",
  ""past_persecution_physical_violence"": false,
  ""past_persecution_physical_violence_evidence"": ""Not mentioned in the opinion."",
  ""past_persecution_death_threats"": false,
  ""past_persecution_death_threats_evidence"": ""Not mentioned in the opinion."",
  ""persecutor_nongovernmental_actor"": false,
  ""persecutor_nongovernmental_actor_evidence"": ""Not mentioned in the opinion."",
  ""credibility_finding"": true,
  ""credibility_finding_evidence"": ""Substantial evidence supports the agency’s adverse credibility determination based on inconsistencies between Weng’s testimony and documentary evidence as to when he began planning to travel to the United States."",
  ""bars_one_year_deadline_missed"": true,
  ""bars_one_year_deadline_missed_evidence"": ""The opinion notes that the petitioner missed the one-year asylum filing deadline under INA § 208(a)(2)(B)."",
  ""nexus_requirement_met"": false,
  ""nexus_requirement_met_evidence"": ""Not mentioned in the opinion."""
17-70324-2020-08-10,https://cdn.ca9.uscourts.gov/datastore/memoranda/2020/08/10/17-70324.pdf,meta/llama-3.2-3b-instruct,withholding_requested,,,5650,"parse: JSONDecodeError: Expecting ',' delimiter: line 23 column 68 (char 1771)","{
  ""asylum_requested"": true,
  ""asylum_requested_evidence"": ""Chengyong Weng, a native and citizen of China, petitions for review of the Board of Immigration Appeals’ (“BIA”) order dismissing his appeal from an immigration judge’s decision denying his application for asylum, withholding of removal, and relief under the Convention Against Torture (“CAT”)."",
  ""withholding_requested"": false,
  ""withholding_requested_evidence"": ""Not mentioned in the opinion."",
  ""CAT_requested"": false,
  ""CAT_requested_evidence"": ""Not mentioned in the opinion."",
  ""protected_ground_political_opinion"": false,
  ""protected_ground_political_opinion_evidence"": ""Not mentioned in the opinion."",
  ""protected_ground_particular_social_group"": false,
  ""protected_ground_particular_social_group_evidence"": ""Not mentioned in the opinion."",
  ""past_persecution_physical_violence"": false,
  ""past_persecution_physical_violence_evidence"": ""Not mentioned in the opinion."",
  ""past_persecution_death_threats"": false,
  ""past_persecution_death_threats_evidence"": ""Not mentioned in the opinion."",
  ""persecutor_nongovernmental_actor"": false,
  ""persecutor_nongovernmental_actor_evidence"": ""Not mentioned in the opinion."",
  ""credibility_finding"": true,
  ""credibility_finding_evidence"": ""Substantial evidence supports the agency’s adverse credibility determination based on inconsistencies between Weng’s testimony and documentary evidence as to when he began planning to travel to the United States."",
  ""bars_one_year_deadline_missed"": true,
  ""bars_one_year_deadline_missed_evidence"": ""The opinion notes that the petitioner missed the one-year asylum filing deadline under INA § 208(a)(2)(B)."",
  ""nexus_requirement_met"": false,
  ""nexus_requirement_met_evidence"": ""Not mentioned in the opinion."""
17-70324-2020-08-10,https://cdn.ca9.uscourts.gov/datastore/memoranda/2020/08/10/17-70324.pdf,meta/llama-3.2-3b-instruct,CAT_requested,,,5650,"parse: JSONDecodeError: Expecting ',' delimiter: line 23 column 68 (char 1771)","{
  ""asylum_requested"": true,
  ""asylum_requested_evidence"": ""Chengyong Weng, a native and citizen of China, petitions for review of the Board of Immigration Appeals’ (“BIA”) order dismissing his appeal from an immigration judge’s decision denying his application for asylum, withholding of removal, and relief under the Convention Against Torture (“CAT”)."",
  ""withholding_requested"": false,
  ""withholding_requested_evidence"": ""Not mentioned in the opinion."",
  ""CAT_requested"": false,
  ""CAT_requested_evidence"": ""Not mentioned in the opinion."",
  ""protected_ground_political_opinion"": false,
  ""protected_ground_political_opinion_evidence"": ""Not mentioned in the opinion."",
  ""protected_ground_particular_social_group"": false,
  ""protected_ground_particular_social_group_evidence"": ""Not mentioned in the opinion."",
  ""past_persecution_physical_violence"": false,
  ""past_persecution_physical_violence_evidence"": ""Not mentioned in the opinion."",
  ""past_persecution_death_threats"": false,
  ""past_persecution_death_threats_evidence"": ""Not mentioned in the opinion."",
  ""persecutor_nongovernmental_actor"": false,
  ""persecutor_nongovernmental_actor_evidence"": ""Not mentioned in the opinion."",
  ""credibility_finding"": true,
  ""credibility_finding_evidence"": ""Substantial evidence supports the agency’s adverse credibility determination based on inconsistencies between Weng’s testimony and documentary evidence as to when he began planning to travel to the United States."",
  ""bars_one_year_deadline_missed"": true,
  ""bars_one_year_deadline_missed_evidence"": ""The opinion notes that the petitioner missed the one-year asylum filing deadline under INA § 208(a)(2)(B)."",
  ""nexus_requirement_met"": false,
  ""nexus_requirement_met_evidence"": ""Not mentioned in the opinion."""
17-70324-2020-08-10,https://cdn.ca9.uscourts.gov/datastore/memoranda/2020/08/10/17-70324.pdf,meta/llama-3.2-3b-instruct,protected_ground_political_opinion,,,5650,"parse: JSONDecodeError: Expecting ',' delimiter: line 23 column 68 (char 1771)","{
  ""asylum_requested"": true,
  ""asylum_requested_evidence"": ""Chengyong Weng, a native and citizen of China, petitions for review of the Board of Immigration Appeals’ (“BIA”) order dismissing his appeal from an immigration judge’s decision denying his application for asylum, withholding of removal, and relief under the Convention Against Torture (“CAT”)."",
  ""withholding_requested"": false,
  ""withholding_requested_evidence"": ""Not mentioned in the opinion."",
  ""CAT_requested"": false,
  ""CAT_requested_evidence"": ""Not mentioned in the opinion."",
  ""protected_ground_political_opinion"": false,
  ""protected_ground_political_opinion_evidence"": ""Not mentioned in the opinion."",
  ""protected_ground_particular_social_group"": false,
  ""protected_ground_particular_social_group_evidence"": ""Not mentioned in the opinion."",
  ""past_persecution_physical_violence"": false,
  ""past_persecution_physical_violence_evidence"": ""Not mentioned in the opinion."",
  ""past_persecution_death_threats"": false,
  ""past_persecution_death_threats_evidence"": ""Not mentioned in the opinion."",
  ""persecutor_nongovernmental_actor"": false,
  ""persecutor_nongovernmental_actor_evidence"": ""Not mentioned in the opinion."",
  ""credibility_finding"": true,
  ""credibility_finding_evidence"": ""Substantial evidence supports the agency’s adverse credibility determination based on inconsistencies between Weng’s testimony and documentary evidence as to when he began planning to travel to the United States."",
  ""bars_one_year_deadline_missed"": true,
  ""bars_one_year_deadline_missed_evidence"": ""The opinion notes that the petitioner missed the one-year asylum filing deadline under INA § 208(a)(2)(B)."",
  ""nexus_requirement_met"": false,
  ""nexus_requirement_met_evidence"": ""Not mentioned in the opinion."""
17-70324-2020-08-10,https://cdn.ca9.uscourts.gov/datastore/memoranda/2020/08/10/17-70324.pdf,meta/llama-3.2-3b-instruct,protected_ground_particular_social_group,,,5650,"parse: JSONDecodeError: Expecting ',' delimiter: line 23 column 68 (char 1771)","{
  ""asylum_requested"": true,
  ""asylum_requested_evidence"": ""Chengyong Weng, a native and citizen of China, petitions for review of the Board of Immigration Appeals’ (“BIA”) order dismissing his appeal from an immigration judge’s decision denying his application for asylum, withholding of removal, and relief under the Convention Against Torture (“CAT”)."",
  ""withholding_requested"": false,
  ""withholding_requested_evidence"": ""Not mentioned in the opinion."",
  ""CAT_requested"": false,
  ""CAT_requested_evidence"": ""Not mentioned in the opinion."",
  ""protected_ground_political_opinion"": false,
  ""protected_ground_political_opinion_evidence"": ""Not mentioned in the opinion."",
  ""protected_ground_particular_social_group"": false,
  ""protected_ground_particular_social_group_evidence"": ""Not mentioned in the opinion."",
  ""past_persecution_physical_violence"": false,
  ""past_persecution_physical_violence_evidence"": ""Not mentioned in the opinion."",
  ""past_persecution_death_threats"": false,
  ""past_persecution_death_threats_evidence"": ""Not mentioned in the opinion."",
  ""persecutor_nongovernmental_actor"": false,
  ""persecutor_nongovernmental_actor_evidence"": ""Not mentioned in the opinion."",
  ""credibility_finding"": true,
  ""credibility_finding_evidence"": ""Substantial evidence supports the agency’s adverse credibility determination based on inconsistencies between Weng’s testimony and documentary evidence as to when he began planning to travel to the United States."",
  ""bars_one_year_deadline_missed"": true,
  ""bars_one_year_deadline_missed_evidence"": ""The opinion notes that the petitioner missed the one-year asylum filing deadline under INA § 208(a)(2)(B)."",
  ""nexus_requirement_met"": false,
  ""nexus_requirement_met_evidence"": ""Not mentioned in the opinion."""
17-70324-2020-08-10,https://cdn.ca9.uscourts.gov/datastore/memoranda/2020/08/10/17-70324.pdf,meta/llama-3.2-3b-instruct,past_persecution_physical_violence,,,5650,"parse: JSONDecodeError: Expecting ',' delimiter: line 23 column 68 (char 1771)","{
  ""asylum_requested"": true,
  ""asylum_requested_evidence"": ""Chengyong Weng, a native and citizen of China, petitions for review of the Board of Immigration Appeals’ (“BIA”) order dismissing his appeal from an immigration judge’s decision denying his application for asylum, withholding of removal, and relief under the Convention Against Torture (“CAT”)."",
  ""withholding_requested"": false,
  ""withholding_requested_evidence"": ""Not mentioned in the opinion."",
  ""CAT_requested"": false,
  ""CAT_requested_evidence"": ""Not mentioned in the opinion."",
  ""protected_ground_political_opinion"": false,
  ""protected_ground_political_opinion_evidence"": ""Not mentioned in the opinion."",
  ""protected_ground_particular_social_group"": false,
  ""protected_ground_particular_social_group_evidence"": ""Not mentioned in the opinion."",
  ""past_persecution_physical_violence"": false,
  ""past_persecution_physical_violence_evidence"": ""Not mentioned in the opinion."",
  ""past_persecution_death_threats"": false,
  ""past_persecution_death_threats_evidence"": ""Not mentioned in the opinion."",
  ""persecutor_nongovernmental_actor"": false,
  ""persecutor_nongovernmental_actor_evidence"": ""Not mentioned in the opinion."",
  ""credibility_finding"": true,
  ""credibility_finding_evidence"": ""Substantial evidence supports the agency’s adverse credibility determination based on inconsistencies between Weng’s testimony and documentary evidence as to when he began planning to travel to the United States."",
  ""bars_one_year_deadline_missed"": true,
  ""bars_one_year_deadline_missed_evidence"": ""The opinion notes that the petitioner missed the one-year asylum filing deadline under INA § 208(a)(2)(B)."",
  ""nexus_requirement_met"": false,
  ""nexus_requirement_met_evidence"": ""Not mentioned in the opinion."""
17-70324-2020-08-10,https://cdn.ca9.uscourts.gov/datastore/memoranda/2020/08/10/17-70324.pdf,meta/llama-3.2-3b-instruct,past_persecution_death_threats,,,5650,"parse: JSONDecodeError: Expecting ',' delimiter: line 23 column 68 (char 1771)","{
  ""asylum_requested"": true,
  ""asylum_requested_evidence"": ""Chengyong Weng, a native and citizen of China, petitions for review of the Board of Immigration Appeals’ (“BIA”) order dismissing his appeal from an immigration judge’s decision denying his application for asylum, withholding of removal, and relief under the Convention Against Torture (“CAT”)."",
  ""withholding_requested"": false,
  ""withholding_requested_evidence"": ""Not mentioned in the opinion."",
  ""CAT_requested"": false,
  ""CAT_requested_evidence"": ""Not mentioned in the opinion."",
  ""protected_ground_political_opinion"": false,
  ""protected_ground_political_opinion_evidence"": ""Not mentioned in the opinion."",
  ""protected_ground_particular_social_group"": false,
  ""protected_ground_particular_social_group_evidence"": ""Not mentioned in the opinion."",
  ""past_persecution_physical_violence"": false,
  ""past_persecution_physical_violence_evidence"": ""Not mentioned in the opinion."",
  ""past_persecution_death_threats"": false,
  ""past_persecution_death_threats_evidence"": ""Not mentioned in the opinion."",
  ""persecutor_nongovernmental_actor"": false,
  ""persecutor_nongovernmental_actor_evidence"": ""Not mentioned in the opinion."",
  ""credibility_finding"": true,
  ""credibility_finding_evidence"": ""Substantial evidence supports the agency’s adverse credibility determination based on inconsistencies between Weng’s testimony and documentary evidence as to when he began planning to travel to the United States."",
  ""bars_one_year_deadline_missed"": true,
  ""bars_one_year_deadline_missed_evidence"": ""The opinion notes that the petitioner missed the one-year asylum filing deadline under INA § 208(a)(2)(B)."",
  ""nexus_requirement_met"": false,
  ""nexus_requirement_met_evidence"": ""Not mentioned in the opinion."""
17-70324-2020-08-10,https://cdn.ca9.uscourts.gov/datastore/memoranda/2020/08/10/17-70324.pdf,meta/llama-3.2-3b-instruct,persecutor_nongovernmental_actor,,,5650,"parse: JSONDecodeError: Expecting ',' delimiter: line 23 column 68 (char 1771)","{
  ""asylum_requested"": true,
  ""asylum_requested_evidence"": ""Chengyong Weng, a native and citizen of China, petitions for review of the Board of Immigration Appeals’ (“BIA”) order dismissing his appeal from an immigration judge’s decision denying his application for asylum, withholding of removal, and relief under the Convention Against Torture (“CAT”)."",
  ""withholding_requested"": false,
  ""withholding_requested_evidence"": ""Not mentioned in the opinion."",
  ""CAT_requested"": false,
  ""CAT_requested_evidence"": ""Not mentioned in the opinion."",
  ""protected_ground_political_opinion"": false,
  ""protected_ground_political_opinion_evidence"": ""Not mentioned in the opinion."",
  ""protected_ground_particular_social_group"": false,
  ""protected_ground_particular_social_group_evidence"": ""Not mentioned in the opinion."",
  ""past_persecution_physical_violence"": false,
  ""past_persecution_physical_violence_evidence"": ""Not mentioned in the opinion."",
  ""past_persecution_death_threats"": false,
  ""past_persecution_death_threats_evidence"": ""Not mentioned in the opinion."",
  ""persecutor_nongovernmental_actor"": false,
  ""persecutor_nongovernmental_actor_evidence"": ""Not mentioned in the opinion."",
  ""credibility_finding"": true,
  ""credibility_finding_evidence"": ""Substantial evidence supports the agency’s adverse credibility determination based on inconsistencies between Weng’s testimony and documentary evidence as to when he began planning to travel to the United States."",
  ""bars_one_year_deadline_missed"": true,
  ""bars_one_year_deadline_missed_evidence"": ""The opinion notes that the petitioner missed the one-year asylum filing deadline under INA § 208(a)(2)(B)."",
  ""nexus_requirement_met"": false,
  ""nexus_requirement_met_evidence"": ""Not mentioned in the opinion."""
17-70324-2020-08-10,https://cdn.ca9.uscourts.gov/datastore/memoranda/2020/08/10/17-70324.pdf,meta/llama-3.2-3b-instruct,credibility_finding,,,5650,"parse: JSONDecodeError: Expecting ',' delimiter: line 23 column 68 (char 1771)","{
  ""asylum_requested"": true,
  ""asylum_requested_evidence"": ""Chengyong Weng, a native and citizen of China, petitions for review of the Board of Immigration Appeals’ (“BIA”) order dismissing his appeal from an immigration judge’s decision denying his application for asylum, withholding of removal, and relief under the Convention Against Torture (“CAT”)."",
  ""withholding_requested"": false,
  ""withholding_requested_evidence"": ""Not mentioned in the opinion."",
  ""CAT_requested"": false,
  ""CAT_requested_evidence"": ""Not mentioned in the opinion."",
  ""protected_ground_political_opinion"": false,
  ""protected_ground_political_opinion_evidence"": ""Not mentioned in the opinion."",
  ""protected_ground_particular_social_group"": false,
  ""protected_ground_particular_social_group_evidence"": ""Not mentioned in the opinion."",
  ""past_persecution_physical_violence"": false,
  ""past_persecution_physical_violence_evidence"": ""Not mentioned in the opinion."",
  ""past_persecution_death_threats"": false,
  ""past_persecution_death_threats_evidence"": ""Not mentioned in the opinion."",
  ""persecutor_nongovernmental_actor"": false,
  ""persecutor_nongovernmental_actor_evidence"": ""Not mentioned in the opinion."",
  ""credibility_finding"": true,
  ""credibility_finding_evidence"": ""Substantial evidence supports the agency’s adverse credibility determination based on inconsistencies between Weng’s testimony and documentary evidence as to when he began planning to travel to the United States."",
  ""bars_one_year_deadline_missed"": true,
  ""bars_one_year_deadline_missed_evidence"": ""The opinion notes that the petitioner missed the one-year asylum filing deadline under INA § 208(a)(2)(B)."",
  ""nexus_requirement_met"": false,
  ""nexus_requirement_met_evidence"": ""Not mentioned in the opinion."""
17-70324-2020-08-10,https://cdn.ca9.uscourts.gov/datastore/memoranda/2020/08/10/17-70324.pdf,meta/llama-3.2-3b-instruct,bars_one_year_deadline_missed,,,5650,"parse: JSONDecodeError: Expecting ',' delimiter: line 23 column 68 (char 1771)","{
  ""asylum_requested"": true,
  ""asylum_requested_evidence"": ""Chengyong Weng, a native and citizen of China, petitions for review of the Board of Immigration Appeals’ (“BIA”) order dismissing his appeal from an immigration judge’s decision denying his application for asylum, withholding of removal, and relief under the Convention Against Torture (“CAT”)."",
  ""withholding_requested"": false,
  ""withholding_requested_evidence"": ""Not mentioned in the opinion."",
  ""CAT_requested"": false,
  ""CAT_requested_evidence"": ""Not mentioned in the opinion."",
  ""protected_ground_political_opinion"": false,
  ""protected_ground_political_opinion_evidence"": ""Not mentioned in the opinion."",
  ""protected_ground_particular_social_group"": false,
  ""protected_ground_particular_social_group_evidence"": ""Not mentioned in the opinion."",
  ""past_persecution_physical_violence"": false,
  ""past_persecution_physical_violence_evidence"": ""Not mentioned in the opinion."",
  ""past_persecution_death_threats"": false,
  ""past_persecution_death_threats_evidence"": ""Not mentioned in the opinion."",
  ""persecutor_nongovernmental_actor"": false,
  ""persecutor_nongovernmental_actor_evidence"": ""Not mentioned in the opinion."",
  ""credibility_finding"": true,
  ""credibility_finding_evidence"": ""Substantial evidence supports the agency’s adverse credibility determination based on inconsistencies between Weng’s testimony and documentary evidence as to when he began planning to travel to the United States."",
  ""bars_one_year_deadline_missed"": true,
  ""bars_one_year_deadline_missed_evidence"": ""The opinion notes that the petitioner missed the one-year asylum filing deadline under INA § 208(a)(2)(B)."",
  ""nexus_requirement_met"": false,
  ""nexus_requirement_met_evidence"": ""Not mentioned in the opinion."""
17-70324-2020-08-10,https://cdn.ca9.uscourts.gov/datastore/memoranda/2020/08/10/17-70324.pdf,meta/llama-3.2-3b-instruct,nexus_requirement_met,,,5650,"parse: JSONDecodeError: Expecting ',' delimiter: line 23 column 68 (char 1771)","{
  ""asylum_requested"": true,
  ""asylum_requested_evidence"": ""Chengyong Weng, a native and citizen of China, petitions for review of the Board of Immigration Appeals’ (“BIA”) order dismissing his appeal from an immigration judge’s decision denying his application for asylum, withholding of removal, and relief under the Convention Against Torture (“CAT”)."",
  ""withholding_requested"": false,
  ""withholding_requested_evidence"": ""Not mentioned in the opinion."",
  ""CAT_requested"": false,
  ""CAT_requested_evidence"": ""Not mentioned in the opinion."",
  ""protected_ground_political_opinion"": false,
  ""protected_ground_political_opinion_evidence"": ""Not mentioned in the opinion."",
  ""protected_ground_particular_social_group"": false,
  ""protected_ground_particular_social_group_evidence"": ""Not mentioned in the opinion."",
  ""past_persecution_physical_violence"": false,
  ""past_persecution_physical_violence_evidence"": ""Not mentioned in the opinion."",
  ""past_persecution_death_threats"": false,
  ""past_persecution_death_threats_evidence"": ""Not mentioned in the opinion."",
  ""persecutor_nongovernmental_actor"": false,
  ""persecutor_nongovernmental_actor_evidence"": ""Not mentioned in the opinion."",
  ""credibility_finding"": true,
  ""credibility_finding_evidence"": ""Substantial evidence supports the agency’s adverse credibility determination based on inconsistencies between Weng’s testimony and documentary evidence as to when he began planning to travel to the United States."",
  ""bars_one_year_deadline_missed"": true,
  ""bars_one_year_deadline_missed_evidence"": ""The opinion notes that the petitioner missed the one-year asylum filing deadline under INA § 208(a)(2)(B)."",
  ""nexus_requirement_met"": false,
  ""nexus_requirement_met_evidence"": ""Not mentioned in the opinion."""
20-71340-2021-05-10,https://cdn.ca9.uscourts.gov/datastore/memoranda/2021/05/10/20-71340.pdf,meta/llama-3.2-3b-instruct,asylum_requested,True,Petitioner Guillermo Avila-Arias (“Avila-Arias”) petitions for review of the Board of Immigration Appeals’ (“BIA” or “Board”) decision denying his application for deferral of removal under the Convention Against Torture (“CAT”).,6759,,"{
  ""asylum_requested"": true,
  ""asylum_requested_evidence"": ""Petitioner Guillermo Avila-Arias (“Avila-Arias”) petitions for review of the Board of Immigration Appeals’ (“BIA” or “Board”) decision denying his application for deferral of removal under the Convention Against Torture (“CAT”)."",
  ""withholding_requested"": false,
  ""withholding_requested_evidence"": ""Not mentioned in the opinion."",
  ""CAT_requested"": true,
  ""CAT_requested_evidence"": ""Petitioner Guillermo Avila-Arias (“Avila-Arias”) petitions for review of the Board of Immigration Appeals’ (“BIA” or “Board”) decision denying his application for deferral of removal under the Convention Against Torture (“CAT”)."",
  ""protected_ground_political_opinion"": false,
  ""protected_ground_political_opinion_evidence"": ""Not mentioned in the opinion."",
  ""protected_ground_particular_social_group"": false,
  ""protected_ground_particular_social_group_evidence"": ""Not mentioned in the opinion."",
  ""past_persecution_physical_violence"": false,
  ""past_persecution_physical_violence_evidence"": ""Not mentioned in the opinion."",
  ""past_persecution_death_threats"": true,
  ""past_persecution_death_threats_evidence"": ""The BIA reviewed the record evidence, incorporated the IJ’s analysis, and added its own reasoning that the circumstances surrounding the death threats and attempted abduction Avila-Arias suffered did not amount to the “extreme and prolonged cruel and inhuman treatment” that define torture."",
  ""persecutor_nongovernmental_actor"": false,
  ""persecutor_nongovernmental_actor_evidence"": ""Not mentioned in the opinion."",
  ""credibility_finding"": false,
  ""credibility_finding_evidence"": ""Not mentioned in the opinion."",
  ""bars_one_year_deadline_missed"": false,
  ""bars_one_year_deadline_missed_evidence"": ""Not mentioned in the opinion."",
  ""nexus_requirement_met"": false,
  ""nexus_requirement_met_evidence"": ""Not mentioned in the opinion.""
}"
20-71340-2021-05-10,https://cdn.ca9.uscourts.gov/datastore/memoranda/2021/05/10/20-71340.pdf,meta/llama-3.2-3b-instruct,withholding_requested,False,Not mentioned in the opinion.,6759,,"{
  ""asylum_requested"": true,
  ""asylum_requested_evidence"": ""Petitioner Guillermo Avila-Arias (“Avila-Arias”) petitions for review of the Board of Immigration Appeals’ (“BIA” or “Board”) decision denying his application for deferral of removal under the Convention Against Torture (“CAT”)."",
  ""withholding_requested"": false,
  ""withholding_requested_evidence"": ""Not mentioned in the opinion."",
  ""CAT_requested"": true,
  ""CAT_requested_evidence"": ""Petitioner Guillermo Avila-Arias (“Avila-Arias”) petitions for review of the Board of Immigration Appeals’ (“BIA” or “Board”) decision denying his application for deferral of removal under the Convention Against Torture (“CAT”)."",
  ""protected_ground_political_opinion"": false,
  ""protected_ground_political_opinion_evidence"": ""Not mentioned in the opinion."",
  ""protected_ground_particular_social_group"": false,
  ""protected_ground_particular_social_group_evidence"": ""Not mentioned in the opinion."",
  ""past_persecution_physical_violence"": false,
  ""past_persecution_physical_violence_evidence"": ""Not mentioned in the opinion."",
  ""past_persecution_death_threats"": true,
  ""past_persecution_death_threats_evidence"": ""The BIA reviewed the record evidence, incorporated the IJ’s analysis, and added its own reasoning that the circumstances surrounding the death threats and attempted abduction Avila-Arias suffered did not amount to the “extreme and prolonged cruel and inhuman treatment” that define torture."",
  ""persecutor_nongovernmental_actor"": false,
  ""persecutor_nongovernmental_actor_evidence"": ""Not mentioned in the opinion."",
  ""credibility_finding"": false,
  ""credibility_finding_evidence"": ""Not mentioned in the opinion."",
  ""bars_one_year_deadline_missed"": false,
  ""bars_one_year_deadline_missed_evidence"": ""Not mentioned in the opinion."",
  ""nexus_requirement_met"": false,
  ""nexus_requirement_met_evidence"": ""Not mentioned in the opinion.""
}"
20-71340-2021-05-10,https://cdn.ca9.uscourts.gov/datastore/memoranda/2021/05/10/20-71340.pdf,meta/llama-3.2-3b-instruct,CAT_requested,True,Petitioner Guillermo Avila-Arias (“Avila-Arias”) petitions for review of the Board of Immigration Appeals’ (“BIA” or “Board”) decision denying his application for deferral of removal under the Convention Against Torture (“CAT”).,6759,,"{
  ""asylum_requested"": true,
  ""asylum_requested_evidence"": ""Petitioner Guillermo Avila-Arias (“Avila-Arias”) petitions for review of the Board of Immigration Appeals’ (“BIA” or “Board”) decision denying his application for deferral of removal under the Convention Against Torture (“CAT”)."",
  ""withholding_requested"": false,
  ""withholding_requested_evidence"": ""Not mentioned in the opinion."",
  ""CAT_requested"": true,
  ""CAT_requested_evidence"": ""Petitioner Guillermo Avila-Arias (“Avila-Arias”) petitions for review of the Board of Immigration Appeals’ (“BIA” or “Board”) decision denying his application for deferral of removal under the Convention Against Torture (“CAT”)."",
  ""protected_ground_political_opinion"": false,
  ""protected_ground_political_opinion_evidence"": ""Not mentioned in the opinion."",
  ""protected_ground_particular_social_group"": false,
  ""protected_ground_particular_social_group_evidence"": ""Not mentioned in the opinion."",
  ""past_persecution_physical_violence"": false,
  ""past_persecution_physical_violence_evidence"": ""Not mentioned in the opinion."",
  ""past_persecution_death_threats"": true,
  ""past_persecution_death_threats_evidence"": ""The BIA reviewed the record evidence, incorporated the IJ’s analysis, and added its own reasoning that the circumstances surrounding the death threats and attempted abduction Avila-Arias suffered did not amount to the “extreme and prolonged cruel and inhuman treatment” that define torture."",
  ""persecutor_nongovernmental_actor"": false,
  ""persecutor_nongovernmental_actor_evidence"": ""Not mentioned in the opinion."",
  ""credibility_finding"": false,
  ""credibility_finding_evidence"": ""Not mentioned in the opinion."",
  ""bars_one_year_deadline_missed"": false,
  ""bars_one_year_deadline_missed_evidence"": ""Not mentioned in the opinion."",
  ""nexus_requirement_met"": false,
  ""nexus_requirement_met_evidence"": ""Not mentioned in the opinion.""
}"
20-71340-2021-05-10,https://cdn.ca9.uscourts.gov/datastore/memoranda/2021/05/10/20-71340.pdf,meta/llama-3.2-3b-instruct,protected_ground_political_opinion,False,Not mentioned in the opinion.,6759,,"{
  ""asylum_requested"": true,
  ""asylum_requested_evidence"": ""Petitioner Guillermo Avila-Arias (“Avila-Arias”) petitions for review of the Board of Immigration Appeals’ (“BIA” or “Board”) decision denying his application for deferral of removal under the Convention Against Torture (“CAT”)."",
  ""withholding_requested"": false,
  ""withholding_requested_evidence"": ""Not mentioned in the opinion."",
  ""CAT_requested"": true,
  ""CAT_requested_evidence"": ""Petitioner Guillermo Avila-Arias (“Avila-Arias”) petitions for review of the Board of Immigration Appeals’ (“BIA” or “Board”) decision denying his application for deferral of removal under the Convention Against Torture (“CAT”)."",
  ""protected_ground_political_opinion"": false,
  ""protected_ground_political_opinion_evidence"": ""Not mentioned in the opinion."",
  ""protected_ground_particular_social_group"": false,
  ""protected_ground_particular_social_group_evidence"": ""Not mentioned in the opinion."",
  ""past_persecution_physical_violence"": false,
  ""past_persecution_physical_violence_evidence"": ""Not mentioned in the opinion."",
  ""past_persecution_death_threats"": true,
  ""past_persecution_death_threats_evidence"": ""The BIA reviewed the record evidence, incorporated the IJ’s analysis, and added its own reasoning that the circumstances surrounding the death threats and attempted abduction Avila-Arias suffered did not amount to the “extreme and prolonged cruel and inhuman treatment” that define torture."",
  ""persecutor_nongovernmental_actor"": false,
  ""persecutor_nongovernmental_actor_evidence"": ""Not mentioned in the opinion."",
  ""credibility_finding"": false,
  ""credibility_finding_evidence"": ""Not mentioned in the opinion."",
  ""bars_one_year_deadline_missed"": false,
  ""bars_one_year_deadline_missed_evidence"": ""Not mentioned in the opinion."",
  ""nexus_requirement_met"": false,
  ""nexus_requirement_met_evidence"": ""Not mentioned in the opinion.""
}"
20-71340-2021-05-10,https://cdn.ca9.uscourts.gov/datastore/memoranda/2021/05/10/20-71340.pdf,meta/llama-3.2-3b-instruct,protected_ground_particular_social_group,False,Not mentioned in the opinion.,6759,,"{
  ""asylum_requested"": true,
  ""asylum_requested_evidence"": ""Petitioner Guillermo Avila-Arias (“Avila-Arias”) petitions for review of the Board of Immigration Appeals’ (“BIA” or “Board”) decision denying his application for deferral of removal under the Convention Against Torture (“CAT”)."",
  ""withholding_requested"": false,
  ""withholding_requested_evidence"": ""Not mentioned in the opinion."",
  ""CAT_requested"": true,
  ""CAT_requested_evidence"": ""Petitioner Guillermo Avila-Arias (“Avila-Arias”) petitions for review of the Board of Immigration Appeals’ (“BIA” or “Board”) decision denying his application for deferral of removal under the Convention Against Torture (“CAT”)."",
  ""protected_ground_political_opinion"": false,
  ""protected_ground_political_opinion_evidence"": ""Not mentioned in the opinion."",
  ""protected_ground_particular_social_group"": false,
  ""protected_ground_particular_social_group_evidence"": ""Not mentioned in the opinion."",
  ""past_persecution_physical_violence"": false,
  ""past_persecution_physical_violence_evidence"": ""Not mentioned in the opinion."",
  ""past_persecution_death_threats"": true,
  ""past_persecution_death_threats_evidence"": ""The BIA reviewed the record evidence, incorporated the IJ’s analysis, and added its own reasoning that the circumstances surrounding the death threats and attempted abduction Avila-Arias suffered did not amount to the “extreme and prolonged cruel and inhuman treatment” that define torture."",
  ""persecutor_nongovernmental_actor"": false,
  ""persecutor_nongovernmental_actor_evidence"": ""Not mentioned in the opinion."",
  ""credibility_finding"": false,
  ""credibility_finding_evidence"": ""Not mentioned in the opinion."",
  ""bars_one_year_deadline_missed"": false,
  ""bars_one_year_deadline_missed_evidence"": ""Not mentioned in the opinion."",
  ""nexus_requirement_met"": false,
  ""nexus_requirement_met_evidence"": ""Not mentioned in the opinion.""
}"
20-71340-2021-05-10,https://cdn.ca9.uscourts.gov/datastore/memoranda/2021/05/10/20-71340.pdf,meta/llama-3.2-3b-instruct,past_persecution_physical_violence,False,Not mentioned in the opinion.,6759,,"{
  ""asylum_requested"": true,
  ""asylum_requested_evidence"": ""Petitioner Guillermo Avila-Arias (“Avila-Arias”) petitions for review of the Board of Immigration Appeals’ (“BIA” or “Board”) decision denying his application for deferral of removal under the Convention Against Torture (“CAT”)."",
  ""withholding_requested"": false,
  ""withholding_requested_evidence"": ""Not mentioned in the opinion."",
  ""CAT_requested"": true,
  ""CAT_requested_evidence"": ""Petitioner Guillermo Avila-Arias (“Avila-Arias”) petitions for review of the Board of Immigration Appeals’ (“BIA” or “Board”) decision denying his application for deferral of removal under the Convention Against Torture (“CAT”)."",
  ""protected_ground_political_opinion"": false,
  ""protected_ground_political_opinion_evidence"": ""Not mentioned in the opinion."",
  ""protected_ground_particular_social_group"": false,
  ""protected_ground_particular_social_group_evidence"": ""Not mentioned in the opinion."",
  ""past_persecution_physical_violence"": false,
  ""past_persecution_physical_violence_evidence"": ""Not mentioned in the opinion."",
  ""past_persecution_death_threats"": true,
  ""past_persecution_death_threats_evidence"": ""The BIA reviewed the record evidence, incorporated the IJ’s analysis, and added its own reasoning that the circumstances surrounding the death threats and attempted abduction Avila-Arias suffered did not amount to the “extreme and prolonged cruel and inhuman treatment” that define torture."",
  ""persecutor_nongovernmental_actor"": false,
  ""persecutor_nongovernmental_actor_evidence"": ""Not mentioned in the opinion."",
  ""credibility_finding"": false,
  ""credibility_finding_evidence"": ""Not mentioned in the opinion."",
  ""bars_one_year_deadline_missed"": false,
  ""bars_one_year_deadline_missed_evidence"": ""Not mentioned in the opinion."",
  ""nexus_requirement_met"": false,
  ""nexus_requirement_met_evidence"": ""Not mentioned in the opinion.""
}"
20-71340-2021-05-10,https://cdn.ca9.uscourts.gov/datastore/memoranda/2021/05/10/20-71340.pdf,meta/llama-3.2-3b-instruct,past_persecution_death_threats,True,"The BIA reviewed the record evidence, incorporated the IJ’s analysis, and added its own reasoning that the circumstances surrounding the death threats and attempted abduction Avila-Arias suffered did not amount to the “extreme and prolonged cruel and inhuman treatment” that define torture.",6759,,"{
  ""asylum_requested"": true,
  ""asylum_requested_evidence"": ""Petitioner Guillermo Avila-Arias (“Avila-Arias”) petitions for review of the Board of Immigration Appeals’ (“BIA” or “Board”) decision denying his application for deferral of removal under the Convention Against Torture (“CAT”)."",
  ""withholding_requested"": false,
  ""withholding_requested_evidence"": ""Not mentioned in the opinion."",
  ""CAT_requested"": true,
  ""CAT_requested_evidence"": ""Petitioner Guillermo Avila-Arias (“Avila-Arias”) petitions for review of the Board of Immigration Appeals’ (“BIA” or “Board”) decision denying his application for deferral of removal under the Convention Against Torture (“CAT”)."",
  ""protected_ground_political_opinion"": false,
  ""protected_ground_political_opinion_evidence"": ""Not mentioned in the opinion."",
  ""protected_ground_particular_social_group"": false,
  ""protected_ground_particular_social_group_evidence"": ""Not mentioned in the opinion."",
  ""past_persecution_physical_violence"": false,
  ""past_persecution_physical_violence_evidence"": ""Not mentioned in the opinion."",
  ""past_persecution_death_threats"": true,
  ""past_persecution_death_threats_evidence"": ""The BIA reviewed the record evidence, incorporated the IJ’s analysis, and added its own reasoning that the circumstances surrounding the death threats and attempted abduction Avila-Arias suffered did not amount to the “extreme and prolonged cruel and inhuman treatment” that define torture."",
  ""persecutor_nongovernmental_actor"": false,
  ""persecutor_nongovernmental_actor_evidence"": ""Not mentioned in the opinion."",
  ""credibility_finding"": false,
  ""credibility_finding_evidence"": ""Not mentioned in the opinion."",
  ""bars_one_year_deadline_missed"": false,
  ""bars_one_year_deadline_missed_evidence"": ""Not mentioned in the opinion."",
  ""nexus_requirement_met"": false,
  ""nexus_requirement_met_evidence"": ""Not mentioned in the opinion.""
}"
20-71340-2021-05-10,https://cdn.ca9.uscourts.gov/datastore/memoranda/2021/05/10/20-71340.pdf,meta/llama-3.2-3b-instruct,persecutor_nongovernmental_actor,False,Not mentioned in the opinion.,6759,,"{
  ""asylum_requested"": true,
  ""asylum_requested_evidence"": ""Petitioner Guillermo Avila-Arias (“Avila-Arias”) petitions for review of the Board of Immigration Appeals’ (“BIA” or “Board”) decision denying his application for deferral of removal under the Convention Against Torture (“CAT”)."",
  ""withholding_requested"": false,
  ""withholding_requested_evidence"": ""Not mentioned in the opinion."",
  ""CAT_requested"": true,
  ""CAT_requested_evidence"": ""Petitioner Guillermo Avila-Arias (“Avila-Arias”) petitions for review of the Board of Immigration Appeals’ (“BIA” or “Board”) decision denying his application for deferral of removal under the Convention Against Torture (“CAT”)."",
  ""protected_ground_political_opinion"": false,
  ""protected_ground_political_opinion_evidence"": ""Not mentioned in the opinion."",
  ""protected_ground_particular_social_group"": false,
  ""protected_ground_particular_social_group_evidence"": ""Not mentioned in the opinion."",
  ""past_persecution_physical_violence"": false,
  ""past_persecution_physical_violence_evidence"": ""Not mentioned in the opinion."",
  ""past_persecution_death_threats"": true,
  ""past_persecution_death_threats_evidence"": ""The BIA reviewed the record evidence, incorporated the IJ’s analysis, and added its own reasoning that the circumstances surrounding the death threats and attempted abduction Avila-Arias suffered did not amount to the “extreme and prolonged cruel and inhuman treatment” that define torture."",
  ""persecutor_nongovernmental_actor"": false,
  ""persecutor_nongovernmental_actor_evidence"": ""Not mentioned in the opinion."",
  ""credibility_finding"": false,
  ""credibility_finding_evidence"": ""Not mentioned in the opinion."",
  ""bars_one_year_deadline_missed"": false,
  ""bars_one_year_deadline_missed_evidence"": ""Not mentioned in the opinion."",
  ""nexus_requirement_met"": false,
  ""nexus_requirement_met_evidence"": ""Not mentioned in the opinion.""
}"
20-71340-2021-05-10,https://cdn.ca9.uscourts.gov/datastore/memoranda/2021/05/10/20-71340.pdf,meta/llama-3.2-3b-instruct,credibility_finding,False,Not mentioned in the opinion.,6759,,"{
  ""asylum_requested"": true,
  ""asylum_requested_evidence"": ""Petitioner Guillermo Avila-Arias (“Avila-Arias”) petitions for review of the Board of Immigration Appeals’ (“BIA” or “Board”) decision denying his application for deferral of removal under the Convention Against Torture (“CAT”)."",
  ""withholding_requested"": false,
  ""withholding_requested_evidence"": ""Not mentioned in the opinion."",
  ""CAT_requested"": true,
  ""CAT_requested_evidence"": ""Petitioner Guillermo Avila-Arias (“Avila-Arias”) petitions for review of the Board of Immigration Appeals’ (“BIA” or “Board”) decision denying his application for deferral of removal under the Convention Against Torture (“CAT”)."",
  ""protected_ground_political_opinion"": false,
  ""protected_ground_political_opinion_evidence"": ""Not mentioned in the opinion."",
  ""protected_ground_particular_social_group"": false,
  ""protected_ground_particular_social_group_evidence"": ""Not mentioned in the opinion."",
  ""past_persecution_physical_violence"": false,
  ""past_persecution_physical_violence_evidence"": ""Not mentioned in the opinion."",
  ""past_persecution_death_threats"": true,
  ""past_persecution_death_threats_evidence"": ""The BIA reviewed the record evidence, incorporated the IJ’s analysis, and added its own reasoning that the circumstances surrounding the death threats and attempted abduction Avila-Arias suffered did not amount to the “extreme and prolonged cruel and inhuman treatment” that define torture."",
  ""persecutor_nongovernmental_actor"": false,
  ""persecutor_nongovernmental_actor_evidence"": ""Not mentioned in the opinion."",
  ""credibility_finding"": false,
  ""credibility_finding_evidence"": ""Not mentioned in the opinion."",
  ""bars_one_year_deadline_missed"": false,
  ""bars_one_year_deadline_missed_evidence"": ""Not mentioned in the opinion."",
  ""nexus_requirement_met"": false,
  ""nexus_requirement_met_evidence"": ""Not mentioned in the opinion.""
}"
20-71340-2021-05-10,https://cdn.ca9.uscourts.gov/datastore/memoranda/2021/05/10/20-71340.pdf,meta/llama-3.2-3b-instruct,bars_one_year_deadline_missed,False,Not mentioned in the opinion.,6759,,"{
  ""asylum_requested"": true,
  ""asylum_requested_evidence"": ""Petitioner Guillermo Avila-Arias (“Avila-Arias”) petitions for review of the Board of Immigration Appeals’ (“BIA” or “Board”) decision denying his application for deferral of removal under the Convention Against Torture (“CAT”)."",
  ""withholding_requested"": false,
  ""withholding_requested_evidence"": ""Not mentioned in the opinion."",
  ""CAT_requested"": true,
  ""CAT_requested_evidence"": ""Petitioner Guillermo Avila-Arias (“Avila-Arias”) petitions for review of the Board of Immigration Appeals’ (“BIA” or “Board”) decision denying his application for deferral of removal under the Convention Against Torture (“CAT”)."",
  ""protected_ground_political_opinion"": false,
  ""protected_ground_political_opinion_evidence"": ""Not mentioned in the opinion."",
  ""protected_ground_particular_social_group"": false,
  ""protected_ground_particular_social_group_evidence"": ""Not mentioned in the opinion."",
  ""past_persecution_physical_violence"": false,
  ""past_persecution_physical_violence_evidence"": ""Not mentioned in the opinion."",
  ""past_persecution_death_threats"": true,
  ""past_persecution_death_threats_evidence"": ""The BIA reviewed the record evidence, incorporated the IJ’s analysis, and added its own reasoning that the circumstances surrounding the death threats and attempted abduction Avila-Arias suffered did not amount to the “extreme and prolonged cruel and inhuman treatment” that define torture."",
  ""persecutor_nongovernmental_actor"": false,
  ""persecutor_nongovernmental_actor_evidence"": ""Not mentioned in the opinion."",
  ""credibility_finding"": false,
  ""credibility_finding_evidence"": ""Not mentioned in the opinion."",
  ""bars_one_year_deadline_missed"": false,
  ""bars_one_year_deadline_missed_evidence"": ""Not mentioned in the opinion."",
  ""nexus_requirement_met"": false,
  ""nexus_requirement_met_evidence"": ""Not mentioned in the opinion.""
}"
20-71340-2021-05-10,https://cdn.ca9.uscourts.gov/datastore/memoranda/2021/05/10/20-71340.pdf,meta/llama-3.2-3b-instruct,nexus_requirement_met,False,Not mentioned in the opinion.,6759,,"{
  ""asylum_requested"": true,
  ""asylum_requested_evidence"": ""Petitioner Guillermo Avila-Arias (“Avila-Arias”) petitions for review of the Board of Immigration Appeals’ (“BIA” or “Board”) decision denying his application for deferral of removal under the Convention Against Torture (“CAT”)."",
  ""withholding_requested"": false,
  ""withholding_requested_evidence"": ""Not mentioned in the opinion."",
  ""CAT_requested"": true,
  ""CAT_requested_evidence"": ""Petitioner Guillermo Avila-Arias (“Avila-Arias”) petitions for review of the Board of Immigration Appeals’ (“BIA” or “Board”) decision denying his application for deferral of removal under the Convention Against Torture (“CAT”)."",
  ""protected_ground_political_opinion"": false,
  ""protected_ground_political_opinion_evidence"": ""Not mentioned in the opinion."",
  ""protected_ground_particular_social_group"": false,
  ""protected_ground_particular_social_group_evidence"": ""Not mentioned in the opinion."",
  ""past_persecution_physical_violence"": false,
  ""past_persecution_physical_violence_evidence"": ""Not mentioned in the opinion."",
  ""past_persecution_death_threats"": true,
  ""past_persecution_death_threats_evidence"": ""The BIA reviewed the record evidence, incorporated the IJ’s analysis, and added its own reasoning that the circumstances surrounding the death threats and attempted abduction Avila-Arias suffered did not amount to the “extreme and prolonged cruel and inhuman treatment” that define torture."",
  ""persecutor_nongovernmental_actor"": false,
  ""persecutor_nongovernmental_actor_evidence"": ""Not mentioned in the opinion."",
  ""credibility_finding"": false,
  ""credibility_finding_evidence"": ""Not mentioned in the opinion."",
  ""bars_one_year_deadline_missed"": false,
  ""bars_one_year_deadline_missed_evidence"": ""Not mentioned in the opinion."",
  ""nexus_requirement_met"": false,
  ""nexus_requirement_met_evidence"": ""Not mentioned in the opinion.""
}"
19-71833-2021-03-23,https://cdn.ca9.uscourts.gov/datastore/memoranda/2021/03/23/19-71833.pdf,meta/llama-3.2-3b-instruct,asylum_requested,True,"Bella Iride Duran and her two children, natives and citizens of El Salvador, petition for review of the Board of Immigration Appeals’ (“BIA”) order denying their motion to reconsider.",5721,,"{
  ""asylum_requested"": true,
  ""asylum_requested_evidence"": ""Bella Iride Duran and her two children, natives and citizens of El Salvador, petition for review of the Board of Immigration Appeals’ (“BIA”) order denying their motion to reconsider."",
  ""withholding_requested"": false,
  ""withholding_requested_evidence"": ""Not mentioned in the opinion."",
  ""CAT_requested"": false,
  ""CAT_requested_evidence"": ""Not mentioned in the opinion."",
  ""protected_ground_political_opinion"": false,
  ""protected_ground_political_opinion_evidence"": ""Not mentioned in the opinion."",
  ""protected_ground_particular_social_group"": false,
  ""protected_ground_particular_social_group_evidence"": ""Not mentioned in the opinion."",
  ""past_persecution_physical_violence"": false,
  ""past_persecution_physical_violence_evidence"": ""Not mentioned in the opinion."",
  ""past_persecution_death_threats"": false,
  ""past_persecution_death_threats_evidence"": ""Not mentioned in the opinion."",
  ""persecutor_nongovernmental_actor"": false,
  ""persecutor_nongovernmental_actor_evidence"": ""Not mentioned in the opinion."",
  ""credibility_finding"": false,
  ""credibility_finding_evidence"": ""Not mentioned in the opinion."",
  ""bars_one_year_deadline_missed"": true,
  ""bars_one_year_deadline_missed_evidence"": ""To the extent petitioners challenge the BIA’s underlying dismissal order, we lack jurisdiction to review that decision because it was issued on November 2, 2018, and Petitioners did not file this petition for review until July 22, 2019."",
  ""nexus_requirement_met"": false,
  ""nexus_requirement_met_evidence"": ""Not mentioned in the opinion.""
}"
19-71833-2021-03-23,https://cdn.ca9.uscourts.gov/datastore/memoranda/2021/03/23/19-71833.pdf,meta/llama-3.2-3b-instruct,withholding_requested,False,Not mentioned in the opinion.,5721,,"{
  ""asylum_requested"": true,
  ""asylum_requested_evidence"": ""Bella Iride Duran and her two children, natives and citizens of El Salvador, petition for review of the Board of Immigration Appeals’ (“BIA”) order denying their motion to reconsider."",
  ""withholding_requested"": false,
  ""withholding_requested_evidence"": ""Not mentioned in the opinion."",
  ""CAT_requested"": false,
  ""CAT_requested_evidence"": ""Not mentioned in the opinion."",
  ""protected_ground_political_opinion"": false,
  ""protected_ground_political_opinion_evidence"": ""Not mentioned in the opinion."",
  ""protected_ground_particular_social_group"": false,
  ""protected_ground_particular_social_group_evidence"": ""Not mentioned in the opinion."",
  ""past_persecution_physical_violence"": false,
  ""past_persecution_physical_violence_evidence"": ""Not mentioned in the opinion."",
  ""past_persecution_death_threats"": false,
  ""past_persecution_death_threats_evidence"": ""Not mentioned in the opinion."",
  ""persecutor_nongovernmental_actor"": false,
  ""persecutor_nongovernmental_actor_evidence"": ""Not mentioned in the opinion."",
  ""credibility_finding"": false,
  ""credibility_finding_evidence"": ""Not mentioned in the opinion."",
  ""bars_one_year_deadline_missed"": true,
  ""bars_one_year_deadline_missed_evidence"": ""To the extent petitioners challenge the BIA’s underlying dismissal order, we lack jurisdiction to review that decision because it was issued on November 2, 2018, and Petitioners did not file this petition for review until July 22, 2019."",
  ""nexus_requirement_met"": false,
  ""nexus_requirement_met_evidence"": ""Not mentioned in the opinion.""
}"
19-71833-2021-03-23,https://cdn.ca9.uscourts.gov/datastore/memoranda/2021/03/23/19-71833.pdf,meta/llama-3.2-3b-instruct,CAT_requested,False,Not mentioned in the opinion.,5721,,"{
  ""asylum_requested"": true,
  ""asylum_requested_evidence"": ""Bella Iride Duran and her two children, natives and citizens of El Salvador, petition for review of the Board of Immigration Appeals’ (“BIA”) order denying their motion to reconsider."",
  ""withholding_requested"": false,
  ""withholding_requested_evidence"": ""Not mentioned in the opinion."",
  ""CAT_requested"": false,
  ""CAT_requested_evidence"": ""Not mentioned in the opinion."",
  ""protected_ground_political_opinion"": false,
  ""protected_ground_political_opinion_evidence"": ""Not mentioned in the opinion."",
  ""protected_ground_particular_social_group"": false,
  ""protected_ground_particular_social_group_evidence"": ""Not mentioned in the opinion."",
  ""past_persecution_physical_violence"": false,
  ""past_persecution_physical_violence_evidence"": ""Not mentioned in the opinion."",
  ""past_persecution_death_threats"": false,
  ""past_persecution_death_threats_evidence"": ""Not mentioned in the opinion."",
  ""persecutor_nongovernmental_actor"": false,
  ""persecutor_nongovernmental_actor_evidence"": ""Not mentioned in the opinion."",
  ""credibility_finding"": false,
  ""credibility_finding_evidence"": ""Not mentioned in the opinion."",
  ""bars_one_year_deadline_missed"": true,
  ""bars_one_year_deadline_missed_evidence"": ""To the extent petitioners challenge the BIA’s underlying dismissal order, we lack jurisdiction to review that decision because it was issued on November 2, 2018, and Petitioners did not file this petition for review until July 22, 2019."",
  ""nexus_requirement_met"": false,
  ""nexus_requirement_met_evidence"": ""Not mentioned in the opinion.""
}"
19-71833-2021-03-23,https://cdn.ca9.uscourts.gov/datastore/memoranda/2021/03/23/19-71833.pdf,meta/llama-3.2-3b-instruct,protected_ground_political_opinion,False,Not mentioned in the opinion.,5721,,"{
  ""asylum_requested"": true,
  ""asylum_requested_evidence"": ""Bella Iride Duran and her two children, natives and citizens of El Salvador, petition for review of the Board of Immigration Appeals’ (“BIA”) order denying their motion to reconsider."",
  ""withholding_requested"": false,
  ""withholding_requested_evidence"": ""Not mentioned in the opinion."",
  ""CAT_requested"": false,
  ""CAT_requested_evidence"": ""Not mentioned in the opinion."",
  ""protected_ground_political_opinion"": false,
  ""protected_ground_political_opinion_evidence"": ""Not mentioned in the opinion."",
  ""protected_ground_particular_social_group"": false,
  ""protected_ground_particular_social_group_evidence"": ""Not mentioned in the opinion."",
  ""past_persecution_physical_violence"": false,
  ""past_persecution_physical_violence_evidence"": ""Not mentioned in the opinion."",
  ""past_persecution_death_threats"": false,
  ""past_persecution_death_threats_evidence"": ""Not mentioned in the opinion."",
  ""persecutor_nongovernmental_actor"": false,
  ""persecutor_nongovernmental_actor_evidence"": ""Not mentioned in the opinion."",
  ""credibility_finding"": false,
  ""credibility_finding_evidence"": ""Not mentioned in the opinion."",
  ""bars_one_year_deadline_missed"": true,
  ""bars_one_year_deadline_missed_evidence"": ""To the extent petitioners challenge the BIA’s underlying dismissal order, we lack jurisdiction to review that decision because it was issued on November 2, 2018, and Petitioners did not file this petition for review until July 22, 2019."",
  ""nexus_requirement_met"": false,
  ""nexus_requirement_met_evidence"": ""Not mentioned in the opinion.""
}"
19-71833-2021-03-23,https://cdn.ca9.uscourts.gov/datastore/memoranda/2021/03/23/19-71833.pdf,meta/llama-3.2-3b-instruct,protected_ground_particular_social_group,False,Not mentioned in the opinion.,5721,,"{
  ""asylum_requested"": true,
  ""asylum_requested_evidence"": ""Bella Iride Duran and her two children, natives and citizens of El Salvador, petition for review of the Board of Immigration Appeals’ (“BIA”) order denying their motion to reconsider."",
  ""withholding_requested"": false,
  ""withholding_requested_evidence"": ""Not mentioned in the opinion."",
  ""CAT_requested"": false,
  ""CAT_requested_evidence"": ""Not mentioned in the opinion."",
  ""protected_ground_political_opinion"": false,
  ""protected_ground_political_opinion_evidence"": ""Not mentioned in the opinion."",
  ""protected_ground_particular_social_group"": false,
  ""protected_ground_particular_social_group_evidence"": ""Not mentioned in the opinion."",
  ""past_persecution_physical_violence"": false,
  ""past_persecution_physical_violence_evidence"": ""Not mentioned in the opinion."",
  ""past_persecution_death_threats"": false,
  ""past_persecution_death_threats_evidence"": ""Not mentioned in the opinion."",
  ""persecutor_nongovernmental_actor"": false,
  ""persecutor_nongovernmental_actor_evidence"": ""Not mentioned in the opinion."",
  ""credibility_finding"": false,
  ""credibility_finding_evidence"": ""Not mentioned in the opinion."",
  ""bars_one_year_deadline_missed"": true,
  ""bars_one_year_deadline_missed_evidence"": ""To the extent petitioners challenge the BIA’s underlying dismissal order, we lack jurisdiction to review that decision because it was issued on November 2, 2018, and Petitioners did not file this petition for review until July 22, 2019."",
  ""nexus_requirement_met"": false,
  ""nexus_requirement_met_evidence"": ""Not mentioned in the opinion.""
}"
19-71833-2021-03-23,https://cdn.ca9.uscourts.gov/datastore/memoranda/2021/03/23/19-71833.pdf,meta/llama-3.2-3b-instruct,past_persecution_physical_violence,False,Not mentioned in the opinion.,5721,,"{
  ""asylum_requested"": true,
  ""asylum_requested_evidence"": ""Bella Iride Duran and her two children, natives and citizens of El Salvador, petition for review of the Board of Immigration Appeals’ (“BIA”) order denying their motion to reconsider."",
  ""withholding_requested"": false,
  ""withholding_requested_evidence"": ""Not mentioned in the opinion."",
  ""CAT_requested"": false,
  ""CAT_requested_evidence"": ""Not mentioned in the opinion."",
  ""protected_ground_political_opinion"": false,
  ""protected_ground_political_opinion_evidence"": ""Not mentioned in the opinion."",
  ""protected_ground_particular_social_group"": false,
  ""protected_ground_particular_social_group_evidence"": ""Not mentioned in the opinion."",
  ""past_persecution_physical_violence"": false,
  ""past_persecution_physical_violence_evidence"": ""Not mentioned in the opinion."",
  ""past_persecution_death_threats"": false,
  ""past_persecution_death_threats_evidence"": ""Not mentioned in the opinion."",
  ""persecutor_nongovernmental_actor"": false,
  ""persecutor_nongovernmental_actor_evidence"": ""Not mentioned in the opinion."",
  ""credibility_finding"": false,
  ""credibility_finding_evidence"": ""Not mentioned in the opinion."",
  ""bars_one_year_deadline_missed"": true,
  ""bars_one_year_deadline_missed_evidence"": ""To the extent petitioners challenge the BIA’s underlying dismissal order, we lack jurisdiction to review that decision because it was issued on November 2, 2018, and Petitioners did not file this petition for review until July 22, 2019."",
  ""nexus_requirement_met"": false,
  ""nexus_requirement_met_evidence"": ""Not mentioned in the opinion.""
}"
19-71833-2021-03-23,https://cdn.ca9.uscourts.gov/datastore/memoranda/2021/03/23/19-71833.pdf,meta/llama-3.2-3b-instruct,past_persecution_death_threats,False,Not mentioned in the opinion.,5721,,"{
  ""asylum_requested"": true,
  ""asylum_requested_evidence"": ""Bella Iride Duran and her two children, natives and citizens of El Salvador, petition for review of the Board of Immigration Appeals’ (“BIA”) order denying their motion to reconsider."",
  ""withholding_requested"": false,
  ""withholding_requested_evidence"": ""Not mentioned in the opinion."",
  ""CAT_requested"": false,
  ""CAT_requested_evidence"": ""Not mentioned in the opinion."",
  ""protected_ground_political_opinion"": false,
  ""protected_ground_political_opinion_evidence"": ""Not mentioned in the opinion."",
  ""protected_ground_particular_social_group"": false,
  ""protected_ground_particular_social_group_evidence"": ""Not mentioned in the opinion."",
  ""past_persecution_physical_violence"": false,
  ""past_persecution_physical_violence_evidence"": ""Not mentioned in the opinion."",
  ""past_persecution_death_threats"": false,
  ""past_persecution_death_threats_evidence"": ""Not mentioned in the opinion."",
  ""persecutor_nongovernmental_actor"": false,
  ""persecutor_nongovernmental_actor_evidence"": ""Not mentioned in the opinion."",
  ""credibility_finding"": false,
  ""credibility_finding_evidence"": ""Not mentioned in the opinion."",
  ""bars_one_year_deadline_missed"": true,
  ""bars_one_year_deadline_missed_evidence"": ""To the extent petitioners challenge the BIA’s underlying dismissal order, we lack jurisdiction to review that decision because it was issued on November 2, 2018, and Petitioners did not file this petition for review until July 22, 2019."",
  ""nexus_requirement_met"": false,
  ""nexus_requirement_met_evidence"": ""Not mentioned in the opinion.""
}"
19-71833-2021-03-23,https://cdn.ca9.uscourts.gov/datastore/memoranda/2021/03/23/19-71833.pdf,meta/llama-3.2-3b-instruct,persecutor_nongovernmental_actor,False,Not mentioned in the opinion.,5721,,"{
  ""asylum_requested"": true,
  ""asylum_requested_evidence"": ""Bella Iride Duran and her two children, natives and citizens of El Salvador, petition for review of the Board of Immigration Appeals’ (“BIA”) order denying their motion to reconsider."",
  ""withholding_requested"": false,
  ""withholding_requested_evidence"": ""Not mentioned in the opinion."",
  ""CAT_requested"": false,
  ""CAT_requested_evidence"": ""Not mentioned in the opinion."",
  ""protected_ground_political_opinion"": false,
  ""protected_ground_political_opinion_evidence"": ""Not mentioned in the opinion."",
  ""protected_ground_particular_social_group"": false,
  ""protected_ground_particular_social_group_evidence"": ""Not mentioned in the opinion."",
  ""past_persecution_physical_violence"": false,
  ""past_persecution_physical_violence_evidence"": ""Not mentioned in the opinion."",
  ""past_persecution_death_threats"": false,
  ""past_persecution_death_threats_evidence"": ""Not mentioned in the opinion."",
  ""persecutor_nongovernmental_actor"": false,
  ""persecutor_nongovernmental_actor_evidence"": ""Not mentioned in the opinion."",
  ""credibility_finding"": false,
  ""credibility_finding_evidence"": ""Not mentioned in the opinion."",
  ""bars_one_year_deadline_missed"": true,
  ""bars_one_year_deadline_missed_evidence"": ""To the extent petitioners challenge the BIA’s underlying dismissal order, we lack jurisdiction to review that decision because it was issued on November 2, 2018, and Petitioners did not file this petition for review until July 22, 2019."",
  ""nexus_requirement_met"": false,
  ""nexus_requirement_met_evidence"": ""Not mentioned in the opinion.""
}"
19-71833-2021-03-23,https://cdn.ca9.uscourts.gov/datastore/memoranda/2021/03/23/19-71833.pdf,meta/llama-3.2-3b-instruct,credibility_finding,False,Not mentioned in the opinion.,5721,,"{
  ""asylum_requested"": true,
  ""asylum_requested_evidence"": ""Bella Iride Duran and her two children, natives and citizens of El Salvador, petition for review of the Board of Immigration Appeals’ (“BIA”) order denying their motion to reconsider."",
  ""withholding_requested"": false,
  ""withholding_requested_evidence"": ""Not mentioned in the opinion."",
  ""CAT_requested"": false,
  ""CAT_requested_evidence"": ""Not mentioned in the opinion."",
  ""protected_ground_political_opinion"": false,
  ""protected_ground_political_opinion_evidence"": ""Not mentioned in the opinion."",
  ""protected_ground_particular_social_group"": false,
  ""protected_ground_particular_social_group_evidence"": ""Not mentioned in the opinion."",
  ""past_persecution_physical_violence"": false,
  ""past_persecution_physical_violence_evidence"": ""Not mentioned in the opinion."",
  ""past_persecution_death_threats"": false,
  ""past_persecution_death_threats_evidence"": ""Not mentioned in the opinion."",
  ""persecutor_nongovernmental_actor"": false,
  ""persecutor_nongovernmental_actor_evidence"": ""Not mentioned in the opinion."",
  ""credibility_finding"": false,
  ""credibility_finding_evidence"": ""Not mentioned in the opinion."",
  ""bars_one_year_deadline_missed"": true,
  ""bars_one_year_deadline_missed_evidence"": ""To the extent petitioners challenge the BIA’s underlying dismissal order, we lack jurisdiction to review that decision because it was issued on November 2, 2018, and Petitioners did not file this petition for review until July 22, 2019."",
  ""nexus_requirement_met"": false,
  ""nexus_requirement_met_evidence"": ""Not mentioned in the opinion.""
}"
19-71833-2021-03-23,https://cdn.ca9.uscourts.gov/datastore/memoranda/2021/03/23/19-71833.pdf,meta/llama-3.2-3b-instruct,bars_one_year_deadline_missed,True,"To the extent petitioners challenge the BIA’s underlying dismissal order, we lack jurisdiction to review that decision because it was issued on November 2, 2018, and Petitioners did not file this petition for review until July 22, 2019.",5721,,"{
  ""asylum_requested"": true,
  ""asylum_requested_evidence"": ""Bella Iride Duran and her two children, natives and citizens of El Salvador, petition for review of the Board of Immigration Appeals’ (“BIA”) order denying their motion to reconsider."",
  ""withholding_requested"": false,
  ""withholding_requested_evidence"": ""Not mentioned in the opinion."",
  ""CAT_requested"": false,
  ""CAT_requested_evidence"": ""Not mentioned in the opinion."",
  ""protected_ground_political_opinion"": false,
  ""protected_ground_political_opinion_evidence"": ""Not mentioned in the opinion."",
  ""protected_ground_particular_social_group"": false,
  ""protected_ground_particular_social_group_evidence"": ""Not mentioned in the opinion."",
  ""past_persecution_physical_violence"": false,
  ""past_persecution_physical_violence_evidence"": ""Not mentioned in the opinion."",
  ""past_persecution_death_threats"": false,
  ""past_persecution_death_threats_evidence"": ""Not mentioned in the opinion."",
  ""persecutor_nongovernmental_actor"": false,
  ""persecutor_nongovernmental_actor_evidence"": ""Not mentioned in the opinion."",
  ""credibility_finding"": false,
  ""credibility_finding_evidence"": ""Not mentioned in the opinion."",
  ""bars_one_year_deadline_missed"": true,
  ""bars_one_year_deadline_missed_evidence"": ""To the extent petitioners challenge the BIA’s underlying dismissal order, we lack jurisdiction to review that decision because it was issued on November 2, 2018, and Petitioners did not file this petition for review until July 22, 2019."",
  ""nexus_requirement_met"": false,
  ""nexus_requirement_met_evidence"": ""Not mentioned in the opinion.""
}"
19-71833-2021-03-23,https://cdn.ca9.uscourts.gov/datastore/memoranda/2021/03/23/19-71833.pdf,meta/llama-3.2-3b-instruct,nexus_requirement_met,False,Not mentioned in the opinion.,5721,,"{
  ""asylum_requested"": true,
  ""asylum_requested_evidence"": ""Bella Iride Duran and her two children, natives and citizens of El Salvador, petition for review of the Board of Immigration Appeals’ (“BIA”) order denying their motion to reconsider."",
  ""withholding_requested"": false,
  ""withholding_requested_evidence"": ""Not mentioned in the opinion."",
  ""CAT_requested"": false,
  ""CAT_requested_evidence"": ""Not mentioned in the opinion."",
  ""protected_ground_political_opinion"": false,
  ""protected_ground_political_opinion_evidence"": ""Not mentioned in the opinion."",
  ""protected_ground_particular_social_group"": false,
  ""protected_ground_particular_social_group_evidence"": ""Not mentioned in the opinion."",
  ""past_persecution_physical_violence"": false,
  ""past_persecution_physical_violence_evidence"": ""Not mentioned in the opinion."",
  ""past_persecution_death_threats"": false,
  ""past_persecution_death_threats_evidence"": ""Not mentioned in the opinion."",
  ""persecutor_nongovernmental_actor"": false,
  ""persecutor_nongovernmental_actor_evidence"": ""Not mentioned in the opinion."",
  ""credibility_finding"": false,
  ""credibility_finding_evidence"": ""Not mentioned in the opinion."",
  ""bars_one_year_deadline_missed"": true,
  ""bars_one_year_deadline_missed_evidence"": ""To the extent petitioners challenge the BIA’s underlying dismissal order, we lack jurisdiction to review that decision because it was issued on November 2, 2018, and Petitioners did not file this petition for review until July 22, 2019."",
  ""nexus_requirement_met"": false,
  ""nexus_requirement_met_evidence"": ""Not mentioned in the opinion.""
}"
